v -0.02815 -0.35375 -0.62500
v -0.01876 -0.35626 -0.60624
v -0.02815 -0.33750 -0.60875
v -0.01876 -0.35626 -0.64376
v -0.01625 -0.36565 -0.62500
v 0.00000 -0.36565 -0.64125
v 0.00000 -0.36565 -0.60875
v 0.00000 -0.37000 -0.62500
v -0.03250 -0.33750 -0.62500
v -0.02815 -0.32125 -0.62500
v -0.01876 -0.31874 -0.60624
v -0.02172 -0.30668 -0.62500
v -0.02246 -0.30580 -0.62754
v -0.02786 -0.29187 -0.65373
v -0.01876 -0.30589 -0.61908
v 0.00000 -0.30840 -0.60970
v -0.01876 -0.30589 -0.61908
v -0.00424 -0.21033 -0.70933
v -0.01876 -0.24209 -0.68288
v 0.00000 -0.21211 -0.70600
v 0.00000 -0.21143 -0.70668
v 0.00000 -0.35375 -0.59685
v -0.01625 -0.33750 -0.59685
v 0.00000 -0.32125 -0.59685
v 0.00000 -0.33750 -0.59250
v -0.03250 0.23750 -1.20000
v 0.00000 0.22125 -1.22815
v -0.01876 0.21874 -1.21876
v -0.02815 0.25375 -1.20000
v -0.02786 -0.29123 -0.65437
v -0.01876 -0.24209 -0.68288
v -0.01876 0.25626 -1.18124
v 0.00000 -0.20768 -0.71043
v -0.02815 0.23750 -1.21625
v 0.00000 0.26565 -1.18375
v -0.01876 0.25626 -1.21876
v -0.01625 0.23750 -1.22815
v 0.00000 0.23750 -1.23250
v 0.00000 0.25375 -1.22815
v -0.01625 0.26565 -1.20000
v 0.00000 0.26565 -1.21625
v 0.00000 0.27000 -1.20000
v 0.01625 -0.36565 -0.62500
v 0.01876 -0.35626 -0.64376
v 0.01876 -0.35626 -0.60624
v 0.02815 -0.35375 -0.62500
v 0.02815 -0.33750 -0.60875
v 0.01876 -0.31874 -0.60624
v 0.01876 -0.30589 -0.61908
v 0.01876 -0.30589 -0.61908
v 0.02172 -0.30668 -0.62500
v 0.03250 -0.33750 -0.62500
v 0.02246 -0.30580 -0.62754
v 0.02786 -0.29187 -0.65373
v 0.01876 -0.24209 -0.68288
v 0.00424 -0.21033 -0.70933
v 0.01625 -0.33750 -0.59685
v 0.02815 0.22125 -1.20000
v 0.02815 0.25375 -1.20000
v 0.01876 0.25626 -1.18124
v 0.01876 -0.24209 -0.68288
v 0.02786 -0.29123 -0.65437
v 0.01876 0.21874 -1.21876
v 0.03250 0.23750 -1.20000
v 0.01625 0.23750 -1.22815
v 0.02815 0.23750 -1.21625
v 0.01625 0.26565 -1.20000
v 0.01876 0.25626 -1.21876
v -0.01625 0.00935 -0.32500
v -0.00759 0.00935 -0.31634
v -0.01395 0.01437 -0.31133
v -0.00450 0.00800 -0.31830
v 0.00000 0.00500 -0.32500
v 0.00000 0.00935 -0.34125
v 0.00000 0.00630 -0.32016
v -0.02815 0.02125 -0.32500
v -0.02851 0.05217 -0.39683
v -0.02815 0.37125 -1.17500
v -0.02913 0.05500 -0.39800
v -0.01876 0.01874 -0.34376
v -0.01876 0.36874 -1.19376
v -0.01625 0.35935 -1.17500
v -0.03181 0.06500 -0.39800
v -0.03250 0.38750 -1.17500
v -0.03250 0.06719 -0.39709
v -0.03230 0.06783 -0.39683
v -0.03167 0.06900 -0.39400
v -0.02815 0.06900 -0.36204
v -0.02815 0.40375 -1.17500
v -0.01876 0.06900 -0.33717
v -0.01876 0.40626 -1.15624
v -0.01625 0.06900 -0.33315
v 0.00000 0.06900 -0.31690
v -0.01625 0.41565 -1.17500
v -0.03250 0.03750 -0.32500
v -0.03250 0.05100 -0.35779
v -0.02815 0.03750 -0.30875
v -0.01876 0.01874 -0.30624
v -0.02850 0.05100 -0.39400
v -0.02888 0.05100 -0.32500
v -0.02815 0.05100 -0.32225
v -0.02140 0.05100 -0.30694
v -0.01734 0.01803 -0.30643
v -0.01734 0.01893 -0.30553
v -0.01395 0.02383 -0.30187
v -0.01625 0.03750 -0.29685
v -0.00759 0.02884 -0.29685
v -0.00450 0.03080 -0.29550
v 0.00000 0.03750 -0.29250
v 0.00000 0.03245 -0.29385
v -0.01806 0.05100 -0.30360
v -0.00275 0.05100 -0.29685
v 0.00000 0.05100 -0.29612
v 0.00000 0.35935 -1.19125
v 0.00000 0.41565 -1.15875
v 0.00000 0.37125 -1.20315
v -0.02815 0.38750 -1.19125
v -0.01876 0.40626 -1.19376
v -0.01625 0.38750 -1.20315
v 0.00000 0.38750 -1.20750
v 0.00000 0.40375 -1.20315
v 0.00000 0.41565 -1.19125
v 0.00000 0.42000 -1.17500
v 0.00450 0.00800 -0.31830
v 0.01625 0.00935 -0.32500
v 0.00759 0.00935 -0.31634
v 0.01395 0.01437 -0.31133
v 0.01625 0.35935 -1.17500
v 0.01876 0.01874 -0.34376
v 0.02815 0.37125 -1.17500
v 0.02815 0.02125 -0.32500
v 0.02850 0.05100 -0.39400
v 0.02851 0.05217 -0.39683
v 0.02913 0.05500 -0.39800
v 0.03181 0.06500 -0.39800
v 0.01625 0.06900 -0.33315
v 0.01876 0.06900 -0.33717
v 0.01625 0.41565 -1.17500
v 0.02815 0.06900 -0.36204
v 0.01876 0.40626 -1.15624
v 0.03250 0.06719 -0.39709
v 0.03250 0.38750 -1.17500
v 0.03230 0.06783 -0.39683
v 0.03167 0.06900 -0.39400
v 0.02815 0.40375 -1.17500
v 0.00450 0.03080 -0.29550
v 0.01625 0.03750 -0.29685
v 0.00759 0.02884 -0.29685
v 0.01876 0.01874 -0.30624
v 0.01734 0.01803 -0.30643
v 0.01395 0.02383 -0.30187
v 0.01734 0.01893 -0.30553
v 0.02815 0.03750 -0.30875
v 0.00275 0.05100 -0.29685
v 0.01806 0.05100 -0.30360
v 0.02140 0.05100 -0.30694
v 0.03250 0.05100 -0.35779
v 0.03250 0.03750 -0.32500
v 0.02888 0.05100 -0.32500
v 0.02815 0.05100 -0.32225
v 0.01876 0.36874 -1.19376
v 0.01625 0.38750 -1.20315
v 0.02815 0.38750 -1.19125
v 0.01876 0.40626 -1.19376
v -0.02887 -0.29137 -0.65387
v -0.02786 -0.29187 -0.65373
v -0.02246 -0.30580 -0.62754
v -0.02500 -0.30580 -0.62500
v -0.04330 -0.28750 -0.62500
v -0.02904 -0.29132 -0.59648
v -0.02763 -0.29199 -0.59630
v -0.02883 -0.29151 -0.59642
v -0.02172 -0.30668 -0.62500
v -0.01876 -0.30589 -0.61908
v 0.00000 -0.30580 -0.60000
v 0.00000 -0.30840 -0.60970
v -0.04330 -0.26250 -0.65000
v -0.05000 -0.26250 -0.62500
v -0.05000 -0.21150 -0.65050
v -0.04330 -0.21150 -0.62550
v -0.03118 -0.28750 -0.59750
v -0.03186 -0.28539 -0.59693
v -0.04330 -0.26250 -0.60000
v -0.02786 -0.29123 -0.65437
v -0.01876 -0.24209 -0.68288
v -0.04330 -0.21150 -0.67550
v -0.02887 -0.21150 -0.69380
v -0.02887 -0.21150 -0.60720
v 0.00000 -0.21211 -0.70600
v 0.00000 -0.21150 -0.70630
v -0.00420 -0.29875 -0.59449
v 0.00000 -0.29952 -0.59372
v -0.03275 -0.27625 -0.59449
v -0.02753 -0.26801 -0.58625
v -0.02566 -0.26746 -0.58418
v -0.02500 -0.26250 -0.58170
v -0.02071 -0.26679 -0.58170
v -0.02887 -0.23363 -0.59613
v 0.00000 -0.26250 -0.57500
v 0.00000 -0.23750 -0.58170
v 0.00000 -0.26519 -0.57572
v 0.00000 -0.21150 -0.59470
v -0.05000 -0.19350 -0.65950
v -0.05000 -0.12400 -0.69425
v -0.04330 -0.19350 -0.68450
v -0.04330 -0.12400 -0.66925
v -0.04330 -0.12400 -0.71925
v -0.02887 -0.19350 -0.70280
v -0.04330 -0.19350 -0.63450
v -0.02887 -0.19350 -0.61620
v -0.02887 -0.12400 -0.65095
v -0.03693 -0.12400 -0.72733
v -0.02887 -0.04137 -0.77887
v -0.02033 -0.19350 -0.70650
v -0.03516 -0.12283 -0.73016
v 0.00000 -0.19350 -0.60370
v 0.00000 -0.12400 -0.63845
v -0.01244 -0.19467 -0.70933
v 0.00000 -0.03750 -0.79330
v -0.00647 -0.19750 -0.71050
v 0.00000 -0.20310 -0.71050
v -0.03535 -0.12000 -0.73133
v -0.05000 -0.10600 -0.70325
v -0.05000 -0.03650 -0.73800
v -0.04355 -0.10600 -0.72733
v -0.04728 -0.03650 -0.74817
v -0.04330 -0.03650 -0.71300
v -0.05000 -0.01250 -0.75000
v -0.04969 -0.01850 -0.74817
v -0.05000 -0.01850 -0.74700
v -0.04877 -0.01967 -0.75100
v -0.04330 -0.01250 -0.77500
v -0.04808 -0.02250 -0.75217
v -0.04330 -0.01250 -0.72500
v -0.04330 -0.10631 -0.72809
v -0.03929 -0.11000 -0.73133
v -0.04330 -0.10600 -0.67825
v -0.04133 -0.10717 -0.73016
v -0.02887 -0.10600 -0.65995
v -0.02887 -0.03650 -0.69470
v -0.04674 -0.03250 -0.75217
v -0.04667 -0.03533 -0.75100
v 0.00000 -0.10600 -0.64745
v 0.00000 -0.03650 -0.68220
v -0.02500 -0.01250 -0.79330
v -0.04330 0.01250 -0.75000
v -0.02887 0.01637 -0.77887
v 0.00000 -0.01250 -0.80000
v 0.00000 0.01250 -0.79330
v -0.04330 -0.01850 -0.72200
v -0.02887 0.01637 -0.72113
v -0.02887 -0.01850 -0.70370
v 0.00000 0.01250 -0.70670
v 0.00000 -0.01850 -0.69120
v -0.02500 0.03080 -0.75000
v 0.00000 0.03080 -0.77500
v 0.00000 0.03080 -0.72500
v 0.00000 0.03750 -0.75000
v 0.01876 -0.30589 -0.61908
v 0.02500 -0.30580 -0.62500
v 0.02172 -0.30668 -0.62500
v 0.02246 -0.30580 -0.62754
v 0.02763 -0.29199 -0.59630
v 0.02887 -0.29137 -0.65387
v 0.02786 -0.29187 -0.65373
v 0.02883 -0.29151 -0.59642
v 0.02904 -0.29132 -0.59648
v 0.04330 -0.28750 -0.62500
v 0.02786 -0.29123 -0.65437
v 0.03118 -0.28750 -0.59750
v 0.01876 -0.24209 -0.68288
v 0.03186 -0.28539 -0.59693
v 0.04330 -0.26250 -0.65000
v 0.04330 -0.26250 -0.60000
v 0.05000 -0.26250 -0.62500
v 0.02887 -0.21150 -0.69380
v 0.00000 -0.21211 -0.70600
v 0.00000 -0.21150 -0.70630
v 0.02887 -0.23363 -0.59613
v 0.04330 -0.21150 -0.62550
v 0.02887 -0.21150 -0.60720
v 0.04330 -0.21150 -0.67550
v 0.05000 -0.21150 -0.65050
v 0.00420 -0.29875 -0.59449
v 0.02071 -0.26679 -0.58170
v 0.02500 -0.26250 -0.58170
v 0.02753 -0.26801 -0.58625
v 0.03275 -0.27625 -0.59449
v 0.02566 -0.26746 -0.58418
v 0.00000 -0.21150 -0.59470
v 0.02887 -0.19350 -0.61620
v 0.02887 -0.12400 -0.65095
v 0.00000 -0.19350 -0.60370
v 0.00647 -0.19750 -0.71050
v 0.01244 -0.19467 -0.70933
v 0.02033 -0.19350 -0.70650
v 0.00000 -0.12400 -0.63845
v 0.04330 -0.19350 -0.68450
v 0.02887 -0.19350 -0.70280
v 0.03693 -0.12400 -0.72733
v 0.05000 -0.19350 -0.65950
v 0.04330 -0.12400 -0.71925
v 0.04330 -0.19350 -0.63450
v 0.04330 -0.12400 -0.66925
v 0.02887 -0.04137 -0.77887
v 0.03516 -0.12283 -0.73016
v 0.05000 -0.12400 -0.69425
v 0.03535 -0.12000 -0.73133
v 0.03929 -0.11000 -0.73133
v 0.00000 -0.10600 -0.64745
v 0.02887 -0.10600 -0.65995
v 0.02887 -0.03650 -0.69470
v 0.00000 -0.03650 -0.68220
v 0.04355 -0.10600 -0.72733
v 0.04330 -0.10631 -0.72809
v 0.04728 -0.03650 -0.74817
v 0.04330 -0.01250 -0.77500
v 0.04133 -0.10717 -0.73016
v 0.04330 -0.10600 -0.67825
v 0.04330 -0.03650 -0.71300
v 0.04667 -0.03533 -0.75100
v 0.04674 -0.03250 -0.75217
v 0.05000 -0.03650 -0.73800
v 0.02500 -0.01250 -0.79330
v 0.02887 0.01637 -0.77887
v 0.04330 0.01250 -0.75000
v 0.00000 -0.01850 -0.69120
v 0.02887 0.01637 -0.72113
v 0.02887 -0.01850 -0.70370
v 0.04808 -0.02250 -0.75217
v 0.05000 -0.01250 -0.75000
v 0.04330 -0.01250 -0.72500
v 0.04330 -0.01850 -0.72200
v 0.05000 -0.10600 -0.70325
v 0.04877 -0.01967 -0.75100
v 0.04969 -0.01850 -0.74817
v 0.05000 -0.01850 -0.74700
v 0.02500 0.03080 -0.75000
v -0.15933 -0.21033 -0.70650
v -0.15650 -0.21033 -0.70933
v -0.15650 -0.21150 -0.70650
v -0.16050 -0.20750 -0.70650
v -0.16050 -0.19750 -0.70650
v -0.15933 -0.20750 -0.70933
v -0.15650 -0.20750 -0.71050
v -0.15933 -0.19750 -0.70933
v -0.15650 -0.19750 -0.71050
v -0.15933 -0.19467 -0.70650
v -0.15650 -0.19467 -0.70933
v -0.15650 -0.19350 -0.70650
v -0.15933 -0.21033 -0.54350
v -0.16050 -0.20750 -0.54350
v -0.15933 -0.19467 -0.54350
v -0.05000 -0.21150 -0.65050
v -0.15650 -0.21150 -0.54350
v -0.15650 -0.19350 -0.54350
v -0.05000 -0.19350 -0.65950
v -0.00424 -0.21033 -0.70933
v -0.01244 -0.19467 -0.70933
v -0.01244 -0.19467 -0.70933
v 0.00000 -0.21143 -0.70668
v -0.02887 -0.21150 -0.69380
v -0.04330 -0.21150 -0.67550
v -0.04330 -0.19350 -0.68450
v -0.02887 -0.19350 -0.70280
v -0.04330 -0.21150 -0.62550
v -0.04330 -0.19350 -0.63450
v 0.00000 -0.21150 -0.70630
v -0.02033 -0.19350 -0.70650
v -0.00424 -0.21033 -0.70933
v 0.00000 -0.20768 -0.71043
v 0.15650 -0.21150 -0.70650
v 0.15650 -0.20750 -0.71050
v -0.15650 -0.21033 -0.54067
v -0.15933 -0.20750 -0.54067
v -0.16050 -0.19750 -0.54350
v -0.15650 -0.20750 -0.53950
v -0.15933 -0.19750 -0.54067
v -0.15650 -0.19750 -0.53950
v -0.15650 -0.19467 -0.54067
v -0.02887 -0.21150 -0.60720
v -0.02887 -0.19350 -0.61620
v 0.00000 -0.21150 -0.59470
v 0.00000 -0.19350 -0.60370
v 0.15650 -0.21150 -0.54350
v 0.15650 -0.20750 -0.53950
v 0.15650 -0.19750 -0.53950
v 0.15650 -0.19350 -0.54350
v 0.00424 -0.21033 -0.70933
v 0.00424 -0.21033 -0.70933
v 0.02887 -0.21150 -0.69380
v 0.15650 -0.19750 -0.71050
v 0.01244 -0.19467 -0.70933
v 0.15650 -0.19467 -0.70933
v 0.01244 -0.19467 -0.70933
v 0.02033 -0.19350 -0.70650
v 0.15650 -0.19350 -0.70650
v 0.02887 -0.19350 -0.70280
v 0.04330 -0.21150 -0.67550
v 0.04330 -0.19350 -0.68450
v 0.05000 -0.21150 -0.65050
v 0.04330 -0.21150 -0.62550
v 0.05000 -0.19350 -0.65950
v 0.04330 -0.19350 -0.63450
v 0.15650 -0.21033 -0.70933
v 0.15933 -0.21033 -0.70650
v 0.15933 -0.20750 -0.70933
v 0.16050 -0.20750 -0.70650
v 0.16050 -0.19750 -0.70650
v 0.15933 -0.19750 -0.70933
v 0.15933 -0.19467 -0.70650
v 0.15933 -0.21033 -0.54350
v 0.16050 -0.20750 -0.54350
v 0.16050 -0.19750 -0.54350
v 0.15650 -0.21033 -0.54067
v 0.15650 -0.19467 -0.54067
v 0.02887 -0.21150 -0.60720
v 0.02887 -0.19350 -0.61620
v 0.15933 -0.20750 -0.54067
v 0.15933 -0.19750 -0.54067
v 0.15933 -0.19467 -0.54350
v -0.15933 -0.12283 -0.72733
v -0.15650 -0.12283 -0.73016
v -0.15650 -0.12400 -0.72733
v -0.15933 -0.12000 -0.73016
v -0.16050 -0.12000 -0.72733
v -0.15650 -0.12000 -0.73133
v -0.15933 -0.11000 -0.73016
v -0.15933 -0.12283 -0.56433
v -0.15650 -0.12400 -0.56433
v -0.16050 -0.12000 -0.56433
v -0.16050 -0.11000 -0.56433
v -0.16050 -0.11000 -0.72733
v -0.15650 -0.11000 -0.73133
v -0.15933 -0.10717 -0.72733
v -0.15650 -0.10717 -0.73016
v -0.15650 -0.10600 -0.72733
v -0.15650 -0.10600 -0.56433
v -0.15933 -0.10717 -0.56433
v -0.03693 -0.12400 -0.72733
v -0.03929 -0.11000 -0.73133
v -0.04355 -0.10600 -0.72733
v -0.05000 -0.10600 -0.70325
v -0.03535 -0.12000 -0.73133
v -0.02887 -0.12400 -0.65095
v -0.04330 -0.12400 -0.71925
v -0.05000 -0.12400 -0.69425
v -0.04330 -0.12400 -0.66925
v -0.03516 -0.12283 -0.73016
v -0.03516 -0.12283 -0.73016
v -0.04330 -0.10631 -0.72809
v -0.04133 -0.10717 -0.73016
v -0.04133 -0.10717 -0.73016
v -0.04330 -0.10600 -0.67825
v -0.02887 -0.10600 -0.65995
v 0.00000 -0.12400 -0.63845
v 0.00000 -0.10600 -0.64745
v 0.02887 -0.12400 -0.65095
v -0.15650 -0.12283 -0.56150
v -0.15933 -0.12000 -0.56150
v -0.15650 -0.12000 -0.56033
v -0.15933 -0.11000 -0.56150
v -0.15650 -0.11000 -0.56033
v -0.15650 -0.10717 -0.56150
v 0.15650 -0.12400 -0.56433
v 0.15650 -0.12000 -0.56033
v 0.15650 -0.11000 -0.56033
v 0.15650 -0.10600 -0.56433
v 0.02887 -0.10600 -0.65995
v 0.15650 -0.12400 -0.72733
v 0.03693 -0.12400 -0.72733
v 0.03516 -0.12283 -0.73016
v 0.15650 -0.12283 -0.73016
v 0.03516 -0.12283 -0.73016
v 0.03535 -0.12000 -0.73133
v 0.04330 -0.12400 -0.71925
v 0.15650 -0.12000 -0.73133
v 0.03929 -0.11000 -0.73133
v 0.05000 -0.12400 -0.69425
v 0.04330 -0.12400 -0.66925
v 0.15650 -0.11000 -0.73133
v 0.04133 -0.10717 -0.73016
v 0.15650 -0.10717 -0.73016
v 0.04133 -0.10717 -0.73016
v 0.04330 -0.10631 -0.72809
v 0.15650 -0.10600 -0.72733
v 0.04355 -0.10600 -0.72733
v 0.04330 -0.10600 -0.67825
v 0.05000 -0.10600 -0.70325
v 0.15933 -0.12283 -0.72733
v 0.15933 -0.12000 -0.73016
v 0.16050 -0.12000 -0.72733
v 0.15933 -0.11000 -0.73016
v 0.15933 -0.12283 -0.56433
v 0.16050 -0.11000 -0.72733
v 0.16050 -0.12000 -0.56433
v 0.15933 -0.10717 -0.72733
v 0.16050 -0.11000 -0.56433
v 0.15933 -0.10717 -0.56433
v 0.15650 -0.12283 -0.56150
v 0.15650 -0.10717 -0.56150
v 0.15933 -0.12000 -0.56150
v 0.15933 -0.11000 -0.56150
v -0.15933 -0.03533 -0.74817
v -0.15650 -0.03533 -0.75100
v -0.15650 -0.03650 -0.74817
v -0.16050 -0.03250 -0.74817
v -0.15933 -0.03250 -0.75100
v -0.15650 -0.03250 -0.75217
v -0.16050 -0.02250 -0.74817
v -0.15933 -0.02250 -0.75100
v -0.15650 -0.02250 -0.75217
v -0.15933 -0.03533 -0.58517
v -0.16050 -0.02250 -0.58517
v -0.15933 -0.01967 -0.74817
v -0.15650 -0.01967 -0.75100
v -0.15650 -0.01850 -0.74817
v -0.15650 -0.01850 -0.58517
v -0.16050 -0.03250 -0.58517
v -0.15650 -0.03650 -0.58517
v -0.15933 -0.01967 -0.58517
v -0.04728 -0.03650 -0.74817
v -0.04674 -0.03250 -0.75217
v -0.04808 -0.02250 -0.75217
v -0.04969 -0.01850 -0.74817
v -0.04330 -0.01850 -0.72200
v -0.05000 -0.03650 -0.73800
v -0.04667 -0.03533 -0.75100
v -0.04667 -0.03533 -0.75100
v -0.04330 -0.03650 -0.71300
v -0.04877 -0.01967 -0.75100
v -0.05000 -0.01850 -0.74700
v -0.04877 -0.01967 -0.75100
v -0.02887 -0.03650 -0.69470
v -0.02887 -0.01850 -0.70370
v 0.00000 -0.03650 -0.68220
v 0.00000 -0.01850 -0.69120
v 0.15650 -0.03650 -0.58517
v 0.02887 -0.01850 -0.70370
v -0.15650 -0.03533 -0.58234
v -0.15933 -0.03250 -0.58234
v -0.15650 -0.03250 -0.58117
v -0.15933 -0.02250 -0.58234
v -0.15650 -0.02250 -0.58117
v -0.15650 -0.01967 -0.58234
v 0.15650 -0.03250 -0.58117
v 0.15650 -0.01967 -0.58234
v 0.15650 -0.01850 -0.58517
v 0.15650 -0.01850 -0.74817
v 0.02887 -0.03650 -0.69470
v 0.04330 -0.01850 -0.72200
v 0.15650 -0.03650 -0.74817
v 0.04728 -0.03650 -0.74817
v 0.04667 -0.03533 -0.75100
v 0.15650 -0.03533 -0.75100
v 0.04667 -0.03533 -0.75100
v 0.04674 -0.03250 -0.75217
v 0.05000 -0.03650 -0.73800
v 0.15650 -0.03250 -0.75217
v 0.04808 -0.02250 -0.75217
v 0.15650 -0.02250 -0.75217
v 0.04877 -0.01967 -0.75100
v 0.15650 -0.01967 -0.75100
v 0.04877 -0.01967 -0.75100
v 0.04969 -0.01850 -0.74817
v 0.05000 -0.01850 -0.74700
v 0.04330 -0.03650 -0.71300
v 0.15933 -0.03533 -0.74817
v 0.15933 -0.03250 -0.75100
v 0.16050 -0.03250 -0.74817
v 0.15933 -0.02250 -0.75100
v 0.16050 -0.02250 -0.74817
v 0.15933 -0.03533 -0.58517
v 0.16050 -0.03250 -0.58517
v 0.15933 -0.01967 -0.74817
v 0.16050 -0.02250 -0.58517
v 0.15933 -0.01967 -0.58517
v 0.15650 -0.03533 -0.58234
v 0.15650 -0.02250 -0.58117
v 0.15933 -0.03250 -0.58234
v 0.15933 -0.02250 -0.58234
v -0.15650 0.05100 -0.76900
v -0.15933 0.05217 -0.76900
v -0.15650 0.05217 -0.77183
v -0.15933 0.05500 -0.77183
v -0.15650 0.05500 -0.77300
v -0.16050 0.05500 -0.76900
v -0.16050 0.06500 -0.76900
v -0.15933 0.06500 -0.77183
v -0.15650 0.06500 -0.77300
v -0.15933 0.05217 -0.60600
v -0.16050 0.06500 -0.60600
v -0.16050 0.05500 -0.60600
v -0.15650 0.05100 -0.60600
v -0.15650 0.06783 -0.77183
v -0.15933 0.06783 -0.76900
v -0.15650 0.06900 -0.76900
v -0.15933 0.06783 -0.60600
v -0.15650 0.06900 -0.60600
v 0.15650 0.05100 -0.76900
v 0.15650 0.05500 -0.77300
v 0.15650 0.06500 -0.77300
v 0.15650 0.05100 -0.60600
v 0.15650 0.06900 -0.76900
v -0.15650 0.05217 -0.60317
v -0.15933 0.05500 -0.60317
v -0.15650 0.05500 -0.60200
v -0.15933 0.06500 -0.60317
v -0.15650 0.06500 -0.60200
v -0.15650 0.06783 -0.60317
v 0.15650 0.05500 -0.60200
v 0.15650 0.06500 -0.60200
v 0.15650 0.06900 -0.60600
v 0.15650 0.05217 -0.77183
v 0.15650 0.06783 -0.77183
v 0.15933 0.05217 -0.76900
v 0.15933 0.05500 -0.77183
v 0.16050 0.05500 -0.76900
v 0.15933 0.06500 -0.77183
v 0.16050 0.06500 -0.76900
v 0.15933 0.05217 -0.60600
v 0.16050 0.05500 -0.60600
v 0.16050 0.06500 -0.60600
v 0.15933 0.06783 -0.76900
v 0.15933 0.06783 -0.60600
v 0.15650 0.05217 -0.60317
v 0.15650 0.06783 -0.60317
v 0.15933 0.05500 -0.60317
v 0.15933 0.06500 -0.60317
v -0.02500 -0.30580 -0.35000
v -0.04330 -0.28750 -0.35000
v -0.02887 -0.29137 -0.37887
v -0.02887 -0.29137 -0.32113
v 0.00000 -0.30580 -0.37500
v 0.00000 -0.28750 -0.39330
v 0.00000 -0.30580 -0.32500
v 0.00000 -0.31250 -0.35000
v 0.00000 -0.28750 -0.30670
v -0.05000 -0.26250 -0.35000
v -0.05000 -0.21150 -0.33470
v -0.04330 -0.26250 -0.37500
v -0.04330 -0.21150 -0.30970
v -0.02500 -0.26250 -0.39330
v -0.04330 -0.26250 -0.32500
v -0.02500 -0.26250 -0.30670
v -0.02500 -0.21150 -0.37800
v 0.00000 -0.26250 -0.40000
v 0.00000 -0.23750 -0.39330
v 0.00000 -0.21150 -0.28390
v -0.04330 -0.21150 -0.35970
v -0.02500 -0.21150 -0.29140
v 0.00000 -0.21150 -0.38550
v -0.05000 -0.19350 -0.32930
v -0.05000 -0.12400 -0.30845
v -0.04330 -0.19350 -0.35430
v -0.04330 -0.12400 -0.28345
v -0.02500 -0.19350 -0.37260
v -0.04330 -0.12400 -0.33345
v -0.04330 -0.19350 -0.30430
v -0.02500 -0.12400 -0.35175
v 0.00000 -0.19350 -0.38010
v 0.00000 -0.12400 -0.35925
v -0.02500 -0.19350 -0.28600
v -0.02500 -0.12400 -0.26515
v 0.00000 -0.19350 -0.27850
v 0.00000 -0.12400 -0.25765
v -0.05000 -0.10600 -0.30305
v -0.05000 -0.03650 -0.28220
v -0.04330 -0.10600 -0.32805
v -0.04330 -0.03650 -0.30720
v -0.02500 -0.10600 -0.34635
v -0.02500 -0.03650 -0.32550
v 0.00000 -0.10600 -0.35385
v 0.00000 -0.03650 -0.33300
v -0.04330 -0.01850 -0.30180
v -0.05000 -0.01250 -0.27500
v -0.04330 -0.01250 -0.30000
v -0.02500 -0.01850 -0.32010
v -0.02500 -0.01250 -0.31830
v -0.04330 0.01250 -0.27500
v -0.02887 0.01637 -0.30387
v 0.00000 -0.01850 -0.32760
v -0.01395 0.01437 -0.31133
v -0.00759 0.00935 -0.31634
v -0.00450 0.00800 -0.31830
v 0.00000 0.00630 -0.32016
v -0.04330 -0.03650 -0.25720
v -0.05000 -0.01850 -0.27680
v -0.04330 -0.01250 -0.25000
v -0.04330 -0.10600 -0.27805
v -0.02500 -0.10600 -0.25975
v -0.02960 -0.03650 -0.24350
v -0.02712 -0.03533 -0.24067
v -0.02680 -0.03250 -0.23950
v -0.02500 -0.01250 -0.23170
v -0.01250 -0.10600 -0.25600
v 0.00000 -0.03750 -0.23170
v -0.00190 -0.10717 -0.25317
v 0.00000 -0.10797 -0.25284
v -0.04330 -0.01850 -0.25180
v -0.03500 -0.01850 -0.24350
v -0.03182 -0.01967 -0.24067
v -0.02980 -0.02250 -0.23950
v -0.02887 0.01637 -0.24613
v 0.00000 -0.01250 -0.22500
v 0.00000 0.01250 -0.23170
v -0.01734 0.01893 -0.30553
v -0.01734 0.01803 -0.30643
v -0.02500 0.03080 -0.27500
v -0.01395 0.02383 -0.30187
v 0.00000 0.03080 -0.25000
v -0.00759 0.02884 -0.29685
v -0.00450 0.03080 -0.29550
v 0.00000 0.03750 -0.27500
v 0.00000 0.03245 -0.29385
v 0.02887 -0.29137 -0.37887
v 0.02500 -0.30580 -0.35000
v 0.02887 -0.29137 -0.32113
v 0.04330 -0.28750 -0.35000
v 0.02500 -0.26250 -0.39330
v 0.02500 -0.26250 -0.30670
v 0.04330 -0.26250 -0.37500
v 0.04330 -0.26250 -0.32500
v 0.05000 -0.26250 -0.35000
v 0.02500 -0.21150 -0.37800
v 0.04330 -0.21150 -0.35970
v 0.04330 -0.21150 -0.30970
v 0.02500 -0.21150 -0.29140
v 0.05000 -0.21150 -0.33470
v 0.02500 -0.19350 -0.37260
v 0.02500 -0.12400 -0.35175
v 0.04330 -0.19350 -0.35430
v 0.04330 -0.12400 -0.33345
v 0.05000 -0.19350 -0.32930
v 0.04330 -0.19350 -0.30430
v 0.05000 -0.12400 -0.30845
v 0.04330 -0.12400 -0.28345
v 0.02500 -0.19350 -0.28600
v 0.02500 -0.12400 -0.26515
v 0.02500 -0.10600 -0.34635
v 0.02500 -0.03650 -0.32550
v 0.04330 -0.10600 -0.32805
v 0.04330 -0.03650 -0.30720
v 0.05000 -0.10600 -0.30305
v 0.02500 -0.01850 -0.32010
v 0.00450 0.00800 -0.31830
v 0.02500 -0.01250 -0.31830
v 0.00759 0.00935 -0.31634
v 0.01395 0.01437 -0.31133
v 0.02887 0.01637 -0.30387
v 0.04330 -0.01850 -0.30180
v 0.04330 -0.01250 -0.30000
v 0.05000 -0.01850 -0.27680
v 0.04330 0.01250 -0.27500
v 0.05000 -0.03650 -0.28220
v 0.00190 -0.10717 -0.25317
v 0.01250 -0.10600 -0.25600
v 0.02500 -0.10600 -0.25975
v 0.02500 -0.01250 -0.23170
v 0.04330 -0.10600 -0.27805
v 0.04330 -0.03650 -0.25720
v 0.02960 -0.03650 -0.24350
v 0.02712 -0.03533 -0.24067
v 0.02680 -0.03250 -0.23950
v 0.02887 0.01637 -0.24613
v 0.02980 -0.02250 -0.23950
v 0.03182 -0.01967 -0.24067
v 0.03500 -0.01850 -0.24350
v 0.04330 -0.01250 -0.25000
v 0.04330 -0.01850 -0.25180
v 0.05000 -0.01250 -0.27500
v 0.01734 0.01803 -0.30643
v 0.01734 0.01893 -0.30553
v 0.01395 0.02383 -0.30187
v 0.02500 0.03080 -0.27500
v 0.00450 0.03080 -0.29550
v 0.00759 0.02884 -0.29685
v -0.15933 -0.21033 -0.43150
v -0.15650 -0.21033 -0.43433
v -0.15650 -0.21150 -0.43150
v -0.16050 -0.20750 -0.43150
v -0.15933 -0.20750 -0.43433
v -0.15650 -0.20750 -0.43550
v -0.15933 -0.19750 -0.43433
v -0.15933 -0.21033 -0.26850
v -0.16050 -0.19750 -0.43150
v -0.15650 -0.19750 -0.43550
v -0.15933 -0.19467 -0.43150
v -0.15650 -0.19467 -0.43433
v -0.15650 -0.19350 -0.43150
v -0.16050 -0.19750 -0.26850
v -0.15650 -0.19350 -0.26850
v -0.15650 -0.21150 -0.26850
v -0.16050 -0.20750 -0.26850
v -0.15933 -0.19467 -0.26850
v -0.05000 -0.21150 -0.33470
v -0.05000 -0.19350 -0.32930
v -0.15650 -0.21033 -0.26567
v -0.15933 -0.20750 -0.26567
v -0.15650 -0.20750 -0.26450
v -0.15933 -0.19750 -0.26567
v -0.15650 -0.19750 -0.26450
v -0.15650 -0.19467 -0.26567
v -0.04330 -0.21150 -0.35970
v -0.04330 -0.19350 -0.35430
v -0.02500 -0.21150 -0.37800
v -0.02500 -0.19350 -0.37260
v -0.04330 -0.21150 -0.30970
v -0.04330 -0.19350 -0.30430
v 0.00000 -0.21150 -0.38550
v 0.00000 -0.19350 -0.38010
v 0.15650 -0.21150 -0.43150
v 0.15650 -0.20750 -0.43550
v 0.15650 -0.19750 -0.43550
v 0.15650 -0.19350 -0.43150
v 0.02500 -0.19350 -0.37260
v -0.02500 -0.21150 -0.29140
v -0.02500 -0.19350 -0.28600
v 0.00000 -0.21150 -0.28390
v 0.00000 -0.19350 -0.27850
v 0.15650 -0.21150 -0.26850
v 0.15650 -0.20750 -0.26450
v 0.15650 -0.19750 -0.26450
v 0.15650 -0.19350 -0.26850
v 0.15650 -0.21033 -0.43433
v 0.15650 -0.19467 -0.43433
v 0.02500 -0.21150 -0.37800
v 0.04330 -0.21150 -0.35970
v 0.04330 -0.19350 -0.35430
v 0.05000 -0.21150 -0.33470
v 0.05000 -0.19350 -0.32930
v 0.04330 -0.21150 -0.30970
v 0.04330 -0.19350 -0.30430
v 0.15650 -0.21033 -0.26567
v 0.15650 -0.19467 -0.26567
v 0.02500 -0.21150 -0.29140
v 0.02500 -0.19350 -0.28600
v 0.15933 -0.21033 -0.43150
v 0.15933 -0.20750 -0.43433
v 0.16050 -0.20750 -0.43150
v 0.15933 -0.19750 -0.43433
v 0.15933 -0.21033 -0.26850
v 0.16050 -0.19750 -0.43150
v 0.16050 -0.20750 -0.26850
v 0.15933 -0.19467 -0.43150
v 0.16050 -0.19750 -0.26850
v 0.15933 -0.19467 -0.26850
v 0.15933 -0.20750 -0.26567
v 0.15933 -0.19750 -0.26567
v -0.15933 -0.12283 -0.41900
v -0.15650 -0.12283 -0.42183
v -0.15650 -0.12400 -0.41900
v -0.15933 -0.12000 -0.42183
v -0.16050 -0.12000 -0.41900
v -0.16050 -0.11000 -0.41900
v -0.15650 -0.12000 -0.42300
v -0.15933 -0.11000 -0.42183
v -0.15933 -0.12283 -0.25600
v -0.15650 -0.12400 -0.25600
v -0.16050 -0.12000 -0.25600
v -0.16050 -0.11000 -0.25600
v -0.15650 -0.11000 -0.42300
v -0.15933 -0.10717 -0.41900
v -0.15650 -0.10717 -0.42183
v -0.15650 -0.10600 -0.41900
v -0.15650 -0.10600 -0.25600
v -0.15933 -0.10717 -0.25600
v -0.05000 -0.12400 -0.30845
v -0.04330 -0.10600 -0.32805
v -0.15650 -0.12283 -0.25317
v -0.15933 -0.12000 -0.25317
v -0.15933 -0.11000 -0.25317
v -0.15650 -0.12000 -0.25200
v -0.15650 -0.11000 -0.25200
v -0.15650 -0.10717 -0.25317
v -0.01250 -0.10600 -0.25600
v -0.00190 -0.10717 -0.25317
v -0.04330 -0.12400 -0.33345
v -0.02500 -0.12400 -0.35175
v -0.05000 -0.10600 -0.30305
v -0.02500 -0.10600 -0.34635
v 0.15650 -0.12400 -0.41900
v 0.15650 -0.12000 -0.42300
v 0.00000 -0.10600 -0.35385
v 0.15650 -0.11000 -0.42300
v 0.15650 -0.10600 -0.41900
v 0.02500 -0.10600 -0.34635
v -0.04330 -0.12400 -0.28345
v -0.02500 -0.12400 -0.26515
v -0.04330 -0.10600 -0.27805
v -0.02500 -0.10600 -0.25975
v 0.00000 -0.12400 -0.25765
v 0.15650 -0.12400 -0.25600
v 0.15650 -0.12000 -0.25200
v -0.00190 -0.10717 -0.25317
v 0.00000 -0.10797 -0.25284
v 0.15650 -0.10717 -0.25317
v 0.00000 -0.12400 -0.35925
v 0.15650 -0.12283 -0.42183
v 0.02500 -0.12400 -0.35175
v 0.15650 -0.10717 -0.42183
v 0.04330 -0.12400 -0.33345
v 0.05000 -0.12400 -0.30845
v 0.04330 -0.10600 -0.32805
v 0.05000 -0.10600 -0.30305
v 0.15650 -0.12283 -0.25317
v 0.02500 -0.12400 -0.26515
v 0.00190 -0.10717 -0.25317
v 0.00190 -0.10717 -0.25317
v 0.15650 -0.10600 -0.25600
v 0.01250 -0.10600 -0.25600
v 0.15650 -0.11000 -0.25200
v 0.02500 -0.10600 -0.25975
v 0.04330 -0.12400 -0.28345
v 0.04330 -0.10600 -0.27805
v 0.15933 -0.12283 -0.41900
v 0.15933 -0.12000 -0.42183
v 0.16050 -0.12000 -0.41900
v 0.15933 -0.11000 -0.42183
v 0.15933 -0.12283 -0.25600
v 0.16050 -0.11000 -0.41900
v 0.16050 -0.12000 -0.25600
v 0.15933 -0.10717 -0.41900
v 0.16050 -0.11000 -0.25600
v 0.15933 -0.10717 -0.25600
v 0.15933 -0.12000 -0.25317
v 0.15933 -0.11000 -0.25317
v -0.15650 -0.03250 -0.41050
v -0.15933 -0.02250 -0.40933
v -0.15650 -0.02250 -0.41050
v -0.15933 -0.03533 -0.40650
v -0.15650 -0.03533 -0.40933
v -0.15650 -0.03650 -0.40650
v -0.16050 -0.03250 -0.40650
v -0.15933 -0.03250 -0.40933
v -0.16050 -0.02250 -0.40650
v -0.15933 -0.01967 -0.40650
v -0.15650 -0.01967 -0.40933
v -0.15650 -0.01850 -0.40650
v -0.16050 -0.03250 -0.24350
v -0.15650 -0.03650 -0.24350
v -0.15933 -0.03533 -0.24350
v -0.16050 -0.02250 -0.24350
v -0.15933 -0.01967 -0.24350
v -0.15650 -0.01850 -0.24350
v -0.05000 -0.03650 -0.28220
v -0.02500 -0.01850 -0.32010
v -0.15650 -0.03533 -0.24067
v -0.15933 -0.03250 -0.24067
v -0.15650 -0.03250 -0.23950
v -0.15933 -0.02250 -0.24067
v -0.15650 -0.02250 -0.23950
v -0.15650 -0.01967 -0.24067
v -0.02960 -0.03650 -0.24350
v -0.02680 -0.03250 -0.23950
v -0.02980 -0.02250 -0.23950
v -0.03182 -0.01967 -0.24067
v -0.03500 -0.01850 -0.24350
v -0.04330 -0.03650 -0.30720
v -0.02500 -0.03650 -0.32550
v 0.15650 -0.03250 -0.41050
v 0.15650 -0.02250 -0.41050
v 0.15650 -0.03650 -0.40650
v 0.15650 -0.01850 -0.40650
v 0.00000 -0.01850 -0.32760
v 0.02500 -0.01850 -0.32010
v -0.04330 -0.03650 -0.25720
v -0.05000 -0.01850 -0.27680
v -0.04330 -0.01850 -0.30180
v -0.04330 -0.01850 -0.25180
v -0.02712 -0.03533 -0.24067
v -0.02712 -0.03533 -0.24067
v -0.03182 -0.01967 -0.24067
v 0.00000 -0.03650 -0.33300
v 0.15650 -0.03533 -0.40933
v 0.15650 -0.01967 -0.40933
v 0.02500 -0.03650 -0.32550
v 0.04330 -0.03650 -0.30720
v 0.04330 -0.01850 -0.30180
v 0.05000 -0.01850 -0.27680
v 0.02712 -0.03533 -0.24067
v 0.02960 -0.03650 -0.24350
v 0.15650 -0.03533 -0.24067
v 0.02712 -0.03533 -0.24067
v 0.15650 -0.03250 -0.23950
v 0.02680 -0.03250 -0.23950
v 0.02980 -0.02250 -0.23950
v 0.04330 -0.03650 -0.25720
v 0.15650 -0.03650 -0.24350
v 0.15650 -0.02250 -0.23950
v 0.03182 -0.01967 -0.24067
v 0.03182 -0.01967 -0.24067
v 0.15650 -0.01850 -0.24350
v 0.03500 -0.01850 -0.24350
v 0.04330 -0.01850 -0.25180
v 0.05000 -0.03650 -0.28220
v 0.15933 -0.02250 -0.40933
v 0.15933 -0.03533 -0.40650
v 0.15933 -0.03250 -0.40933
v 0.16050 -0.03250 -0.40650
v 0.16050 -0.02250 -0.40650
v 0.15933 -0.01967 -0.40650
v 0.15933 -0.03533 -0.24350
v 0.16050 -0.03250 -0.24350
v 0.16050 -0.02250 -0.24350
v 0.15933 -0.01967 -0.24350
v 0.15650 -0.01967 -0.24067
v 0.15933 -0.03250 -0.24067
v 0.15933 -0.02250 -0.24067
v -0.15933 0.05217 -0.39400
v -0.15650 0.05217 -0.39683
v -0.15650 0.05100 -0.39400
v -0.15933 0.05500 -0.39683
v -0.16050 0.05500 -0.39400
v -0.15650 0.05500 -0.39800
v -0.16050 0.06500 -0.39400
v -0.15933 0.06500 -0.39683
v -0.15650 0.06500 -0.39800
v -0.15933 0.05217 -0.23100
v -0.16050 0.06500 -0.23100
v -0.15933 0.06783 -0.39400
v -0.15650 0.06783 -0.39683
v -0.15650 0.06900 -0.39400
v -0.15650 0.06900 -0.23100
v -0.02851 0.05217 -0.39683
v -0.02913 0.05500 -0.39800
v -0.03181 0.06500 -0.39800
v -0.03250 0.05100 -0.35779
v -0.15650 0.05100 -0.23100
v -0.03250 0.06719 -0.39709
v -0.03167 0.06900 -0.39400
v -0.02815 0.06900 -0.36204
v -0.16050 0.05500 -0.23100
v -0.15650 0.05217 -0.22817
v -0.15933 0.05500 -0.22817
v -0.15650 0.05500 -0.22700
v -0.15933 0.06500 -0.22817
v -0.15650 0.06500 -0.22700
v -0.15933 0.06783 -0.23100
v -0.15650 0.06783 -0.22817
v -0.02851 0.05217 -0.39683
v -0.02850 0.05100 -0.39400
v -0.02888 0.05100 -0.32500
v -0.02815 0.05100 -0.32225
v -0.03230 0.06783 -0.39683
v -0.03230 0.06783 -0.39683
v 0.15650 0.06900 -0.39400
v -0.02140 0.05100 -0.30694
v -0.01806 0.05100 -0.30360
v -0.00275 0.05100 -0.29685
v 0.15650 0.05100 -0.23100
v 0.15650 0.05500 -0.22700
v 0.15650 0.06783 -0.22817
v 0.15650 0.06900 -0.23100
v 0.02851 0.05217 -0.39683
v 0.15650 0.05217 -0.39683
v 0.02850 0.05100 -0.39400
v 0.02851 0.05217 -0.39683
v 0.02913 0.05500 -0.39800
v 0.15650 0.05500 -0.39800
v 0.15650 0.05100 -0.39400
v 0.03250 0.05100 -0.35779
v 0.03181 0.06500 -0.39800
v 0.15650 0.06500 -0.39800
v 0.02888 0.05100 -0.32500
v 0.02815 0.05100 -0.32225
v 0.02815 0.06900 -0.36204
v 0.03250 0.06719 -0.39709
v 0.03230 0.06783 -0.39683
v 0.15650 0.06783 -0.39683
v 0.03167 0.06900 -0.39400
v 0.03230 0.06783 -0.39683
v 0.00000 0.05100 -0.29612
v 0.00275 0.05100 -0.29685
v 0.15650 0.05217 -0.22817
v 0.15650 0.06500 -0.22700
v 0.01806 0.05100 -0.30360
v 0.02140 0.05100 -0.30694
v 0.15933 0.05217 -0.39400
v 0.15933 0.05500 -0.39683
v 0.16050 0.05500 -0.39400
v 0.15933 0.06500 -0.39683
v 0.16050 0.06500 -0.39400
v 0.15933 0.05217 -0.23100
v 0.16050 0.05500 -0.23100
v 0.15933 0.06783 -0.39400
v 0.16050 0.06500 -0.23100
v 0.15933 0.05500 -0.22817
v 0.15933 0.06500 -0.22817
v 0.15933 0.06783 -0.23100
v -0.36949 -0.29875 -0.57500
v -0.36949 -0.28750 -0.58625
v -0.36299 -0.30049 -0.58799
v -0.36299 -0.30049 -0.56201
v -0.36949 -0.28750 -0.56375
v -0.36125 -0.30699 -0.57500
v -0.35000 -0.30699 -0.58625
v -0.35000 -0.31000 -0.57500
v -0.35000 -0.30699 -0.56375
v -0.36125 -0.28750 -0.59449
v -0.35000 -0.29875 -0.59449
v -0.35000 -0.29875 -0.55551
v -0.36125 -0.28750 -0.55551
v -0.37250 -0.28750 -0.57500
v -0.36949 -0.27625 -0.57500
v -0.36299 -0.27451 -0.58799
v -0.36299 -0.27451 -0.56201
v -0.36125 -0.26801 -0.57500
v -0.35000 -0.28750 -0.59750
v -0.35000 -0.27625 -0.59449
v -0.35000 -0.28750 -0.55250
v -0.35000 -0.27625 -0.55551
v -0.35000 -0.26801 -0.58625
v -0.35000 -0.26801 -0.56375
v -0.35000 -0.26500 -0.57500
v -0.00420 -0.29875 -0.59449
v -0.03275 -0.27625 -0.59449
v -0.02753 -0.26801 -0.58625
v 0.35000 -0.30699 -0.58625
v 0.35000 -0.30699 -0.56375
v 0.00000 -0.29952 -0.59372
v -0.03186 -0.28539 -0.59693
v -0.03118 -0.28750 -0.59750
v -0.02883 -0.29151 -0.59642
v -0.02763 -0.29199 -0.59630
v -0.02904 -0.29132 -0.59648
v 0.35000 -0.28750 -0.55250
v 0.35000 -0.27625 -0.55551
v -0.02566 -0.26746 -0.58418
v -0.02071 -0.26679 -0.58170
v 0.00000 -0.26519 -0.57572
v 0.35000 -0.26801 -0.56375
v 0.35000 -0.29875 -0.59449
v 0.35000 -0.26500 -0.57500
v 0.35000 -0.31000 -0.57500
v 0.00420 -0.29875 -0.59449
v 0.02763 -0.29199 -0.59630
v 0.35000 -0.29875 -0.55551
v 0.02883 -0.29151 -0.59642
v 0.02904 -0.29132 -0.59648
v 0.03118 -0.28750 -0.59750
v 0.35000 -0.28750 -0.59750
v 0.03186 -0.28539 -0.59693
v 0.03275 -0.27625 -0.59449
v 0.35000 -0.27625 -0.59449
v 0.02753 -0.26801 -0.58625
v 0.35000 -0.26801 -0.58625
v 0.02566 -0.26746 -0.58418
v 0.02071 -0.26679 -0.58170
v 0.36125 -0.30699 -0.57500
v 0.36299 -0.30049 -0.58799
v 0.36299 -0.30049 -0.56201
v 0.36125 -0.28750 -0.59449
v 0.36125 -0.28750 -0.55551
v 0.36949 -0.29875 -0.57500
v 0.36949 -0.28750 -0.58625
v 0.36949 -0.28750 -0.56375
v 0.36299 -0.27451 -0.58799
v 0.36125 -0.26801 -0.57500
v 0.36299 -0.27451 -0.56201
v 0.37250 -0.28750 -0.57500
v 0.36949 -0.27625 -0.57500
v -0.12066 0.12834 0.86500
v -0.11500 0.12600 0.83500
v -0.11500 0.12600 0.86500
v -0.12300 0.13400 0.83500
v -0.12066 0.13400 0.82934
v -0.12066 0.12834 0.83500
v -0.11500 0.12834 0.82934
v -0.11500 0.13400 0.82700
v -0.12300 0.13400 0.86500
v -0.12066 0.13400 0.87066
v -0.11500 0.12834 0.87066
v -0.11500 0.13400 0.87300
v -0.12066 0.19100 0.82934
v -0.12300 0.19100 0.83500
v -0.12066 0.19100 0.87066
v -0.11500 0.19100 0.87300
v -0.11500 0.19100 0.82700
v -0.12300 0.19100 0.86500
v -0.12066 0.19666 0.83500
v -0.11500 0.19666 0.82934
v -0.11500 0.19900 0.83500
v -0.12066 0.19666 0.86500
v -0.11500 0.19666 0.87066
v -0.11500 0.19900 0.86500
v 0.11500 0.12600 0.86500
v 0.11500 0.12834 0.82934
v 0.11500 0.13400 0.82700
v 0.11500 0.13400 0.87300
v 0.11500 0.19100 0.82700
v 0.11500 0.19666 0.82934
v 0.11500 0.19666 0.87066
v 0.11500 0.19900 0.83500
v 0.11500 0.12600 0.83500
v 0.11500 0.12834 0.87066
v 0.11500 0.19100 0.87300
v 0.11500 0.19900 0.86500
v 0.12066 0.12834 0.83500
v 0.12066 0.13400 0.82934
v 0.12300 0.13400 0.83500
v 0.12066 0.12834 0.86500
v 0.12300 0.13400 0.86500
v 0.12066 0.13400 0.87066
v 0.12300 0.19100 0.83500
v 0.12066 0.19100 0.87066
v 0.12300 0.19100 0.86500
v 0.12066 0.19100 0.82934
v 0.12066 0.19666 0.83500
v 0.12066 0.19666 0.86500
v 0.17185 -0.37875 -0.25000
v 0.18124 -0.38126 -0.26876
v 0.18375 -0.39065 -0.25000
v 0.17185 -0.36250 -0.26625
v 0.16750 -0.36250 -0.25000
v 0.17185 -0.34625 -0.25000
v 0.18375 -0.36250 -0.27815
v 0.18124 -0.34374 -0.26876
v 0.18375 -0.33435 -0.25000
v 0.20000 -0.39065 -0.26625
v 0.20000 -0.39500 -0.25000
v 0.20000 -0.37875 -0.27815
v 0.21625 -0.39065 -0.25000
v 0.21876 -0.38126 -0.26876
v 0.20000 -0.36250 -0.28250
v 0.20000 -0.34625 -0.27815
v 0.21625 -0.36250 -0.27815
v 0.22815 -0.37875 -0.25000
v 0.22815 -0.36250 -0.26625
v 0.21876 -0.34374 -0.26876
v 0.23250 -0.36250 -0.25000
v 0.22815 -0.34625 -0.25000
v 0.20000 -0.33435 -0.26625
v 0.20000 -0.33000 -0.25000
v 0.21625 -0.33435 -0.25000
v 0.18375 -0.34415 1.07500
v 0.17185 -0.33226 1.07500
v 0.16750 -0.31601 1.07500
v 0.17185 -0.29976 1.07500
v 0.18375 -0.28786 1.07500
v 0.20000 -0.34851 1.07500
v 0.21625 -0.34415 1.07500
v 0.22815 -0.33226 1.07500
v 0.21625 -0.28786 1.07500
v 0.23250 -0.31601 1.07500
v 0.20000 -0.28351 1.07500
v 0.22815 -0.29976 1.07500
v 0.18375 -0.34415 1.07500
v 0.16536 -0.33250 1.07500
v 0.17185 -0.33226 1.07500
v 0.16750 -0.31601 1.07500
v 0.18000 -0.34714 1.07500
v 0.16000 -0.31250 1.07500
v 0.16536 -0.29250 1.07500
v 0.17185 -0.29976 1.07500
v 0.16000 -0.31250 1.07500
v 0.16536 -0.33250 1.07500
v 0.16000 -0.31250 1.27500
v 0.16536 -0.29250 1.27500
v 0.18000 -0.34714 1.07500
v 0.16536 -0.33250 1.27500
v 0.18000 -0.34714 1.27500
v 0.18000 -0.34714 1.27500
v 0.18000 -0.27786 1.27500
v 0.16536 -0.33250 1.27500
v 0.16536 -0.29250 1.07500
v 0.16000 -0.31250 1.27500
v 0.16536 -0.29250 1.27500
v 0.18000 -0.27786 1.07500
v 0.18375 -0.28786 1.07500
v 0.18000 -0.27786 1.27500
v 0.18000 -0.27786 1.07500
v 0.20000 -0.35250 1.07500
v 0.20000 -0.34851 1.07500
v 0.21625 -0.34415 1.07500
v 0.22000 -0.34714 1.07500
v 0.20000 -0.35250 1.07500
v 0.22000 -0.34714 1.07500
v 0.20000 -0.35250 1.27500
v 0.22000 -0.34714 1.27500
v 0.22815 -0.33226 1.07500
v 0.23464 -0.33250 1.07500
v 0.23250 -0.31601 1.07500
v 0.22815 -0.29976 1.07500
v 0.21625 -0.28786 1.07500
v 0.23464 -0.29250 1.07500
v 0.20000 -0.35250 1.27500
v 0.20000 -0.27250 1.27500
v 0.22000 -0.27786 1.27500
v 0.23464 -0.33250 1.07500
v 0.22000 -0.34714 1.27500
v 0.23464 -0.33250 1.27500
v 0.23464 -0.33250 1.27500
v 0.23464 -0.29250 1.27500
v 0.24000 -0.31250 1.07500
v 0.24000 -0.31250 1.07500
v 0.24000 -0.31250 1.27500
v 0.23464 -0.29250 1.07500
v 0.24000 -0.31250 1.27500
v 0.23464 -0.29250 1.27500
v 0.20000 -0.27250 1.07500
v 0.20000 -0.28351 1.07500
v 0.22000 -0.27786 1.07500
v 0.20000 -0.27250 1.27500
v 0.20000 -0.27250 1.07500
v 0.22000 -0.27786 1.27500
v 0.22000 -0.27786 1.07500
vn -0.8685 -0.4956 0.0000
vn -0.5774 -0.5774 0.5774
vn -0.8685 -0.0000 0.4956
vn -0.5811 -0.6491 -0.4908
vn -0.4956 -0.8685 0.0000
vn 0.0000 -0.8685 -0.4956
vn 0.0000 -0.8685 0.4956
vn 0.0000 -1.0000 -0.0000
vn -0.9957 -0.0652 0.0652
vn -0.8961 0.3139 0.3139
vn -0.5811 0.4908 0.6491
vn -0.8485 0.3741 0.3741
vn -0.8485 0.3741 0.3741
vn -0.8485 0.3741 0.3741
vn -0.8485 0.3741 0.3741
vn 0.0000 0.7071 0.7071
vn -0.2506 0.6846 0.6846
vn -0.2506 0.6846 0.6846
vn -0.2506 0.6846 0.6846
vn -0.0000 0.7071 0.7071
vn -0.0000 0.7071 0.7071
vn 0.0000 -0.4956 0.8685
vn -0.4956 -0.0000 0.8685
vn -0.0000 0.4956 0.8685
vn 0.0000 -0.0000 1.0000
vn -0.9957 0.0652 -0.0652
vn 0.0000 -0.4956 -0.8685
vn -0.5811 -0.4908 -0.6491
vn -0.8685 0.4956 0.0000
vn -0.8485 0.3741 0.3741
vn -0.8485 0.3741 0.3741
vn -0.5811 0.6491 0.4908
vn -0.0000 0.7071 0.7071
vn -0.8685 -0.0000 -0.4956
vn -0.0000 0.8685 0.4956
vn -0.5774 0.5774 -0.5774
vn -0.4956 0.0000 -0.8685
vn 0.0000 0.0000 -1.0000
vn 0.0000 0.4956 -0.8685
vn -0.4956 0.8685 0.0000
vn 0.0000 0.8685 -0.4956
vn 0.0000 1.0000 0.0000
vn 0.4956 -0.8685 0.0000
vn 0.5811 -0.6491 -0.4908
vn 0.5774 -0.5774 0.5774
vn 0.8685 -0.4956 0.0000
vn 0.8685 0.0000 0.4956
vn 0.5811 0.4908 0.6491
vn 0.8485 0.3741 0.3741
vn 0.2506 0.6846 0.6846
vn 0.8485 0.3741 0.3741
vn 0.9957 -0.0652 0.0652
vn 0.8485 0.3741 0.3741
vn 0.8485 0.3741 0.3741
vn 0.2506 0.6846 0.6846
vn 0.2506 0.6846 0.6846
vn 0.4956 -0.0000 0.8685
vn 0.8961 -0.3139 -0.3139
vn 0.8685 0.4956 0.0000
vn 0.5811 0.6491 0.4908
vn 0.8485 0.3741 0.3741
vn 0.8485 0.3741 0.3741
vn 0.5811 -0.4908 -0.6491
vn 0.9957 0.0652 -0.0652
vn 0.4956 -0.0000 -0.8685
vn 0.8685 0.0000 -0.4956
vn 0.4956 0.8685 -0.0000
vn 0.5774 0.5774 -0.5774
vn -0.4958 -0.8684 0.0039
vn -0.3080 -0.9002 0.3080
vn -0.3741 -0.8485 0.3741
vn -0.2506 -0.9351 0.2506
vn 0.0000 -1.0000 -0.0000
vn 0.0000 -0.9374 -0.3483
vn 0.0000 -0.9659 0.2588
vn -0.8550 -0.5165 0.0475
vn -0.9605 -0.2574 -0.1060
vn -0.8642 -0.4429 -0.2386
vn -0.9605 -0.2574 -0.1060
vn -0.6204 -0.7267 -0.2951
vn -0.5759 -0.5754 -0.5807
vn -0.4390 -0.8294 -0.3455
vn -0.9605 -0.2574 -0.1060
vn -0.9928 0.0330 -0.1147
vn -1.0000 0.0003 0.0001
vn -0.9605 0.2574 0.1060
vn -0.9605 0.2574 0.1060
vn -0.7546 0.6067 0.2498
vn -0.8550 0.5165 -0.0475
vn -0.2789 0.9471 0.1588
vn -0.6204 0.7267 0.2951
vn -0.1912 0.9668 0.1697
vn 0.0000 0.9952 0.0981
vn -0.4958 0.8684 -0.0039
vn -0.9928 -0.0330 0.1147
vn -0.9776 -0.1944 -0.0801
vn -0.8685 -0.0000 0.4956
vn -0.5774 -0.5774 0.5774
vn -0.9605 -0.2574 -0.1060
vn -0.9500 0.2545 0.1809
vn -0.9150 0.2852 0.2852
vn -0.7616 0.3041 0.5723
vn -0.3392 -0.8076 0.4824
vn -0.3392 -0.4824 0.8076
vn -0.3741 -0.3741 0.8485
vn -0.4956 0.0000 0.8685
vn -0.3080 -0.3080 0.9002
vn -0.2506 -0.2506 0.9351
vn 0.0000 -0.0000 1.0000
vn 0.0000 -0.2588 0.9659
vn -0.5723 0.3041 0.7616
vn -0.2852 0.2852 0.9150
vn 0.0000 0.2588 0.9659
vn 0.0000 -0.8505 -0.5260
vn 0.0000 0.9374 0.3483
vn 0.0000 -0.4956 -0.8685
vn -0.8685 0.0000 -0.4956
vn -0.5774 0.5774 -0.5774
vn -0.4956 -0.0000 -0.8685
vn 0.0000 0.0000 -1.0000
vn 0.0000 0.4956 -0.8685
vn 0.0000 0.8685 -0.4956
vn 0.0000 1.0000 0.0000
vn 0.2506 -0.9351 0.2506
vn 0.4958 -0.8684 0.0039
vn 0.3080 -0.9002 0.3080
vn 0.3741 -0.8485 0.3741
vn 0.4390 -0.8294 -0.3455
vn 0.6204 -0.7267 -0.2951
vn 0.8642 -0.4429 -0.2386
vn 0.8550 -0.5165 0.0475
vn 0.9605 -0.2574 -0.1060
vn 0.9605 -0.2574 -0.1060
vn 0.9605 -0.2574 -0.1060
vn 0.9605 -0.2574 -0.1060
vn 0.1912 0.9668 0.1697
vn 0.2789 0.9471 0.1588
vn 0.4958 0.8684 -0.0039
vn 0.7546 0.6067 0.2498
vn 0.6204 0.7267 0.2951
vn 1.0000 0.0003 0.0001
vn 0.9928 0.0330 -0.1147
vn 0.9605 0.2574 0.1060
vn 0.9605 0.2574 0.1060
vn 0.8550 0.5165 -0.0475
vn 0.2506 -0.2506 0.9351
vn 0.4956 -0.0000 0.8685
vn 0.3080 -0.3080 0.9002
vn 0.5774 -0.5774 0.5774
vn 0.3392 -0.8076 0.4824
vn 0.3741 -0.3741 0.8485
vn 0.3392 -0.4824 0.8076
vn 0.8685 0.0000 0.4956
vn 0.2852 0.2852 0.9150
vn 0.5723 0.3041 0.7616
vn 0.7616 0.3041 0.5723
vn 0.9776 -0.1944 -0.0801
vn 0.9928 -0.0330 0.1147
vn 0.9500 0.2545 0.1809
vn 0.9150 0.2852 0.2852
vn 0.5759 -0.5754 -0.5807
vn 0.4956 -0.0000 -0.8685
vn 0.8685 0.0000 -0.4956
vn 0.5774 0.5774 -0.5774
vn -0.5757 -0.5923 -0.5637
vn -0.3350 -0.8023 -0.4941
vn -0.3330 -0.8822 -0.3330
vn -0.4956 -0.8685 -0.0000
vn -0.8685 -0.4956 0.0000
vn -0.7489 -0.5935 0.2949
vn -0.3657 -0.8393 0.4023
vn -0.5590 -0.7691 0.3097
vn -0.2583 -0.9642 0.0605
vn -0.2506 -0.9351 0.2506
vn 0.0000 -0.8685 0.4956
vn 0.0000 -0.9659 0.2588
vn -0.8752 -0.2534 -0.4122
vn -0.9933 -0.1090 0.0391
vn -0.9964 -0.0380 -0.0759
vn -0.8995 0.1954 0.3908
vn -0.8485 -0.3741 0.3741
vn -0.8300 -0.3576 0.4280
vn -0.8573 -0.0383 0.5133
vn -0.3252 -0.5202 -0.7897
vn -0.3612 -0.4170 -0.8341
vn -0.8448 -0.2393 -0.4786
vn -0.5351 -0.3778 -0.7556
vn -0.6038 0.3565 0.7130
vn -0.3612 -0.4170 -0.8341
vn -0.3612 -0.4170 -0.8341
vn -0.2506 -0.6846 0.6846
vn 0.0000 -0.7071 0.7071
vn -0.6846 -0.2506 0.6846
vn -0.6846 -0.2506 0.6846
vn -0.5867 -0.2979 0.7530
vn -0.4956 0.0000 0.8685
vn -0.2897 -0.2897 0.9122
vn -0.5703 0.3498 0.7432
vn -0.0000 0.0000 1.0000
vn 0.0000 0.3829 0.9238
vn 0.0000 -0.2588 0.9659
vn -0.3612 0.4170 0.8341
vn -0.9964 0.0380 0.0759
vn -0.9964 -0.0380 -0.0759
vn -0.8995 -0.1954 -0.3908
vn -0.8995 0.1954 0.3908
vn -0.8448 -0.2393 -0.4786
vn -0.6038 -0.3565 -0.7130
vn -0.8448 0.2393 0.4786
vn -0.5351 0.3778 0.7556
vn -0.6038 0.3565 0.7130
vn -0.7501 -0.2958 -0.5916
vn -0.5703 -0.3498 -0.7432
vn -0.3612 -0.4170 -0.8341
vn -0.7501 -0.2958 -0.5916
vn -0.3612 0.4170 0.8341
vn -0.3612 0.4170 0.8341
vn -0.3612 -0.4170 -0.8341
vn -0.0000 -0.3829 -0.9238
vn -0.2077 -0.2097 -0.9554
vn 0.0000 -0.1272 -0.9919
vn -0.7501 -0.2958 -0.5916
vn -0.9964 0.0380 0.0759
vn -0.9964 -0.0380 -0.0759
vn -0.9579 -0.1283 -0.2567
vn -0.9579 -0.1283 -0.2567
vn -0.8995 0.1954 0.3908
vn -0.9933 0.1090 -0.0391
vn -0.9579 -0.1283 -0.2567
vn -0.9964 0.0380 0.0759
vn -0.9579 -0.1283 -0.2567
vn -0.8573 0.0383 -0.5133
vn -0.9579 -0.1283 -0.2567
vn -0.8752 0.2534 0.4122
vn -0.8783 -0.2138 -0.4276
vn -0.7501 -0.2958 -0.5916
vn -0.8448 0.2393 0.4786
vn -0.7501 -0.2958 -0.5916
vn -0.5351 0.3778 0.7556
vn -0.6038 0.3565 0.7130
vn -0.9579 -0.1283 -0.2567
vn -0.9579 -0.1283 -0.2567
vn -0.3612 0.4170 0.8341
vn -0.3612 0.4170 0.8341
vn -0.4956 0.0000 -0.8685
vn -0.8685 0.4956 0.0000
vn -0.5774 0.5774 -0.5774
vn 0.0000 0.0000 -1.0000
vn -0.0000 0.4956 -0.8685
vn -0.8448 0.2393 0.4786
vn -0.5757 0.5923 0.5637
vn -0.5351 0.3778 0.7556
vn 0.0000 0.5556 0.8315
vn -0.3612 0.4170 0.8341
vn -0.4956 0.8685 0.0000
vn -0.0000 0.8685 -0.4956
vn 0.0000 0.8685 0.4956
vn 0.0000 1.0000 0.0000
vn 0.2506 -0.9351 0.2506
vn 0.4956 -0.8685 -0.0000
vn 0.2583 -0.9642 0.0605
vn 0.3330 -0.8822 -0.3330
vn 0.3657 -0.8393 0.4023
vn 0.5757 -0.5923 -0.5637
vn 0.3350 -0.8023 -0.4941
vn 0.5590 -0.7691 0.3097
vn 0.7489 -0.5935 0.2949
vn 0.8685 -0.4956 0.0000
vn 0.3252 -0.5202 -0.7897
vn 0.8485 -0.3741 0.3741
vn 0.3612 -0.4170 -0.8341
vn 0.8300 -0.3576 0.4280
vn 0.8752 -0.2534 -0.4122
vn 0.8573 -0.0383 0.5133
vn 0.9933 -0.1090 0.0391
vn 0.5351 -0.3778 -0.7556
vn 0.3612 -0.4170 -0.8341
vn 0.3612 -0.4170 -0.8341
vn 0.5703 0.3498 0.7432
vn 0.8995 0.1954 0.3908
vn 0.6038 0.3565 0.7130
vn 0.8448 -0.2393 -0.4786
vn 0.9964 -0.0380 -0.0759
vn 0.2506 -0.6846 0.6846
vn 0.2897 -0.2897 0.9122
vn 0.4956 0.0000 0.8685
vn 0.6846 -0.2506 0.6846
vn 0.6846 -0.2506 0.6846
vn 0.5867 -0.2979 0.7530
vn 0.3612 0.4170 0.8341
vn 0.5351 0.3778 0.7556
vn 0.6038 0.3565 0.7130
vn 0.3612 0.4170 0.8341
vn 0.2077 -0.2097 -0.9554
vn 0.3612 -0.4170 -0.8341
vn 0.3612 -0.4170 -0.8341
vn 0.3612 0.4170 0.8341
vn 0.8995 -0.1954 -0.3908
vn 0.6038 -0.3565 -0.7130
vn 0.7501 -0.2958 -0.5916
vn 0.9964 0.0380 0.0759
vn 0.8448 -0.2393 -0.4786
vn 0.8448 0.2393 0.4786
vn 0.8995 0.1954 0.3908
vn 0.5703 -0.3498 -0.7432
vn 0.7501 -0.2958 -0.5916
vn 0.9964 -0.0380 -0.0759
vn 0.7501 -0.2958 -0.5916
vn 0.7501 -0.2958 -0.5916
vn 0.3612 0.4170 0.8341
vn 0.5351 0.3778 0.7556
vn 0.6038 0.3565 0.7130
vn 0.3612 0.4170 0.8341
vn 0.9579 -0.1283 -0.2567
vn 0.8783 -0.2138 -0.4276
vn 0.9579 -0.1283 -0.2567
vn 0.8573 0.0383 -0.5133
vn 0.7501 -0.2958 -0.5916
vn 0.8448 0.2393 0.4786
vn 0.8995 0.1954 0.3908
vn 0.9579 -0.1283 -0.2567
vn 0.9579 -0.1283 -0.2567
vn 0.9964 -0.0380 -0.0759
vn 0.4956 -0.0000 -0.8685
vn 0.5774 0.5774 -0.5774
vn 0.8685 0.4956 0.0000
vn 0.3612 0.4170 0.8341
vn 0.5757 0.5923 0.5637
vn 0.5351 0.3778 0.7556
vn 0.9579 -0.1283 -0.2567
vn 0.9933 0.1090 -0.0391
vn 0.8752 0.2534 0.4122
vn 0.8448 0.2393 0.4786
vn 0.9964 0.0380 0.0759
vn 0.9579 -0.1283 -0.2567
vn 0.9579 -0.1283 -0.2567
vn 0.9964 0.0380 0.0759
vn 0.4956 0.8685 0.0000
vn -0.6887 -0.6887 -0.2265
vn -0.2265 -0.6887 -0.6887
vn -0.1877 -0.9641 -0.1877
vn -0.9641 -0.1877 -0.1877
vn -0.9641 0.1877 -0.1877
vn -0.6887 -0.2265 -0.6887
vn -0.1877 -0.1877 -0.9641
vn -0.6887 0.2265 -0.6887
vn -0.1877 0.1877 -0.9641
vn -0.6887 0.6887 -0.2265
vn -0.2265 0.6887 -0.6887
vn -0.1877 0.9641 -0.1877
vn -0.6887 -0.6887 0.2265
vn -0.9641 -0.1877 0.1877
vn -0.6887 0.6887 0.2265
vn 0.0000 -1.0000 0.0000
vn -0.1877 -0.9641 0.1877
vn -0.1877 0.9641 0.1877
vn 0.0000 1.0000 0.0000
vn -0.0000 -0.3827 -0.9239
vn 0.0000 0.3827 -0.9239
vn 0.0000 0.9239 -0.3827
vn 0.0000 -0.9239 -0.3827
vn 0.0000 -1.0000 0.0000
vn 0.0000 -1.0000 0.0000
vn 0.0000 1.0000 0.0000
vn 0.0000 1.0000 0.0000
vn 0.0000 -1.0000 0.0000
vn 0.0000 1.0000 0.0000
vn 0.0000 -1.0000 0.0000
vn 0.0000 0.9417 -0.3364
vn 0.0000 -0.9239 -0.3827
vn -0.0000 -0.3827 -0.9239
vn 0.1877 -0.9641 -0.1877
vn 0.1877 -0.1877 -0.9641
vn -0.2265 -0.6887 0.6887
vn -0.6887 -0.2265 0.6887
vn -0.9641 0.1877 0.1877
vn -0.1877 -0.1877 0.9641
vn -0.6887 0.2265 0.6887
vn -0.1877 0.1877 0.9641
vn -0.2265 0.6887 0.6887
vn 0.0000 -1.0000 0.0000
vn 0.0000 1.0000 0.0000
vn 0.0000 -1.0000 0.0000
vn 0.0000 1.0000 0.0000
vn 0.1877 -0.9641 0.1877
vn 0.1877 -0.1877 0.9641
vn 0.1877 0.1877 0.9641
vn 0.1877 0.9641 0.1877
vn 0.0000 -0.9239 -0.3827
vn 0.0000 -0.3827 -0.9239
vn 0.0000 -1.0000 0.0000
vn 0.1877 0.1877 -0.9641
vn -0.0000 0.3827 -0.9239
vn 0.2265 0.6887 -0.6887
vn 0.0000 0.9239 -0.3827
vn 0.0000 0.9417 -0.3364
vn 0.1877 0.9641 -0.1877
vn 0.0000 1.0000 0.0000
vn 0.0000 -1.0000 0.0000
vn 0.0000 1.0000 0.0000
vn 0.0000 -1.0000 0.0000
vn 0.0000 -1.0000 0.0000
vn 0.0000 1.0000 0.0000
vn 0.0000 1.0000 0.0000
vn 0.2265 -0.6887 -0.6887
vn 0.6887 -0.6887 -0.2265
vn 0.6887 -0.2265 -0.6887
vn 0.9641 -0.1877 -0.1877
vn 0.9641 0.1877 -0.1877
vn 0.6887 0.2265 -0.6887
vn 0.6887 0.6887 -0.2265
vn 0.6887 -0.6887 0.2265
vn 0.9641 -0.1877 0.1877
vn 0.9641 0.1877 0.1877
vn 0.2265 -0.6887 0.6887
vn 0.2265 0.6887 0.6887
vn 0.0000 -1.0000 0.0000
vn 0.0000 1.0000 0.0000
vn 0.6887 -0.2265 0.6887
vn 0.6887 0.2265 0.6887
vn 0.6887 0.6887 0.2265
vn -0.6887 -0.6887 -0.2265
vn -0.2265 -0.6887 -0.6887
vn -0.1877 -0.9641 -0.1877
vn -0.6887 -0.2265 -0.6887
vn -0.9641 -0.1877 -0.1877
vn -0.1877 -0.1877 -0.9641
vn -0.6887 0.2265 -0.6887
vn -0.6887 -0.6887 0.2265
vn -0.1877 -0.9641 0.1877
vn -0.9641 -0.1877 0.1877
vn -0.9641 0.1877 0.1877
vn -0.9641 0.1877 -0.1877
vn -0.1877 0.1877 -0.9641
vn -0.6887 0.6887 -0.2265
vn -0.2265 0.6887 -0.6887
vn -0.1877 0.9641 -0.1877
vn -0.1877 0.9641 0.1877
vn -0.6887 0.6887 0.2265
vn 0.0000 -0.9624 -0.2718
vn 0.0000 0.1307 -0.9914
vn -0.0000 0.9734 -0.2289
vn 0.0000 1.0000 0.0000
vn -0.0000 -0.2252 -0.9743
vn 0.0000 -1.0000 0.0000
vn 0.0000 -1.0000 0.0000
vn 0.0000 -1.0000 0.0000
vn 0.0000 -1.0000 0.0000
vn 0.0000 -0.9239 -0.3827
vn 0.0000 -0.3827 -0.9239
vn -0.0000 0.9239 -0.3827
vn 0.0000 0.9239 -0.3827
vn 0.0000 0.3827 -0.9239
vn 0.0000 1.0000 0.0000
vn 0.0000 1.0000 0.0000
vn 0.0000 -1.0000 0.0000
vn 0.0000 1.0000 0.0000
vn 0.0000 -1.0000 0.0000
vn -0.2265 -0.6887 0.6887
vn -0.6887 -0.2265 0.6887
vn -0.1877 -0.1877 0.9641
vn -0.6887 0.2265 0.6887
vn -0.1877 0.1877 0.9641
vn -0.2265 0.6887 0.6887
vn 0.1877 -0.9641 0.1877
vn 0.1877 -0.1877 0.9641
vn 0.1877 0.1877 0.9641
vn 0.1877 0.9641 0.1877
vn 0.0000 1.0000 0.0000
vn 0.1877 -0.9641 -0.1877
vn 0.0000 -0.9624 -0.2718
vn 0.0000 -0.9239 -0.3827
vn 0.2265 -0.6887 -0.6887
vn 0.0000 -0.3827 -0.9239
vn 0.0000 -0.2252 -0.9743
vn 0.0000 -1.0000 0.0000
vn 0.1877 -0.1877 -0.9641
vn 0.0000 0.1307 -0.9914
vn 0.0000 -1.0000 0.0000
vn 0.0000 -1.0000 0.0000
vn 0.1877 0.1877 -0.9641
vn 0.0000 0.3827 -0.9239
vn 0.2265 0.6887 -0.6887
vn 0.0000 0.9239 -0.3827
vn -0.0000 0.9239 -0.3827
vn 0.1877 0.9641 -0.1877
vn 0.0000 0.9734 -0.2289
vn 0.0000 1.0000 0.0000
vn 0.0000 1.0000 0.0000
vn 0.6887 -0.6887 -0.2265
vn 0.6887 -0.2265 -0.6887
vn 0.9641 -0.1877 -0.1877
vn 0.6887 0.2265 -0.6887
vn 0.6887 -0.6887 0.2265
vn 0.9641 0.1877 -0.1877
vn 0.9641 -0.1877 0.1877
vn 0.6887 0.6887 -0.2265
vn 0.9641 0.1877 0.1877
vn 0.6887 0.6887 0.2265
vn 0.2265 -0.6887 0.6887
vn 0.2265 0.6887 0.6887
vn 0.6887 -0.2265 0.6887
vn 0.6887 0.2265 0.6887
vn -0.6887 -0.6887 -0.2265
vn -0.2265 -0.6887 -0.6887
vn -0.1877 -0.9641 -0.1877
vn -0.9641 -0.1877 -0.1877
vn -0.6887 -0.2265 -0.6887
vn -0.1877 -0.1877 -0.9641
vn -0.9641 0.1877 -0.1877
vn -0.6887 0.2265 -0.6887
vn -0.1877 0.1877 -0.9641
vn -0.6887 -0.6887 0.2265
vn -0.9641 0.1877 0.1877
vn -0.6887 0.6887 -0.2265
vn -0.2265 0.6887 -0.6887
vn -0.1877 0.9641 -0.1877
vn -0.1877 0.9641 0.1877
vn -0.9641 -0.1877 0.1877
vn -0.1877 -0.9641 0.1877
vn -0.6887 0.6887 0.2265
vn 0.0000 -0.9746 -0.2239
vn 0.0000 -0.2050 -0.9788
vn 0.0000 0.1723 -0.9850
vn 0.0000 0.9734 -0.2289
vn 0.0000 1.0000 0.0000
vn 0.0000 -1.0000 0.0000
vn 0.0000 -0.9239 -0.3827
vn 0.0000 -0.3827 -0.9239
vn 0.0000 -1.0000 0.0000
vn 0.0000 0.3827 -0.9239
vn 0.0000 1.0000 0.0000
vn 0.0000 0.9239 -0.3827
vn 0.0000 -1.0000 0.0000
vn 0.0000 1.0000 0.0000
vn 0.0000 -1.0000 0.0000
vn 0.0000 1.0000 0.0000
vn 0.1877 -0.9641 0.1877
vn 0.0000 1.0000 0.0000
vn -0.2265 -0.6887 0.6887
vn -0.6887 -0.2265 0.6887
vn -0.1877 -0.1877 0.9641
vn -0.6887 0.2265 0.6887
vn -0.1877 0.1877 0.9641
vn -0.2265 0.6887 0.6887
vn 0.1877 -0.1877 0.9641
vn 0.2265 0.6887 0.6887
vn 0.1877 0.9641 0.1877
vn 0.1877 0.9641 -0.1877
vn 0.0000 -1.0000 0.0000
vn 0.0000 1.0000 0.0000
vn 0.1877 -0.9641 -0.1877
vn 0.0000 -0.9746 -0.2239
vn 0.0000 -0.9239 -0.3827
vn 0.2265 -0.6887 -0.6887
vn 0.0000 -0.3827 -0.9239
vn 0.0000 -0.2050 -0.9788
vn 0.0000 -1.0000 0.0000
vn 0.1877 -0.1877 -0.9641
vn 0.0000 0.1723 -0.9850
vn 0.1877 0.1877 -0.9641
vn 0.0000 0.3827 -0.9239
vn 0.2265 0.6887 -0.6887
vn 0.0000 0.9239 -0.3827
vn -0.0000 0.9734 -0.2289
vn 0.0000 1.0000 0.0000
vn 0.0000 -1.0000 0.0000
vn 0.6887 -0.6887 -0.2265
vn 0.6887 -0.2265 -0.6887
vn 0.9641 -0.1877 -0.1877
vn 0.6887 0.2265 -0.6887
vn 0.9641 0.1877 -0.1877
vn 0.6887 -0.6887 0.2265
vn 0.9641 -0.1877 0.1877
vn 0.6887 0.6887 -0.2265
vn 0.9641 0.1877 0.1877
vn 0.6887 0.6887 0.2265
vn 0.2265 -0.6887 0.6887
vn 0.1877 0.1877 0.9641
vn 0.6887 -0.2265 0.6887
vn 0.6887 0.2265 0.6887
vn -0.1877 -0.9641 -0.1877
vn -0.6887 -0.6887 -0.2265
vn -0.2265 -0.6887 -0.6887
vn -0.6887 -0.2265 -0.6887
vn -0.1877 -0.1877 -0.9641
vn -0.9641 -0.1877 -0.1877
vn -0.9641 0.1877 -0.1877
vn -0.6887 0.2265 -0.6887
vn -0.1877 0.1877 -0.9641
vn -0.6887 -0.6887 0.2265
vn -0.9641 0.1877 0.1877
vn -0.9641 -0.1877 0.1877
vn -0.1877 -0.9641 0.1877
vn -0.2265 0.6887 -0.6887
vn -0.6887 0.6887 -0.2265
vn -0.1877 0.9641 -0.1877
vn -0.6887 0.6887 0.2265
vn -0.1877 0.9641 0.1877
vn 0.1877 -0.9641 -0.1877
vn 0.1877 -0.1877 -0.9641
vn 0.1877 0.1877 -0.9641
vn 0.1877 -0.9641 0.1877
vn 0.1877 0.9641 -0.1877
vn -0.2265 -0.6887 0.6887
vn -0.6887 -0.2265 0.6887
vn -0.1877 -0.1877 0.9641
vn -0.6887 0.2265 0.6887
vn -0.1877 0.1877 0.9641
vn -0.2265 0.6887 0.6887
vn 0.1877 -0.1877 0.9641
vn 0.1877 0.1877 0.9641
vn 0.1877 0.9641 0.1877
vn 0.2265 -0.6887 -0.6887
vn 0.2265 0.6887 -0.6887
vn 0.6887 -0.6887 -0.2265
vn 0.6887 -0.2265 -0.6887
vn 0.9641 -0.1877 -0.1877
vn 0.6887 0.2265 -0.6887
vn 0.9641 0.1877 -0.1877
vn 0.6887 -0.6887 0.2265
vn 0.9641 -0.1877 0.1877
vn 0.9641 0.1877 0.1877
vn 0.6887 0.6887 -0.2265
vn 0.6887 0.6887 0.2265
vn 0.2265 -0.6887 0.6887
vn 0.2265 0.6887 0.6887
vn 0.6887 -0.2265 0.6887
vn 0.6887 0.2265 0.6887
vn -0.4956 -0.8685 0.0000
vn -0.8685 -0.4956 -0.0000
vn -0.5774 -0.5774 -0.5774
vn -0.5774 -0.5774 0.5774
vn -0.0000 -0.8685 -0.4956
vn 0.0000 -0.4956 -0.8685
vn -0.0000 -0.8685 0.4956
vn 0.0000 -1.0000 0.0000
vn 0.0000 -0.5026 0.8645
vn -0.9924 -0.1207 -0.0247
vn -0.9987 -0.0144 0.0479
vn -0.8547 -0.0702 -0.5143
vn -0.8347 -0.1582 0.5275
vn -0.4911 -0.0271 -0.8707
vn -0.8574 -0.2164 0.4669
vn -0.4990 -0.2748 0.8219
vn -0.5172 0.2459 -0.8198
vn 0.0000 0.0000 -1.0000
vn 0.0000 0.2799 -0.9600
vn -0.0000 -0.2873 0.9578
vn -0.8783 0.1374 -0.4580
vn -0.4780 -0.2524 0.8413
vn 0.0000 0.2873 -0.9578
vn -0.9987 0.0144 -0.0479
vn -0.9987 -0.0144 0.0479
vn -0.8347 0.1582 -0.5275
vn -0.8347 -0.1582 0.5275
vn -0.4780 0.2524 -0.8413
vn -0.8783 0.1374 -0.4580
vn -0.8783 -0.1374 0.4580
vn -0.5172 0.2459 -0.8198
vn -0.0000 0.2873 -0.9578
vn -0.0000 0.2873 -0.9578
vn -0.5172 -0.2459 0.8198
vn -0.4780 -0.2524 0.8413
vn -0.0000 -0.2873 0.9578
vn 0.0000 -0.2873 0.9578
vn -0.9987 0.0144 -0.0479
vn -0.9987 -0.0144 0.0479
vn -0.8347 0.1582 -0.5275
vn -0.8783 0.1374 -0.4580
vn -0.4780 0.2524 -0.8413
vn -0.5172 0.2459 -0.8198
vn 0.0000 0.2873 -0.9578
vn 0.0000 0.2873 -0.9578
vn -0.8347 0.1582 -0.5275
vn -0.9924 0.1207 0.0247
vn -0.8574 0.2164 -0.4669
vn -0.4780 0.2524 -0.8413
vn -0.4990 0.2748 -0.8219
vn -0.8685 0.4956 -0.0000
vn -0.5774 0.5774 -0.5774
vn -0.0000 0.2873 -0.9578
vn -0.3542 0.4387 -0.8259
vn -0.3741 0.3741 -0.8485
vn -0.3152 0.3152 -0.8952
vn -0.0000 0.2873 -0.9578
vn -0.8347 -0.1582 0.5275
vn -0.9987 0.0144 -0.0479
vn -0.8547 0.0702 0.5143
vn -0.8783 -0.1374 0.4580
vn -0.5172 -0.2459 0.8198
vn -0.6917 -0.2075 0.6917
vn -0.6917 -0.2075 0.6917
vn -0.6917 -0.2075 0.6917
vn -0.4911 0.0271 0.8707
vn -0.2762 -0.2762 0.9206
vn 0.0000 -0.2799 0.9600
vn -0.2762 -0.2762 0.9206
vn 0.0000 -0.2873 0.9578
vn -0.8783 -0.1374 0.4580
vn -0.6917 -0.2075 0.6917
vn -0.6917 -0.2075 0.6917
vn -0.6917 -0.2075 0.6917
vn -0.5774 0.5774 0.5774
vn 0.0000 0.0000 1.0000
vn 0.0000 0.4956 0.8685
vn -0.2506 0.6846 -0.6846
vn -0.2506 0.6846 -0.6846
vn -0.4956 0.8685 -0.0000
vn -0.3542 0.8259 -0.4387
vn 0.0000 0.8685 0.4956
vn -0.3741 0.8485 -0.3741
vn -0.2998 0.9057 -0.2998
vn 0.0000 1.0000 0.0000
vn 0.0000 0.9659 -0.2588
vn 0.5774 -0.5774 -0.5774
vn 0.4956 -0.8685 -0.0000
vn 0.5774 -0.5774 0.5774
vn 0.8685 -0.4956 0.0000
vn 0.4911 -0.0271 -0.8707
vn 0.4990 -0.2748 0.8219
vn 0.8547 -0.0702 -0.5143
vn 0.8574 -0.2164 0.4669
vn 0.9924 -0.1207 -0.0247
vn 0.5172 0.2459 -0.8198
vn 0.8783 0.1374 -0.4580
vn 0.8347 -0.1582 0.5275
vn 0.4780 -0.2524 0.8413
vn 0.9987 -0.0144 0.0479
vn 0.4780 0.2524 -0.8413
vn 0.5172 0.2459 -0.8198
vn 0.8347 0.1582 -0.5275
vn 0.8783 0.1374 -0.4580
vn 0.9987 0.0144 -0.0479
vn 0.8783 -0.1374 0.4580
vn 0.9987 -0.0144 0.0479
vn 0.8347 -0.1582 0.5275
vn 0.5172 -0.2459 0.8198
vn 0.4780 -0.2524 0.8413
vn 0.4780 0.2524 -0.8413
vn 0.5172 0.2459 -0.8198
vn 0.8347 0.1582 -0.5275
vn 0.8783 0.1374 -0.4580
vn 0.9987 0.0144 -0.0479
vn 0.4780 0.2524 -0.8413
vn 0.3152 0.3152 -0.8952
vn 0.4990 0.2748 -0.8219
vn 0.3741 0.3741 -0.8485
vn 0.3542 0.4387 -0.8259
vn 0.5774 0.5774 -0.5774
vn 0.8347 0.1582 -0.5275
vn 0.8574 0.2164 -0.4669
vn 0.9987 0.0144 -0.0479
vn 0.8685 0.4956 0.0000
vn 0.9987 -0.0144 0.0479
vn 0.2762 -0.2762 0.9206
vn 0.2762 -0.2762 0.9206
vn 0.5172 -0.2459 0.8198
vn 0.4911 0.0271 0.8707
vn 0.8783 -0.1374 0.4580
vn 0.8347 -0.1582 0.5275
vn 0.6917 -0.2075 0.6917
vn 0.6917 -0.2075 0.6917
vn 0.6917 -0.2075 0.6917
vn 0.5774 0.5774 0.5774
vn 0.6917 -0.2075 0.6917
vn 0.6917 -0.2075 0.6917
vn 0.6917 -0.2075 0.6917
vn 0.8547 0.0702 0.5143
vn 0.8783 -0.1374 0.4580
vn 0.9924 0.1207 0.0247
vn 0.2506 0.6846 -0.6846
vn 0.2506 0.6846 -0.6846
vn 0.3542 0.8259 -0.4387
vn 0.4956 0.8685 -0.0000
vn 0.2998 0.9057 -0.2998
vn 0.3741 0.8485 -0.3741
vn -0.6887 -0.6887 -0.2265
vn -0.2265 -0.6887 -0.6887
vn -0.1877 -0.9641 -0.1877
vn -0.9641 -0.1877 -0.1877
vn -0.6887 -0.2265 -0.6887
vn -0.1877 -0.1877 -0.9641
vn -0.6887 0.2265 -0.6887
vn -0.6887 -0.6887 0.2265
vn -0.9641 0.1877 -0.1877
vn -0.1877 0.1877 -0.9641
vn -0.6887 0.6887 -0.2265
vn -0.2265 0.6887 -0.6887
vn -0.1877 0.9641 -0.1877
vn -0.9641 0.1877 0.1877
vn -0.1877 0.9641 0.1877
vn -0.1877 -0.9641 0.1877
vn -0.9641 -0.1877 0.1877
vn -0.6887 0.6887 0.2265
vn 0.0000 -1.0000 0.0000
vn 0.0000 1.0000 0.0000
vn -0.2265 -0.6887 0.6887
vn -0.6887 -0.2265 0.6887
vn -0.1877 -0.1877 0.9641
vn -0.6887 0.2265 0.6887
vn -0.1877 0.1877 0.9641
vn -0.2265 0.6887 0.6887
vn 0.0000 -1.0000 0.0000
vn 0.0000 1.0000 0.0000
vn 0.0000 -1.0000 0.0000
vn 0.0000 1.0000 0.0000
vn 0.0000 -1.0000 0.0000
vn 0.0000 1.0000 0.0000
vn 0.0000 -1.0000 0.0000
vn 0.0000 1.0000 0.0000
vn 0.1877 -0.9641 -0.1877
vn 0.1877 -0.1877 -0.9641
vn 0.1877 0.1877 -0.9641
vn 0.1877 0.9641 -0.1877
vn 0.0000 1.0000 0.0000
vn 0.0000 -1.0000 0.0000
vn 0.0000 1.0000 0.0000
vn 0.0000 -1.0000 0.0000
vn 0.0000 1.0000 0.0000
vn 0.1877 -0.9641 0.1877
vn 0.1877 -0.1877 0.9641
vn 0.1877 0.1877 0.9641
vn 0.1877 0.9641 0.1877
vn 0.2265 -0.6887 -0.6887
vn 0.2265 0.6887 -0.6887
vn 0.0000 -1.0000 0.0000
vn 0.0000 -1.0000 0.0000
vn 0.0000 1.0000 0.0000
vn 0.0000 -1.0000 0.0000
vn 0.0000 1.0000 0.0000
vn 0.0000 -1.0000 0.0000
vn 0.0000 1.0000 0.0000
vn 0.2265 -0.6887 0.6887
vn 0.2265 0.6887 0.6887
vn 0.0000 -1.0000 0.0000
vn 0.0000 1.0000 0.0000
vn 0.6887 -0.6887 -0.2265
vn 0.6887 -0.2265 -0.6887
vn 0.9641 -0.1877 -0.1877
vn 0.6887 0.2265 -0.6887
vn 0.6887 -0.6887 0.2265
vn 0.9641 0.1877 -0.1877
vn 0.9641 -0.1877 0.1877
vn 0.6887 0.6887 -0.2265
vn 0.9641 0.1877 0.1877
vn 0.6887 0.6887 0.2265
vn 0.6887 -0.2265 0.6887
vn 0.6887 0.2265 0.6887
vn -0.6887 -0.6887 -0.2265
vn -0.2265 -0.6887 -0.6887
vn -0.1877 -0.9641 -0.1877
vn -0.6887 -0.2265 -0.6887
vn -0.9641 -0.1877 -0.1877
vn -0.9641 0.1877 -0.1877
vn -0.1877 -0.1877 -0.9641
vn -0.6887 0.2265 -0.6887
vn -0.6887 -0.6887 0.2265
vn -0.1877 -0.9641 0.1877
vn -0.9641 -0.1877 0.1877
vn -0.9641 0.1877 0.1877
vn -0.1877 0.1877 -0.9641
vn -0.6887 0.6887 -0.2265
vn -0.2265 0.6887 -0.6887
vn -0.1877 0.9641 -0.1877
vn -0.1877 0.9641 0.1877
vn -0.6887 0.6887 0.2265
vn 0.0000 -1.0000 0.0000
vn 0.0000 1.0000 0.0000
vn -0.2265 -0.6887 0.6887
vn -0.6887 -0.2265 0.6887
vn -0.6887 0.2265 0.6887
vn -0.1877 -0.1877 0.9641
vn -0.1877 0.1877 0.9641
vn -0.2265 0.6887 0.6887
vn 0.0000 0.9369 0.3495
vn 0.0000 0.3827 0.9239
vn 0.0000 -1.0000 0.0000
vn 0.0000 -1.0000 0.0000
vn 0.0000 1.0000 0.0000
vn 0.0000 1.0000 0.0000
vn 0.1877 -0.9641 -0.1877
vn 0.1877 -0.1877 -0.9641
vn 0.0000 1.0000 0.0000
vn 0.1877 0.1877 -0.9641
vn 0.1877 0.9641 -0.1877
vn 0.0000 1.0000 0.0000
vn 0.0000 -1.0000 0.0000
vn 0.0000 -1.0000 0.0000
vn 0.0000 1.0000 0.0000
vn 0.0000 1.0000 0.0000
vn 0.0000 -1.0000 0.0000
vn 0.1877 -0.9641 0.1877
vn 0.1877 -0.1877 0.9641
vn 0.0000 0.9239 0.3827
vn -0.0000 0.3827 0.9239
vn 0.2265 0.6887 0.6887
vn 0.0000 -1.0000 0.0000
vn 0.2265 -0.6887 -0.6887
vn 0.0000 -1.0000 0.0000
vn 0.2265 0.6887 -0.6887
vn 0.0000 -1.0000 0.0000
vn 0.0000 -1.0000 0.0000
vn 0.0000 1.0000 0.0000
vn 0.0000 1.0000 0.0000
vn 0.2265 -0.6887 0.6887
vn 0.0000 -1.0000 0.0000
vn 0.0000 0.3827 0.9239
vn 0.0000 0.9239 0.3827
vn 0.1877 0.9641 0.1877
vn 0.0000 0.9369 0.3495
vn 0.1877 0.1877 0.9641
vn 0.0000 1.0000 0.0000
vn 0.0000 -1.0000 0.0000
vn 0.0000 1.0000 0.0000
vn 0.6887 -0.6887 -0.2265
vn 0.6887 -0.2265 -0.6887
vn 0.9641 -0.1877 -0.1877
vn 0.6887 0.2265 -0.6887
vn 0.6887 -0.6887 0.2265
vn 0.9641 0.1877 -0.1877
vn 0.9641 -0.1877 0.1877
vn 0.6887 0.6887 -0.2265
vn 0.9641 0.1877 0.1877
vn 0.6887 0.6887 0.2265
vn 0.6887 -0.2265 0.6887
vn 0.6887 0.2265 0.6887
vn -0.1877 -0.1877 -0.9641
vn -0.6887 0.2265 -0.6887
vn -0.1877 0.1877 -0.9641
vn -0.6887 -0.6887 -0.2265
vn -0.2265 -0.6887 -0.6887
vn -0.1877 -0.9641 -0.1877
vn -0.9641 -0.1877 -0.1877
vn -0.6887 -0.2265 -0.6887
vn -0.9641 0.1877 -0.1877
vn -0.6887 0.6887 -0.2265
vn -0.2265 0.6887 -0.6887
vn -0.1877 0.9641 -0.1877
vn -0.9641 -0.1877 0.1877
vn -0.1877 -0.9641 0.1877
vn -0.6887 -0.6887 0.2265
vn -0.9641 0.1877 0.1877
vn -0.6887 0.6887 0.2265
vn -0.1877 0.9641 0.1877
vn 0.0000 -1.0000 0.0000
vn 0.0000 1.0000 0.0000
vn -0.2265 -0.6887 0.6887
vn -0.6887 -0.2265 0.6887
vn -0.1877 -0.1877 0.9641
vn -0.6887 0.2265 0.6887
vn -0.1877 0.1877 0.9641
vn -0.2265 0.6887 0.6887
vn 0.0000 -0.9577 0.2879
vn 0.0000 -0.2083 0.9781
vn 0.0000 0.1350 0.9909
vn 0.0000 0.3827 0.9239
vn -0.0000 0.9565 0.2918
vn 0.0000 -1.0000 0.0000
vn 0.0000 -1.0000 0.0000
vn 0.1877 -0.1877 -0.9641
vn 0.1877 0.1877 -0.9641
vn 0.1877 -0.9641 -0.1877
vn 0.1877 0.9641 -0.1877
vn 0.0000 1.0000 0.0000
vn 0.0000 1.0000 0.0000
vn 0.0000 -1.0000 0.0000
vn 0.0000 1.0000 0.0000
vn 0.0000 1.0000 0.0000
vn 0.0000 1.0000 0.0000
vn 0.0000 -0.9239 0.3827
vn 0.0000 -0.3827 0.9239
vn 0.0000 0.9239 0.3827
vn 0.0000 -1.0000 0.0000
vn 0.2265 -0.6887 -0.6887
vn 0.2265 0.6887 -0.6887
vn 0.0000 -1.0000 0.0000
vn 0.0000 -1.0000 0.0000
vn 0.0000 1.0000 0.0000
vn 0.0000 1.0000 0.0000
vn 0.0000 -0.9239 0.3827
vn -0.0000 -0.9577 0.2879
vn 0.2265 -0.6887 0.6887
vn 0.0000 -0.3827 0.9239
vn 0.1877 -0.1877 0.9641
vn 0.0000 -0.2083 0.9781
vn 0.0000 0.1350 0.9909
vn 0.0000 -1.0000 0.0000
vn 0.1877 -0.9641 0.1877
vn 0.1877 0.1877 0.9641
vn 0.0000 0.3827 0.9239
vn 0.0000 0.9239 0.3827
vn 0.1877 0.9641 0.1877
vn 0.0000 0.9565 0.2918
vn 0.0000 1.0000 0.0000
vn 0.0000 -1.0000 0.0000
vn 0.6887 0.2265 -0.6887
vn 0.6887 -0.6887 -0.2265
vn 0.6887 -0.2265 -0.6887
vn 0.9641 -0.1877 -0.1877
vn 0.9641 0.1877 -0.1877
vn 0.6887 0.6887 -0.2265
vn 0.6887 -0.6887 0.2265
vn 0.9641 -0.1877 0.1877
vn 0.9641 0.1877 0.1877
vn 0.6887 0.6887 0.2265
vn 0.2265 0.6887 0.6887
vn 0.6887 -0.2265 0.6887
vn 0.6887 0.2265 0.6887
vn -0.6887 -0.6887 -0.2265
vn -0.2265 -0.6887 -0.6887
vn -0.1877 -0.9641 -0.1877
vn -0.6887 -0.2265 -0.6887
vn -0.9641 -0.1877 -0.1877
vn -0.1877 -0.1877 -0.9641
vn -0.9641 0.1877 -0.1877
vn -0.6887 0.2265 -0.6887
vn -0.1877 0.1877 -0.9641
vn -0.6887 -0.6887 0.2265
vn -0.9641 0.1877 0.1877
vn -0.6887 0.6887 -0.2265
vn -0.2265 0.6887 -0.6887
vn -0.1877 0.9641 -0.1877
vn -0.1877 0.9641 0.1877
vn 0.0000 -0.9239 -0.3827
vn 0.0000 -0.2244 -0.9745
vn 0.0000 0.1610 -0.9870
vn 0.0000 -1.0000 0.0000
vn -0.1877 -0.9641 0.1877
vn -0.0000 0.3827 -0.9239
vn 0.0000 0.9845 -0.1751
vn 0.0000 1.0000 0.0000
vn -0.9641 -0.1877 0.1877
vn -0.2265 -0.6887 0.6887
vn -0.6887 -0.2265 0.6887
vn -0.1877 -0.1877 0.9641
vn -0.6887 0.2265 0.6887
vn -0.1877 0.1877 0.9641
vn -0.6887 0.6887 0.2265
vn -0.2265 0.6887 0.6887
vn 0.0000 -0.3827 -0.9239
vn 0.0000 -0.9794 -0.2021
vn 0.0000 -1.0000 0.0000
vn 0.0000 -1.0000 0.0000
vn 0.0000 0.3827 -0.9239
vn 0.0000 0.9239 -0.3827
vn 0.1877 0.9641 -0.1877
vn 0.0000 -1.0000 0.0000
vn 0.0000 -1.0000 0.0000
vn 0.0000 -1.0000 0.0000
vn 0.1877 -0.9641 0.1877
vn 0.1877 -0.1877 0.9641
vn 0.2265 0.6887 0.6887
vn 0.1877 0.9641 0.1877
vn 0.0000 -0.9239 -0.3827
vn 0.2265 -0.6887 -0.6887
vn 0.0000 -0.9794 -0.2021
vn -0.0000 -0.3827 -0.9239
vn 0.0000 -0.2244 -0.9745
vn 0.1877 -0.1877 -0.9641
vn 0.1877 -0.9641 -0.1877
vn 0.0000 -1.0000 0.0000
vn 0.0000 0.1610 -0.9870
vn 0.1877 0.1877 -0.9641
vn 0.0000 -1.0000 0.0000
vn 0.0000 -1.0000 0.0000
vn 0.0000 1.0000 0.0000
vn 0.0000 0.3827 -0.9239
vn 0.0000 0.3827 -0.9239
vn 0.2265 0.6887 -0.6887
vn 0.0000 0.9845 -0.1751
vn 0.0000 0.9239 -0.3827
vn 0.0000 -1.0000 0.0000
vn 0.0000 -1.0000 0.0000
vn 0.2265 -0.6887 0.6887
vn 0.1877 0.1877 0.9641
vn 0.0000 -1.0000 0.0000
vn 0.0000 -1.0000 0.0000
vn 0.6887 -0.6887 -0.2265
vn 0.6887 -0.2265 -0.6887
vn 0.9641 -0.1877 -0.1877
vn 0.6887 0.2265 -0.6887
vn 0.9641 0.1877 -0.1877
vn 0.6887 -0.6887 0.2265
vn 0.9641 -0.1877 0.1877
vn 0.6887 0.6887 -0.2265
vn 0.9641 0.1877 0.1877
vn 0.6887 -0.2265 0.6887
vn 0.6887 0.2265 0.6887
vn 0.6887 0.6887 0.2265
vn -0.8685 -0.4956 -0.0000
vn -0.8685 0.0000 -0.4956
vn -0.5774 -0.5774 -0.5774
vn -0.5774 -0.5774 0.5774
vn -0.8685 -0.0000 0.4956
vn -0.4956 -0.8685 0.0000
vn -0.1480 -0.8577 -0.4924
vn -0.1278 -0.9918 -0.0000
vn -0.1480 -0.8577 0.4924
vn -0.4956 0.0000 -0.8685
vn -0.1480 -0.4924 -0.8577
vn -0.1480 -0.4924 0.8577
vn -0.4956 -0.0000 0.8685
vn -1.0000 0.0000 0.0000
vn -0.8685 0.4956 -0.0000
vn -0.5774 0.5774 -0.5774
vn -0.5774 0.5774 0.5774
vn -0.4956 0.8685 -0.0000
vn -0.1278 0.0000 -0.9918
vn -0.1480 0.4924 -0.8577
vn -0.1278 -0.0000 0.9918
vn -0.1480 0.4924 0.8577
vn -0.1480 0.8577 -0.4924
vn -0.1480 0.8577 0.4924
vn -0.1278 0.9918 0.0000
vn -0.0000 -0.6737 -0.7390
vn 0.0000 0.5206 -0.8538
vn 0.0000 0.9068 -0.4215
vn 0.1480 -0.8577 -0.4924
vn 0.1480 -0.8577 0.4924
vn 0.0000 -0.7071 -0.7071
vn 0.0000 0.2588 -0.9659
vn 0.0000 -0.0639 -0.9980
vn 0.0000 -0.2588 -0.9659
vn 0.0000 -0.2588 -0.9659
vn -0.0000 -0.2588 -0.9659
vn 0.1278 0.0000 0.9918
vn 0.1480 0.4924 0.8577
vn -0.0000 0.9659 -0.2588
vn -0.0000 0.9659 -0.2588
vn 0.0000 0.9659 -0.2588
vn 0.1480 0.8577 0.4924
vn 0.1480 -0.4924 -0.8577
vn 0.1278 0.9918 0.0000
vn 0.1278 -0.9918 -0.0000
vn 0.0000 -0.6737 -0.7390
vn -0.0000 -0.2588 -0.9659
vn 0.1480 -0.4924 0.8577
vn -0.0000 -0.2588 -0.9659
vn -0.0000 -0.2588 -0.9659
vn 0.0000 -0.0639 -0.9980
vn 0.1278 0.0000 -0.9918
vn -0.0000 0.2588 -0.9659
vn -0.0000 0.5206 -0.8538
vn 0.1480 0.4924 -0.8577
vn 0.0000 0.9068 -0.4215
vn 0.1480 0.8577 -0.4924
vn -0.0000 0.9659 -0.2588
vn 0.0000 0.9659 -0.2588
vn 0.4956 -0.8685 -0.0000
vn 0.5774 -0.5774 -0.5774
vn 0.5774 -0.5774 0.5774
vn 0.4956 -0.0000 -0.8685
vn 0.4956 0.0000 0.8685
vn 0.8685 -0.4956 0.0000
vn 0.8685 0.0000 -0.4956
vn 0.8685 -0.0000 0.4956
vn 0.5774 0.5774 -0.5774
vn 0.4956 0.8685 -0.0000
vn 0.5774 0.5774 0.5774
vn 1.0000 0.0000 0.0000
vn 0.8685 0.4956 -0.0000
vn -0.6887 -0.6887 0.2265
vn -0.1877 -0.9641 -0.1877
vn -0.1877 -0.9641 0.1877
vn -0.9641 -0.1877 -0.1877
vn -0.6887 -0.2265 -0.6887
vn -0.6887 -0.6887 -0.2265
vn -0.2265 -0.6887 -0.6887
vn -0.1877 -0.1877 -0.9641
vn -0.9641 -0.1877 0.1877
vn -0.6887 -0.2265 0.6887
vn -0.2265 -0.6887 0.6887
vn -0.1877 -0.1877 0.9641
vn -0.6887 0.2265 -0.6887
vn -0.9641 0.1877 -0.1877
vn -0.6887 0.2265 0.6887
vn -0.1877 0.1877 0.9641
vn -0.1877 0.1877 -0.9641
vn -0.9641 0.1877 0.1877
vn -0.6887 0.6887 -0.2265
vn -0.2265 0.6887 -0.6887
vn -0.1877 0.9641 -0.1877
vn -0.6887 0.6887 0.2265
vn -0.2265 0.6887 0.6887
vn -0.1877 0.9641 0.1877
vn 0.1877 -0.9641 0.1877
vn 0.2265 -0.6887 -0.6887
vn 0.1877 -0.1877 -0.9641
vn 0.1877 -0.1877 0.9641
vn 0.1877 0.1877 -0.9641
vn 0.2265 0.6887 -0.6887
vn 0.2265 0.6887 0.6887
vn 0.1877 0.9641 -0.1877
vn 0.1877 -0.9641 -0.1877
vn 0.2265 -0.6887 0.6887
vn 0.1877 0.1877 0.9641
vn 0.1877 0.9641 0.1877
vn 0.6887 -0.6887 -0.2265
vn 0.6887 -0.2265 -0.6887
vn 0.9641 -0.1877 -0.1877
vn 0.6887 -0.6887 0.2265
vn 0.9641 -0.1877 0.1877
vn 0.6887 -0.2265 0.6887
vn 0.9641 0.1877 -0.1877
vn 0.6887 0.2265 0.6887
vn 0.9641 0.1877 0.1877
vn 0.6887 0.2265 -0.6887
vn 0.6887 0.6887 -0.2265
vn 0.6887 0.6887 0.2265
vn -0.8575 -0.4953 -0.1393
vn -0.5774 -0.5774 -0.5774
vn -0.4922 -0.8603 -0.1330
vn -0.8685 0.0000 -0.4956
vn -0.9918 -0.0030 -0.1277
vn -0.8578 0.4895 -0.1566
vn -0.4956 0.0000 -0.8685
vn -0.5774 0.5774 -0.5774
vn -0.4926 0.8549 -0.1630
vn 0.0000 -0.8685 -0.4956
vn 0.0000 -0.9939 -0.1105
vn 0.0000 -0.4956 -0.8685
vn 0.4922 -0.8603 -0.1330
vn 0.5774 -0.5774 -0.5774
vn 0.0000 0.0000 -1.0000
vn 0.0000 0.4956 -0.8685
vn 0.4956 -0.0000 -0.8685
vn 0.8575 -0.4953 -0.1393
vn 0.8685 -0.0000 -0.4956
vn 0.5774 0.5774 -0.5774
vn 0.9918 -0.0030 -0.1277
vn 0.8578 0.4895 -0.1566
vn 0.0000 0.8685 -0.4956
vn -0.0000 0.9894 -0.1452
vn 0.4926 0.8549 -0.1630
vn -0.5023 -0.8642 0.0303
vn -0.8684 -0.4956 0.0174
vn -1.0000 0.0058 -0.0002
vn -0.8634 0.5042 -0.0177
vn -0.4973 0.8671 -0.0304
vn -0.0000 -0.9994 0.0351
vn 0.5023 -0.8642 0.0303
vn 0.8684 -0.4956 0.0174
vn 0.4973 0.8671 -0.0304
vn 1.0000 0.0058 -0.0002
vn 0.0000 0.9994 -0.0351
vn 0.8634 0.5042 -0.0177
vn 0.0000 0.0000 -1.0000
vn 0.0000 0.0000 -1.0000
vn 0.0000 0.0000 -1.0000
vn 0.0000 0.0000 -1.0000
vn 0.0000 0.0000 -1.0000
vn 0.0000 0.0000 -1.0000
vn 0.0000 0.0000 -1.0000
vn 0.0000 0.0000 -1.0000
vn -1.0000 0.0000 -0.0000
vn -0.8660 -0.5000 0.0000
vn -1.0000 0.0000 0.0000
vn -0.8660 0.5000 -0.0000
vn -0.5000 -0.8660 0.0000
vn -0.8660 -0.5000 0.0000
vn -0.5000 -0.8660 -0.0000
vn 0.0000 0.0000 1.0000
vn 0.0000 0.0000 1.0000
vn 0.0000 0.0000 1.0000
vn -0.8660 0.5000 0.0000
vn 0.0000 0.0000 1.0000
vn 0.0000 0.0000 1.0000
vn 0.0000 0.0000 -1.0000
vn 0.0000 0.0000 -1.0000
vn -0.5000 0.8660 0.0000
vn -0.5000 0.8660 0.0000
vn 0.0000 0.0000 -1.0000
vn 0.0000 0.0000 -1.0000
vn 0.0000 0.0000 -1.0000
vn 0.0000 0.0000 -1.0000
vn 0.0000 -1.0000 -0.0000
vn 0.5000 -0.8660 0.0000
vn 0.0000 -1.0000 0.0000
vn 0.5000 -0.8660 0.0000
vn 0.0000 0.0000 -1.0000
vn 0.0000 0.0000 -1.0000
vn 0.0000 0.0000 -1.0000
vn 0.0000 0.0000 -1.0000
vn 0.0000 0.0000 -1.0000
vn 0.0000 0.0000 -1.0000
vn 0.0000 0.0000 1.0000
vn 0.0000 0.0000 1.0000
vn 0.0000 0.0000 1.0000
vn 0.8660 -0.5000 0.0000
vn 0.0000 0.0000 1.0000
vn 0.8660 -0.5000 -0.0000
vn 0.0000 0.0000 1.0000
vn 0.0000 0.0000 1.0000
vn 0.0000 0.0000 -1.0000
vn 1.0000 0.0000 -0.0000
vn 1.0000 0.0000 0.0000
vn 0.8660 0.5000 0.0000
vn 0.0000 0.0000 1.0000
vn 0.8660 0.5000 0.0000
vn 0.0000 0.0000 -1.0000
vn 0.0000 0.0000 -1.0000
vn 0.0000 0.0000 -1.0000
vn 0.0000 1.0000 0.0000
vn 0.0000 1.0000 -0.0000
vn 0.5000 0.8660 -0.0000
vn 0.5000 0.8660 0.0000
f 1//1 2//2 3//3
f 1//1 4//4 5//5
f 1//1 5//5 2//2
f 5//5 4//4 6//6
f 5//5 7//7 2//2
f 8//8 5//5 6//6
f 8//8 7//7 5//5
f 1//1 3//3 9//9
f 9//9 3//3 10//10
f 3//3 11//11 10//10
f 10//10 12//12 13//13
f 10//10 13//13 14//14
f 10//10 11//11 12//12
f 11//11 15//15 12//12
f 11//11 16//16 17//17
f 18//18 19//19 20//20
f 21//21 18//18 20//20
f 2//2 22//22 23//23
f 2//2 7//7 22//22
f 2//2 23//23 3//3
f 3//3 23//23 11//11
f 11//11 23//23 24//24
f 22//22 25//25 23//23
f 23//23 25//25 24//24
f 11//11 24//24 16//16
f 1//1 9//9 26//26
f 4//4 27//27 6//6
f 1//1 28//28 4//4
f 9//9 10//10 29//29
f 10//10 14//14 29//29
f 29//29 30//30 31//31
f 29//29 14//14 30//30
f 18//18 32//32 19//19
f 18//18 33//33 32//32
f 1//1 34//34 28//28
f 1//1 26//26 34//34
f 9//9 29//29 26//26
f 4//4 28//28 27//27
f 29//29 31//31 32//32
f 33//33 35//35 32//32
f 26//26 29//29 34//34
f 34//34 29//29 36//36
f 28//28 37//37 27//27
f 34//34 37//37 28//28
f 37//37 38//38 27//27
f 34//34 36//36 37//37
f 37//37 36//36 39//39
f 29//29 40//40 36//36
f 29//29 32//32 40//40
f 36//36 40//40 41//41
f 40//40 32//32 35//35
f 37//37 39//39 38//38
f 36//36 41//41 39//39
f 40//40 42//42 41//41
f 40//40 35//35 42//42
f 8//8 6//6 43//43
f 8//8 43//43 7//7
f 6//6 44//44 43//43
f 7//7 43//43 45//45
f 43//43 44//44 46//46
f 43//43 46//46 45//45
f 45//45 46//46 47//47
f 48//48 47//47 49//49
f 48//48 50//50 16//16
f 47//47 51//51 49//49
f 46//46 52//52 47//47
f 47//47 53//53 51//51
f 47//47 54//54 53//53
f 21//21 20//20 55//55
f 21//21 55//55 56//56
f 7//7 45//45 22//22
f 22//22 45//45 57//57
f 22//22 57//57 25//25
f 25//25 57//57 24//24
f 45//45 47//47 57//57
f 24//24 57//57 48//48
f 48//48 57//57 47//47
f 24//24 48//48 16//16
f 6//6 27//27 44//44
f 44//44 58//58 46//46
f 46//46 58//58 52//52
f 47//47 52//52 59//59
f 60//60 61//61 62//62
f 47//47 59//59 54//54
f 59//59 62//62 54//54
f 35//35 56//56 55//55
f 33//33 56//56 35//35
f 27//27 63//63 44//44
f 44//44 63//63 58//58
f 52//52 58//58 64//64
f 52//52 64//64 59//59
f 35//35 55//55 60//60
f 60//60 62//62 59//59
f 27//27 38//38 65//65
f 27//27 65//65 63//63
f 63//63 65//65 66//66
f 38//38 39//39 65//65
f 41//41 42//42 67//67
f 35//35 67//67 42//42
f 39//39 41//41 68//68
f 39//39 68//68 65//65
f 65//65 68//68 66//66
f 41//41 67//67 68//68
f 67//67 59//59 68//68
f 67//67 60//60 59//59
f 35//35 60//60 67//67
f 63//63 66//66 58//58
f 58//58 66//66 64//64
f 68//68 59//59 66//66
f 66//66 59//59 64//64
f 69//69 70//70 71//71
f 69//69 72//72 70//70
f 69//69 73//73 72//72
f 69//69 74//74 73//73
f 73//73 75//75 72//72
f 76//76 77//77 78//78
f 79//79 78//78 77//77
f 69//69 80//80 81//81
f 76//76 81//81 80//80
f 69//69 82//82 74//74
f 79//79 83//83 84//84
f 85//85 84//84 83//83
f 85//85 86//86 84//84
f 86//86 87//87 84//84
f 87//87 88//88 89//89
f 88//88 90//90 91//91
f 90//90 92//92 91//91
f 92//92 93//93 94//94
f 76//76 95//95 96//96
f 76//76 97//97 95//95
f 76//76 98//98 97//97
f 76//76 99//99 77//77
f 76//76 96//96 99//99
f 95//95 100//100 96//96
f 95//95 97//97 101//101
f 95//95 101//101 100//100
f 97//97 102//102 101//101
f 69//69 76//76 80//80
f 69//69 98//98 76//76
f 98//98 103//103 104//104
f 69//69 71//71 98//98
f 98//98 71//71 103//103
f 98//98 104//104 105//105
f 97//97 98//98 106//106
f 98//98 105//105 106//106
f 105//105 107//107 106//106
f 106//106 107//107 108//108
f 106//106 108//108 109//109
f 108//108 110//110 109//109
f 97//97 106//106 111//111
f 97//97 111//111 102//102
f 106//106 112//112 111//111
f 106//106 109//109 112//112
f 109//109 113//113 112//112
f 76//76 78//78 81//81
f 69//69 81//81 82//82
f 74//74 82//82 114//114
f 79//79 84//84 78//78
f 87//87 89//89 84//84
f 88//88 91//91 89//89
f 92//92 94//94 91//91
f 93//93 115//115 94//94
f 81//81 114//114 82//82
f 81//81 116//116 114//114
f 81//81 78//78 117//117
f 78//78 84//84 117//117
f 84//84 89//89 117//117
f 117//117 89//89 118//118
f 81//81 117//117 119//119
f 81//81 119//119 116//116
f 117//117 118//118 119//119
f 119//119 120//120 116//116
f 119//119 121//121 120//120
f 119//119 118//118 121//121
f 89//89 94//94 118//118
f 89//89 91//91 94//94
f 118//118 94//94 122//122
f 118//118 122//122 121//121
f 94//94 123//123 122//122
f 94//94 115//115 123//123
f 73//73 124//124 75//75
f 74//74 125//125 73//73
f 73//73 125//125 124//124
f 124//124 125//125 126//126
f 126//126 125//125 127//127
f 74//74 128//128 125//125
f 125//125 128//128 129//129
f 129//129 130//130 131//131
f 131//131 130//130 132//132
f 133//133 132//132 130//130
f 133//133 130//130 134//134
f 134//134 130//130 135//135
f 136//136 137//137 138//138
f 137//137 139//139 140//140
f 135//135 130//130 141//141
f 141//141 142//142 143//143
f 144//144 143//143 145//145
f 144//144 145//145 139//139
f 110//110 146//146 109//109
f 109//109 146//146 147//147
f 146//146 148//148 147//147
f 125//125 149//149 127//127
f 127//127 149//149 150//150
f 151//151 152//152 149//149
f 125//125 129//129 131//131
f 125//125 131//131 149//149
f 150//150 149//149 152//152
f 148//148 151//151 147//147
f 151//151 149//149 147//147
f 149//149 153//153 147//147
f 109//109 154//154 113//113
f 109//109 147//147 154//154
f 147//147 155//155 154//154
f 147//147 153//153 155//155
f 155//155 153//153 156//156
f 131//131 157//157 158//158
f 149//149 131//131 153//153
f 131//131 158//158 153//153
f 131//131 132//132 157//157
f 158//158 157//157 159//159
f 156//156 153//153 160//160
f 153//153 158//158 160//160
f 158//158 159//159 160//160
f 93//93 136//136 115//115
f 74//74 114//114 128//128
f 129//129 128//128 161//161
f 129//129 161//161 130//130
f 115//115 136//136 138//138
f 137//137 140//140 138//138
f 141//141 130//130 142//142
f 143//143 142//142 145//145
f 139//139 145//145 140//140
f 114//114 116//116 161//161
f 114//114 161//161 128//128
f 116//116 120//120 162//162
f 120//120 121//121 162//162
f 116//116 162//162 161//161
f 161//161 162//162 163//163
f 162//162 164//164 163//163
f 121//121 122//122 164//164
f 122//122 123//123 138//138
f 123//123 115//115 138//138
f 121//121 164//164 162//162
f 122//122 138//138 164//164
f 164//164 138//138 145//145
f 140//140 145//145 138//138
f 161//161 163//163 130//130
f 130//130 163//163 142//142
f 163//163 145//145 142//142
f 164//164 145//145 163//163
f 165//165 166//166 167//167
f 165//165 168//168 169//169
f 169//169 168//168 170//170
f 165//165 167//167 168//168
f 168//168 171//171 172//172
f 168//168 172//172 170//170
f 168//168 167//167 173//173
f 168//168 173//173 174//174
f 168//168 175//175 171//171
f 168//168 174//174 175//175
f 175//175 174//174 176//176
f 177//177 178//178 179//179
f 178//178 180//180 179//179
f 169//169 181//181 182//182
f 177//177 165//165 169//169
f 177//177 169//169 178//178
f 169//169 183//183 178//178
f 169//169 182//182 183//183
f 165//165 184//184 166//166
f 169//169 170//170 181//181
f 165//165 185//185 184//184
f 177//177 186//186 165//165
f 178//178 183//183 180//180
f 165//165 187//187 185//185
f 177//177 179//179 186//186
f 183//183 188//188 180//180
f 165//165 186//186 187//187
f 189//189 185//185 187//187
f 189//189 187//187 190//190
f 175//175 191//191 171//171
f 175//175 192//192 191//191
f 183//183 182//182 193//193
f 183//183 193//193 194//194
f 183//183 194//194 195//195
f 183//183 195//195 196//196
f 196//196 195//195 197//197
f 183//183 196//196 198//198
f 196//196 197//197 199//199
f 196//196 200//200 198//198
f 199//199 197//197 201//201
f 196//196 199//199 200//200
f 183//183 198//198 188//188
f 198//198 202//202 188//188
f 198//198 200//200 202//202
f 203//203 204//204 205//205
f 203//203 206//206 204//204
f 205//205 207//207 208//208
f 203//203 209//209 206//206
f 210//210 211//211 209//209
f 205//205 204//204 207//207
f 212//212 208//208 207//207
f 213//213 214//214 208//208
f 212//212 215//215 208//208
f 211//211 206//206 209//209
f 210//210 216//216 217//217
f 213//213 218//218 214//214
f 219//219 220//220 218//218
f 219//219 221//221 220//220
f 210//210 217//217 211//211
f 213//213 208//208 215//215
f 213//213 215//215 222//222
f 213//213 219//219 218//218
f 223//223 224//224 225//225
f 225//225 224//224 226//226
f 223//223 227//227 224//224
f 228//228 229//229 230//230
f 228//228 231//231 229//229
f 232//232 233//233 231//231
f 232//232 231//231 228//228
f 228//228 230//230 234//234
f 225//225 226//226 235//235
f 232//232 222//222 236//236
f 223//223 237//237 227//227
f 232//232 238//238 235//235
f 232//232 236//236 238//238
f 239//239 240//240 237//237
f 241//241 235//235 242//242
f 226//226 242//242 235//235
f 213//213 222//222 232//232
f 237//237 240//240 227//227
f 232//232 235//235 241//241
f 239//239 243//243 244//244
f 239//239 244//244 240//240
f 213//213 232//232 245//245
f 232//232 246//246 247//247
f 232//232 247//247 245//245
f 213//213 245//245 219//219
f 219//219 245//245 248//248
f 245//245 247//247 249//249
f 245//245 249//249 248//248
f 232//232 241//241 233//233
f 234//234 230//230 250//250
f 232//232 228//228 246//246
f 228//228 234//234 246//246
f 234//234 250//250 251//251
f 246//246 234//234 251//251
f 251//251 250//250 252//252
f 251//251 252//252 253//253
f 253//253 252//252 254//254
f 247//247 255//255 256//256
f 247//247 256//256 249//249
f 246//246 255//255 247//247
f 246//246 251//251 255//255
f 255//255 251//251 257//257
f 251//251 253//253 257//257
f 256//256 255//255 258//258
f 255//255 257//257 258//258
f 175//175 176//176 259//259
f 260//260 261//261 262//262
f 260//260 259//259 261//261
f 175//175 259//259 260//260
f 175//175 260//260 263//263
f 264//264 262//262 265//265
f 264//264 260//260 262//262
f 260//260 266//266 263//263
f 260//260 267//267 266//266
f 264//264 268//268 260//260
f 260//260 268//268 267//267
f 264//264 265//265 269//269
f 268//268 270//270 267//267
f 264//264 269//269 271//271
f 268//268 272//272 270//270
f 264//264 273//273 268//268
f 268//268 274//274 272//272
f 273//273 275//275 268//268
f 268//268 275//275 274//274
f 264//264 276//276 273//273
f 264//264 271//271 276//276
f 271//271 277//277 276//276
f 276//276 277//277 278//278
f 279//279 280//280 281//281
f 279//279 274//274 280//280
f 273//273 276//276 282//282
f 273//273 282//282 283//283
f 274//274 283//283 280//280
f 273//273 283//283 275//275
f 275//275 283//283 274//274
f 175//175 284//284 192//192
f 175//175 263//263 284//284
f 199//199 201//201 285//285
f 199//199 286//286 200//200
f 199//199 285//285 286//286
f 200//200 286//286 279//279
f 274//274 287//287 288//288
f 274//274 288//288 272//272
f 286//286 285//285 289//289
f 286//286 289//289 274//274
f 274//274 289//289 287//287
f 286//286 274//274 279//279
f 200//200 281//281 290//290
f 200//200 279//279 281//281
f 291//291 292//292 293//293
f 219//219 294//294 221//221
f 219//219 295//295 294//294
f 219//219 296//296 295//295
f 292//292 297//297 293//293
f 298//298 299//299 300//300
f 301//301 298//298 302//302
f 303//303 304//304 291//291
f 305//305 299//299 296//296
f 306//306 300//300 299//299
f 298//298 300//300 302//302
f 292//292 291//291 304//304
f 304//304 303//303 307//307
f 219//219 305//305 296//296
f 305//305 306//306 299//299
f 305//305 308//308 306//306
f 305//305 309//309 308//308
f 303//303 301//301 307//307
f 301//301 302//302 307//307
f 310//310 311//311 312//312
f 313//313 310//310 312//312
f 314//314 315//315 316//316
f 317//317 318//318 309//309
f 317//317 315//315 318//318
f 319//319 320//320 311//311
f 312//312 311//311 320//320
f 305//305 317//317 309//309
f 321//321 315//315 322//322
f 321//321 316//316 315//315
f 320//320 319//319 323//323
f 317//317 322//322 315//315
f 219//219 248//248 324//324
f 219//219 324//324 305//305
f 248//248 249//249 324//324
f 249//249 325//325 324//324
f 305//305 324//324 317//317
f 324//324 325//325 317//317
f 325//325 326//326 317//317
f 253//253 327//327 328//328
f 328//328 327//327 329//329
f 317//317 330//330 322//322
f 331//331 332//332 333//333
f 332//332 329//329 333//333
f 328//328 329//329 332//332
f 317//317 326//326 331//331
f 331//331 326//326 332//332
f 326//326 328//328 332//332
f 314//314 316//316 334//334
f 334//334 323//323 319//319
f 334//334 316//316 323//323
f 317//317 335//335 330//330
f 317//317 336//336 335//335
f 317//317 331//331 336//336
f 331//331 337//337 336//336
f 331//331 333//333 337//337
f 249//249 256//256 325//325
f 256//256 338//338 325//325
f 253//253 328//328 257//257
f 256//256 258//258 338//338
f 258//258 257//257 338//338
f 257//257 328//328 338//338
f 325//325 338//338 326//326
f 338//338 328//328 326//326
f 339//339 340//340 341//341
f 342//342 343//343 344//344
f 342//342 344//344 339//339
f 339//339 344//344 340//340
f 344//344 345//345 340//340
f 344//344 346//346 345//345
f 344//344 343//343 346//346
f 345//345 346//346 347//347
f 343//343 348//348 346//346
f 346//346 349//349 347//347
f 346//346 348//348 349//349
f 348//348 350//350 349//349
f 339//339 341//341 351//351
f 342//342 352//352 343//343
f 342//342 339//339 351//351
f 343//343 353//353 348//348
f 348//348 353//353 350//350
f 341//341 354//354 355//355
f 350//350 356//356 357//357
f 340//340 345//345 358//358
f 345//345 347//347 220//220
f 347//347 349//349 359//359
f 349//349 350//350 360//360
f 341//341 340//340 361//361
f 341//341 362//362 363//363
f 350//350 364//364 365//365
f 341//341 363//363 354//354
f 355//355 354//354 366//366
f 350//350 357//357 364//364
f 356//356 367//367 357//357
f 341//341 368//368 362//362
f 350//350 365//365 369//369
f 350//350 369//369 360//360
f 347//347 359//359 220//220
f 340//340 370//370 361//361
f 345//345 371//371 358//358
f 345//345 220//220 221//221
f 341//341 361//361 372//372
f 341//341 372//372 368//368
f 345//345 373//373 371//371
f 345//345 221//221 373//373
f 341//341 355//355 351//351
f 342//342 351//351 352//352
f 351//351 355//355 374//374
f 352//352 375//375 376//376
f 352//352 351//351 375//375
f 351//351 374//374 375//375
f 375//375 374//374 377//377
f 375//375 377//377 378//378
f 343//343 352//352 376//376
f 343//343 376//376 353//353
f 350//350 353//353 356//356
f 375//375 378//378 376//376
f 377//377 379//379 378//378
f 376//376 378//378 353//353
f 378//378 379//379 380//380
f 378//378 380//380 353//353
f 353//353 380//380 356//356
f 355//355 366//366 381//381
f 356//356 382//382 367//367
f 355//355 381//381 383//383
f 356//356 384//384 382//382
f 355//355 385//385 374//374
f 374//374 386//386 377//377
f 377//377 386//386 379//379
f 379//379 387//387 380//380
f 380//380 388//388 356//356
f 355//355 383//383 385//385
f 356//356 388//388 384//384
f 361//361 389//389 372//372
f 371//371 373//373 390//390
f 373//373 221//221 294//294
f 372//372 391//391 368//368
f 392//392 294//294 393//393
f 394//394 395//395 396//396
f 397//397 396//396 398//398
f 372//372 399//399 391//391
f 397//397 398//398 400//400
f 372//372 401//401 399//399
f 385//385 402//402 401//401
f 397//397 400//400 403//403
f 397//397 403//403 404//404
f 389//389 405//405 372//372
f 390//390 373//373 405//405
f 373//373 294//294 392//392
f 392//392 393//393 394//394
f 394//394 396//396 397//397
f 372//372 385//385 401//401
f 397//397 404//404 388//388
f 372//372 405//405 406//406
f 405//405 407//407 406//406
f 405//405 373//373 407//407
f 406//406 407//407 408//408
f 373//373 392//392 407//407
f 407//407 409//409 408//408
f 407//407 392//392 410//410
f 407//407 410//410 409//409
f 392//392 394//394 410//410
f 394//394 411//411 410//410
f 410//410 411//411 409//409
f 394//394 397//397 411//411
f 372//372 406//406 412//412
f 406//406 408//408 412//412
f 408//408 409//409 413//413
f 397//397 388//388 411//411
f 411//411 414//414 409//409
f 374//374 385//385 415//415
f 374//374 415//415 386//386
f 379//379 386//386 387//387
f 380//380 387//387 416//416
f 380//380 416//416 388//388
f 385//385 383//383 417//417
f 388//388 418//418 384//384
f 385//385 417//417 402//402
f 388//388 404//404 418//418
f 372//372 412//412 385//385
f 408//408 413//413 412//412
f 385//385 412//412 415//415
f 415//415 412//412 419//419
f 415//415 419//419 386//386
f 412//412 413//413 419//419
f 386//386 419//419 420//420
f 419//419 413//413 414//414
f 409//409 414//414 413//413
f 411//411 421//421 414//414
f 411//411 388//388 421//421
f 386//386 420//420 387//387
f 419//419 414//414 420//420
f 387//387 420//420 416//416
f 416//416 420//420 421//421
f 420//420 414//414 421//421
f 416//416 421//421 388//388
f 422//422 423//423 424//424
f 422//422 425//425 423//423
f 422//422 426//426 425//425
f 425//425 427//427 423//423
f 426//426 428//428 425//425
f 425//425 428//428 427//427
f 422//422 429//429 426//426
f 422//422 424//424 429//429
f 424//424 430//430 429//429
f 426//426 429//429 431//431
f 426//426 431//431 432//432
f 426//426 433//433 428//428
f 427//427 428//428 434//434
f 433//433 435//435 428//428
f 428//428 436//436 434//434
f 428//428 435//435 436//436
f 435//435 437//437 436//436
f 426//426 432//432 433//433
f 433//433 432//432 435//435
f 435//435 438//438 437//437
f 435//435 432//432 439//439
f 435//435 439//439 438//438
f 423//423 440//440 424//424
f 427//427 434//434 441//441
f 434//434 436//436 441//441
f 436//436 437//437 442//442
f 437//437 438//438 443//443
f 423//423 427//427 444//444
f 424//424 445//445 430//430
f 424//424 446//446 447//447
f 424//424 447//447 448//448
f 424//424 440//440 446//446
f 423//423 449//449 440//440
f 423//423 444//444 450//450
f 427//427 441//441 444//444
f 424//424 448//448 445//445
f 437//437 443//443 442//442
f 436//436 451//451 452//452
f 436//436 442//442 451//451
f 436//436 453//453 441//441
f 438//438 454//454 443//443
f 438//438 455//455 454//454
f 430//430 445//445 456//456
f 438//438 457//457 455//455
f 430//430 456//456 458//458
f 429//429 430//430 459//459
f 429//429 459//459 460//460
f 429//429 460//460 431//431
f 460//460 459//459 461//461
f 431//431 460//460 462//462
f 460//460 461//461 462//462
f 431//431 462//462 432//432
f 461//461 463//463 462//462
f 432//432 462//462 439//439
f 462//462 463//463 464//464
f 462//462 464//464 439//439
f 439//439 464//464 438//438
f 430//430 465//465 459//459
f 459//459 466//466 461//461
f 461//461 466//466 463//463
f 463//463 467//467 464//464
f 464//464 468//468 438//438
f 438//438 468//468 457//457
f 468//468 469//469 457//457
f 470//470 471//471 472//472
f 473//473 474//474 475//475
f 470//470 476//476 471//471
f 477//477 475//475 478//478
f 470//470 479//479 476//476
f 465//465 458//458 480//480
f 465//465 480//480 479//479
f 481//481 478//478 482//482
f 483//483 484//484 485//485
f 486//486 485//485 487//487
f 486//486 488//488 469//469
f 486//486 487//487 489//489
f 486//486 489//489 488//488
f 473//473 470//470 472//472
f 473//473 475//475 477//477
f 486//486 469//469 468//468
f 470//470 465//465 479//479
f 477//477 478//478 481//481
f 481//481 482//482 483//483
f 483//483 485//485 486//486
f 473//473 490//490 470//470
f 473//473 491//491 490//490
f 473//473 477//477 491//491
f 490//490 491//491 492//492
f 477//477 493//493 491//491
f 491//491 493//493 492//492
f 470//470 490//490 494//494
f 490//490 492//492 494//494
f 492//492 495//495 496//496
f 470//470 494//494 465//465
f 492//492 496//496 494//494
f 477//477 481//481 493//493
f 481//481 483//483 493//493
f 493//493 497//497 495//495
f 492//492 493//493 495//495
f 483//483 497//497 493//493
f 483//483 486//486 497//497
f 495//495 497//497 498//498
f 486//486 468//468 497//497
f 495//495 498//498 496//496
f 497//497 468//468 499//499
f 497//497 499//499 498//498
f 430//430 458//458 465//465
f 459//459 465//465 500//500
f 459//459 500//500 466//466
f 463//463 466//466 467//467
f 464//464 467//467 501//501
f 464//464 501//501 468//468
f 465//465 494//494 500//500
f 500//500 494//494 502//502
f 500//500 502//502 466//466
f 494//494 496//496 502//502
f 466//466 502//502 467//467
f 502//502 496//496 498//498
f 502//502 503//503 467//467
f 502//502 498//498 503//503
f 467//467 503//503 501//501
f 503//503 498//498 499//499
f 501//501 503//503 499//499
f 501//501 499//499 468//468
f 504//504 505//505 506//506
f 507//507 508//508 504//504
f 504//504 508//508 505//505
f 508//508 509//509 505//505
f 507//507 510//510 511//511
f 507//507 511//511 508//508
f 508//508 511//511 509//509
f 509//509 511//511 512//512
f 504//504 506//506 513//513
f 507//507 504//504 513//513
f 507//507 514//514 510//510
f 510//510 515//515 511//511
f 511//511 516//516 512//512
f 511//511 515//515 516//516
f 515//515 517//517 516//516
f 510//510 514//514 515//515
f 515//515 518//518 517//517
f 507//507 513//513 519//519
f 506//506 520//520 513//513
f 507//507 519//519 514//514
f 515//515 514//514 521//521
f 515//515 521//521 518//518
f 506//506 505//505 522//522
f 505//505 509//509 523//523
f 509//509 512//512 524//524
f 512//512 516//516 524//524
f 516//516 517//517 525//525
f 517//517 518//518 526//526
f 506//506 522//522 527//527
f 505//505 528//528 522//522
f 505//505 523//523 529//529
f 506//506 527//527 530//530
f 509//509 524//524 523//523
f 516//516 531//531 524//524
f 517//517 532//532 525//525
f 516//516 525//525 533//533
f 517//517 526//526 532//532
f 506//506 530//530 534//534
f 518//518 535//535 526//526
f 506//506 534//534 536//536
f 518//518 537//537 535//535
f 506//506 538//538 520//520
f 518//518 539//539 537//537
f 506//506 536//536 538//538
f 513//513 520//520 540//540
f 519//519 513//513 541//541
f 513//513 540//540 541//541
f 541//541 540//540 542//542
f 519//519 541//541 514//514
f 541//541 542//542 543//543
f 541//541 543//543 514//514
f 542//542 544//544 543//543
f 514//514 543//543 521//521
f 543//543 544//544 545//545
f 543//543 545//545 521//521
f 521//521 545//545 518//518
f 520//520 538//538 540//540
f 540//540 546//546 542//542
f 542//542 546//546 544//544
f 544//544 547//547 545//545
f 545//545 548//548 518//518
f 518//518 549//549 539//539
f 518//518 548//548 549//549
f 538//538 536//536 550//550
f 549//549 551//551 539//539
f 552//552 553//553 554//554
f 555//555 556//556 557//557
f 552//552 558//558 553//553
f 559//559 557//557 560//560
f 561//561 560//560 562//562
f 563//563 564//564 565//565
f 549//549 565//565 566//566
f 549//549 566//566 551//551
f 538//538 550//550 567//567
f 538//538 567//567 558//558
f 552//552 554//554 555//555
f 555//555 557//557 559//559
f 559//559 560//560 561//561
f 552//552 538//538 558//558
f 561//561 562//562 563//563
f 563//563 565//565 549//549
f 552//552 555//555 568//568
f 555//555 569//569 568//568
f 555//555 559//559 569//569
f 568//568 569//569 570//570
f 559//559 571//571 569//569
f 569//569 571//571 570//570
f 559//559 561//561 571//571
f 570//570 571//571 572//572
f 552//552 568//568 573//573
f 568//568 570//570 573//573
f 570//570 572//572 574//574
f 561//561 563//563 571//571
f 563//563 575//575 571//571
f 571//571 575//575 572//572
f 563//563 549//549 575//575
f 575//575 576//576 572//572
f 549//549 548//548 575//575
f 552//552 573//573 538//538
f 570//570 574//574 573//573
f 572//572 576//576 574//574
f 575//575 577//577 576//576
f 575//575 548//548 577//577
f 540//540 538//538 578//578
f 540//540 578//578 546//546
f 544//544 546//546 579//579
f 544//544 579//579 547//547
f 545//545 547//547 548//548
f 538//538 573//573 578//578
f 578//578 573//573 580//580
f 578//578 580//580 546//546
f 573//573 574//574 580//580
f 546//546 580//580 579//579
f 580//580 581//581 579//579
f 580//580 576//576 581//581
f 580//580 574//574 576//576
f 579//579 581//581 547//547
f 547//547 581//581 577//577
f 581//581 576//576 577//577
f 547//547 577//577 548//548
f 582//582 583//583 584//584
f 583//583 585//585 584//584
f 586//586 584//584 585//585
f 583//583 587//587 585//585
f 587//587 588//588 589//589
f 586//586 585//585 589//589
f 585//585 587//587 589//589
f 586//586 589//589 590//590
f 583//583 591//591 587//587
f 582//582 591//591 583//583
f 587//587 592//592 588//588
f 587//587 591//591 593//593
f 582//582 594//594 591//591
f 587//587 593//593 592//592
f 590//590 589//589 595//595
f 589//589 588//588 596//596
f 589//589 596//596 595//595
f 596//596 597//597 595//595
f 588//588 598//598 596//596
f 596//596 599//599 597//597
f 588//588 592//592 598//598
f 596//596 598//598 599//599
f 582//582 584//584 600//600
f 586//586 601//601 584//584
f 586//586 590//590 602//602
f 582//582 603//603 594//594
f 590//590 595//595 602//602
f 595//595 597//597 604//604
f 597//597 599//599 604//604
f 594//594 605//605 591//591
f 591//591 605//605 606//606
f 591//591 606//606 593//593
f 606//606 605//605 607//607
f 593//593 608//608 592//592
f 593//593 606//606 608//608
f 606//606 607//607 608//608
f 608//608 607//607 609//609
f 592//592 608//608 598//598
f 608//608 609//609 610//610
f 608//608 610//610 598//598
f 598//598 610//610 599//599
f 594//594 603//603 605//605
f 605//605 611//611 607//607
f 607//607 611//611 609//609
f 610//610 609//609 612//612
f 599//599 610//610 613//613
f 584//584 601//601 614//614
f 584//584 614//614 600//600
f 586//586 602//602 601//601
f 582//582 600//600 603//603
f 595//595 615//615 602//602
f 595//595 604//604 615//615
f 599//599 613//613 604//604
f 600//600 614//614 616//616
f 614//614 617//617 616//616
f 601//601 617//617 614//614
f 616//616 617//617 618//618
f 601//601 619//619 617//617
f 617//617 619//619 618//618
f 601//601 602//602 619//619
f 618//618 619//619 620//620
f 600//600 616//616 621//621
f 616//616 618//618 621//621
f 618//618 620//620 622//622
f 600//600 621//621 603//603
f 618//618 622//622 621//621
f 620//620 623//623 622//622
f 602//602 615//615 619//619
f 619//619 624//624 620//620
f 615//615 624//624 619//619
f 615//615 604//604 624//624
f 604//604 613//613 624//624
f 620//620 624//624 623//623
f 624//624 613//613 625//625
f 624//624 625//625 623//623
f 605//605 603//603 626//626
f 605//605 626//626 611//611
f 609//609 611//611 612//612
f 610//610 612//612 627//627
f 610//610 627//627 613//613
f 603//603 621//621 626//626
f 626//626 621//621 628//628
f 626//626 628//628 611//611
f 621//621 622//622 628//628
f 628//628 612//612 611//611
f 628//628 629//629 612//612
f 628//628 623//623 629//629
f 622//622 623//623 628//628
f 627//627 612//612 629//629
f 623//623 625//625 629//629
f 627//627 629//629 625//625
f 613//613 627//627 625//625
f 630//630 631//631 632//632
f 630//630 633//633 631//631
f 634//634 632//632 635//635
f 630//630 632//632 634//634
f 630//630 636//636 633//633
f 630//630 634//634 637//637
f 630//630 637//637 636//636
f 636//636 638//638 633//633
f 639//639 640//640 641//641
f 639//639 642//642 640//640
f 632//632 641//641 643//643
f 632//632 631//631 641//641
f 631//631 633//633 644//644
f 639//639 641//641 631//631
f 639//639 631//631 644//644
f 633//633 645//645 644//644
f 641//641 646//646 643//643
f 639//639 644//644 642//642
f 644//644 645//645 642//642
f 632//632 643//643 635//635
f 643//643 647//647 635//635
f 633//633 638//638 645//645
f 643//643 648//648 647//647
f 645//645 638//638 649//649
f 641//641 650//650 646//646
f 640//640 650//650 641//641
f 645//645 651//651 642//642
f 643//643 646//646 648//648
f 646//646 652//652 648//648
f 645//645 649//649 651//651
f 653//653 654//654 655//655
f 653//653 656//656 654//654
f 657//657 655//655 658//658
f 653//653 659//659 656//656
f 655//655 654//654 658//658
f 657//657 658//658 660//660
f 657//657 660//660 661//661
f 661//661 660//660 662//662
f 659//659 663//663 664//664
f 659//659 664//664 656//656
f 663//663 665//665 666//666
f 663//663 666//666 664//664
f 667//667 668//668 669//669
f 669//669 670//670 671//671
f 669//669 668//668 670//670
f 671//671 670//670 672//672
f 671//671 672//672 673//673
f 673//673 672//672 674//674
f 675//675 676//676 677//677
f 675//675 677//677 678//678
f 678//678 677//677 679//679
f 677//677 680//680 681//681
f 677//677 681//681 679//679
f 678//678 679//679 682//682
f 679//679 681//681 683//683
f 679//679 683//683 684//684
f 679//679 684//684 685//685
f 679//679 685//685 682//682
f 682//682 685//685 686//686
f 667//667 687//687 668//668
f 675//675 688//688 676//676
f 688//688 689//689 676//676
f 667//667 690//690 687//687
f 690//690 691//691 692//692
f 690//690 692//692 687//687
f 691//691 693//693 692//692
f 691//691 694//694 693//693
f 691//691 695//695 694//694
f 691//691 696//696 697//697
f 696//696 698//698 697//697
f 698//698 699//699 697//697
f 691//691 697//697 695//695
f 688//688 700//700 689//689
f 700//700 701//701 689//689
f 701//701 695//695 689//689
f 701//701 702//702 695//695
f 694//694 695//695 703//703
f 702//702 703//703 695//695
f 677//677 676//676 680//680
f 676//676 689//689 680//680
f 689//689 704//704 680//680
f 689//689 695//695 704//704
f 695//695 697//697 705//705
f 695//695 706//706 704//704
f 695//695 705//705 706//706
f 681//681 707//707 708//708
f 681//681 708//708 683//683
f 681//681 709//709 710//710
f 681//681 710//710 707//707
f 681//681 680//680 709//709
f 680//680 704//704 709//709
f 704//704 711//711 709//709
f 710//710 709//709 712//712
f 712//712 709//709 713//713
f 704//704 706//706 711//711
f 713//713 709//709 714//714
f 709//709 711//711 714//714
f 713//713 714//714 715//715
f 634//634 635//635 716//716
f 634//634 717//717 637//637
f 637//637 717//717 636//636
f 636//636 718//718 638//638
f 634//634 716//716 717//717
f 636//636 717//717 718//718
f 717//717 716//716 719//719
f 717//717 719//719 718//718
f 635//635 647//647 720//720
f 635//635 720//720 716//716
f 638//638 718//718 721//721
f 647//647 648//648 720//720
f 638//638 721//721 649//649
f 716//716 720//720 722//722
f 718//718 723//723 721//721
f 716//716 722//722 719//719
f 718//718 719//719 723//723
f 719//719 722//722 724//724
f 719//719 724//724 723//723
f 720//720 725//725 722//722
f 722//722 726//726 724//724
f 721//721 723//723 727//727
f 648//648 652//652 725//725
f 648//648 725//725 720//720
f 649//649 721//721 728//728
f 722//722 725//725 726//726
f 721//721 727//727 728//728
f 723//723 729//729 727//727
f 723//723 724//724 729//729
f 726//726 729//729 724//724
f 661//661 662//662 730//730
f 662//662 731//731 730//730
f 730//730 731//731 732//732
f 732//732 733//733 734//734
f 732//732 731//731 733//733
f 735//735 736//736 737//737
f 735//735 734//734 736//736
f 734//734 733//733 736//736
f 665//665 738//738 739//739
f 665//665 739//739 666//666
f 735//735 737//737 738//738
f 738//738 737//737 739//739
f 673//673 674//674 740//740
f 674//674 741//741 740//740
f 740//740 741//741 742//742
f 742//742 743//743 744//744
f 742//742 741//741 743//743
f 682//682 686//686 745//745
f 686//686 746//746 745//745
f 746//746 747//747 745//745
f 746//746 748//748 747//747
f 748//748 749//749 747//747
f 747//747 749//749 750//750
f 745//745 747//747 751//751
f 751//751 747//747 752//752
f 751//751 752//752 753//753
f 747//747 750//750 752//752
f 752//752 750//750 754//754
f 744//744 743//743 755//755
f 699//699 756//756 697//697
f 697//697 756//756 757//757
f 697//697 757//757 758//758
f 697//697 758//758 759//759
f 758//758 760//760 761//761
f 758//758 761//761 762//762
f 758//758 762//762 763//763
f 758//758 763//763 764//764
f 758//758 764//764 759//759
f 760//760 755//755 761//761
f 697//697 759//759 705//705
f 705//705 759//759 706//706
f 706//706 759//759 765//765
f 764//764 766//766 759//759
f 766//766 767//767 759//759
f 767//767 768//768 759//759
f 768//768 769//769 759//759
f 770//770 771//771 769//769
f 768//768 770//770 769//769
f 759//759 769//769 765//765
f 752//752 754//754 771//771
f 769//769 771//771 754//754
f 769//769 754//754 765//765
f 744//744 755//755 760//760
f 752//752 771//771 753//753
f 770//770 753//753 771//771
f 749//749 772//772 750//750
f 772//772 773//773 750//750
f 774//774 750//750 773//773
f 774//774 775//775 750//750
f 706//706 765//765 711//711
f 715//715 775//775 776//776
f 715//715 714//714 775//775
f 714//714 711//711 775//775
f 776//776 775//775 777//777
f 777//777 775//775 774//774
f 711//711 765//765 775//775
f 750//750 775//775 754//754
f 765//765 754//754 775//775
f 778//778 779//779 780//780
f 781//781 782//782 778//778
f 778//778 782//782 779//779
f 782//782 783//783 779//779
f 781//781 784//784 782//782
f 782//782 784//784 783//783
f 778//778 780//780 785//785
f 781//781 778//778 785//785
f 781//781 786//786 784//784
f 783//783 784//784 787//787
f 786//786 788//788 784//784
f 784//784 789//789 787//787
f 784//784 788//788 789//789
f 788//788 790//790 789//789
f 781//781 791//791 786//786
f 786//786 791//791 788//788
f 788//788 792//792 790//790
f 780//780 793//793 785//785
f 781//781 785//785 794//794
f 781//781 794//794 791//791
f 788//788 791//791 795//795
f 788//788 795//795 792//792
f 780//780 796//796 793//793
f 790//790 792//792 797//797
f 785//785 793//793 798//798
f 794//794 785//785 799//799
f 785//785 798//798 799//799
f 799//799 798//798 800//800
f 794//794 799//799 801//801
f 799//799 800//800 801//801
f 794//794 801//801 791//791
f 800//800 802//802 801//801
f 791//791 801//801 795//795
f 801//801 802//802 803//803
f 801//801 803//803 795//795
f 795//795 803//803 792//792
f 780//780 804//804 796//796
f 790//790 797//797 805//805
f 780//780 806//806 804//804
f 790//790 805//805 807//807
f 793//793 796//796 808//808
f 792//792 809//809 797//797
f 780//780 810//810 806//806
f 790//790 807//807 811//811
f 780//780 779//779 812//812
f 779//779 783//783 813//813
f 783//783 787//787 814//814
f 787//787 789//789 814//814
f 789//789 790//790 815//815
f 790//790 811//811 816//816
f 780//780 812//812 810//810
f 793//793 808//808 817//817
f 792//792 818//818 809//809
f 793//793 817//817 819//819
f 792//792 820//820 818//818
f 793//793 821//821 798//798
f 798//798 822//822 800//800
f 800//800 822//822 802//802
f 802//802 823//823 803//803
f 803//803 824//824 792//792
f 793//793 819//819 821//821
f 792//792 824//824 820//820
f 790//790 816//816 815//815
f 779//779 825//825 812//812
f 779//779 813//813 825//825
f 783//783 814//814 813//813
f 789//789 826//826 814//814
f 789//789 815//815 826//826
f 810//810 812//812 827//827
f 827//827 812//812 828//828
f 816//816 829//829 815//815
f 828//828 812//812 830//830
f 829//829 831//831 815//815
f 832//832 830//830 821//821
f 833//833 824//824 831//831
f 798//798 821//821 834//834
f 798//798 834//834 822//822
f 802//802 822//822 823//823
f 803//803 823//823 835//835
f 803//803 835//835 824//824
f 819//819 836//836 821//821
f 820//820 824//824 837//837
f 832//832 821//821 836//836
f 833//833 837//837 824//824
f 830//830 812//812 821//821
f 831//831 824//824 815//815
f 812//812 825//825 838//838
f 825//825 839//839 838//838
f 825//825 813//813 839//839
f 838//838 839//839 840//840
f 813//813 841//841 839//839
f 839//839 841//841 840//840
f 812//812 838//838 842//842
f 838//838 840//840 842//842
f 840//840 843//843 844//844
f 813//813 814//814 841//841
f 840//840 841//841 843//843
f 814//814 826//826 841//841
f 826//826 845//845 841//841
f 841//841 845//845 843//843
f 826//826 815//815 845//845
f 815//815 824//824 845//845
f 845//845 846//846 843//843
f 812//812 842//842 821//821
f 840//840 844//844 842//842
f 843//843 846//846 844//844
f 845//845 847//847 846//846
f 845//845 824//824 847//847
f 821//821 842//842 834//834
f 834//834 842//842 848//848
f 834//834 848//848 822//822
f 842//842 844//844 848//848
f 822//822 848//848 823//823
f 848//848 844//844 846//846
f 848//848 849//849 823//823
f 848//848 846//846 849//849
f 823//823 849//849 835//835
f 835//835 849//849 847//847
f 849//849 846//846 847//847
f 835//835 847//847 824//824
f 850//850 851//851 852//852
f 850//850 853//853 851//851
f 854//854 855//855 853//853
f 850//850 854//854 853//853
f 853//853 856//856 851//851
f 853//853 857//857 856//856
f 850//850 858//858 854//854
f 850//850 852//852 858//858
f 852//852 859//859 858//858
f 854//854 858//858 860//860
f 854//854 860//860 861//861
f 853//853 855//855 857//857
f 856//856 857//857 862//862
f 855//855 863//863 857//857
f 857//857 864//864 862//862
f 857//857 863//863 864//864
f 863//863 865//865 864//864
f 854//854 861//861 855//855
f 855//855 861//861 863//863
f 863//863 866//866 865//865
f 863//863 861//861 867//867
f 863//863 867//867 866//866
f 852//852 868//868 859//859
f 865//865 866//866 869//869
f 858//858 859//859 870//870
f 858//858 870//870 871//871
f 858//858 871//871 860//860
f 860//860 871//871 872//872
f 871//871 870//870 873//873
f 871//871 873//873 874//874
f 860//860 872//872 861//861
f 861//861 872//872 867//867
f 872//872 875//875 867//867
f 867//867 875//875 866//866
f 871//871 874//874 872//872
f 872//872 874//874 875//875
f 875//875 876//876 866//866
f 875//875 874//874 877//877
f 852//852 878//878 868//868
f 852//852 879//879 878//878
f 866//866 880//880 869//869
f 865//865 869//869 881//881
f 851//851 882//882 852//852
f 851//851 856//856 883//883
f 865//865 881//881 884//884
f 856//856 862//862 885//885
f 862//862 864//864 885//885
f 864//864 865//865 886//886
f 865//865 884//884 887//887
f 852//852 882//882 879//879
f 859//859 868//868 888//888
f 859//859 888//888 889//889
f 866//866 890//890 880//880
f 866//866 891//891 890//890
f 859//859 889//889 892//892
f 859//859 893//893 870//870
f 870//870 894//894 873//873
f 873//873 894//894 874//874
f 866//866 876//876 891//891
f 875//875 895//895 876//876
f 874//874 896//896 877//877
f 859//859 892//892 893//893
f 874//874 897//897 896//896
f 865//865 887//887 886//886
f 879//879 882//882 898//898
f 851//851 899//899 882//882
f 851//851 883//883 899//899
f 856//856 885//885 883//883
f 898//898 882//882 900//900
f 864//864 901//901 885//885
f 864//864 886//886 901//901
f 900//900 882//882 902//902
f 902//902 893//893 903//903
f 887//887 904//904 886//886
f 904//904 905//905 886//886
f 870//870 893//893 906//906
f 870//870 906//906 894//894
f 892//892 907//907 893//893
f 896//896 897//897 908//908
f 909//909 910//910 911//911
f 874//874 894//894 912//912
f 874//874 912//912 897//897
f 911//911 910//910 913//913
f 907//907 914//914 893//893
f 903//903 893//893 914//914
f 913//913 910//910 915//915
f 905//905 915//915 910//910
f 902//902 882//882 893//893
f 905//905 910//910 886//886
f 899//899 916//916 882//882
f 899//899 917//917 916//916
f 899//899 883//883 917//917
f 916//916 917//917 918//918
f 883//883 919//919 917//917
f 917//917 919//919 918//918
f 882//882 916//916 920//920
f 916//916 918//918 920//920
f 918//918 921//921 922//922
f 882//882 920//920 893//893
f 918//918 922//922 920//920
f 883//883 885//885 919//919
f 885//885 901//901 919//919
f 919//919 923//923 921//921
f 918//918 919//919 921//921
f 901//901 923//923 919//919
f 901//901 886//886 923//923
f 921//921 923//923 924//924
f 886//886 910//910 923//923
f 921//921 924//924 922//922
f 923//923 910//910 925//925
f 923//923 925//925 924//924
f 909//909 897//897 910//910
f 893//893 920//920 906//906
f 906//906 920//920 926//926
f 920//920 922//922 926//926
f 926//926 922//922 924//924
f 906//906 926//926 894//894
f 926//926 912//912 894//894
f 926//926 924//924 927//927
f 927//927 924//924 925//925
f 897//897 927//927 925//925
f 897//897 925//925 910//910
f 926//926 927//927 912//912
f 897//897 912//912 927//927
f 928//928 929//929 930//930
f 931//931 932//932 933//933
f 934//934 935//935 931//931
f 931//931 935//935 932//932
f 928//928 932//932 935//935
f 934//934 936//936 935//935
f 928//928 935//935 929//929
f 935//935 936//936 929//929
f 936//936 937//937 929//929
f 930//930 929//929 938//938
f 929//929 937//937 938//938
f 937//937 939//939 938//938
f 934//934 931//931 940//940
f 931//931 933//933 941//941
f 934//934 940//940 936//936
f 931//931 941//941 942//942
f 931//931 942//942 940//940
f 936//936 940//940 943//943
f 936//936 944//944 937//937
f 937//937 944//944 939//939
f 936//936 943//943 944//944
f 939//939 944//944 945//945
f 933//933 946//946 941//941
f 939//939 945//945 947//947
f 942//942 941//941 948//948
f 940//940 942//942 949//949
f 942//942 948//948 949//949
f 949//949 948//948 950//950
f 940//940 951//951 943//943
f 940//940 949//949 951//951
f 949//949 950//950 952//952
f 949//949 952//952 951//951
f 943//943 951//951 944//944
f 951//951 952//952 953//953
f 944//944 951//951 953//953
f 944//944 953//953 945//945
f 941//941 954//954 948//948
f 948//948 955//955 950//950
f 950//950 956//956 952//952
f 952//952 957//957 953//953
f 953//953 958//958 945//945
f 933//933 959//959 946//946
f 933//933 960//960 959//959
f 928//928 961//961 932//932
f 928//928 930//930 962//962
f 933//933 932//932 963//963
f 930//930 938//938 962//962
f 938//938 939//939 964//964
f 939//939 947//947 965//965
f 939//939 965//965 966//966
f 933//933 963//963 960//960
f 941//941 946//946 967//967
f 945//945 968//968 969//969
f 945//945 970//970 968//968
f 941//941 967//967 954//954
f 948//948 954//954 971//971
f 948//948 972//972 955//955
f 950//950 955//955 956//956
f 945//945 969//969 947//947
f 945//945 958//958 970//970
f 952//952 956//956 957//957
f 953//953 973//973 958//958
f 939//939 966//966 964//964
f 960//960 963//963 974//974
f 928//928 962//962 961//961
f 932//932 975//975 963//963
f 932//932 961//961 975//975
f 938//938 976//976 962//962
f 938//938 964//964 976//976
f 974//974 963//963 977//977
f 977//977 963//963 978//978
f 966//966 979//979 964//964
f 979//979 980//980 964//964
f 981//981 982//982 983//983
f 984//984 985//985 986//986
f 986//986 985//985 987//987
f 982//982 988//988 989//989
f 987//987 990//990 991//991
f 992//992 993//993 994//994
f 994//994 993//993 995//995
f 978//978 989//989 996//996
f 988//988 996//996 989//989
f 995//995 993//993 980//980
f 978//978 963//963 989//989
f 980//980 993//993 964//964
f 961//961 962//962 997//997
f 963//963 975//975 998//998
f 975//975 999//999 998//998
f 961//961 999//999 975//975
f 998//998 999//999 1000//1000
f 961//961 997//997 999//999
f 999//999 997//997 1000//1000
f 1000//1000 997//997 1001//1001
f 962//962 976//976 997//997
f 976//976 1002//1002 997//997
f 997//997 1002//1002 1001//1001
f 976//976 964//964 1002//1002
f 963//963 998//998 1003//1003
f 998//998 1000//1000 1003//1003
f 1000//1000 1001//1001 1004//1004
f 963//963 1003//1003 989//989
f 1000//1000 1004//1004 1003//1003
f 1001//1001 1005//1005 1004//1004
f 1002//1002 1005//1005 1001//1001
f 964//964 993//993 1002//1002
f 1002//1002 1006//1006 1005//1005
f 1002//1002 993//993 1006//1006
f 984//984 983//983 985//985
f 982//982 989//989 983//983
f 987//987 985//985 990//990
f 991//991 990//990 1007//1007
f 992//992 1007//1007 993//993
f 989//989 1003//1003 983//983
f 983//983 1003//1003 1008//1008
f 983//983 1008//1008 985//985
f 1003//1003 1004//1004 1008//1008
f 985//985 1008//1008 990//990
f 1008//1008 1009//1009 990//990
f 1008//1008 1005//1005 1009//1009
f 1008//1008 1004//1004 1005//1005
f 990//990 1009//1009 1007//1007
f 1007//1007 1009//1009 1006//1006
f 1006//1006 1009//1009 1005//1005
f 1007//1007 1006//1006 993//993
f 1010//1010 1011//1011 1012//1012
f 1010//1010 1013//1013 1011//1011
f 1014//1014 1013//1013 1010//1010
f 1013//1013 1015//1015 1011//1011
f 1014//1014 1016//1016 1017//1017
f 1014//1014 1017//1017 1013//1013
f 1013//1013 1017//1017 1015//1015
f 1015//1015 1017//1017 1018//1018
f 1014//1014 1010//1010 1019//1019
f 1010//1010 1012//1012 1019//1019
f 1014//1014 1020//1020 1016//1016
f 1016//1016 1021//1021 1017//1017
f 1017//1017 1022//1022 1018//1018
f 1017//1017 1021//1021 1022//1022
f 1021//1021 1023//1023 1022//1022
f 1016//1016 1020//1020 1021//1021
f 1021//1021 1024//1024 1023//1023
f 1011//1011 1025//1025 1012//1012
f 1011//1011 1015//1015 1026//1026
f 1015//1015 1018//1018 1027//1027
f 1012//1012 1028//1028 1029//1029
f 1018//1018 1022//1022 1030//1030
f 1022//1022 1023//1023 1031//1031
f 1023//1023 1024//1024 1032//1032
f 1014//1014 1019//1019 1033//1033
f 1012//1012 1029//1029 1019//1019
f 1014//1014 1033//1033 1020//1020
f 1019//1019 1029//1029 1034//1034
f 1019//1019 1034//1034 1035//1035
f 1033//1033 1019//1019 1035//1035
f 1035//1035 1034//1034 1036//1036
f 1033//1033 1037//1037 1020//1020
f 1033//1033 1035//1035 1037//1037
f 1035//1035 1036//1036 1038//1038
f 1035//1035 1038//1038 1037//1037
f 1021//1021 1020//1020 1039//1039
f 1021//1021 1039//1039 1024//1024
f 1020//1020 1037//1037 1039//1039
f 1037//1037 1038//1038 1040//1040
f 1037//1037 1040//1040 1039//1039
f 1039//1039 1040//1040 1024//1024
f 1011//1011 1026//1026 1041//1041
f 1012//1012 1025//1025 1042//1042
f 1012//1012 1042//1042 1028//1028
f 1015//1015 1027//1027 1026//1026
f 1029//1029 1028//1028 1043//1043
f 1029//1029 1043//1043 1044//1044
f 1018//1018 1030//1030 1027//1027
f 1022//1022 1045//1045 1030//1030
f 1022//1022 1031//1031 1046//1046
f 1023//1023 1032//1032 1031//1031
f 1024//1024 90//90 1032//1032
f 1024//1024 92//92 90//90
f 1024//1024 93//93 92//92
f 1024//1024 1047//1047 93//93
f 1029//1029 1044//1044 1048//1048
f 1029//1029 1048//1048 1049//1049
f 1029//1029 1049//1049 1050//1050
f 1029//1029 1051//1051 1034//1034
f 1034//1034 1052//1052 1036//1036
f 1036//1036 1052//1052 1038//1038
f 1038//1038 1053//1053 1040//1040
f 1040//1040 1054//1054 1024//1024
f 1029//1029 1050//1050 1051//1051
f 1055//1055 1056//1056 1057//1057
f 1058//1058 1059//1059 1060//1060
f 1057//1057 1061//1061 1062//1062
f 1059//1059 1063//1063 1064//1064
f 1062//1062 1061//1061 1065//1065
f 1066//1066 1065//1065 1061//1061
f 93//93 1047//1047 136//136
f 136//136 1047//1047 137//137
f 137//137 1047//1047 1067//1067
f 1063//1063 1068//1068 1064//1064
f 1068//1068 1069//1069 1070//1070
f 1071//1071 1047//1047 1072//1072
f 1071//1071 1067//1067 1047//1047
f 1050//1050 1073//1073 1051//1051
f 1073//1073 1074//1074 1051//1051
f 1034//1034 1051//1051 1075//1075
f 1034//1034 1075//1075 1052//1052
f 1038//1038 1052//1052 1076//1076
f 1074//1074 1077//1077 1051//1051
f 1077//1077 1078//1078 1051//1051
f 1078//1078 1066//1066 1051//1051
f 1024//1024 1054//1054 1047//1047
f 1038//1038 1076//1076 1053//1053
f 1040//1040 1053//1053 1054//1054
f 1057//1057 1056//1056 1061//1061
f 1058//1058 1060//1060 1056//1056
f 1059//1059 1064//1064 1060//1060
f 1066//1066 1061//1061 1051//1051
f 1068//1068 1070//1070 1064//1064
f 1072//1072 1047//1047 1070//1070
f 1056//1056 1079//1079 1061//1061
f 1056//1056 1080//1080 1079//1079
f 1056//1056 1060//1060 1080//1080
f 1079//1079 1080//1080 1081//1081
f 1060//1060 1082//1082 1080//1080
f 1080//1080 1082//1082 1081//1081
f 1060//1060 1064//1064 1082//1082
f 1081//1081 1082//1082 1083//1083
f 1061//1061 1079//1079 1084//1084
f 1079//1079 1081//1081 1084//1084
f 1081//1081 1083//1083 1085//1085
f 1064//1064 1070//1070 1082//1082
f 1082//1082 1086//1086 1083//1083
f 1070//1070 1086//1086 1082//1082
f 1070//1070 1047//1047 1086//1086
f 1047//1047 1054//1054 1086//1086
f 1086//1086 1087//1087 1083//1083
f 1061//1061 1084//1084 1051//1051
f 1081//1081 1085//1085 1084//1084
f 1083//1083 1087//1087 1085//1085
f 1051//1051 1084//1084 1075//1075
f 1075//1075 1084//1084 1088//1088
f 1075//1075 1088//1088 1052//1052
f 1084//1084 1085//1085 1088//1088
f 1052//1052 1088//1088 1089//1089
f 1088//1088 1085//1085 1089//1089
f 1052//1052 1089//1089 1076//1076
f 1085//1085 1087//1087 1089//1089
f 1086//1086 1054//1054 1090//1090
f 1086//1086 1090//1090 1087//1087
f 1076//1076 1089//1089 1053//1053
f 1089//1089 1087//1087 1090//1090
f 1053//1053 1089//1089 1090//1090
f 1053//1053 1090//1090 1054//1054
f 1091//1091 1092//1092 1093//1093
f 1091//1091 1094//1094 1095//1095
f 1096//1096 1091//1091 1093//1093
f 1096//1096 1094//1094 1091//1091
f 1096//1096 1097//1097 1098//1098
f 1096//1096 1098//1098 1099//1099
f 1096//1096 1093//1093 1097//1097
f 1096//1096 1099//1099 1094//1094
f 1093//1093 1100//1100 1101//1101
f 1093//1093 1101//1101 1097//1097
f 1094//1094 1102//1102 1103//1103
f 1094//1094 1099//1099 1102//1102
f 1091//1091 1104//1104 1092//1092
f 1091//1091 1095//1095 1104//1104
f 1092//1092 1104//1104 1105//1105
f 1104//1104 1095//1095 1105//1105
f 1093//1093 1092//1092 1100//1100
f 1092//1092 1106//1106 1100//1100
f 1094//1094 1103//1103 1095//1095
f 1095//1095 1103//1103 1107//1107
f 1092//1092 1105//1105 1106//1106
f 1095//1095 1107//1107 1105//1105
f 1105//1105 1108//1108 1106//1106
f 1105//1105 1107//1107 1108//1108
f 1101//1101 1100//1100 1109//1109
f 1100//1100 1110//1110 1109//1109
f 1102//1102 1111//1111 1103//1103
f 1103//1103 1111//1111 1112//1112
f 1100//1100 1106//1106 1110//1110
f 1106//1106 1108//1108 1113//1113
f 1108//1108 1107//1107 1114//1114
f 1106//1106 1113//1113 1110//1110
f 1103//1103 1112//1112 1107//1107
f 1107//1107 1112//1112 1114//1114
f 1108//1108 1115//1115 1113//1113
f 1108//1108 1114//1114 1115//1115
f 1097//1097 1101//1101 1116//1116
f 1101//1101 1109//1109 1116//1116
f 1109//1109 1110//1110 1117//1117
f 1110//1110 1113//1113 1117//1117
f 1113//1113 1115//1115 1118//1118
f 1097//1097 1119//1119 1098//1098
f 1098//1098 1120//1120 1099//1099
f 1097//1097 1116//1116 1121//1121
f 1099//1099 1120//1120 1102//1102
f 1109//1109 1122//1122 1123//1123
f 1109//1109 1124//1124 1125//1125
f 1109//1109 1126//1126 1124//1124
f 1109//1109 1123//1123 1126//1126
f 1109//1109 1117//1117 1122//1122
f 1113//1113 1118//1118 1117//1117
f 1109//1109 1125//1125 1116//1116
f 1102//1102 1127//1127 1111//1111
f 1111//1111 1128//1128 1112//1112
f 1112//1112 1128//1128 1114//1114
f 1115//1115 1129//1129 1118//1118
f 1115//1115 1130//1130 1129//1129
f 1115//1115 1131//1131 1130//1130
f 1114//1114 1132//1132 1115//1115
f 1097//1097 1121//1121 1133//1133
f 1115//1115 1134//1134 1131//1131
f 1098//1098 1119//1119 1135//1135
f 1098//1098 1135//1135 1120//1120
f 1097//1097 1133//1133 1119//1119
f 1133//1133 1121//1121 1136//1136
f 1133//1133 1136//1136 1137//1137
f 1102//1102 1120//1120 1138//1138
f 1102//1102 1138//1138 1127//1127
f 1133//1133 1137//1137 1139//1139
f 1133//1133 1139//1139 1140//1140
f 1111//1111 1127//1127 1128//1128
f 1114//1114 1128//1128 1132//1132
f 1133//1133 1140//1140 1141//1141
f 1142//1142 1141//1141 1143//1143
f 1142//1142 1143//1143 1144//1144
f 1145//1145 1144//1144 1146//1146
f 1147//1147 1146//1146 1148//1148
f 1115//1115 1132//1132 1134//1134
f 1147//1147 1149//1149 1131//1131
f 1147//1147 1148//1148 1149//1149
f 1133//1133 1141//1141 1142//1142
f 1142//1142 1144//1144 1145//1145
f 1145//1145 1146//1146 1147//1147
f 1147//1147 1131//1131 1134//1134
f 1119//1119 1150//1150 1135//1135
f 1135//1135 1150//1150 1120//1120
f 1119//1119 1133//1133 1151//1151
f 1119//1119 1151//1151 1150//1150
f 1120//1120 1150//1150 1152//1152
f 1133//1133 1153//1153 1151//1151
f 1120//1120 1152//1152 1138//1138
f 1138//1138 1152//1152 1154//1154
f 1150//1150 1151//1151 1155//1155
f 1150//1150 1155//1155 1152//1152
f 1151//1151 1156//1156 1155//1155
f 1155//1155 1157//1157 1152//1152
f 1133//1133 1142//1142 1153//1153
f 1142//1142 1145//1145 1153//1153
f 1138//1138 1154//1154 1127//1127
f 1127//1127 1154//1154 1128//1128
f 1145//1145 1147//1147 1158//1158
f 1145//1145 1158//1158 1153//1153
f 1147//1147 1159//1159 1158//1158
f 1132//1132 1160//1160 1159//1159
f 1128//1128 1160//1160 1132//1132
f 1128//1128 1154//1154 1160//1160
f 1151//1151 1153//1153 1156//1156
f 1153//1153 1158//1158 1156//1156
f 1155//1155 1156//1156 1161//1161
f 1155//1155 1161//1161 1157//1157
f 1156//1156 1162//1162 1161//1161
f 1161//1161 1162//1162 1157//1157
f 1152//1152 1157//1157 1154//1154
f 1154//1154 1157//1157 1160//1160
f 1158//1158 1159//1159 1162//1162
f 1159//1159 1160//1160 1162//1162
f 1156//1156 1158//1158 1162//1162
f 1157//1157 1162//1162 1160//1160
f 1147//1147 1134//1134 1159//1159
f 1132//1132 1159//1159 1134//1134
f 1163//1163 1164//1164 1165//1165
f 1166//1166 1167//1167 1168//1168
f 1168//1168 1167//1167 1169//1169
f 1168//1168 1169//1169 1164//1164
f 1167//1167 1170//1170 1169//1169
f 1166//1166 1168//1168 1163//1163
f 1166//1166 1163//1163 1171//1171
f 1168//1168 1164//1164 1163//1163
f 1171//1171 1163//1163 1172//1172
f 1163//1163 1173//1173 1172//1172
f 1163//1163 1165//1165 1173//1173
f 1172//1172 1173//1173 1174//1174
f 1166//1166 1175//1175 1167//1167
f 1167//1167 1175//1175 1170//1170
f 1166//1166 1171//1171 1176//1176
f 1171//1171 1172//1172 1177//1177
f 1172//1172 1174//1174 1178//1178
f 1166//1166 1176//1176 1175//1175
f 1170//1170 1175//1175 1179//1179
f 1171//1171 1180//1180 1176//1176
f 1171//1171 1177//1177 1180//1180
f 1172//1172 1178//1178 1177//1177
f 1176//1176 1181//1181 1175//1175
f 1175//1175 1182//1182 1179//1179
f 1175//1175 1181//1181 1182//1182
f 1181//1181 1183//1183 1182//1182
f 1176//1176 1180//1180 1181//1181
f 1181//1181 1180//1180 1184//1184
f 1180//1180 1177//1177 1184//1184
f 1177//1177 1178//1178 1185//1185
f 1177//1177 1185//1185 1184//1184
f 1181//1181 1186//1186 1183//1183
f 1181//1181 1184//1184 1186//1186
f 1184//1184 1185//1185 1186//1186
f 1164//1164 1187//1187 1165//1165
f 1165//1165 1187//1187 1173//1173
f 1164//1164 1169//1169 1188//1188
f 1169//1169 1170//1170 1189//1189
f 1173//1173 1190//1190 1174//1174
f 1170//1170 1179//1179 1189//1189
f 1174//1174 1190//1190 1178//1178
f 1179//1179 1182//1182 1191//1191
f 1182//1182 1183//1183 1192//1192
f 1178//1178 1193//1193 1185//1185
f 1183//1183 1186//1186 1194//1194
f 1185//1185 1193//1193 1186//1186
f 1164//1164 1188//1188 1195//1195
f 1164//1164 1195//1195 1187//1187
f 1169//1169 1189//1189 1188//1188
f 1173//1173 1187//1187 1196//1196
f 1173//1173 1196//1196 1190//1190
f 1179//1179 1191//1191 1189//1189
f 1178//1178 1190//1190 1197//1197
f 1182//1182 1192//1192 1191//1191
f 1183//1183 1194//1194 1192//1192
f 1178//1178 1197//1197 1193//1193
f 1186//1186 1198//1198 1194//1194
f 1186//1186 1193//1193 1198//1198
f 1195//1195 1199//1199 1187//1187
f 1195//1195 1188//1188 1199//1199
f 1188//1188 1200//1200 1199//1199
f 1188//1188 1189//1189 1200//1200
f 1199//1199 1200//1200 1201//1201
f 1187//1187 1199//1199 1202//1202
f 1199//1199 1201//1201 1202//1202
f 1201//1201 1203//1203 1202//1202
f 1187//1187 1202//1202 1196//1196
f 1196//1196 1202//1202 1204//1204
f 1196//1196 1204//1204 1190//1190
f 1202//1202 1203//1203 1204//1204
f 1189//1189 1191//1191 1200//1200
f 1200//1200 1205//1205 1201//1201
f 1190//1190 1204//1204 1206//1206
f 1204//1204 1203//1203 1207//1207
f 1201//1201 1205//1205 1203//1203
f 1200//1200 1191//1191 1208//1208
f 1200//1200 1208//1208 1205//1205
f 1190//1190 1206//1206 1197//1197
f 1204//1204 1207//1207 1206//1206
f 1203//1203 1205//1205 1207//1207
f 1191//1191 1192//1192 1208//1208
f 1192//1192 1209//1209 1208//1208
f 1208//1208 1209//1209 1205//1205
f 1192//1192 1194//1194 1209//1209
f 1209//1209 1207//1207 1205//1205
f 1209//1209 1210//1210 1207//1207
f 1197//1197 1206//1206 1193//1193
f 1193//1193 1206//1206 1210//1210
f 1206//1206 1207//1207 1210//1210
f 1194//1194 1198//1198 1209//1209
f 1198//1198 1210//1210 1209//1209
f 1193//1193 1210//1210 1198//1198
f 1211//1211 1212//1212 1213//1213
f 1211//1211 1214//1214 1212//1212
f 1211//1211 1215//1215 1214//1214
f 1214//1214 1215//1215 1216//1216
f 1212//1212 1214//1214 1217//1217
f 1214//1214 1216//1216 1218//1218
f 1214//1214 1218//1218 1217//1217
f 1216//1216 1219//1219 1218//1218
f 1213//1213 1212//1212 1220//1220
f 1213//1213 1220//1220 1221//1221
f 1212//1212 1222//1222 1220//1220
f 1212//1212 1217//1217 1222//1222
f 1220//1220 1223//1223 1221//1221
f 1220//1220 1222//1222 1224//1224
f 1217//1217 1225//1225 1222//1222
f 1217//1217 1226//1226 1225//1225
f 1217//1217 1218//1218 1226//1226
f 1222//1222 1225//1225 1227//1227
f 1225//1225 1226//1226 1227//1227
f 1220//1220 1224//1224 1223//1223
f 1223//1223 1224//1224 1228//1228
f 1222//1222 1227//1227 1224//1224
f 1224//1224 1229//1229 1228//1228
f 1224//1224 1227//1227 1229//1229
f 1226//1226 1230//1230 1227//1227
f 1227//1227 1230//1230 1229//1229
f 1228//1228 1229//1229 1231//1231
f 1229//1229 1232//1232 1231//1231
f 1229//1229 1230//1230 1232//1232
f 1218//1218 1219//1219 1233//1233
f 1218//1218 1233//1233 1226//1226
f 1219//1219 1234//1234 1233//1233
f 1226//1226 1233//1233 1230//1230
f 1233//1233 1234//1234 1235//1235
f 1233//1233 1235//1235 1230//1230
f 1232//1232 1230//1230 1235//1235
f 1211//1211 1213//1213 1236//1236
f 1211//1211 1237//1237 1215//1215
f 1215//1215 1238//1238 1216//1216
f 1216//1216 1239//1239 1219//1219
f 1211//1211 1236//1236 1237//1237
f 1215//1215 1237//1237 1238//1238
f 1216//1216 1238//1238 1239//1239
f 1219//1219 1239//1239 1240//1240
f 1213//1213 1221//1221 1241//1241
f 1221//1221 1223//1223 1242//1242
f 1223//1223 1228//1228 1243//1243
f 1228//1228 1231//1231 1243//1243
f 1219//1219 1240//1240 1234//1234
f 1232//1232 1235//1235 1244//1244
f 1231//1231 1232//1232 1245//1245
f 1234//1234 1244//1244 1235//1235
f 1213//1213 1241//1241 1236//1236
f 1221//1221 1242//1242 1241//1241
f 1223//1223 1243//1243 1242//1242
f 1234//1234 1240//1240 1246//1246
f 1234//1234 1246//1246 1244//1244
f 1231//1231 1245//1245 1243//1243
f 1232//1232 1247//1247 1245//1245
f 1232//1232 1244//1244 1247//1247
f 1248//1248 1249//1249 1250//1250
f 1249//1249 1251//1251 1250//1250
f 1252//1252 1249//1249 1248//1248
f 1253//1253 1254//1254 1249//1249
f 1249//1249 1254//1254 1251//1251
f 1251//1251 1254//1254 1255//1255
f 1256//1256 1257//1257 1258//1258
f 1256//1256 1258//1258 1259//1259
f 1260//1260 1261//1261 1257//1257
f 1257//1257 1261//1261 1258//1258
f 1260//1260 1262//1262 1261//1261
f 1263//1263 1264//1264 1265//1265
f 1256//1256 1259//1259 1266//1266
f 1267//1267 1265//1265 1268//1268
f 1265//1265 1264//1264 1268//1268
f 1255//1255 1254//1254 1269//1269
f 1255//1255 1269//1269 1270//1270
f 1266//1266 1271//1271 1272//1272
f 1266//1266 1259//1259 1271//1271
f 1252//1252 1248//1248 1273//1273
f 1248//1248 1274//1274 1273//1273
f 1273//1273 1274//1274 1275//1275
f 1273//1273 1275//1275 1276//1276
f 1260//1260 1277//1277 1262//1262
f 1277//1277 1278//1278 1279//1279
f 1262//1262 1277//1277 1279//1279
f 1278//1278 1280//1280 1279//1279
f 1275//1275 1281//1281 1276//1276
f 1276//1276 1281//1281 1282//1282
f 1281//1281 1283//1283 1282//1282
f 1284//1284 1285//1285 1286//1286
f 1283//1283 1284//1284 1286//1286
f 1263//1263 1287//1287 1288//1288
f 1263//1263 1288//1288 1264//1264
f 1287//1287 1289//1289 1288//1288
f 1278//1278 1290//1290 1280//1280
f 1287//1287 1291//1291 1289//1289
f 1280//1280 1290//1290 1292//1292
f 1291//1291 1293//1293 1294//1294
f 1291//1291 1294//1294 1289//1289
f 1283//1283 1286//1286 1282//1282
f 1282//1282 1286//1286 1295//1295
f 1290//1290 1296//1296 1292//1292
f 1296//1296 1297//1297 1292//1292
f 1296//1296 1298//1298 1297//1297
f 1293//1293 1299//1299 1294//1294
f 1297//1297 1298//1298 1300//1300
f 1270//1270 1301//1301 1302//1302
f 1270//1270 1269//1269 1301//1301
f 1302//1302 1301//1301 1303//1303
f 1302//1302 1303//1303 1285//1285
f 1285//1285 1303//1303 1286//1286
f 1272//1272 1304//1304 1305//1305
f 1272//1272 1271//1271 1304//1304
f 1305//1305 1304//1304 1306//1306
f 1305//1305 1306//1306 1307//1307
f 1307//1307 1300//1300 1298//1298
f 1307//1307 1306//1306 1300//1300
