v -0.02815 -0.35375 -0.37500
v -0.01876 -0.35626 -0.35624
v -0.02815 -0.33750 -0.35875
v -0.03250 -0.33750 -0.37500
v -0.02815 -0.32125 -0.37500
v -0.01876 -0.31874 -0.35624
v -0.01876 -0.35626 -0.39376
v 0.00000 -0.36565 -0.39125
v -0.01625 -0.36565 -0.37500
v 0.00000 -0.36565 -0.35875
v 0.00000 -0.35375 -0.34685
v -0.01625 -0.33750 -0.34685
v 0.00000 -0.37000 -0.37500
v 0.00000 -0.32125 -0.34685
v 0.00000 -0.33750 -0.34250
v -0.02172 -0.30668 -0.37500
v -0.02246 -0.30580 -0.37754
v -0.02786 -0.29187 -0.40373
v -0.01876 -0.30589 -0.36908
v 0.00000 -0.30840 -0.35970
v -0.01876 -0.30589 -0.36908
v -0.01876 -0.25658 -0.41839
v 0.00000 -0.24720 -0.42090
v -0.00424 -0.21033 -0.45933
v 0.00000 -0.21143 -0.45668
v 0.00000 0.22125 -0.97815
v -0.01876 0.21874 -0.96876
v -0.03250 0.23750 -0.95000
v -0.02815 0.25375 -0.95000
v -0.02786 -0.29123 -0.40437
v -0.02246 -0.26504 -0.41830
v -0.02172 -0.26250 -0.41918
v -0.01876 -0.25658 -0.41839
v -0.01876 0.25626 -0.93124
v 0.00000 -0.20768 -0.46043
v -0.02815 0.23750 -0.96625
v 0.00000 0.26565 -0.93375
v -0.01876 0.25626 -0.96876
v -0.01625 0.23750 -0.97815
v 0.00000 0.23750 -0.98250
v -0.01625 0.26565 -0.95000
v 0.00000 0.25375 -0.97815
v 0.00000 0.26565 -0.96625
v 0.00000 0.27000 -0.95000
v 0.01625 -0.36565 -0.37500
v 0.01876 -0.35626 -0.35624
v 0.01876 -0.35626 -0.39376
v 0.02815 -0.35375 -0.37500
v 0.01625 -0.33750 -0.34685
v 0.02815 -0.33750 -0.35875
v 0.02172 -0.30668 -0.37500
v 0.01876 -0.31874 -0.35624
v 0.03250 -0.33750 -0.37500
v 0.01876 -0.30589 -0.36908
v 0.01876 -0.30589 -0.36908
v 0.02246 -0.30580 -0.37754
v 0.02786 -0.29187 -0.40373
v 0.01876 -0.25658 -0.41839
v 0.00424 -0.21033 -0.45933
v 0.02815 0.22125 -0.95000
v 0.02815 0.25375 -0.95000
v 0.02786 -0.29123 -0.40437
v 0.01876 -0.25658 -0.41839
v 0.02172 -0.26250 -0.41918
v 0.01876 0.25626 -0.93124
v 0.02246 -0.26504 -0.41830
v 0.01876 0.21874 -0.96876
v 0.03250 0.23750 -0.95000
v 0.01625 0.23750 -0.97815
v 0.02815 0.23750 -0.96625
v 0.01876 0.25626 -0.96876
v 0.01625 0.26565 -0.95000
v -0.02815 0.09625 -0.07500
v -0.01876 0.09374 -0.05624
v -0.02815 0.11250 -0.05875
v -0.01625 0.08435 -0.07500
v 0.00000 0.08435 -0.05875
v 0.00000 0.08435 -0.09125
v 0.00000 0.08000 -0.07500
v 0.00000 0.09625 -0.04685
v -0.01625 0.11250 -0.04685
v -0.03250 0.11250 -0.07500
v -0.03250 0.38750 -0.92500
v -0.01625 0.35935 -0.92500
v -0.02815 0.12875 -0.07500
v -0.01876 0.13126 -0.05624
v -0.01625 0.14065 -0.07500
v 0.00000 0.14065 -0.05875
v 0.00000 0.12875 -0.04685
v 0.00000 0.11250 -0.04250
v -0.02815 0.37125 -0.92500
v -0.02815 0.40375 -0.92500
v 0.00000 0.35935 -0.94125
v -0.01876 0.36874 -0.94376
v 0.00000 0.37125 -0.95315
v -0.02815 0.38750 -0.94125
v -0.01876 0.40626 -0.94376
v -0.01625 0.38750 -0.95315
v 0.00000 0.38750 -0.95750
v 0.00000 0.40375 -0.95315
v -0.01625 0.41565 -0.92500
v 0.00000 0.41565 -0.94125
v 0.00000 0.42000 -0.92500
v 0.00000 0.41565 -0.90875
v 0.01625 0.08435 -0.07500
v 0.01876 0.09374 -0.05624
v 0.02815 0.09625 -0.07500
v 0.02815 0.11250 -0.05875
v 0.01625 0.11250 -0.04685
v 0.01625 0.35935 -0.92500
v 0.02815 0.37125 -0.92500
v 0.03250 0.11250 -0.07500
v 0.01876 0.13126 -0.05624
v 0.01625 0.14065 -0.07500
v 0.02815 0.12875 -0.07500
v 0.03250 0.38750 -0.92500
v 0.02815 0.40375 -0.92500
v 0.01876 0.36874 -0.94376
v 0.01625 0.38750 -0.95315
v 0.02815 0.38750 -0.94125
v 0.01625 0.41565 -0.92500
v 0.01876 0.40626 -0.94376
v -0.05000 -0.26250 -0.37500
v -0.04330 -0.26250 -0.35000
v -0.05000 -0.21150 -0.35970
v -0.04330 -0.21150 -0.38470
v -0.02246 -0.30580 -0.37754
v -0.02887 -0.29137 -0.40387
v -0.02786 -0.29187 -0.40373
v -0.04330 -0.28750 -0.37500
v -0.02500 -0.30580 -0.37500
v -0.02904 -0.29132 -0.34648
v -0.02763 -0.29199 -0.34630
v -0.02883 -0.29151 -0.34642
v -0.04330 -0.26250 -0.40000
v -0.02786 -0.29123 -0.40437
v -0.02246 -0.26504 -0.41830
v -0.02500 -0.26250 -0.41830
v -0.03118 -0.28750 -0.34750
v -0.03186 -0.28539 -0.34693
v -0.03275 -0.27625 -0.34449
v -0.02753 -0.26801 -0.33625
v -0.02172 -0.30668 -0.37500
v -0.01876 -0.30589 -0.36908
v 0.00000 -0.30580 -0.35000
v 0.00000 -0.30840 -0.35970
v -0.00420 -0.29875 -0.34449
v 0.00000 -0.29952 -0.34372
v -0.02500 -0.21150 -0.40300
v -0.02500 -0.26250 -0.33170
v -0.04330 -0.21150 -0.33470
v -0.02566 -0.26746 -0.33418
v -0.02071 -0.26679 -0.33170
v -0.02500 -0.21150 -0.31640
v -0.02172 -0.26250 -0.41918
v -0.01876 -0.25658 -0.41839
v 0.00000 -0.23750 -0.41830
v 0.00000 -0.24720 -0.42090
v 0.00000 -0.21150 -0.41050
v -0.00017 -0.26500 -0.32500
v 0.00000 -0.21150 -0.30890
v 0.00000 -0.26501 -0.32495
v -0.05000 -0.19350 -0.35430
v -0.04330 -0.19350 -0.32930
v -0.05000 -0.12400 -0.33345
v -0.04330 -0.12400 -0.35845
v -0.04330 -0.19350 -0.37930
v -0.02500 -0.12400 -0.37675
v -0.02500 -0.19350 -0.39760
v 0.00000 -0.12400 -0.38425
v 0.00000 -0.19350 -0.40510
v -0.04330 -0.12400 -0.30845
v -0.02500 -0.19350 -0.31100
v 0.00000 -0.19350 -0.30350
v -0.02500 -0.12400 -0.29015
v 0.00000 -0.12400 -0.28265
v -0.05000 -0.03650 -0.30720
v -0.05000 -0.10600 -0.32805
v -0.04330 -0.10600 -0.30305
v -0.04330 -0.03650 -0.33220
v -0.05000 -0.01250 -0.30000
v -0.05000 -0.01850 -0.30180
v -0.04330 -0.01850 -0.27680
v -0.04330 -0.01250 -0.32500
v -0.04330 -0.10600 -0.35305
v -0.02500 -0.03650 -0.35050
v -0.02500 -0.10600 -0.37135
v 0.00000 -0.03650 -0.35800
v 0.00000 -0.10600 -0.37885
v -0.04330 -0.03650 -0.28220
v -0.02500 -0.10600 -0.28475
v -0.02960 -0.03650 -0.26850
v -0.02712 -0.03533 -0.26567
v -0.02680 -0.03250 -0.26450
v 0.00000 -0.03750 -0.25670
v -0.01250 -0.10600 -0.28100
v -0.00190 -0.10717 -0.27817
v 0.00000 -0.10797 -0.27784
v -0.02500 -0.01250 -0.25670
v -0.02500 -0.01250 -0.34330
v -0.04330 -0.01850 -0.32680
v -0.02500 -0.01850 -0.34510
v -0.02887 0.01637 -0.32887
v 0.00000 0.01250 -0.34330
v 0.00000 -0.01850 -0.35260
v -0.04330 -0.01250 -0.27500
v -0.03500 -0.01850 -0.26850
v -0.04330 0.01250 -0.30000
v -0.03182 -0.01967 -0.26567
v -0.02980 -0.02250 -0.26450
v -0.02887 0.01637 -0.27113
v 0.00000 -0.01250 -0.25000
v 0.00000 0.01250 -0.25670
v 0.00000 0.03080 -0.32500
v -0.02500 0.03080 -0.30000
v 0.00000 0.03080 -0.27500
v 0.00000 0.03750 -0.30000
v 0.01876 -0.30589 -0.36908
v 0.00420 -0.29875 -0.34449
v 0.02763 -0.29199 -0.34630
v 0.02500 -0.30580 -0.37500
v 0.02172 -0.30668 -0.37500
v 0.02246 -0.30580 -0.37754
v 0.02786 -0.29187 -0.40373
v 0.02887 -0.29137 -0.40387
v 0.04330 -0.28750 -0.37500
v 0.02904 -0.29132 -0.34648
v 0.02883 -0.29151 -0.34642
v 0.02786 -0.29123 -0.40437
v 0.02246 -0.26504 -0.41830
v 0.02500 -0.26250 -0.41830
v 0.04330 -0.26250 -0.40000
v 0.03118 -0.28750 -0.34750
v 0.04330 -0.26250 -0.35000
v 0.02753 -0.26801 -0.33625
v 0.03275 -0.27625 -0.34449
v 0.03186 -0.28539 -0.34693
v 0.05000 -0.26250 -0.37500
v 0.01876 -0.25658 -0.41839
v 0.02172 -0.26250 -0.41918
v 0.02500 -0.21150 -0.40300
v 0.02500 -0.26250 -0.33170
v 0.02071 -0.26679 -0.33170
v 0.02566 -0.26746 -0.33418
v 0.02500 -0.21150 -0.31640
v 0.04330 -0.21150 -0.38470
v 0.05000 -0.21150 -0.35970
v 0.04330 -0.21150 -0.33470
v 0.00017 -0.26500 -0.32500
v 0.02500 -0.12400 -0.37675
v 0.02500 -0.19350 -0.39760
v 0.04330 -0.12400 -0.35845
v 0.04330 -0.19350 -0.37930
v 0.04330 -0.19350 -0.32930
v 0.05000 -0.19350 -0.35430
v 0.04330 -0.12400 -0.30845
v 0.02500 -0.19350 -0.31100
v 0.02500 -0.12400 -0.29015
v 0.05000 -0.12400 -0.33345
v 0.02500 -0.03650 -0.35050
v 0.02500 -0.10600 -0.37135
v 0.04330 -0.03650 -0.33220
v 0.04330 -0.10600 -0.35305
v 0.05000 -0.03650 -0.30720
v 0.00190 -0.10717 -0.27817
v 0.01250 -0.10600 -0.28100
v 0.02500 -0.10600 -0.28475
v 0.04330 -0.10600 -0.30305
v 0.05000 -0.10600 -0.32805
v 0.04330 -0.03650 -0.28220
v 0.02960 -0.03650 -0.26850
v 0.02712 -0.03533 -0.26567
v 0.02680 -0.03250 -0.26450
v 0.02500 -0.01250 -0.34330
v 0.02500 -0.01850 -0.34510
v 0.04330 -0.01850 -0.32680
v 0.02887 0.01637 -0.32887
v 0.04330 -0.01250 -0.32500
v 0.02500 -0.01250 -0.25670
v 0.02980 -0.02250 -0.26450
v 0.03182 -0.01967 -0.26567
v 0.03500 -0.01850 -0.26850
v 0.04330 -0.01250 -0.27500
v 0.02887 0.01637 -0.27113
v 0.04330 -0.01850 -0.27680
v 0.05000 -0.01250 -0.30000
v 0.04330 0.01250 -0.30000
v 0.05000 -0.01850 -0.30180
v 0.02500 0.03080 -0.30000
v -0.15650 -0.21033 -0.45933
v -0.15650 -0.21150 -0.45650
v -0.15933 -0.21033 -0.45650
v -0.16050 -0.20750 -0.45650
v -0.15933 -0.20750 -0.45933
v -0.15650 -0.20750 -0.46050
v -0.16050 -0.19750 -0.45650
v -0.15933 -0.19750 -0.45933
v -0.15650 -0.19750 -0.46050
v -0.15933 -0.19467 -0.45650
v -0.15650 -0.19467 -0.45933
v -0.15650 -0.19350 -0.45650
v -0.00424 -0.21033 -0.45933
v 0.00000 -0.20768 -0.46043
v 0.00000 -0.21143 -0.45668
v -0.00424 -0.21033 -0.45933
v 0.15650 -0.19750 -0.46050
v 0.15650 -0.19467 -0.45933
v 0.15650 -0.21150 -0.45650
v 0.15650 -0.20750 -0.46050
v -0.15933 -0.21033 -0.29350
v -0.16050 -0.20750 -0.29350
v -0.15933 -0.19467 -0.29350
v -0.15650 -0.21150 -0.29350
v -0.16050 -0.19750 -0.29350
v -0.15650 -0.19350 -0.29350
v -0.15650 -0.21033 -0.29067
v -0.15933 -0.20750 -0.29067
v -0.15650 -0.20750 -0.28950
v -0.15933 -0.19750 -0.29067
v -0.15650 -0.19750 -0.28950
v -0.15650 -0.19467 -0.29067
v -0.05000 -0.21150 -0.35970
v -0.05000 -0.19350 -0.35430
v -0.04330 -0.21150 -0.38470
v -0.04330 -0.19350 -0.37930
v -0.02500 -0.21150 -0.40300
v -0.02500 -0.19350 -0.39760
v -0.04330 -0.21150 -0.33470
v -0.04330 -0.19350 -0.32930
v 0.00000 -0.21150 -0.41050
v -0.02500 -0.21150 -0.31640
v -0.02500 -0.19350 -0.31100
v 0.00000 -0.21150 -0.30890
v 0.00000 -0.19350 -0.30350
v 0.15650 -0.21150 -0.29350
v 0.15650 -0.20750 -0.28950
v 0.15650 -0.19350 -0.29350
v 0.15650 -0.19750 -0.28950
v 0.15650 -0.19350 -0.45650
v 0.00424 -0.21033 -0.45933
v 0.00424 -0.21033 -0.45933
v 0.15650 -0.21033 -0.45933
v 0.15933 -0.21033 -0.45650
v 0.15933 -0.20750 -0.45933
v 0.16050 -0.20750 -0.45650
v 0.15933 -0.19750 -0.45933
v 0.16050 -0.19750 -0.45650
v 0.15933 -0.19467 -0.45650
v 0.00000 -0.19350 -0.40510
v 0.02500 -0.21150 -0.40300
v 0.02500 -0.19350 -0.39760
v 0.04330 -0.21150 -0.38470
v 0.04330 -0.19350 -0.37930
v 0.05000 -0.21150 -0.35970
v 0.04330 -0.21150 -0.33470
v 0.05000 -0.19350 -0.35430
v 0.04330 -0.19350 -0.32930
v 0.15650 -0.21033 -0.29067
v 0.15650 -0.19467 -0.29067
v 0.02500 -0.21150 -0.31640
v 0.02500 -0.19350 -0.31100
v 0.15933 -0.21033 -0.29350
v 0.16050 -0.20750 -0.29350
v 0.16050 -0.19750 -0.29350
v 0.15933 -0.19467 -0.29350
v 0.15933 -0.20750 -0.29067
v 0.15933 -0.19750 -0.29067
v -0.15650 -0.12400 -0.44400
v -0.15933 -0.12283 -0.44400
v -0.15650 -0.12283 -0.44683
v -0.15933 -0.12000 -0.44683
v -0.16050 -0.12000 -0.44400
v -0.16050 -0.11000 -0.44400
v -0.15650 -0.12000 -0.44800
v -0.15933 -0.11000 -0.44683
v -0.15650 -0.11000 -0.44800
v -0.15933 -0.10717 -0.44400
v -0.15650 -0.10717 -0.44683
v -0.15933 -0.12283 -0.28100
v -0.15650 -0.12400 -0.28100
v -0.16050 -0.11000 -0.28100
v -0.16050 -0.12000 -0.28100
v -0.15933 -0.10717 -0.28100
v -0.15650 -0.12283 -0.27817
v -0.15933 -0.12000 -0.27817
v -0.15650 -0.12000 -0.27700
v -0.15933 -0.11000 -0.27817
v -0.15650 -0.11000 -0.27700
v -0.15650 -0.10717 -0.27817
v -0.04330 -0.12400 -0.35845
v -0.15650 -0.10600 -0.44400
v -0.15650 -0.10600 -0.28100
v -0.05000 -0.10600 -0.32805
v -0.01250 -0.10600 -0.28100
v -0.02500 -0.12400 -0.37675
v 0.15650 -0.12400 -0.44400
v 0.15650 -0.12000 -0.44800
v 0.15650 -0.11000 -0.44800
v -0.05000 -0.12400 -0.33345
v -0.04330 -0.12400 -0.30845
v -0.02500 -0.12400 -0.29015
v 0.00000 -0.12400 -0.28265
v 0.15650 -0.12400 -0.28100
v 0.15650 -0.12000 -0.27700
v 0.15650 -0.11000 -0.27700
v 0.00000 -0.10797 -0.27784
v -0.04330 -0.10600 -0.35305
v -0.02500 -0.10600 -0.37135
v 0.00000 -0.10600 -0.37885
v 0.15650 -0.10600 -0.44400
v -0.04330 -0.10600 -0.30305
v -0.02500 -0.10600 -0.28475
v -0.00190 -0.10717 -0.27817
v -0.00190 -0.10717 -0.27817
v 0.00000 -0.12400 -0.38425
v 0.15650 -0.12283 -0.44683
v 0.02500 -0.12400 -0.37675
v 0.04330 -0.12400 -0.35845
v 0.05000 -0.12400 -0.33345
v 0.15650 -0.12283 -0.27817
v 0.00190 -0.10717 -0.27817
v 0.02500 -0.12400 -0.29015
v 0.04330 -0.12400 -0.30845
v 0.15650 -0.10717 -0.44683
v 0.02500 -0.10600 -0.37135
v 0.04330 -0.10600 -0.35305
v 0.05000 -0.10600 -0.32805
v 0.15650 -0.10717 -0.27817
v 0.01250 -0.10600 -0.28100
v 0.00190 -0.10717 -0.27817
v 0.15650 -0.10600 -0.28100
v 0.02500 -0.10600 -0.28475
v 0.04330 -0.10600 -0.30305
v 0.15933 -0.12283 -0.44400
v 0.15933 -0.12000 -0.44683
v 0.16050 -0.12000 -0.44400
v 0.15933 -0.11000 -0.44683
v 0.15933 -0.10717 -0.44400
v 0.16050 -0.11000 -0.44400
v 0.15933 -0.12283 -0.28100
v 0.16050 -0.12000 -0.28100
v 0.16050 -0.11000 -0.28100
v 0.15933 -0.12000 -0.27817
v 0.15933 -0.11000 -0.27817
v 0.15933 -0.10717 -0.28100
v -0.15650 -0.03533 -0.43433
v -0.15650 -0.03650 -0.43150
v -0.15933 -0.03533 -0.43150
v -0.15933 -0.03250 -0.43433
v -0.16050 -0.03250 -0.43150
v -0.16050 -0.02250 -0.43150
v -0.15650 -0.03250 -0.43550
v -0.15933 -0.02250 -0.43433
v -0.15933 -0.03533 -0.26850
v -0.15650 -0.02250 -0.43550
v -0.15933 -0.01967 -0.43150
v -0.15650 -0.01967 -0.43433
v -0.15650 -0.01850 -0.43150
v -0.16050 -0.02250 -0.26850
v -0.15650 -0.01850 -0.26850
v -0.15650 -0.03650 -0.26850
v -0.16050 -0.03250 -0.26850
v -0.15650 -0.03533 -0.26567
v -0.15933 -0.03250 -0.26567
v -0.15650 -0.03250 -0.26450
v -0.15933 -0.02250 -0.26567
v -0.15933 -0.01967 -0.26850
v -0.15650 -0.02250 -0.26450
v -0.15650 -0.01967 -0.26567
v -0.05000 -0.03650 -0.30720
v -0.04330 -0.01850 -0.32680
v -0.02960 -0.03650 -0.26850
v -0.02712 -0.03533 -0.26567
v -0.02680 -0.03250 -0.26450
v -0.02980 -0.02250 -0.26450
v -0.03500 -0.01850 -0.26850
v -0.04330 -0.03650 -0.33220
v -0.02500 -0.03650 -0.35050
v -0.02500 -0.01850 -0.34510
v 0.15650 -0.03650 -0.43150
v 0.15650 -0.03250 -0.43550
v 0.00000 -0.03650 -0.35800
v 0.15650 -0.02250 -0.43550
v 0.15650 -0.01850 -0.43150
v 0.00000 -0.01850 -0.35260
v -0.04330 -0.03650 -0.28220
v -0.02712 -0.03533 -0.26567
v -0.05000 -0.01850 -0.30180
v -0.04330 -0.01850 -0.27680
v -0.03182 -0.01967 -0.26567
v -0.03182 -0.01967 -0.26567
v 0.15650 -0.03533 -0.43433
v 0.02500 -0.03650 -0.35050
v 0.15650 -0.01967 -0.43433
v 0.02500 -0.01850 -0.34510
v 0.04330 -0.03650 -0.33220
v 0.05000 -0.03650 -0.30720
v 0.04330 -0.01850 -0.32680
v 0.05000 -0.01850 -0.30180
v 0.15650 -0.03650 -0.26850
v 0.02712 -0.03533 -0.26567
v 0.02960 -0.03650 -0.26850
v 0.15650 -0.03250 -0.26450
v 0.02680 -0.03250 -0.26450
v 0.02712 -0.03533 -0.26567
v 0.02980 -0.02250 -0.26450
v 0.04330 -0.03650 -0.28220
v 0.15650 -0.02250 -0.26450
v 0.03182 -0.01967 -0.26567
v 0.15650 -0.01967 -0.26567
v 0.03500 -0.01850 -0.26850
v 0.03182 -0.01967 -0.26567
v 0.15650 -0.01850 -0.26850
v 0.04330 -0.01850 -0.27680
v 0.15650 -0.03533 -0.26567
v 0.15933 -0.03533 -0.43150
v 0.15933 -0.03250 -0.43433
v 0.16050 -0.03250 -0.43150
v 0.15933 -0.02250 -0.43433
v 0.15933 -0.03533 -0.26850
v 0.16050 -0.02250 -0.43150
v 0.16050 -0.03250 -0.26850
v 0.15933 -0.01967 -0.43150
v 0.16050 -0.02250 -0.26850
v 0.15933 -0.03250 -0.26567
v 0.15933 -0.01967 -0.26850
v 0.15933 -0.02250 -0.26567
v -0.15933 0.05217 -0.41900
v -0.15650 0.05217 -0.42183
v -0.15650 0.05100 -0.41900
v -0.15933 0.05500 -0.42183
v -0.16050 0.05500 -0.41900
v -0.15650 0.05500 -0.42300
v -0.16050 0.06500 -0.41900
v -0.15933 0.06500 -0.42183
v -0.15650 0.06500 -0.42300
v -0.15933 0.06783 -0.41900
v -0.15650 0.06783 -0.42183
v -0.15650 0.06900 -0.41900
v -0.15933 0.05217 -0.25600
v -0.16050 0.06500 -0.25600
v -0.15933 0.06783 -0.25600
v -0.15650 0.06900 -0.25600
v -0.16050 0.05500 -0.25600
v -0.15650 0.05100 -0.25600
v -0.15650 0.05217 -0.25317
v -0.15933 0.05500 -0.25317
v -0.15650 0.05500 -0.25200
v -0.15933 0.06500 -0.25317
v -0.15650 0.06500 -0.25200
v -0.15650 0.06783 -0.25317
v 0.15650 0.05100 -0.41900
v 0.15650 0.05500 -0.42300
v 0.15650 0.06500 -0.42300
v 0.15650 0.06900 -0.41900
v 0.15650 0.05100 -0.25600
v 0.15650 0.05500 -0.25200
v 0.15650 0.06500 -0.25200
v 0.15650 0.06900 -0.25600
v 0.15650 0.05217 -0.42183
v 0.15650 0.06783 -0.42183
v 0.15650 0.05217 -0.25317
v 0.15650 0.06783 -0.25317
v 0.15933 0.05217 -0.41900
v 0.15933 0.05500 -0.42183
v 0.16050 0.05500 -0.41900
v 0.15933 0.06500 -0.42183
v 0.16050 0.06500 -0.41900
v 0.15933 0.06783 -0.41900
v 0.15933 0.05217 -0.25600
v 0.16050 0.05500 -0.25600
v 0.16050 0.06500 -0.25600
v 0.15933 0.06783 -0.25600
v 0.15933 0.05500 -0.25317
v 0.15933 0.06500 -0.25317
v -0.05000 -0.26250 -0.10000
v -0.05000 -0.21150 -0.08470
v -0.04330 -0.26250 -0.12500
v -0.04330 -0.21150 -0.05970
v -0.04330 -0.28750 -0.10000
v -0.02887 -0.29137 -0.12887
v -0.02500 -0.30580 -0.10000
v -0.02887 -0.29137 -0.07113
v -0.02500 -0.26250 -0.14330
v -0.04330 -0.26250 -0.07500
v -0.02500 -0.26250 -0.05670
v 0.00000 -0.28750 -0.14330
v 0.00000 -0.30580 -0.12500
v 0.00000 -0.30580 -0.07500
v 0.00000 -0.31250 -0.10000
v 0.00000 -0.28750 -0.05670
v 0.00000 -0.26250 -0.15000
v -0.02500 -0.21150 -0.12800
v -0.04330 -0.21150 -0.10970
v 0.00000 -0.23750 -0.14330
v 0.00000 -0.21150 -0.13550
v -0.02500 -0.21150 -0.04140
v 0.00000 -0.21150 -0.03390
v -0.05000 -0.19350 -0.07930
v -0.05000 -0.12400 -0.05845
v -0.04330 -0.19350 -0.10430
v -0.04330 -0.12400 -0.03345
v -0.04330 -0.12400 -0.08345
v -0.02500 -0.19350 -0.12260
v -0.02500 -0.12400 -0.10175
v 0.00000 -0.19350 -0.13010
v -0.04330 -0.19350 -0.05430
v -0.02500 -0.19350 -0.03600
v -0.02500 -0.12400 -0.01515
v 0.00000 -0.19350 -0.02850
v 0.00000 -0.12400 -0.00765
v 0.00000 -0.12400 -0.10925
v -0.04330 -0.10600 -0.07805
v -0.05000 -0.10600 -0.05305
v -0.05000 -0.03650 -0.03220
v -0.04330 -0.03650 -0.00720
v -0.05000 -0.01850 -0.02680
v -0.05000 -0.01250 -0.02500
v -0.04330 -0.01850 -0.05180
v -0.04330 -0.01250 0.00000
v -0.04330 -0.03650 -0.05720
v -0.02500 -0.10600 -0.09635
v -0.02500 -0.03650 -0.07550
v 0.00000 -0.10600 -0.10385
v 0.00000 -0.03650 -0.08300
v -0.04330 -0.10600 -0.02805
v -0.02500 -0.10600 -0.00975
v -0.02960 -0.03650 0.00650
v -0.02712 -0.03533 0.00933
v -0.02680 -0.03250 0.01050
v -0.01250 -0.10600 -0.00600
v 0.00000 -0.03750 0.01830
v -0.00190 -0.10717 -0.00317
v 0.00000 -0.10797 -0.00284
v -0.04330 -0.01250 -0.05000
v -0.02500 -0.01250 -0.06830
v -0.02500 -0.01850 -0.07010
v 0.00000 -0.01850 -0.07760
v 0.00000 0.01250 -0.06830
v -0.02500 -0.01250 0.01830
v -0.04330 -0.01850 -0.00180
v -0.03500 -0.01850 0.00650
v -0.04330 0.01250 -0.02500
v -0.02887 0.01637 -0.05387
v -0.03182 -0.01967 0.00933
v -0.02980 -0.02250 0.01050
v -0.02887 0.01637 0.00387
v 0.00000 -0.01250 0.02500
v 0.00000 0.01250 0.01830
v -0.02500 0.03080 -0.02500
v 0.00000 0.03080 -0.05000
v 0.00000 0.03080 0.00000
v 0.00000 0.03750 -0.02500
v 0.02887 -0.29137 -0.12887
v 0.02500 -0.30580 -0.10000
v 0.02887 -0.29137 -0.07113
v 0.02500 -0.26250 -0.14330
v 0.02500 -0.26250 -0.05670
v 0.04330 -0.28750 -0.10000
v 0.04330 -0.26250 -0.12500
v 0.04330 -0.26250 -0.07500
v 0.05000 -0.26250 -0.10000
v 0.02500 -0.21150 -0.12800
v 0.04330 -0.21150 -0.10970
v 0.04330 -0.21150 -0.05970
v 0.05000 -0.21150 -0.08470
v 0.02500 -0.21150 -0.04140
v 0.02500 -0.19350 -0.12260
v 0.02500 -0.12400 -0.10175
v 0.04330 -0.19350 -0.10430
v 0.04330 -0.12400 -0.08345
v 0.05000 -0.19350 -0.07930
v 0.02500 -0.19350 -0.03600
v 0.02500 -0.12400 -0.01515
v 0.04330 -0.19350 -0.05430
v 0.04330 -0.12400 -0.03345
v 0.05000 -0.12400 -0.05845
v 0.02500 -0.10600 -0.09635
v 0.02500 -0.03650 -0.07550
v 0.04330 -0.10600 -0.07805
v 0.04330 -0.03650 -0.05720
v 0.05000 -0.10600 -0.05305
v 0.00190 -0.10717 -0.00317
v 0.01250 -0.10600 -0.00600
v 0.02500 -0.10600 -0.00975
v 0.04330 -0.10600 -0.02805
v 0.04330 -0.03650 -0.00720
v 0.02960 -0.03650 0.00650
v 0.02712 -0.03533 0.00933
v 0.02680 -0.03250 0.01050
v 0.05000 -0.03650 -0.03220
v 0.02500 -0.01850 -0.07010
v 0.02500 -0.01250 -0.06830
v 0.04330 -0.01850 -0.05180
v 0.02500 -0.01250 0.01830
v 0.02887 0.01637 -0.05387
v 0.04330 -0.01250 -0.05000
v 0.05000 -0.01850 -0.02680
v 0.03500 -0.01850 0.00650
v 0.04330 -0.01850 -0.00180
v 0.04330 -0.01250 0.00000
v 0.04330 0.01250 -0.02500
v 0.05000 -0.01250 -0.02500
v 0.02980 -0.02250 0.01050
v 0.03182 -0.01967 0.00933
v 0.02887 0.01637 0.00387
v 0.02500 0.03080 -0.02500
v -0.15933 -0.21033 -0.18150
v -0.15650 -0.21033 -0.18433
v -0.15650 -0.21150 -0.18150
v -0.15933 -0.20750 -0.18433
v -0.15650 -0.20750 -0.18550
v -0.16050 -0.20750 -0.18150
v -0.16050 -0.19750 -0.18150
v -0.15933 -0.19750 -0.18433
v -0.15650 -0.19750 -0.18550
v -0.15933 -0.21033 -0.01850
v -0.16050 -0.19750 -0.01850
v -0.15650 -0.19467 -0.18433
v -0.15933 -0.19467 -0.18150
v -0.15650 -0.19350 -0.18150
v -0.15650 -0.19350 -0.01850
v -0.16050 -0.20750 -0.01850
v -0.15650 -0.21150 -0.01850
v -0.15933 -0.19467 -0.01850
v -0.15650 -0.21033 -0.01567
v -0.15933 -0.20750 -0.01567
v -0.15650 -0.20750 -0.01450
v -0.15933 -0.19750 -0.01567
v -0.15650 -0.19750 -0.01450
v -0.15650 -0.19467 -0.01567
v -0.05000 -0.21150 -0.08470
v -0.05000 -0.19350 -0.07930
v -0.02500 -0.21150 -0.12800
v -0.04330 -0.21150 -0.10970
v -0.04330 -0.19350 -0.10430
v -0.02500 -0.19350 -0.12260
v 0.00000 -0.21150 -0.13550
v 0.00000 -0.19350 -0.13010
v 0.15650 -0.21150 -0.18150
v 0.15650 -0.20750 -0.18550
v 0.15650 -0.19750 -0.18550
v 0.15650 -0.19350 -0.18150
v -0.04330 -0.21150 -0.05970
v -0.04330 -0.19350 -0.05430
v -0.02500 -0.21150 -0.04140
v -0.02500 -0.19350 -0.03600
v 0.00000 -0.21150 -0.03390
v 0.00000 -0.19350 -0.02850
v 0.15650 -0.21150 -0.01850
v 0.15650 -0.20750 -0.01450
v 0.15650 -0.19750 -0.01450
v 0.15650 -0.19350 -0.01850
v 0.02500 -0.19350 -0.12260
v 0.15650 -0.21033 -0.18433
v 0.15650 -0.19467 -0.18433
v 0.02500 -0.21150 -0.12800
v 0.04330 -0.21150 -0.10970
v 0.04330 -0.19350 -0.10430
v 0.05000 -0.21150 -0.08470
v 0.05000 -0.19350 -0.07930
v 0.15650 -0.21033 -0.01567
v 0.15650 -0.19467 -0.01567
v 0.02500 -0.21150 -0.04140
v 0.02500 -0.19350 -0.03600
v 0.04330 -0.21150 -0.05970
v 0.04330 -0.19350 -0.05430
v 0.15933 -0.21033 -0.18150
v 0.15933 -0.20750 -0.18433
v 0.16050 -0.20750 -0.18150
v 0.15933 -0.19750 -0.18433
v 0.16050 -0.19750 -0.18150
v 0.15933 -0.21033 -0.01850
v 0.16050 -0.20750 -0.01850
v 0.15933 -0.19467 -0.18150
v 0.16050 -0.19750 -0.01850
v 0.15933 -0.19467 -0.01850
v 0.15933 -0.20750 -0.01567
v 0.15933 -0.19750 -0.01567
v -0.15933 -0.12283 -0.16900
v -0.15650 -0.12283 -0.17183
v -0.15650 -0.12400 -0.16900
v -0.15933 -0.12000 -0.17183
v -0.16050 -0.12000 -0.16900
v -0.16050 -0.11000 -0.16900
v -0.15650 -0.12000 -0.17300
v -0.15933 -0.11000 -0.17183
v -0.15650 -0.11000 -0.17300
v -0.15933 -0.10717 -0.16900
v -0.15650 -0.10717 -0.17183
v -0.15933 -0.12283 -0.00600
v -0.16050 -0.11000 -0.00600
v -0.15650 -0.12400 -0.00600
v -0.15650 -0.12283 -0.00317
v -0.15933 -0.12000 -0.00317
v -0.16050 -0.12000 -0.00600
v -0.15650 -0.12000 -0.00200
v -0.15933 -0.11000 -0.00317
v -0.15650 -0.11000 -0.00200
v -0.15933 -0.10717 -0.00600
v -0.15650 -0.10717 -0.00317
v -0.05000 -0.12400 -0.05845
v -0.15650 -0.10600 -0.16900
v -0.15650 -0.10600 -0.00600
v -0.04330 -0.10600 -0.07805
v -0.01250 -0.10600 -0.00600
v -0.00190 -0.10717 -0.00317
v -0.04330 -0.12400 -0.08345
v -0.02500 -0.12400 -0.10175
v 0.15650 -0.12400 -0.16900
v 0.15650 -0.12000 -0.17300
v 0.15650 -0.11000 -0.17300
v -0.04330 -0.12400 -0.03345
v -0.02500 -0.12400 -0.01515
v 0.00000 -0.12400 -0.00765
v 0.15650 -0.12400 -0.00600
v 0.00000 -0.10797 -0.00284
v 0.15650 -0.12000 -0.00200
v 0.15650 -0.10717 -0.00317
v -0.02500 -0.10600 -0.09635
v 0.15650 -0.10600 -0.16900
v 0.00000 -0.10600 -0.10385
v -0.05000 -0.10600 -0.05305
v -0.04330 -0.10600 -0.02805
v -0.02500 -0.10600 -0.00975
v -0.00190 -0.10717 -0.00317
v 0.02500 -0.10600 -0.09635
v 0.00000 -0.12400 -0.10925
v 0.15650 -0.12283 -0.17183
v 0.02500 -0.12400 -0.10175
v 0.04330 -0.12400 -0.08345
v 0.15650 -0.12283 -0.00317
v 0.15650 -0.11000 -0.00200
v 0.02500 -0.12400 -0.01515
v 0.04330 -0.12400 -0.03345
v 0.05000 -0.12400 -0.05845
v 0.15650 -0.10717 -0.17183
v 0.04330 -0.10600 -0.07805
v 0.05000 -0.10600 -0.05305
v 0.00190 -0.10717 -0.00317
v 0.00190 -0.10717 -0.00317
v 0.15650 -0.10600 -0.00600
v 0.01250 -0.10600 -0.00600
v 0.02500 -0.10600 -0.00975
v 0.04330 -0.10600 -0.02805
v 0.15933 -0.12283 -0.16900
v 0.15933 -0.12000 -0.17183
v 0.16050 -0.12000 -0.16900
v 0.15933 -0.11000 -0.17183
v 0.15933 -0.10717 -0.16900
v 0.16050 -0.11000 -0.16900
v 0.15933 -0.12283 -0.00600
v 0.16050 -0.12000 -0.00600
v 0.16050 -0.11000 -0.00600
v 0.15933 -0.12000 -0.00317
v 0.15933 -0.11000 -0.00317
v 0.15933 -0.10717 -0.00600
v -0.15933 -0.03533 -0.15650
v -0.15650 -0.03533 -0.15933
v -0.15650 -0.03650 -0.15650
v -0.16050 -0.03250 -0.15650
v -0.16050 -0.02250 -0.15650
v -0.15933 -0.03250 -0.15933
v -0.15650 -0.03250 -0.16050
v -0.15933 -0.02250 -0.15933
v -0.15650 -0.03650 0.00650
v -0.16050 -0.03250 0.00650
v -0.15650 -0.02250 -0.16050
v -0.15933 -0.01967 -0.15650
v -0.15650 -0.01967 -0.15933
v -0.15650 -0.01850 -0.15650
v -0.15933 -0.01967 0.00650
v -0.15933 -0.03533 0.00650
v -0.15650 -0.03533 0.00933
v -0.15933 -0.03250 0.00933
v -0.15650 -0.03250 0.01050
v -0.15933 -0.02250 0.00933
v -0.15650 -0.02250 0.01050
v -0.16050 -0.02250 0.00650
v -0.15650 -0.01850 0.00650
v -0.15650 -0.01967 0.00933
v -0.02500 -0.01850 -0.07010
v -0.05000 -0.03650 -0.03220
v -0.02960 -0.03650 0.00650
v -0.02680 -0.03250 0.01050
v -0.02980 -0.02250 0.01050
v -0.03182 -0.01967 0.00933
v -0.03500 -0.01850 0.00650
v -0.04330 -0.03650 -0.05720
v -0.02500 -0.03650 -0.07550
v 0.15650 -0.03250 -0.16050
v 0.15650 -0.03650 -0.15650
v 0.15650 -0.02250 -0.16050
v 0.15650 -0.01850 -0.15650
v 0.00000 -0.01850 -0.07760
v -0.04330 -0.03650 -0.00720
v -0.02712 -0.03533 0.00933
v -0.02712 -0.03533 0.00933
v -0.05000 -0.01850 -0.02680
v -0.04330 -0.01850 -0.05180
v -0.04330 -0.01850 -0.00180
v -0.03182 -0.01967 0.00933
v 0.02500 -0.01850 -0.07010
v 0.00000 -0.03650 -0.08300
v 0.15650 -0.03533 -0.15933
v 0.02500 -0.03650 -0.07550
v 0.15650 -0.01967 -0.15933
v 0.04330 -0.03650 -0.05720
v 0.04330 -0.01850 -0.05180
v 0.05000 -0.01850 -0.02680
v 0.02960 -0.03650 0.00650
v 0.04330 -0.03650 -0.00720
v 0.15650 -0.03650 0.00650
v 0.05000 -0.03650 -0.03220
v 0.02712 -0.03533 0.00933
v 0.15650 -0.03533 0.00933
v 0.02680 -0.03250 0.01050
v 0.02712 -0.03533 0.00933
v 0.15650 -0.03250 0.01050
v 0.02980 -0.02250 0.01050
v 0.03500 -0.01850 0.00650
v 0.15650 -0.01850 0.00650
v 0.04330 -0.01850 -0.00180
v 0.15650 -0.02250 0.01050
v 0.03182 -0.01967 0.00933
v 0.03182 -0.01967 0.00933
v 0.15650 -0.01967 0.00933
v 0.15933 -0.03533 -0.15650
v 0.15933 -0.03250 -0.15933
v 0.16050 -0.03250 -0.15650
v 0.15933 -0.02250 -0.15933
v 0.15933 -0.03533 0.00650
v 0.16050 -0.02250 -0.15650
v 0.16050 -0.03250 0.00650
v 0.15933 -0.01967 -0.15650
v 0.16050 -0.02250 0.00650
v 0.15933 -0.03250 0.00933
v 0.15933 -0.01967 0.00650
v 0.15933 -0.02250 0.00933
v -0.15933 0.05217 -0.14400
v -0.15650 0.05217 -0.14683
v -0.15650 0.05100 -0.14400
v -0.15933 0.05500 -0.14683
v -0.16050 0.05500 -0.14400
v -0.15650 0.05500 -0.14800
v -0.16050 0.06500 -0.14400
v -0.15933 0.06500 -0.14683
v -0.15650 0.06500 -0.14800
v -0.15933 0.06783 -0.14400
v -0.15650 0.06783 -0.14683
v -0.15650 0.06900 -0.14400
v -0.15933 0.05217 0.01900
v -0.16050 0.06500 0.01900
v -0.15650 0.06900 0.01900
v -0.16050 0.05500 0.01900
v -0.15650 0.05100 0.01900
v -0.15933 0.06783 0.01900
v -0.15650 0.05217 0.02183
v -0.15933 0.05500 0.02183
v -0.15650 0.05500 0.02300
v -0.15933 0.06500 0.02183
v -0.15650 0.06500 0.02300
v -0.15650 0.06783 0.02183
v 0.15650 0.05100 -0.14400
v 0.15650 0.05500 -0.14800
v 0.15650 0.06500 -0.14800
v 0.15650 0.06900 -0.14400
v 0.15650 0.05100 0.01900
v 0.15650 0.05500 0.02300
v 0.15650 0.06900 0.01900
v 0.15650 0.06783 0.02183
v 0.15650 0.05217 -0.14683
v 0.15650 0.06783 -0.14683
v 0.15650 0.05217 0.02183
v 0.15650 0.06500 0.02300
v 0.15933 0.05217 -0.14400
v 0.15933 0.05500 -0.14683
v 0.16050 0.05500 -0.14400
v 0.15933 0.06500 -0.14683
v 0.16050 0.06500 -0.14400
v 0.15933 0.06783 -0.14400
v 0.15933 0.05217 0.01900
v 0.16050 0.05500 0.01900
v 0.16050 0.06500 0.01900
v 0.15933 0.06783 0.01900
v 0.15933 0.05500 0.02183
v 0.15933 0.06500 0.02183
v -0.36299 -0.30049 -0.33799
v -0.36949 -0.29875 -0.32500
v -0.36949 -0.28750 -0.33625
v -0.36125 -0.30699 -0.32500
v -0.35000 -0.30699 -0.33625
v -0.35000 -0.31000 -0.32500
v -0.35000 -0.29875 -0.34449
v -0.36125 -0.28750 -0.34449
v -0.37250 -0.28750 -0.32500
v -0.36949 -0.27625 -0.32500
v -0.36299 -0.27451 -0.33799
v -0.36125 -0.26801 -0.32500
v -0.35000 -0.28750 -0.34750
v -0.35000 -0.27625 -0.34449
v -0.35000 -0.26801 -0.33625
v -0.35000 -0.26500 -0.32500
v -0.36299 -0.30049 -0.31201
v -0.36949 -0.28750 -0.31375
v -0.35000 -0.30699 -0.31375
v -0.35000 -0.29875 -0.30551
v -0.36125 -0.28750 -0.30551
v -0.36299 -0.27451 -0.31201
v -0.35000 -0.28750 -0.30250
v -0.35000 -0.27625 -0.30551
v -0.35000 -0.26801 -0.31375
v -0.00420 -0.29875 -0.34449
v -0.02763 -0.29199 -0.34630
v -0.03275 -0.27625 -0.34449
v -0.02753 -0.26801 -0.33625
v 0.35000 -0.30699 -0.33625
v 0.00000 -0.29952 -0.34372
v -0.03186 -0.28539 -0.34693
v -0.03118 -0.28750 -0.34750
v -0.02883 -0.29151 -0.34642
v -0.02904 -0.29132 -0.34648
v -0.02566 -0.26746 -0.33418
v 0.35000 -0.30699 -0.31375
v 0.35000 -0.28750 -0.30250
v 0.35000 -0.27625 -0.30551
v 0.35000 -0.26801 -0.31375
v -0.02071 -0.26679 -0.33170
v -0.00017 -0.26500 -0.32500
v 0.00000 -0.26501 -0.32495
v 0.35000 -0.29875 -0.34449
v 0.35000 -0.31000 -0.32500
v 0.00420 -0.29875 -0.34449
v 0.02763 -0.29199 -0.34630
v 0.02883 -0.29151 -0.34642
v 0.02904 -0.29132 -0.34648
v 0.03118 -0.28750 -0.34750
v 0.35000 -0.28750 -0.34750
v 0.03186 -0.28539 -0.34693
v 0.35000 -0.26801 -0.33625
v 0.02566 -0.26746 -0.33418
v 0.02071 -0.26679 -0.33170
v 0.35000 -0.27625 -0.34449
v 0.03275 -0.27625 -0.34449
v 0.02753 -0.26801 -0.33625
v 0.35000 -0.29875 -0.30551
v 0.35000 -0.26500 -0.32500
v 0.00017 -0.26500 -0.32500
v 0.36125 -0.30699 -0.32500
v 0.36299 -0.30049 -0.33799
v 0.36125 -0.28750 -0.34449
v 0.36949 -0.29875 -0.32500
v 0.36949 -0.28750 -0.33625
v 0.36299 -0.27451 -0.33799
v 0.36125 -0.26801 -0.32500
v 0.37250 -0.28750 -0.32500
v 0.36949 -0.27625 -0.32500
v 0.36299 -0.30049 -0.31201
v 0.36125 -0.28750 -0.30551
v 0.36949 -0.28750 -0.31375
v 0.36299 -0.27451 -0.31201
v -0.12066 0.20334 1.08500
v -0.12300 0.20900 1.08500
v -0.12066 0.20900 1.07934
v -0.11500 0.20334 1.07934
v -0.11500 0.20100 1.08500
v -0.11500 0.20900 1.07700
v -0.11500 0.20100 1.11500
v -0.12066 0.20334 1.11500
v -0.12300 0.20900 1.11500
v -0.12066 0.20900 1.12066
v -0.11500 0.20334 1.12066
v -0.11500 0.20900 1.12300
v 0.11500 0.20334 1.07934
v 0.11500 0.20900 1.07700
v 0.11500 0.20100 1.11500
v 0.11500 0.20900 1.12300
v -0.12066 0.26600 1.07934
v -0.12300 0.26600 1.08500
v -0.12066 0.26600 1.12066
v -0.11500 0.26600 1.12300
v -0.11500 0.26600 1.07700
v -0.12300 0.26600 1.11500
v -0.12066 0.27166 1.08500
v -0.11500 0.27166 1.07934
v -0.11500 0.27400 1.08500
v -0.12066 0.27166 1.11500
v -0.11500 0.27166 1.12066
v -0.11500 0.27400 1.11500
v 0.11500 0.27166 1.07934
v 0.11500 0.27400 1.08500
v 0.11500 0.27166 1.12066
v 0.11500 0.20100 1.08500
v 0.11500 0.20334 1.12066
v 0.12066 0.20900 1.07934
v 0.12066 0.20334 1.08500
v 0.12300 0.20900 1.08500
v 0.12066 0.20334 1.11500
v 0.12300 0.20900 1.11500
v 0.12066 0.20900 1.12066
v 0.11500 0.26600 1.07700
v 0.11500 0.26600 1.12300
v 0.11500 0.27400 1.11500
v 0.12300 0.26600 1.08500
v 0.12066 0.26600 1.12066
v 0.12300 0.26600 1.11500
v 0.12066 0.26600 1.07934
v 0.12066 0.27166 1.08500
v 0.12066 0.27166 1.11500
v -0.02165 -0.33415 0.05335
v -0.01875 -0.34498 0.07500
v -0.03248 -0.33125 0.07500
v -0.03248 -0.31250 0.05625
v -0.01875 -0.31250 0.04252
v 0.00000 -0.34498 0.05625
v 0.00000 -0.35000 0.07500
v 0.00000 -0.33125 0.04252
v -0.03750 -0.31250 0.07500
v -0.03248 -0.29375 0.07500
v -0.02165 -0.29085 0.05335
v -0.01875 -0.28002 0.07500
v 0.00000 -0.29375 0.04252
v 0.00000 -0.31250 0.03750
v 0.00000 -0.28002 0.05625
v 0.00000 -0.27500 0.07500
v 0.00000 -0.42500 0.65000
v -0.01875 -0.41998 0.65000
v -0.03750 -0.38750 0.65000
v -0.03248 -0.40625 0.65000
v -0.03248 -0.36875 0.65000
v -0.01875 -0.35502 0.65000
v 0.00000 -0.35000 0.65000
v -0.02165 -0.40915 0.67165
v -0.03248 -0.38750 0.66875
v -0.01875 -0.38750 0.68248
v -0.02165 -0.36585 0.67165
v 0.00000 -0.41998 0.66875
v 0.00000 -0.40625 0.68248
v 0.00000 -0.36875 0.68248
v 0.00000 -0.38750 0.68750
v 0.00000 -0.35502 0.66875
v 0.01875 -0.34498 0.07500
v 0.02165 -0.33415 0.05335
v 0.01875 -0.31250 0.04252
v 0.03248 -0.33125 0.07500
v 0.03248 -0.31250 0.05625
v 0.02165 -0.29085 0.05335
v 0.01875 -0.28002 0.07500
v 0.03750 -0.31250 0.07500
v 0.03248 -0.29375 0.07500
v 0.03248 -0.40625 0.65000
v 0.03750 -0.38750 0.65000
v 0.01875 -0.41998 0.65000
v 0.01875 -0.35502 0.65000
v 0.03248 -0.36875 0.65000
v 0.02165 -0.40915 0.67165
v 0.01875 -0.38750 0.68248
v 0.02165 -0.36585 0.67165
v 0.03248 -0.38750 0.66875
vn -0.8685 -0.4956 0.0000
vn -0.5774 -0.5774 0.5774
vn -0.8685 -0.0000 0.4956
vn -0.9957 -0.0652 0.0652
vn -0.8961 0.3139 0.3139
vn -0.5811 0.4908 0.6491
vn -0.5811 -0.6491 -0.4908
vn 0.0000 -0.8685 -0.4956
vn -0.4956 -0.8685 0.0000
vn 0.0000 -0.8685 0.4956
vn 0.0000 -0.4956 0.8685
vn -0.4956 -0.0000 0.8685
vn 0.0000 -1.0000 -0.0000
vn -0.0000 0.4956 0.8685
vn 0.0000 -0.0000 1.0000
vn -0.8485 0.3741 0.3741
vn -0.8485 0.3741 0.3741
vn -0.8485 0.3741 0.3741
vn -0.8485 0.3741 0.3741
vn 0.0000 0.7071 0.7071
vn -0.2506 0.6846 0.6846
vn -0.2506 0.6846 0.6846
vn 0.0000 0.7071 0.7071
vn -0.2506 0.6846 0.6846
vn 0.0000 0.7071 0.7071
vn 0.0000 -0.4956 -0.8685
vn -0.5811 -0.4908 -0.6491
vn -0.9957 0.0652 -0.0652
vn -0.8685 0.4956 0.0000
vn -0.8485 0.3741 0.3741
vn -0.8485 0.3741 0.3741
vn -0.8485 0.3741 0.3741
vn -0.8485 0.3741 0.3741
vn -0.5811 0.6491 0.4908
vn 0.0000 0.7071 0.7071
vn -0.8685 -0.0000 -0.4956
vn -0.0000 0.8685 0.4956
vn -0.5774 0.5774 -0.5774
vn -0.4956 -0.0000 -0.8685
vn 0.0000 0.0000 -1.0000
vn -0.4956 0.8685 0.0000
vn 0.0000 0.4956 -0.8685
vn 0.0000 0.8685 -0.4956
vn 0.0000 1.0000 0.0000
vn 0.4956 -0.8685 0.0000
vn 0.5774 -0.5774 0.5774
vn 0.5811 -0.6491 -0.4908
vn 0.8685 -0.4956 0.0000
vn 0.4956 -0.0000 0.8685
vn 0.8685 0.0000 0.4956
vn 0.8485 0.3741 0.3741
vn 0.5811 0.4908 0.6491
vn 0.9957 -0.0652 0.0652
vn 0.2506 0.6846 0.6846
vn 0.8485 0.3741 0.3741
vn 0.8485 0.3741 0.3741
vn 0.8485 0.3741 0.3741
vn 0.2506 0.6846 0.6846
vn 0.2506 0.6846 0.6846
vn 0.8961 -0.3139 -0.3139
vn 0.8685 0.4956 0.0000
vn 0.8485 0.3741 0.3741
vn 0.8485 0.3741 0.3741
vn 0.8485 0.3741 0.3741
vn 0.5811 0.6491 0.4908
vn 0.8485 0.3741 0.3741
vn 0.5811 -0.4908 -0.6491
vn 0.9957 0.0652 -0.0652
vn 0.4956 -0.0000 -0.8685
vn 0.8685 0.0000 -0.4956
vn 0.5774 0.5774 -0.5774
vn 0.4956 0.8685 -0.0000
vn -0.8544 -0.5157 0.0639
vn -0.5774 -0.5774 0.5774
vn -0.8685 0.0000 0.4956
vn -0.4929 -0.8698 0.0210
vn 0.0000 -0.8685 0.4956
vn 0.0000 -0.9555 -0.2949
vn 0.0000 -1.0000 -0.0000
vn 0.0000 -0.4956 0.8685
vn -0.4956 -0.0000 0.8685
vn -0.9925 -0.0265 0.1196
vn -0.9925 0.0265 -0.1196
vn -0.5047 -0.8148 -0.2854
vn -0.8573 0.4649 0.2212
vn -0.5774 0.5774 0.5774
vn -0.5047 0.8148 0.2854
vn 0.0000 0.8616 0.5077
vn 0.0000 0.4956 0.8685
vn 0.0000 -0.0000 1.0000
vn -0.8573 -0.4649 -0.2212
vn -0.8544 0.5157 -0.0639
vn 0.0000 -0.8616 -0.5077
vn -0.5774 -0.5774 -0.5774
vn 0.0000 -0.4956 -0.8685
vn -0.8685 0.0000 -0.4956
vn -0.5774 0.5774 -0.5774
vn -0.4956 -0.0000 -0.8685
vn 0.0000 0.0000 -1.0000
vn 0.0000 0.4956 -0.8685
vn -0.4929 0.8698 -0.0210
vn 0.0000 0.8685 -0.4956
vn 0.0000 1.0000 0.0000
vn 0.0000 0.9555 0.2949
vn 0.4929 -0.8698 0.0210
vn 0.5774 -0.5774 0.5774
vn 0.8544 -0.5157 0.0639
vn 0.8685 0.0000 0.4956
vn 0.4956 0.0000 0.8685
vn 0.5047 -0.8148 -0.2854
vn 0.8573 -0.4649 -0.2212
vn 0.9925 -0.0265 0.1196
vn 0.5774 0.5774 0.5774
vn 0.5047 0.8148 0.2854
vn 0.8573 0.4649 0.2212
vn 0.9925 0.0265 -0.1196
vn 0.8544 0.5157 -0.0639
vn 0.5774 -0.5774 -0.5774
vn 0.4956 -0.0000 -0.8685
vn 0.8685 0.0000 -0.4956
vn 0.4929 0.8698 -0.0210
vn 0.5774 0.5774 -0.5774
vn -0.9924 -0.1207 -0.0247
vn -0.8574 -0.2164 0.4669
vn -0.9987 -0.0144 0.0479
vn -0.8783 0.1374 -0.4580
vn -0.3330 -0.8822 -0.3330
vn -0.5774 -0.5774 -0.5774
vn -0.3350 -0.8023 -0.4941
vn -0.8685 -0.4956 0.0000
vn -0.4956 -0.8685 -0.0000
vn -0.7489 -0.5935 0.2949
vn -0.3657 -0.8393 0.4023
vn -0.5590 -0.7691 0.3097
vn -0.8547 -0.0702 -0.5143
vn -0.3350 -0.4941 -0.8023
vn -0.3330 -0.3330 -0.8822
vn -0.4911 -0.0271 -0.8707
vn -0.8485 -0.3741 0.3741
vn -0.8300 -0.3576 0.4280
vn -0.6846 -0.2506 0.6846
vn -0.6846 -0.2506 0.6846
vn -0.2583 -0.9642 0.0605
vn -0.2506 -0.9351 0.2506
vn 0.0000 -0.8685 0.4956
vn 0.0000 -0.9659 0.2588
vn -0.2506 -0.6846 0.6846
vn 0.0000 -0.7071 0.7071
vn -0.5172 0.2459 -0.8198
vn -0.4990 -0.2748 0.8219
vn -0.8347 -0.1582 0.5275
vn -0.5867 -0.2979 0.7530
vn -0.3072 -0.3072 0.9007
vn -0.4780 -0.2524 0.8413
vn -0.2583 0.0605 -0.9642
vn -0.2506 0.2506 -0.9351
vn 0.0000 0.2799 -0.9600
vn 0.0000 0.2588 -0.9659
vn -0.0000 0.2873 -0.9578
vn -0.2762 -0.2762 0.9206
vn 0.0000 -0.2873 0.9578
vn -0.0000 -0.2873 0.9578
vn -0.9987 0.0144 -0.0479
vn -0.8783 -0.1374 0.4580
vn -0.9987 -0.0144 0.0479
vn -0.8783 0.1374 -0.4580
vn -0.8347 0.1582 -0.5275
vn -0.5172 0.2459 -0.8198
vn -0.4780 0.2524 -0.8413
vn -0.0000 0.2873 -0.9578
vn -0.0000 0.2873 -0.9578
vn -0.8347 -0.1582 0.5275
vn -0.5172 -0.2459 0.8198
vn -0.0000 -0.2873 0.9578
vn -0.4780 -0.2524 0.8413
vn -0.0000 -0.2873 0.9578
vn -0.9987 -0.0144 0.0479
vn -0.9987 0.0144 -0.0479
vn -0.8783 -0.1374 0.4580
vn -0.8783 0.1374 -0.4580
vn -0.9924 0.1207 0.0247
vn -0.9987 0.0144 -0.0479
vn -0.8783 -0.1374 0.4580
vn -0.8574 0.2164 -0.4669
vn -0.8347 0.1582 -0.5275
vn -0.5172 0.2459 -0.8198
vn -0.4780 0.2524 -0.8413
vn 0.0000 0.2873 -0.9578
vn 0.0000 0.2873 -0.9578
vn -0.8347 -0.1582 0.5275
vn -0.5172 -0.2459 0.8198
vn -0.6917 -0.2075 0.6917
vn -0.6917 -0.2075 0.6917
vn -0.6917 -0.2075 0.6917
vn 0.0000 -0.2799 0.9600
vn -0.2762 -0.2762 0.9206
vn -0.2762 -0.2762 0.9206
vn 0.0000 -0.2873 0.9578
vn -0.4911 0.0271 0.8707
vn -0.4990 0.2748 -0.8219
vn -0.8347 0.1582 -0.5275
vn -0.4780 0.2524 -0.8413
vn -0.5774 0.5774 -0.5774
vn -0.0000 0.5026 -0.8645
vn -0.0000 0.2873 -0.9578
vn -0.8547 0.0702 0.5143
vn -0.6917 -0.2075 0.6917
vn -0.8685 0.4956 -0.0000
vn -0.6917 -0.2075 0.6917
vn -0.6917 -0.2075 0.6917
vn -0.5774 0.5774 0.5774
vn 0.0000 0.0000 1.0000
vn 0.0000 0.4956 0.8685
vn -0.0000 0.8685 -0.4956
vn -0.4956 0.8685 -0.0000
vn 0.0000 0.8685 0.4956
vn 0.0000 1.0000 0.0000
vn 0.2506 -0.9351 0.2506
vn 0.2506 -0.6846 0.6846
vn 0.3657 -0.8393 0.4023
vn 0.4956 -0.8685 -0.0000
vn 0.2583 -0.9642 0.0605
vn 0.3330 -0.8822 -0.3330
vn 0.3350 -0.8023 -0.4941
vn 0.5774 -0.5774 -0.5774
vn 0.8685 -0.4956 0.0000
vn 0.7489 -0.5935 0.2949
vn 0.5590 -0.7691 0.3097
vn 0.3350 -0.4941 -0.8023
vn 0.3330 -0.3330 -0.8822
vn 0.4911 -0.0271 -0.8707
vn 0.8547 -0.0702 -0.5143
vn 0.8485 -0.3741 0.3741
vn 0.8574 -0.2164 0.4669
vn 0.6846 -0.2506 0.6846
vn 0.6846 -0.2506 0.6846
vn 0.8300 -0.3576 0.4280
vn 0.9924 -0.1207 -0.0247
vn 0.2506 0.2506 -0.9351
vn 0.2583 0.0605 -0.9642
vn 0.5172 0.2459 -0.8198
vn 0.4990 -0.2748 0.8219
vn 0.3072 -0.3072 0.9007
vn 0.5867 -0.2979 0.7530
vn 0.4780 -0.2524 0.8413
vn 0.8783 0.1374 -0.4580
vn 0.9987 -0.0144 0.0479
vn 0.8347 -0.1582 0.5275
vn 0.2762 -0.2762 0.9206
vn 0.5172 0.2459 -0.8198
vn 0.4780 0.2524 -0.8413
vn 0.8783 0.1374 -0.4580
vn 0.8347 0.1582 -0.5275
vn 0.8783 -0.1374 0.4580
vn 0.9987 0.0144 -0.0479
vn 0.8347 -0.1582 0.5275
vn 0.5172 -0.2459 0.8198
vn 0.4780 -0.2524 0.8413
vn 0.9987 -0.0144 0.0479
vn 0.5172 0.2459 -0.8198
vn 0.4780 0.2524 -0.8413
vn 0.8783 0.1374 -0.4580
vn 0.8347 0.1582 -0.5275
vn 0.9987 -0.0144 0.0479
vn 0.2762 -0.2762 0.9206
vn 0.2762 -0.2762 0.9206
vn 0.5172 -0.2459 0.8198
vn 0.8783 -0.1374 0.4580
vn 0.9987 0.0144 -0.0479
vn 0.8347 -0.1582 0.5275
vn 0.6917 -0.2075 0.6917
vn 0.6917 -0.2075 0.6917
vn 0.6917 -0.2075 0.6917
vn 0.4990 0.2748 -0.8219
vn 0.4780 0.2524 -0.8413
vn 0.8347 0.1582 -0.5275
vn 0.5774 0.5774 -0.5774
vn 0.8574 0.2164 -0.4669
vn 0.4911 0.0271 0.8707
vn 0.6917 -0.2075 0.6917
vn 0.6917 -0.2075 0.6917
vn 0.6917 -0.2075 0.6917
vn 0.8547 0.0702 0.5143
vn 0.5774 0.5774 0.5774
vn 0.8783 -0.1374 0.4580
vn 0.9924 0.1207 0.0247
vn 0.8685 0.4956 -0.0000
vn 0.9987 0.0144 -0.0479
vn 0.4956 0.8685 -0.0000
vn -0.2265 -0.6887 -0.6887
vn -0.1877 -0.9641 -0.1877
vn -0.6887 -0.6887 -0.2265
vn -0.9641 -0.1877 -0.1877
vn -0.6887 -0.2265 -0.6887
vn -0.1877 -0.1877 -0.9641
vn -0.9641 0.1877 -0.1877
vn -0.6887 0.2265 -0.6887
vn -0.1877 0.1877 -0.9641
vn -0.6887 0.6887 -0.2265
vn -0.2265 0.6887 -0.6887
vn -0.1877 0.9641 -0.1877
vn -0.0000 -0.9239 -0.3827
vn 0.0000 -0.3827 -0.9239
vn 0.0000 -0.9239 -0.3827
vn 0.0000 -0.3827 -0.9239
vn 0.1877 0.1877 -0.9641
vn 0.2265 0.6887 -0.6887
vn 0.1877 -0.9641 -0.1877
vn 0.1877 -0.1877 -0.9641
vn -0.6887 -0.6887 0.2265
vn -0.9641 -0.1877 0.1877
vn -0.6887 0.6887 0.2265
vn -0.1877 -0.9641 0.1877
vn -0.9641 0.1877 0.1877
vn -0.1877 0.9641 0.1877
vn -0.2265 -0.6887 0.6887
vn -0.6887 -0.2265 0.6887
vn -0.1877 -0.1877 0.9641
vn -0.6887 0.2265 0.6887
vn -0.1877 0.1877 0.9641
vn -0.2265 0.6887 0.6887
vn 0.0000 -1.0000 0.0000
vn 0.0000 1.0000 0.0000
vn 0.0000 -1.0000 0.0000
vn 0.0000 1.0000 0.0000
vn 0.0000 -1.0000 0.0000
vn 0.0000 1.0000 0.0000
vn 0.0000 -1.0000 0.0000
vn 0.0000 1.0000 0.0000
vn 0.0000 -1.0000 0.0000
vn 0.0000 -1.0000 0.0000
vn 0.0000 1.0000 0.0000
vn 0.0000 -1.0000 0.0000
vn 0.0000 1.0000 0.0000
vn 0.1877 -0.9641 0.1877
vn 0.1877 -0.1877 0.9641
vn 0.1877 0.9641 0.1877
vn 0.1877 0.1877 0.9641
vn 0.1877 0.9641 -0.1877
vn 0.0000 -0.9239 -0.3827
vn 0.0000 -0.3827 -0.9239
vn 0.2265 -0.6887 -0.6887
vn 0.6887 -0.6887 -0.2265
vn 0.6887 -0.2265 -0.6887
vn 0.9641 -0.1877 -0.1877
vn 0.6887 0.2265 -0.6887
vn 0.9641 0.1877 -0.1877
vn 0.6887 0.6887 -0.2265
vn 0.0000 1.0000 0.0000
vn 0.0000 -1.0000 0.0000
vn 0.0000 1.0000 0.0000
vn 0.0000 -1.0000 0.0000
vn 0.0000 1.0000 0.0000
vn 0.0000 -1.0000 0.0000
vn 0.0000 -1.0000 0.0000
vn 0.0000 1.0000 0.0000
vn 0.0000 1.0000 0.0000
vn 0.2265 -0.6887 0.6887
vn 0.2265 0.6887 0.6887
vn 0.0000 -1.0000 0.0000
vn 0.0000 1.0000 0.0000
vn 0.6887 -0.6887 0.2265
vn 0.9641 -0.1877 0.1877
vn 0.9641 0.1877 0.1877
vn 0.6887 0.6887 0.2265
vn 0.6887 -0.2265 0.6887
vn 0.6887 0.2265 0.6887
vn -0.1877 -0.9641 -0.1877
vn -0.6887 -0.6887 -0.2265
vn -0.2265 -0.6887 -0.6887
vn -0.6887 -0.2265 -0.6887
vn -0.9641 -0.1877 -0.1877
vn -0.9641 0.1877 -0.1877
vn -0.1877 -0.1877 -0.9641
vn -0.6887 0.2265 -0.6887
vn -0.1877 0.1877 -0.9641
vn -0.6887 0.6887 -0.2265
vn -0.2265 0.6887 -0.6887
vn -0.6887 -0.6887 0.2265
vn -0.1877 -0.9641 0.1877
vn -0.9641 0.1877 0.1877
vn -0.9641 -0.1877 0.1877
vn -0.6887 0.6887 0.2265
vn -0.2265 -0.6887 0.6887
vn -0.6887 -0.2265 0.6887
vn -0.1877 -0.1877 0.9641
vn -0.6887 0.2265 0.6887
vn -0.1877 0.1877 0.9641
vn -0.2265 0.6887 0.6887
vn 0.0000 -1.0000 0.0000
vn -0.1877 0.9641 -0.1877
vn -0.1877 0.9641 0.1877
vn 0.0000 1.0000 0.0000
vn 0.0000 0.9369 0.3495
vn 0.0000 -1.0000 0.0000
vn 0.1877 -0.9641 -0.1877
vn 0.1877 -0.1877 -0.9641
vn 0.1877 0.1877 -0.9641
vn 0.0000 -1.0000 0.0000
vn 0.0000 -1.0000 0.0000
vn 0.0000 -1.0000 0.0000
vn 0.0000 -1.0000 0.0000
vn 0.1877 -0.9641 0.1877
vn 0.1877 -0.1877 0.9641
vn 0.1877 0.1877 0.9641
vn 0.0000 0.3827 0.9239
vn 0.0000 1.0000 0.0000
vn 0.0000 1.0000 0.0000
vn 0.0000 1.0000 0.0000
vn 0.1877 0.9641 -0.1877
vn 0.0000 1.0000 0.0000
vn 0.0000 1.0000 0.0000
vn 0.0000 0.9239 0.3827
vn 0.0000 0.3827 0.9239
vn 0.0000 -1.0000 0.0000
vn 0.2265 -0.6887 -0.6887
vn 0.0000 -1.0000 0.0000
vn 0.0000 -1.0000 0.0000
vn 0.0000 -1.0000 0.0000
vn 0.2265 -0.6887 0.6887
vn -0.0000 0.3827 0.9239
vn 0.0000 -1.0000 0.0000
vn 0.0000 -1.0000 0.0000
vn 0.2265 0.6887 -0.6887
vn 0.0000 1.0000 0.0000
vn 0.0000 1.0000 0.0000
vn 0.0000 1.0000 0.0000
vn 0.2265 0.6887 0.6887
vn 0.0000 0.9369 0.3495
vn 0.0000 0.9239 0.3827
vn 0.1877 0.9641 0.1877
vn 0.0000 1.0000 0.0000
vn 0.0000 1.0000 0.0000
vn 0.6887 -0.6887 -0.2265
vn 0.6887 -0.2265 -0.6887
vn 0.9641 -0.1877 -0.1877
vn 0.6887 0.2265 -0.6887
vn 0.6887 0.6887 -0.2265
vn 0.9641 0.1877 -0.1877
vn 0.6887 -0.6887 0.2265
vn 0.9641 -0.1877 0.1877
vn 0.9641 0.1877 0.1877
vn 0.6887 -0.2265 0.6887
vn 0.6887 0.2265 0.6887
vn 0.6887 0.6887 0.2265
vn -0.2265 -0.6887 -0.6887
vn -0.1877 -0.9641 -0.1877
vn -0.6887 -0.6887 -0.2265
vn -0.6887 -0.2265 -0.6887
vn -0.9641 -0.1877 -0.1877
vn -0.9641 0.1877 -0.1877
vn -0.1877 -0.1877 -0.9641
vn -0.6887 0.2265 -0.6887
vn -0.6887 -0.6887 0.2265
vn -0.1877 0.1877 -0.9641
vn -0.6887 0.6887 -0.2265
vn -0.2265 0.6887 -0.6887
vn -0.1877 0.9641 -0.1877
vn -0.9641 0.1877 0.1877
vn -0.1877 0.9641 0.1877
vn -0.1877 -0.9641 0.1877
vn -0.9641 -0.1877 0.1877
vn -0.2265 -0.6887 0.6887
vn -0.6887 -0.2265 0.6887
vn -0.1877 -0.1877 0.9641
vn -0.6887 0.2265 0.6887
vn -0.6887 0.6887 0.2265
vn -0.1877 0.1877 0.9641
vn -0.2265 0.6887 0.6887
vn 0.0000 -1.0000 0.0000
vn 0.0000 1.0000 0.0000
vn 0.0000 -0.9577 0.2879
vn 0.0000 -0.3827 0.9239
vn 0.0000 -0.2083 0.9781
vn 0.0000 0.1350 0.9909
vn 0.0000 0.9565 0.2918
vn 0.0000 -1.0000 0.0000
vn 0.0000 -1.0000 0.0000
vn 0.0000 1.0000 0.0000
vn 0.1877 -0.9641 -0.1877
vn 0.1877 -0.1877 -0.9641
vn 0.0000 -1.0000 0.0000
vn 0.1877 0.1877 -0.9641
vn 0.1877 0.9641 -0.1877
vn 0.0000 1.0000 0.0000
vn 0.0000 -1.0000 0.0000
vn 0.0000 -0.9239 0.3827
vn 0.0000 1.0000 0.0000
vn 0.0000 1.0000 0.0000
vn 0.0000 0.9239 0.3827
vn 0.0000 0.3827 0.9239
vn 0.2265 -0.6887 -0.6887
vn 0.0000 -1.0000 0.0000
vn 0.2265 0.6887 -0.6887
vn 0.0000 1.0000 0.0000
vn 0.0000 -1.0000 0.0000
vn 0.0000 -1.0000 0.0000
vn 0.0000 1.0000 0.0000
vn 0.0000 1.0000 0.0000
vn 0.1877 -0.9641 0.1877
vn 0.0000 -0.9239 0.3827
vn 0.0000 -0.9577 0.2879
vn 0.1877 -0.1877 0.9641
vn 0.0000 -0.2083 0.9781
vn 0.0000 -0.3827 0.9239
vn 0.0000 0.1350 0.9909
vn 0.0000 -1.0000 0.0000
vn 0.1877 0.1877 0.9641
vn 0.0000 0.3827 0.9239
vn 0.2265 0.6887 0.6887
vn 0.0000 0.9565 0.2918
vn 0.0000 0.9239 0.3827
vn 0.1877 0.9641 0.1877
vn 0.0000 1.0000 0.0000
vn 0.2265 -0.6887 0.6887
vn 0.6887 -0.6887 -0.2265
vn 0.6887 -0.2265 -0.6887
vn 0.9641 -0.1877 -0.1877
vn 0.6887 0.2265 -0.6887
vn 0.6887 -0.6887 0.2265
vn 0.9641 0.1877 -0.1877
vn 0.9641 -0.1877 0.1877
vn 0.6887 0.6887 -0.2265
vn 0.9641 0.1877 0.1877
vn 0.6887 -0.2265 0.6887
vn 0.6887 0.6887 0.2265
vn 0.6887 0.2265 0.6887
vn -0.6887 -0.6887 -0.2265
vn -0.2265 -0.6887 -0.6887
vn -0.1877 -0.9641 -0.1877
vn -0.6887 -0.2265 -0.6887
vn -0.9641 -0.1877 -0.1877
vn -0.1877 -0.1877 -0.9641
vn -0.9641 0.1877 -0.1877
vn -0.6887 0.2265 -0.6887
vn -0.1877 0.1877 -0.9641
vn -0.6887 0.6887 -0.2265
vn -0.2265 0.6887 -0.6887
vn -0.1877 0.9641 -0.1877
vn -0.6887 -0.6887 0.2265
vn -0.9641 0.1877 0.1877
vn -0.6887 0.6887 0.2265
vn -0.1877 0.9641 0.1877
vn -0.9641 -0.1877 0.1877
vn -0.1877 -0.9641 0.1877
vn -0.2265 -0.6887 0.6887
vn -0.6887 -0.2265 0.6887
vn -0.1877 -0.1877 0.9641
vn -0.6887 0.2265 0.6887
vn -0.1877 0.1877 0.9641
vn -0.2265 0.6887 0.6887
vn 0.1877 -0.9641 -0.1877
vn 0.1877 -0.1877 -0.9641
vn 0.1877 0.1877 -0.9641
vn 0.1877 0.9641 -0.1877
vn 0.1877 -0.9641 0.1877
vn 0.1877 -0.1877 0.9641
vn 0.1877 0.1877 0.9641
vn 0.1877 0.9641 0.1877
vn 0.2265 -0.6887 -0.6887
vn 0.2265 0.6887 -0.6887
vn 0.2265 -0.6887 0.6887
vn 0.2265 0.6887 0.6887
vn 0.6887 -0.6887 -0.2265
vn 0.6887 -0.2265 -0.6887
vn 0.9641 -0.1877 -0.1877
vn 0.6887 0.2265 -0.6887
vn 0.9641 0.1877 -0.1877
vn 0.6887 0.6887 -0.2265
vn 0.6887 -0.6887 0.2265
vn 0.9641 -0.1877 0.1877
vn 0.9641 0.1877 0.1877
vn 0.6887 0.6887 0.2265
vn 0.6887 -0.2265 0.6887
vn 0.6887 0.2265 0.6887
vn -0.9924 -0.1207 -0.0247
vn -0.9987 -0.0144 0.0479
vn -0.8547 -0.0702 -0.5143
vn -0.8347 -0.1582 0.5275
vn -0.8685 -0.4956 -0.0000
vn -0.5774 -0.5774 -0.5774
vn -0.4956 -0.8685 0.0000
vn -0.5774 -0.5774 0.5774
vn -0.4911 -0.0271 -0.8707
vn -0.8574 -0.2164 0.4669
vn -0.4990 -0.2748 0.8219
vn 0.0000 -0.4956 -0.8685
vn 0.0000 -0.8685 -0.4956
vn -0.0000 -0.8685 0.4956
vn 0.0000 -1.0000 0.0000
vn 0.0000 -0.5026 0.8645
vn 0.0000 0.0000 -1.0000
vn -0.5172 0.2459 -0.8198
vn -0.8783 0.1374 -0.4580
vn 0.0000 0.2799 -0.9600
vn 0.0000 0.2873 -0.9578
vn -0.4780 -0.2524 0.8413
vn -0.0000 -0.2873 0.9578
vn -0.9987 0.0144 -0.0479
vn -0.9987 -0.0144 0.0479
vn -0.8347 0.1582 -0.5275
vn -0.8347 -0.1582 0.5275
vn -0.8783 0.1374 -0.4580
vn -0.4780 0.2524 -0.8413
vn -0.5172 0.2459 -0.8198
vn -0.0000 0.2873 -0.9578
vn -0.8783 -0.1374 0.4580
vn -0.5172 -0.2459 0.8198
vn -0.4780 -0.2524 0.8413
vn -0.0000 -0.2873 0.9578
vn 0.0000 -0.2873 0.9578
vn -0.0000 0.2873 -0.9578
vn -0.8347 0.1582 -0.5275
vn -0.9987 0.0144 -0.0479
vn -0.9987 -0.0144 0.0479
vn -0.8347 -0.1582 0.5275
vn -0.9987 0.0144 -0.0479
vn -0.9924 0.1207 0.0247
vn -0.8347 0.1582 -0.5275
vn -0.8547 0.0702 0.5143
vn -0.8783 0.1374 -0.4580
vn -0.4780 0.2524 -0.8413
vn -0.5172 0.2459 -0.8198
vn 0.0000 0.2873 -0.9578
vn 0.0000 0.2873 -0.9578
vn -0.8783 -0.1374 0.4580
vn -0.5172 -0.2459 0.8198
vn -0.6917 -0.2075 0.6917
vn -0.6917 -0.2075 0.6917
vn -0.6917 -0.2075 0.6917
vn -0.2762 -0.2762 0.9206
vn 0.0000 -0.2799 0.9600
vn -0.2762 -0.2762 0.9206
vn 0.0000 -0.2873 0.9578
vn -0.8574 0.2164 -0.4669
vn -0.4990 0.2748 -0.8219
vn -0.4780 0.2524 -0.8413
vn 0.0000 0.2873 -0.9578
vn -0.0000 0.5026 -0.8645
vn -0.4911 0.0271 0.8707
vn -0.8783 -0.1374 0.4580
vn -0.6917 -0.2075 0.6917
vn -0.8685 0.4956 -0.0000
vn -0.5774 0.5774 -0.5774
vn -0.6917 -0.2075 0.6917
vn -0.6917 -0.2075 0.6917
vn -0.5774 0.5774 0.5774
vn 0.0000 0.0000 1.0000
vn 0.0000 0.4956 0.8685
vn -0.4956 0.8685 -0.0000
vn -0.0000 0.8685 -0.4956
vn 0.0000 0.8685 0.4956
vn 0.0000 1.0000 0.0000
vn 0.5774 -0.5774 -0.5774
vn 0.4956 -0.8685 -0.0000
vn 0.5774 -0.5774 0.5774
vn 0.4911 -0.0271 -0.8707
vn 0.4990 -0.2748 0.8219
vn 0.8685 -0.4956 0.0000
vn 0.8547 -0.0702 -0.5143
vn 0.8574 -0.2164 0.4669
vn 0.9924 -0.1207 -0.0247
vn 0.5172 0.2459 -0.8198
vn 0.8783 0.1374 -0.4580
vn 0.8347 -0.1582 0.5275
vn 0.9987 -0.0144 0.0479
vn 0.4780 -0.2524 0.8413
vn 0.4780 0.2524 -0.8413
vn 0.5172 0.2459 -0.8198
vn 0.8347 0.1582 -0.5275
vn 0.8783 0.1374 -0.4580
vn 0.9987 0.0144 -0.0479
vn 0.5172 -0.2459 0.8198
vn 0.4780 -0.2524 0.8413
vn 0.8783 -0.1374 0.4580
vn 0.8347 -0.1582 0.5275
vn 0.9987 -0.0144 0.0479
vn 0.4780 0.2524 -0.8413
vn 0.5172 0.2459 -0.8198
vn 0.8347 0.1582 -0.5275
vn 0.8783 0.1374 -0.4580
vn 0.9987 0.0144 -0.0479
vn 0.2762 -0.2762 0.9206
vn 0.2762 -0.2762 0.9206
vn 0.5172 -0.2459 0.8198
vn 0.8783 -0.1374 0.4580
vn 0.8347 -0.1582 0.5275
vn 0.6917 -0.2075 0.6917
vn 0.6917 -0.2075 0.6917
vn 0.6917 -0.2075 0.6917
vn 0.9987 -0.0144 0.0479
vn 0.4780 0.2524 -0.8413
vn 0.4990 0.2748 -0.8219
vn 0.8347 0.1582 -0.5275
vn 0.4911 0.0271 0.8707
vn 0.5774 0.5774 -0.5774
vn 0.8574 0.2164 -0.4669
vn 0.9987 0.0144 -0.0479
vn 0.6917 -0.2075 0.6917
vn 0.8783 -0.1374 0.4580
vn 0.8547 0.0702 0.5143
vn 0.8685 0.4956 0.0000
vn 0.9924 0.1207 0.0247
vn 0.6917 -0.2075 0.6917
vn 0.6917 -0.2075 0.6917
vn 0.5774 0.5774 0.5774
vn 0.4956 0.8685 0.0000
vn -0.6887 -0.6887 -0.2265
vn -0.2265 -0.6887 -0.6887
vn -0.1877 -0.9641 -0.1877
vn -0.6887 -0.2265 -0.6887
vn -0.1877 -0.1877 -0.9641
vn -0.9641 -0.1877 -0.1877
vn -0.9641 0.1877 -0.1877
vn -0.6887 0.2265 -0.6887
vn -0.1877 0.1877 -0.9641
vn -0.6887 -0.6887 0.2265
vn -0.9641 0.1877 0.1877
vn -0.2265 0.6887 -0.6887
vn -0.6887 0.6887 -0.2265
vn -0.1877 0.9641 -0.1877
vn -0.1877 0.9641 0.1877
vn -0.9641 -0.1877 0.1877
vn -0.1877 -0.9641 0.1877
vn -0.6887 0.6887 0.2265
vn -0.2265 -0.6887 0.6887
vn -0.6887 -0.2265 0.6887
vn -0.1877 -0.1877 0.9641
vn -0.6887 0.2265 0.6887
vn -0.1877 0.1877 0.9641
vn -0.2265 0.6887 0.6887
vn 0.0000 -1.0000 0.0000
vn 0.0000 1.0000 0.0000
vn 0.0000 -1.0000 0.0000
vn 0.0000 -1.0000 0.0000
vn 0.0000 1.0000 0.0000
vn 0.0000 1.0000 0.0000
vn 0.0000 -1.0000 0.0000
vn 0.0000 1.0000 0.0000
vn 0.1877 -0.9641 -0.1877
vn 0.1877 -0.1877 -0.9641
vn 0.1877 0.1877 -0.9641
vn 0.1877 0.9641 -0.1877
vn 0.0000 -1.0000 0.0000
vn 0.0000 1.0000 0.0000
vn 0.0000 -1.0000 0.0000
vn 0.0000 1.0000 0.0000
vn 0.0000 -1.0000 0.0000
vn 0.0000 1.0000 0.0000
vn 0.1877 -0.9641 0.1877
vn 0.1877 -0.1877 0.9641
vn 0.1877 0.1877 0.9641
vn 0.1877 0.9641 0.1877
vn 0.0000 1.0000 0.0000
vn 0.2265 -0.6887 -0.6887
vn 0.2265 0.6887 -0.6887
vn 0.0000 -1.0000 0.0000
vn 0.0000 -1.0000 0.0000
vn 0.0000 1.0000 0.0000
vn 0.0000 -1.0000 0.0000
vn 0.0000 1.0000 0.0000
vn 0.2265 -0.6887 0.6887
vn 0.2265 0.6887 0.6887
vn 0.0000 -1.0000 0.0000
vn 0.0000 1.0000 0.0000
vn 0.0000 -1.0000 0.0000
vn 0.0000 1.0000 0.0000
vn 0.6887 -0.6887 -0.2265
vn 0.6887 -0.2265 -0.6887
vn 0.9641 -0.1877 -0.1877
vn 0.6887 0.2265 -0.6887
vn 0.9641 0.1877 -0.1877
vn 0.6887 -0.6887 0.2265
vn 0.9641 -0.1877 0.1877
vn 0.6887 0.6887 -0.2265
vn 0.9641 0.1877 0.1877
vn 0.6887 0.6887 0.2265
vn 0.6887 -0.2265 0.6887
vn 0.6887 0.2265 0.6887
vn -0.6887 -0.6887 -0.2265
vn -0.2265 -0.6887 -0.6887
vn -0.1877 -0.9641 -0.1877
vn -0.6887 -0.2265 -0.6887
vn -0.9641 -0.1877 -0.1877
vn -0.9641 0.1877 -0.1877
vn -0.1877 -0.1877 -0.9641
vn -0.6887 0.2265 -0.6887
vn -0.1877 0.1877 -0.9641
vn -0.6887 0.6887 -0.2265
vn -0.2265 0.6887 -0.6887
vn -0.6887 -0.6887 0.2265
vn -0.9641 0.1877 0.1877
vn -0.1877 -0.9641 0.1877
vn -0.2265 -0.6887 0.6887
vn -0.6887 -0.2265 0.6887
vn -0.9641 -0.1877 0.1877
vn -0.1877 -0.1877 0.9641
vn -0.6887 0.2265 0.6887
vn -0.1877 0.1877 0.9641
vn -0.6887 0.6887 0.2265
vn -0.2265 0.6887 0.6887
vn 0.0000 -1.0000 0.0000
vn -0.1877 0.9641 -0.1877
vn -0.1877 0.9641 0.1877
vn 0.0000 1.0000 0.0000
vn 0.0000 0.9369 0.3495
vn 0.0000 0.3827 0.9239
vn 0.0000 -1.0000 0.0000
vn 0.0000 -1.0000 0.0000
vn 0.1877 -0.9641 -0.1877
vn 0.1877 -0.1877 -0.9641
vn 0.1877 0.1877 -0.9641
vn 0.0000 -1.0000 0.0000
vn 0.0000 -1.0000 0.0000
vn 0.0000 -1.0000 0.0000
vn 0.1877 -0.9641 0.1877
vn -0.0000 0.3827 0.9239
vn 0.1877 -0.1877 0.9641
vn 0.2265 0.6887 0.6887
vn 0.0000 1.0000 0.0000
vn 0.1877 0.9641 -0.1877
vn 0.0000 1.0000 0.0000
vn 0.0000 1.0000 0.0000
vn 0.0000 1.0000 0.0000
vn 0.0000 1.0000 0.0000
vn 0.0000 0.9239 0.3827
vn 0.0000 1.0000 0.0000
vn 0.0000 -1.0000 0.0000
vn 0.2265 -0.6887 -0.6887
vn 0.0000 -1.0000 0.0000
vn 0.0000 -1.0000 0.0000
vn 0.2265 -0.6887 0.6887
vn 0.1877 0.1877 0.9641
vn 0.0000 -1.0000 0.0000
vn 0.0000 -1.0000 0.0000
vn 0.0000 -1.0000 0.0000
vn 0.2265 0.6887 -0.6887
vn 0.0000 1.0000 0.0000
vn 0.0000 1.0000 0.0000
vn 0.0000 0.3827 0.9239
vn 0.0000 0.9239 0.3827
vn 0.1877 0.9641 0.1877
vn 0.0000 0.9369 0.3495
vn 0.0000 1.0000 0.0000
vn 0.0000 1.0000 0.0000
vn 0.6887 -0.6887 -0.2265
vn 0.6887 -0.2265 -0.6887
vn 0.9641 -0.1877 -0.1877
vn 0.6887 0.2265 -0.6887
vn 0.6887 0.6887 -0.2265
vn 0.9641 0.1877 -0.1877
vn 0.6887 -0.6887 0.2265
vn 0.9641 -0.1877 0.1877
vn 0.9641 0.1877 0.1877
vn 0.6887 -0.2265 0.6887
vn 0.6887 0.2265 0.6887
vn 0.6887 0.6887 0.2265
vn -0.6887 -0.6887 -0.2265
vn -0.2265 -0.6887 -0.6887
vn -0.1877 -0.9641 -0.1877
vn -0.9641 -0.1877 -0.1877
vn -0.9641 0.1877 -0.1877
vn -0.6887 -0.2265 -0.6887
vn -0.1877 -0.1877 -0.9641
vn -0.6887 0.2265 -0.6887
vn -0.1877 -0.9641 0.1877
vn -0.9641 -0.1877 0.1877
vn -0.1877 0.1877 -0.9641
vn -0.6887 0.6887 -0.2265
vn -0.2265 0.6887 -0.6887
vn -0.1877 0.9641 -0.1877
vn -0.6887 0.6887 0.2265
vn -0.6887 -0.6887 0.2265
vn -0.2265 -0.6887 0.6887
vn -0.6887 -0.2265 0.6887
vn -0.1877 -0.1877 0.9641
vn -0.6887 0.2265 0.6887
vn -0.1877 0.1877 0.9641
vn -0.9641 0.1877 0.1877
vn -0.1877 0.9641 0.1877
vn -0.2265 0.6887 0.6887
vn 0.0000 1.0000 0.0000
vn 0.0000 -1.0000 0.0000
vn 0.0000 -0.9577 0.2879
vn 0.0000 -0.2083 0.9781
vn 0.0000 0.1350 0.9909
vn 0.0000 0.3827 0.9239
vn -0.0000 0.9565 0.2918
vn 0.0000 -1.0000 0.0000
vn 0.0000 -1.0000 0.0000
vn 0.1877 -0.1877 -0.9641
vn 0.1877 -0.9641 -0.1877
vn 0.1877 0.1877 -0.9641
vn 0.1877 0.9641 -0.1877
vn 0.0000 1.0000 0.0000
vn 0.0000 -1.0000 0.0000
vn 0.0000 -0.9239 0.3827
vn 0.0000 -0.3827 0.9239
vn 0.0000 1.0000 0.0000
vn 0.0000 1.0000 0.0000
vn 0.0000 1.0000 0.0000
vn 0.0000 0.9239 0.3827
vn 0.0000 1.0000 0.0000
vn 0.0000 -1.0000 0.0000
vn 0.2265 -0.6887 -0.6887
vn 0.0000 -1.0000 0.0000
vn 0.2265 0.6887 -0.6887
vn 0.0000 -1.0000 0.0000
vn 0.0000 1.0000 0.0000
vn 0.0000 1.0000 0.0000
vn -0.0000 -0.9577 0.2879
vn 0.0000 -1.0000 0.0000
vn 0.1877 -0.9641 0.1877
vn 0.0000 -1.0000 0.0000
vn 0.0000 -0.9239 0.3827
vn 0.2265 -0.6887 0.6887
vn 0.0000 -0.2083 0.9781
vn 0.0000 -0.3827 0.9239
vn 0.1877 -0.1877 0.9641
vn 0.0000 0.1350 0.9909
vn 0.0000 0.9565 0.2918
vn 0.1877 0.9641 0.1877
vn 0.0000 1.0000 0.0000
vn 0.1877 0.1877 0.9641
vn 0.0000 0.3827 0.9239
vn 0.0000 0.9239 0.3827
vn 0.2265 0.6887 0.6887
vn 0.6887 -0.6887 -0.2265
vn 0.6887 -0.2265 -0.6887
vn 0.9641 -0.1877 -0.1877
vn 0.6887 0.2265 -0.6887
vn 0.6887 -0.6887 0.2265
vn 0.9641 0.1877 -0.1877
vn 0.9641 -0.1877 0.1877
vn 0.6887 0.6887 -0.2265
vn 0.9641 0.1877 0.1877
vn 0.6887 -0.2265 0.6887
vn 0.6887 0.6887 0.2265
vn 0.6887 0.2265 0.6887
vn -0.6887 -0.6887 -0.2265
vn -0.2265 -0.6887 -0.6887
vn -0.1877 -0.9641 -0.1877
vn -0.6887 -0.2265 -0.6887
vn -0.9641 -0.1877 -0.1877
vn -0.1877 -0.1877 -0.9641
vn -0.9641 0.1877 -0.1877
vn -0.6887 0.2265 -0.6887
vn -0.1877 0.1877 -0.9641
vn -0.6887 0.6887 -0.2265
vn -0.2265 0.6887 -0.6887
vn -0.1877 0.9641 -0.1877
vn -0.6887 -0.6887 0.2265
vn -0.9641 0.1877 0.1877
vn -0.1877 0.9641 0.1877
vn -0.9641 -0.1877 0.1877
vn -0.1877 -0.9641 0.1877
vn -0.6887 0.6887 0.2265
vn -0.2265 -0.6887 0.6887
vn -0.6887 -0.2265 0.6887
vn -0.1877 -0.1877 0.9641
vn -0.6887 0.2265 0.6887
vn -0.1877 0.1877 0.9641
vn -0.2265 0.6887 0.6887
vn 0.1877 -0.9641 -0.1877
vn 0.1877 -0.1877 -0.9641
vn 0.1877 0.1877 -0.9641
vn 0.1877 0.9641 -0.1877
vn 0.1877 -0.9641 0.1877
vn 0.1877 -0.1877 0.9641
vn 0.1877 0.9641 0.1877
vn 0.2265 0.6887 0.6887
vn 0.2265 -0.6887 -0.6887
vn 0.2265 0.6887 -0.6887
vn 0.2265 -0.6887 0.6887
vn 0.1877 0.1877 0.9641
vn 0.6887 -0.6887 -0.2265
vn 0.6887 -0.2265 -0.6887
vn 0.9641 -0.1877 -0.1877
vn 0.6887 0.2265 -0.6887
vn 0.9641 0.1877 -0.1877
vn 0.6887 0.6887 -0.2265
vn 0.6887 -0.6887 0.2265
vn 0.9641 -0.1877 0.1877
vn 0.9641 0.1877 0.1877
vn 0.6887 0.6887 0.2265
vn 0.6887 -0.2265 0.6887
vn 0.6887 0.2265 0.6887
vn -0.5774 -0.5774 -0.5774
vn -0.8685 -0.4956 0.0000
vn -0.8685 0.0000 -0.4956
vn -0.4956 -0.8685 -0.0000
vn -0.1480 -0.8577 -0.4924
vn -0.1278 -0.9918 -0.0000
vn -0.1480 -0.4924 -0.8577
vn -0.4956 0.0000 -0.8685
vn -1.0000 0.0000 0.0000
vn -0.8685 0.4956 -0.0000
vn -0.5774 0.5774 -0.5774
vn -0.4956 0.8685 -0.0000
vn -0.1278 0.0000 -0.9918
vn -0.1480 0.4924 -0.8577
vn -0.1480 0.8577 -0.4924
vn -0.1278 0.9918 -0.0000
vn -0.5774 -0.5774 0.5774
vn -0.8685 -0.0000 0.4956
vn -0.1480 -0.8577 0.4924
vn -0.1480 -0.4924 0.8577
vn -0.4956 0.0000 0.8685
vn -0.5774 0.5774 0.5774
vn -0.1278 -0.0000 0.9918
vn -0.1480 0.4924 0.8577
vn -0.1480 0.8577 0.4924
vn 0.0000 -0.6737 -0.7390
vn 0.0000 -0.2588 -0.9659
vn 0.0000 0.5206 -0.8538
vn 0.0000 0.9068 -0.4215
vn 0.1480 -0.8577 -0.4924
vn 0.0000 -0.7071 -0.7071
vn 0.0000 0.2588 -0.9659
vn 0.0000 -0.0639 -0.9980
vn 0.0000 -0.2588 -0.9659
vn -0.0000 -0.2588 -0.9659
vn -0.0000 0.9659 -0.2588
vn 0.1480 -0.8577 0.4924
vn 0.1278 0.0000 0.9918
vn 0.1480 0.4924 0.8577
vn 0.1480 0.8577 0.4924
vn -0.0000 0.9659 -0.2588
vn 0.0000 0.9780 0.2085
vn 0.0000 0.9659 0.2588
vn 0.1480 -0.4924 -0.8577
vn 0.1278 -0.9918 -0.0000
vn 0.0000 -0.6737 -0.7390
vn -0.0000 -0.2588 -0.9659
vn -0.0000 -0.2588 -0.9659
vn -0.0000 -0.2588 -0.9659
vn 0.0000 -0.0639 -0.9980
vn 0.1278 0.0000 -0.9918
vn -0.0000 0.2588 -0.9659
vn 0.1480 0.8577 -0.4924
vn -0.0000 0.9659 -0.2588
vn -0.0000 0.9659 -0.2588
vn 0.1480 0.4924 -0.8577
vn 0.0000 0.5206 -0.8538
vn 0.0000 0.9068 -0.4215
vn 0.1480 -0.4924 0.8577
vn 0.1278 0.9918 0.0000
vn 0.0000 0.9780 0.2085
vn 0.4956 -0.8685 0.0000
vn 0.5774 -0.5774 -0.5774
vn 0.4956 -0.0000 -0.8685
vn 0.8685 -0.4956 0.0000
vn 0.8685 0.0000 -0.4956
vn 0.5774 0.5774 -0.5774
vn 0.4956 0.8685 -0.0000
vn 1.0000 0.0000 0.0000
vn 0.8685 0.4956 -0.0000
vn 0.5774 -0.5774 0.5774
vn 0.4956 0.0000 0.8685
vn 0.8685 -0.0000 0.4956
vn 0.5774 0.5774 0.5774
vn -0.6887 -0.6887 -0.2265
vn -0.9641 -0.1877 -0.1877
vn -0.6887 -0.2265 -0.6887
vn -0.2265 -0.6887 -0.6887
vn -0.1877 -0.9641 -0.1877
vn -0.1877 -0.1877 -0.9641
vn -0.1877 -0.9641 0.1877
vn -0.6887 -0.6887 0.2265
vn -0.9641 -0.1877 0.1877
vn -0.6887 -0.2265 0.6887
vn -0.2265 -0.6887 0.6887
vn -0.1877 -0.1877 0.9641
vn 0.2265 -0.6887 -0.6887
vn 0.1877 -0.1877 -0.9641
vn 0.1877 -0.9641 0.1877
vn 0.1877 -0.1877 0.9641
vn -0.6887 0.2265 -0.6887
vn -0.9641 0.1877 -0.1877
vn -0.6887 0.2265 0.6887
vn -0.1877 0.1877 0.9641
vn -0.1877 0.1877 -0.9641
vn -0.9641 0.1877 0.1877
vn -0.6887 0.6887 -0.2265
vn -0.2265 0.6887 -0.6887
vn -0.1877 0.9641 -0.1877
vn -0.6887 0.6887 0.2265
vn -0.2265 0.6887 0.6887
vn -0.1877 0.9641 0.1877
vn 0.2265 0.6887 -0.6887
vn 0.1877 0.9641 -0.1877
vn 0.2265 0.6887 0.6887
vn 0.1877 -0.9641 -0.1877
vn 0.2265 -0.6887 0.6887
vn 0.6887 -0.2265 -0.6887
vn 0.6887 -0.6887 -0.2265
vn 0.9641 -0.1877 -0.1877
vn 0.6887 -0.6887 0.2265
vn 0.9641 -0.1877 0.1877
vn 0.6887 -0.2265 0.6887
vn 0.1877 0.1877 -0.9641
vn 0.1877 0.1877 0.9641
vn 0.1877 0.9641 0.1877
vn 0.9641 0.1877 -0.1877
vn 0.6887 0.2265 0.6887
vn 0.9641 0.1877 0.1877
vn 0.6887 0.2265 -0.6887
vn 0.6887 0.6887 -0.2265
vn 0.6887 0.6887 0.2265
vn -0.5774 -0.5774 -0.5774
vn -0.4924 -0.8463 -0.2034
vn -0.8580 -0.4814 -0.1792
vn -0.8685 0.0000 -0.4956
vn -0.4956 0.0000 -0.8685
vn 0.0000 -0.8685 -0.4956
vn 0.0000 -0.9813 -0.1925
vn 0.0000 -0.4956 -0.8685
vn -0.9919 0.0110 -0.1264
vn -0.8568 0.5027 -0.1150
vn -0.5774 0.5774 -0.5774
vn -0.4911 0.8662 -0.0925
vn 0.0000 0.4956 -0.8685
vn 0.0000 0.0000 -1.0000
vn 0.0000 0.8685 -0.4956
vn 0.0000 0.9980 -0.0640
vn 0.0000 -0.9980 0.0640
vn -0.4911 -0.8662 0.0925
vn -0.9919 -0.0110 0.1264
vn -0.8568 -0.5027 0.1150
vn -0.8580 0.4814 0.1792
vn -0.4924 0.8463 0.2034
vn 0.0000 0.9813 0.1925
vn -0.5774 -0.5774 0.5774
vn -0.8685 0.0000 0.4956
vn -0.4956 0.0000 0.8685
vn -0.5774 0.5774 0.5774
vn 0.0000 -0.8685 0.4956
vn 0.0000 -0.4956 0.8685
vn 0.0000 0.4956 0.8685
vn 0.0000 0.0000 1.0000
vn 0.0000 0.8685 0.4956
vn 0.4924 -0.8463 -0.2034
vn 0.5774 -0.5774 -0.5774
vn 0.4956 0.0000 -0.8685
vn 0.8580 -0.4814 -0.1792
vn 0.8685 0.0000 -0.4956
vn 0.5774 0.5774 -0.5774
vn 0.4911 0.8662 -0.0925
vn 0.9919 0.0110 -0.1264
vn 0.8568 0.5027 -0.1150
vn 0.8568 -0.5027 0.1150
vn 0.9919 -0.0110 0.1264
vn 0.4911 -0.8662 0.0925
vn 0.4924 0.8463 0.2034
vn 0.8580 0.4814 0.1792
vn 0.5774 -0.5774 0.5774
vn 0.4956 -0.0000 0.8685
vn 0.5774 0.5774 0.5774
vn 0.8685 0.0000 0.4956
f 1//1 2//2 3//3
f 4//4 1//1 3//3
f 4//4 3//3 5//5
f 3//3 6//6 5//5
f 7//7 8//8 9//9
f 9//9 10//10 2//2
f 1//1 7//7 9//9
f 1//1 9//9 2//2
f 2//2 11//11 12//12
f 9//9 8//8 13//13
f 9//9 13//13 10//10
f 2//2 10//10 11//11
f 3//3 2//2 12//12
f 3//3 12//12 6//6
f 12//12 14//14 6//6
f 12//12 11//11 15//15
f 12//12 15//15 14//14
f 5//5 16//16 17//17
f 5//5 17//17 18//18
f 5//5 6//6 19//19
f 5//5 19//19 16//16
f 6//6 20//20 21//21
f 14//14 20//20 6//6
f 22//22 23//23 24//24
f 23//23 25//25 24//24
f 7//7 26//26 8//8
f 1//1 27//27 7//7
f 4//4 28//28 1//1
f 4//4 5//5 29//29
f 5//5 18//18 29//29
f 18//18 30//30 29//29
f 30//30 31//31 29//29
f 31//31 32//32 29//29
f 32//32 33//33 34//34
f 22//22 24//24 34//34
f 34//34 24//24 35//35
f 1//1 36//36 27//27
f 1//1 28//28 36//36
f 7//7 27//27 26//26
f 4//4 29//29 28//28
f 32//32 34//34 29//29
f 34//34 35//35 37//37
f 28//28 29//29 36//36
f 36//36 29//29 38//38
f 36//36 39//39 27//27
f 27//27 39//39 26//26
f 39//39 40//40 26//26
f 36//36 38//38 39//39
f 29//29 41//41 38//38
f 39//39 38//38 42//42
f 29//29 34//34 41//41
f 39//39 42//42 40//40
f 38//38 43//43 42//42
f 38//38 41//41 43//43
f 34//34 37//37 41//41
f 41//41 44//44 43//43
f 41//41 37//37 44//44
f 8//8 45//45 13//13
f 13//13 45//45 10//10
f 10//10 46//46 11//11
f 8//8 47//47 45//45
f 10//10 45//45 46//46
f 47//47 48//48 45//45
f 45//45 48//48 46//46
f 11//11 46//46 49//49
f 11//11 49//49 15//15
f 15//15 49//49 14//14
f 46//46 50//50 49//49
f 50//50 51//51 52//52
f 14//14 49//49 52//52
f 49//49 50//50 52//52
f 46//46 48//48 50//50
f 48//48 53//53 50//50
f 14//14 52//52 20//20
f 20//20 52//52 54//54
f 52//52 51//51 55//55
f 50//50 56//56 51//51
f 50//50 57//57 56//56
f 23//23 58//58 25//25
f 58//58 59//59 25//25
f 8//8 26//26 47//47
f 47//47 60//60 48//48
f 48//48 60//60 53//53
f 50//50 53//53 61//61
f 50//50 61//61 57//57
f 57//57 61//61 62//62
f 63//63 64//64 61//61
f 58//58 65//65 59//59
f 62//62 61//61 66//66
f 66//66 61//61 64//64
f 65//65 35//35 59//59
f 26//26 67//67 47//47
f 47//47 67//67 60//60
f 53//53 60//60 68//68
f 63//63 61//61 65//65
f 53//53 68//68 61//61
f 37//37 35//35 65//65
f 26//26 40//40 69//69
f 26//26 69//69 67//67
f 67//67 69//69 70//70
f 40//40 42//42 69//69
f 42//42 43//43 71//71
f 69//69 71//71 70//70
f 42//42 71//71 69//69
f 71//71 72//72 61//61
f 65//65 61//61 72//72
f 67//67 70//70 60//60
f 60//60 70//70 68//68
f 70//70 61//61 68//68
f 71//71 61//61 70//70
f 43//43 44//44 72//72
f 44//44 37//37 72//72
f 43//43 72//72 71//71
f 37//37 65//65 72//72
f 73//73 74//74 75//75
f 76//76 77//77 74//74
f 73//73 76//76 74//74
f 76//76 78//78 79//79
f 76//76 79//79 77//77
f 74//74 80//80 81//81
f 74//74 77//77 80//80
f 73//73 82//82 83//83
f 73//73 84//84 76//76
f 76//76 84//84 78//78
f 73//73 75//75 82//82
f 82//82 75//75 85//85
f 85//85 75//75 86//86
f 85//85 86//86 87//87
f 87//87 86//86 88//88
f 74//74 81//81 75//75
f 75//75 81//81 86//86
f 81//81 89//89 86//86
f 80//80 90//90 81//81
f 81//81 90//90 89//89
f 86//86 89//89 88//88
f 73//73 83//83 91//91
f 73//73 91//91 84//84
f 82//82 92//92 83//83
f 78//78 84//84 93//93
f 91//91 94//94 84//84
f 84//84 94//94 93//93
f 93//93 94//94 95//95
f 91//91 96//96 94//94
f 83//83 96//96 91//91
f 83//83 92//92 96//96
f 96//96 92//92 97//97
f 94//94 98//98 95//95
f 96//96 98//98 94//94
f 98//98 99//99 95//95
f 98//98 100//100 99//99
f 98//98 97//97 100//100
f 96//96 97//97 98//98
f 92//92 101//101 97//97
f 97//97 101//101 102//102
f 97//97 102//102 100//100
f 101//101 103//103 102//102
f 101//101 104//104 103//103
f 85//85 101//101 92//92
f 87//87 104//104 101//101
f 82//82 85//85 92//92
f 85//85 87//87 101//101
f 87//87 88//88 104//104
f 79//79 78//78 105//105
f 79//79 105//105 77//77
f 77//77 105//105 106//106
f 105//105 107//107 106//106
f 106//106 107//107 108//108
f 77//77 106//106 80//80
f 80//80 106//106 109//109
f 78//78 110//110 105//105
f 105//105 110//110 107//107
f 107//107 111//111 112//112
f 88//88 113//113 114//114
f 114//114 113//113 115//115
f 107//107 112//112 108//108
f 113//113 108//108 115//115
f 115//115 108//108 112//112
f 80//80 109//109 90//90
f 90//90 109//109 89//89
f 106//106 108//108 109//109
f 89//89 109//109 113//113
f 109//109 108//108 113//113
f 89//89 113//113 88//88
f 78//78 93//93 110//110
f 107//107 110//110 111//111
f 112//112 111//111 116//116
f 112//112 116//116 117//117
f 93//93 95//95 118//118
f 93//93 118//118 110//110
f 110//110 118//118 111//111
f 95//95 99//99 119//119
f 99//99 100//100 119//119
f 95//95 119//119 118//118
f 118//118 119//119 120//120
f 102//102 103//103 121//121
f 103//103 104//104 121//121
f 100//100 102//102 122//122
f 100//100 122//122 119//119
f 119//119 122//122 120//120
f 102//102 121//121 122//122
f 122//122 121//121 117//117
f 118//118 120//120 111//111
f 111//111 120//120 116//116
f 120//120 117//117 116//116
f 122//122 117//117 120//120
f 104//104 114//114 121//121
f 114//114 117//117 121//121
f 88//88 114//114 104//104
f 115//115 112//112 117//117
f 114//114 115//115 117//117
f 123//123 124//124 125//125
f 123//123 125//125 126//126
f 127//127 128//128 129//129
f 130//130 128//128 131//131
f 130//130 131//131 132//132
f 131//131 128//128 127//127
f 131//131 133//133 134//134
f 131//131 134//134 132//132
f 130//130 135//135 128//128
f 128//128 136//136 129//129
f 128//128 137//137 136//136
f 135//135 138//138 128//128
f 128//128 138//138 137//137
f 130//130 139//139 140//140
f 130//130 123//123 135//135
f 130//130 124//124 123//123
f 130//130 140//140 124//124
f 124//124 140//140 141//141
f 130//130 132//132 139//139
f 124//124 141//141 142//142
f 143//143 131//131 127//127
f 143//143 144//144 131//131
f 131//131 144//144 145//145
f 131//131 145//145 133//133
f 144//144 146//146 145//145
f 145//145 147//147 133//133
f 145//145 148//148 147//147
f 135//135 149//149 138//138
f 135//135 123//123 126//126
f 124//124 150//150 151//151
f 124//124 142//142 152//152
f 124//124 152//152 150//150
f 150//150 152//152 153//153
f 150//150 153//153 154//154
f 135//135 126//126 149//149
f 124//124 151//151 125//125
f 150//150 154//154 151//151
f 138//138 155//155 137//137
f 138//138 156//156 155//155
f 138//138 157//157 156//156
f 156//156 157//157 158//158
f 138//138 149//149 159//159
f 138//138 159//159 157//157
f 153//153 160//160 154//154
f 161//161 160//160 162//162
f 154//154 160//160 161//161
f 163//163 164//164 165//165
f 163//163 165//165 166//166
f 163//163 166//166 167//167
f 167//167 168//168 169//169
f 169//169 170//170 171//171
f 172//172 164//164 173//173
f 173//173 174//174 175//175
f 167//167 166//166 168//168
f 169//169 168//168 170//170
f 172//172 165//165 164//164
f 175//175 172//172 173//173
f 175//175 174//174 176//176
f 177//177 178//178 179//179
f 177//177 180//180 178//178
f 181//181 182//182 183//183
f 184//184 182//182 181//181
f 185//185 178//178 180//180
f 185//185 186//186 187//187
f 185//185 180//180 186//186
f 187//187 188//188 189//189
f 187//187 186//186 188//188
f 190//190 179//179 191//191
f 190//190 177//177 179//179
f 190//190 191//191 192//192
f 191//191 193//193 192//192
f 191//191 194//194 193//193
f 195//195 196//196 197//197
f 195//195 197//197 198//198
f 199//199 191//191 196//196
f 184//184 200//200 201//201
f 200//200 202//202 201//201
f 184//184 203//203 200//200
f 200//200 204//204 202//202
f 204//204 205//205 202//202
f 199//199 194//194 191//191
f 184//184 201//201 182//182
f 206//206 183//183 207//207
f 184//184 181//181 208//208
f 181//181 206//206 208//208
f 181//181 183//183 206//206
f 199//199 207//207 209//209
f 199//199 210//210 194//194
f 199//199 209//209 210//210
f 206//206 207//207 199//199
f 206//206 199//199 211//211
f 199//199 196//196 195//195
f 199//199 195//195 212//212
f 199//199 212//212 213//213
f 200//200 203//203 204//204
f 203//203 214//214 204//204
f 184//184 208//208 203//203
f 206//206 211//211 208//208
f 208//208 215//215 203//203
f 208//208 211//211 215//215
f 199//199 213//213 211//211
f 211//211 213//213 216//216
f 203//203 215//215 214//214
f 211//211 216//216 215//215
f 215//215 217//217 214//214
f 215//215 216//216 217//217
f 146//146 218//218 145//145
f 145//145 219//219 148//148
f 145//145 220//220 219//219
f 145//145 218//218 221//221
f 222//222 223//223 221//221
f 218//218 222//222 221//221
f 145//145 221//221 220//220
f 223//223 224//224 225//225
f 223//223 225//225 221//221
f 221//221 225//225 226//226
f 221//221 226//226 227//227
f 221//221 228//228 220//220
f 221//221 227//227 228//228
f 224//224 229//229 225//225
f 229//229 230//230 225//225
f 225//225 230//230 231//231
f 225//225 231//231 232//232
f 225//225 232//232 226//226
f 226//226 233//233 227//227
f 234//234 235//235 236//236
f 226//226 237//237 233//233
f 226//226 232//232 238//238
f 226//226 238//238 234//234
f 234//234 236//236 237//237
f 226//226 234//234 237//237
f 158//158 157//157 239//239
f 230//230 240//240 231//231
f 239//239 231//231 240//240
f 157//157 231//231 239//239
f 157//157 159//159 241//241
f 157//157 241//241 231//231
f 231//231 241//241 232//232
f 242//242 243//243 244//244
f 242//242 244//244 234//234
f 234//234 244//244 235//235
f 242//242 234//234 245//245
f 232//232 241//241 246//246
f 232//232 246//246 247//247
f 234//234 248//248 245//245
f 234//234 247//247 248//248
f 161//161 162//162 249//249
f 161//161 249//249 243//243
f 242//242 161//161 243//243
f 242//242 245//245 161//161
f 232//232 247//247 238//238
f 234//234 238//238 247//247
f 171//171 250//250 251//251
f 251//251 252//252 253//253
f 254//254 255//255 256//256
f 174//174 257//257 176//176
f 258//258 257//257 254//254
f 171//171 170//170 250//250
f 250//250 252//252 251//251
f 253//253 252//252 259//259
f 176//176 257//257 258//258
f 258//258 254//254 256//256
f 253//253 259//259 255//255
f 259//259 256//256 255//255
f 260//260 261//261 189//189
f 189//189 188//188 260//260
f 262//262 263//263 261//261
f 260//260 262//262 261//261
f 263//263 262//262 264//264
f 195//195 198//198 265//265
f 195//195 265//265 266//266
f 195//195 266//266 267//267
f 268//268 269//269 270//270
f 267//267 268//268 270//270
f 267//267 271//271 272//272
f 267//267 272//272 273//273
f 267//267 270//270 271//271
f 204//204 274//274 205//205
f 274//274 275//275 205//205
f 274//274 276//276 275//275
f 274//274 277//277 278//278
f 274//274 278//278 276//276
f 195//195 267//267 279//279
f 195//195 279//279 212//212
f 212//212 279//279 213//213
f 279//279 267//267 273//273
f 279//279 273//273 280//280
f 279//279 280//280 281//281
f 279//279 281//281 282//282
f 279//279 282//282 283//283
f 279//279 283//283 284//284
f 283//283 282//282 285//285
f 278//278 286//286 276//276
f 278//278 287//287 286//286
f 283//283 286//286 287//287
f 283//283 285//285 286//286
f 264//264 269//269 263//263
f 264//264 270//270 269//269
f 286//286 288//288 276//276
f 286//286 285//285 288//288
f 204//204 214//214 277//277
f 204//204 277//277 274//274
f 213//213 284//284 216//216
f 213//213 279//279 284//284
f 214//214 217//217 289//289
f 216//216 289//289 217//217
f 214//214 289//289 277//277
f 216//216 284//284 289//289
f 277//277 289//289 287//287
f 284//284 287//287 289//289
f 278//278 277//277 287//287
f 283//283 287//287 284//284
f 290//290 291//291 292//292
f 292//292 293//293 294//294
f 290//290 292//292 294//294
f 290//290 294//294 295//295
f 294//294 293//293 296//296
f 294//294 297//297 295//295
f 294//294 296//296 297//297
f 295//295 297//297 298//298
f 297//297 296//296 299//299
f 297//297 299//299 300//300
f 297//297 300//300 298//298
f 300//300 299//299 301//301
f 290//290 302//302 291//291
f 290//290 295//295 303//303
f 291//291 302//302 304//304
f 290//290 303//303 305//305
f 295//295 298//298 306//306
f 298//298 300//300 307//307
f 300//300 301//301 307//307
f 291//291 304//304 308//308
f 295//295 309//309 303//303
f 292//292 291//291 310//310
f 292//292 310//310 293//293
f 293//293 311//311 296//296
f 296//296 312//312 299//299
f 299//299 312//312 301//301
f 293//293 310//310 311//311
f 291//291 313//313 310//310
f 296//296 311//311 314//314
f 296//296 314//314 312//312
f 301//301 312//312 315//315
f 310//310 313//313 316//316
f 310//310 317//317 311//311
f 311//311 317//317 314//314
f 310//310 316//316 317//317
f 316//316 318//318 317//317
f 317//317 318//318 319//319
f 317//317 319//319 314//314
f 318//318 320//320 319//319
f 314//314 319//319 312//312
f 312//312 321//321 315//315
f 319//319 321//321 312//312
f 319//319 320//320 321//321
f 291//291 322//322 313//313
f 301//301 315//315 323//323
f 291//291 324//324 322//322
f 301//301 323//323 325//325
f 291//291 326//326 324//324
f 301//301 325//325 327//327
f 313//313 322//322 328//328
f 315//315 329//329 323//323
f 291//291 330//330 326//326
f 313//313 328//328 331//331
f 315//315 332//332 329//329
f 313//313 331//331 333//333
f 315//315 334//334 332//332
f 313//313 335//335 316//316
f 316//316 336//336 318//318
f 318//318 336//336 320//320
f 315//315 321//321 337//337
f 320//320 338//338 321//321
f 291//291 308//308 330//330
f 301//301 327//327 339//339
f 313//313 333//333 335//335
f 315//315 337//337 334//334
f 295//295 306//306 309//309
f 308//308 304//304 340//340
f 309//309 341//341 303//303
f 298//298 307//307 306//306
f 301//301 339//339 307//307
f 342//342 308//308 340//340
f 342//342 341//341 309//309
f 342//342 343//343 308//308
f 342//342 344//344 343//343
f 342//342 309//309 344//344
f 343//343 344//344 345//345
f 309//309 306//306 344//344
f 344//344 306//306 346//346
f 344//344 346//346 347//347
f 344//344 347//347 345//345
f 306//306 307//307 346//346
f 346//346 307//307 348//348
f 307//307 339//339 348//348
f 346//346 348//348 347//347
f 339//339 327//327 349//349
f 308//308 350//350 330//330
f 339//339 349//349 351//351
f 308//308 352//352 350//350
f 339//339 351//351 353//353
f 308//308 354//354 352//352
f 335//335 355//355 354//354
f 337//337 353//353 356//356
f 337//337 356//356 357//357
f 316//316 335//335 358//358
f 316//316 358//358 336//336
f 320//320 336//336 338//338
f 321//321 338//338 359//359
f 321//321 359//359 337//337
f 335//335 333//333 360//360
f 337//337 361//361 334//334
f 335//335 360//360 355//355
f 337//337 357//357 361//361
f 308//308 335//335 354//354
f 339//339 353//353 337//337
f 308//308 343//343 362//362
f 343//343 345//345 362//362
f 345//345 347//347 363//363
f 347//347 348//348 364//364
f 339//339 337//337 348//348
f 308//308 362//362 335//335
f 345//345 363//363 362//362
f 347//347 364//364 363//363
f 348//348 337//337 365//365
f 348//348 365//365 364//364
f 335//335 362//362 358//358
f 362//362 363//363 366//366
f 363//363 364//364 366//366
f 362//362 366//366 358//358
f 358//358 366//366 336//336
f 336//336 366//366 367//367
f 336//336 367//367 338//338
f 366//366 364//364 367//367
f 337//337 359//359 365//365
f 364//364 365//365 367//367
f 338//338 367//367 359//359
f 367//367 365//365 359//359
f 368//368 369//369 370//370
f 371//371 370//370 369//369
f 371//371 372//372 373//373
f 371//371 369//369 372//372
f 371//371 374//374 370//370
f 371//371 375//375 374//374
f 371//371 373//373 375//375
f 374//374 375//375 376//376
f 375//375 373//373 377//377
f 375//375 378//378 376//376
f 369//369 379//379 372//372
f 368//368 379//379 369//369
f 368//368 380//380 379//379
f 372//372 381//381 373//373
f 372//372 379//379 382//382
f 372//372 382//382 381//381
f 373//373 381//381 383//383
f 380//380 384//384 379//379
f 379//379 384//384 385//385
f 379//379 385//385 382//382
f 385//385 384//384 386//386
f 382//382 385//385 387//387
f 385//385 386//386 387//387
f 382//382 387//387 381//381
f 386//386 388//388 387//387
f 381//381 387//387 383//383
f 387//387 388//388 389//389
f 368//368 390//390 380//380
f 375//375 377//377 378//378
f 378//378 377//377 391//391
f 373//373 383//383 377//377
f 377//377 392//392 391//391
f 377//377 383//383 392//392
f 383//383 389//389 392//392
f 387//387 389//389 383//383
f 391//391 392//392 393//393
f 392//392 389//389 394//394
f 368//368 395//395 390//390
f 368//368 370//370 396//396
f 370//370 374//374 397//397
f 374//374 376//376 398//398
f 376//376 378//378 398//398
f 380//380 390//390 399//399
f 380//380 399//399 400//400
f 380//380 400//400 401//401
f 380//380 401//401 402//402
f 380//380 403//403 384//384
f 384//384 404//404 386//386
f 386//386 404//404 388//388
f 388//388 405//405 389//389
f 368//368 396//396 395//395
f 380//380 402//402 403//403
f 389//389 405//405 406//406
f 391//391 393//393 407//407
f 391//391 407//407 408//408
f 391//391 408//408 409//409
f 378//378 391//391 410//410
f 392//392 411//411 393//393
f 392//392 412//412 411//411
f 392//392 394//394 412//412
f 389//389 413//413 394//394
f 389//389 406//406 414//414
f 391//391 409//409 410//410
f 396//396 415//415 395//395
f 370//370 416//416 396//396
f 370//370 397//397 416//416
f 374//374 398//398 397//397
f 396//396 417//417 415//415
f 396//396 418//418 417//417
f 396//396 419//419 418//418
f 384//384 403//403 420//420
f 384//384 420//420 404//404
f 388//388 404//404 405//405
f 405//405 421//421 406//406
f 403//403 402//402 422//422
f 403//403 422//422 423//423
f 403//403 423//423 419//419
f 378//378 424//424 398//398
f 378//378 410//410 424//424
f 410//410 409//409 425//425
f 410//410 425//425 426//426
f 410//410 426//426 427//427
f 428//428 429//429 430//430
f 431//431 432//432 429//429
f 431//431 433//433 432//432
f 431//431 427//427 433//433
f 396//396 403//403 419//419
f 396//396 416//416 434//434
f 416//416 435//435 434//434
f 416//416 397//397 435//435
f 435//435 436//436 434//434
f 397//397 437//437 435//435
f 435//435 437//437 436//436
f 397//397 398//398 437//437
f 398//398 424//424 437//437
f 437//437 438//438 439//439
f 436//436 437//437 439//439
f 396//396 434//434 440//440
f 434//434 436//436 440//440
f 396//396 440//440 403//403
f 436//436 439//439 441//441
f 439//439 438//438 442//442
f 436//436 441//441 440//440
f 439//439 442//442 441//441
f 403//403 440//440 420//420
f 440//440 443//443 420//420
f 420//420 443//443 404//404
f 440//440 441//441 443//443
f 404//404 443//443 405//405
f 441//441 442//442 443//443
f 443//443 444//444 405//405
f 443//443 442//442 444//444
f 405//405 444//444 428//428
f 442//442 445//445 444//444
f 410//410 427//427 431//431
f 405//405 428//428 421//421
f 431//431 429//429 428//428
f 424//424 410//410 438//438
f 437//437 424//424 438//438
f 410//410 431//431 438//438
f 438//438 431//431 445//445
f 438//438 445//445 442//442
f 431//431 428//428 445//445
f 444//444 445//445 428//428
f 446//446 447//447 448//448
f 449//449 450//450 451//451
f 449//449 448//448 450//450
f 449//449 446//446 448//448
f 449//449 452//452 446//446
f 449//449 453//453 452//452
f 448//448 447//447 454//454
f 448//448 454//454 450//450
f 449//449 451//451 453//453
f 452//452 453//453 455//455
f 453//453 451//451 456//456
f 453//453 457//457 455//455
f 453//453 456//456 457//457
f 457//457 456//456 458//458
f 450//450 459//459 451//451
f 451//451 459//459 456//456
f 456//456 460//460 458//458
f 447//447 461//461 454//454
f 450//450 454//454 462//462
f 450//450 462//462 459//459
f 454//454 461//461 463//463
f 454//454 464//464 462//462
f 454//454 463//463 464//464
f 464//464 463//463 465//465
f 462//462 464//464 466//466
f 464//464 465//465 466//466
f 456//456 459//459 467//467
f 456//456 467//467 460//460
f 462//462 466//466 459//459
f 465//465 468//468 466//466
f 459//459 466//466 467//467
f 467//467 469//469 460//460
f 466//466 468//468 469//469
f 467//467 466//466 469//469
f 447//447 470//470 461//461
f 458//458 460//460 471//471
f 461//461 472//472 463//463
f 463//463 473//473 465//465
f 465//465 474//474 468//468
f 468//468 475//475 469//469
f 460//460 469//469 476//476
f 447//447 477//477 470//470
f 447//447 478//478 477//477
f 458//458 471//471 479//479
f 446//446 480//480 447//447
f 446//446 452//452 481//481
f 447//447 482//482 478//478
f 452//452 455//455 483//483
f 455//455 457//457 483//483
f 457//457 458//458 484//484
f 458//458 479//479 485//485
f 461//461 470//470 486//486
f 461//461 486//486 472//472
f 463//463 472//472 487//487
f 465//465 473//473 474//474
f 460//460 488//488 471//471
f 460//460 489//489 488//488
f 460//460 476//476 489//489
f 468//468 474//474 475//475
f 469//469 490//490 476//476
f 469//469 475//475 491//491
f 447//447 480//480 482//482
f 458//458 485//485 484//484
f 446//446 492//492 480//480
f 446//446 481//481 492//492
f 452//452 483//483 481//481
f 480//480 493//493 482//482
f 457//457 494//494 483//483
f 457//457 484//484 494//494
f 484//484 485//485 495//495
f 480//480 496//496 493//493
f 480//480 497//497 496//496
f 484//484 495//495 498//498
f 484//484 498//498 499//499
f 500//500 501//501 502//502
f 503//503 504//504 505//505
f 503//503 506//506 504//504
f 500//500 502//502 507//507
f 500//500 507//507 497//497
f 508//508 509//509 506//506
f 510//510 511//511 512//512
f 513//513 514//514 511//511
f 513//513 499//499 514//514
f 480//480 500//500 497//497
f 484//484 499//499 513//513
f 500//500 515//515 501//501
f 515//515 503//503 505//505
f 503//503 508//508 506//506
f 508//508 510//510 509//509
f 513//513 511//511 510//510
f 492//492 516//516 480//480
f 492//492 517//517 516//516
f 492//492 481//481 517//517
f 517//517 518//518 516//516
f 481//481 519//519 517//517
f 517//517 519//519 518//518
f 480//480 516//516 520//520
f 516//516 518//518 520//520
f 518//518 521//521 522//522
f 481//481 483//483 519//519
f 518//518 519//519 521//521
f 483//483 494//494 519//519
f 494//494 484//484 523//523
f 494//494 523//523 519//519
f 519//519 523//523 521//521
f 484//484 513//513 523//523
f 521//521 523//523 524//524
f 480//480 520//520 500//500
f 518//518 522//522 520//520
f 500//500 520//520 515//515
f 520//520 522//522 525//525
f 520//520 525//525 515//515
f 515//515 525//525 503//503
f 503//503 525//525 508//508
f 522//522 524//524 525//525
f 521//521 524//524 522//522
f 523//523 513//513 526//526
f 523//523 526//526 524//524
f 525//525 527//527 508//508
f 525//525 524//524 527//527
f 513//513 510//510 526//526
f 524//524 526//526 527//527
f 508//508 527//527 510//510
f 526//526 510//510 527//527
f 528//528 529//529 530//530
f 528//528 531//531 529//529
f 528//528 532//532 531//531
f 531//531 533//533 529//529
f 532//532 534//534 535//535
f 532//532 535//535 531//531
f 531//531 535//535 533//533
f 533//533 535//535 536//536
f 534//534 537//537 535//535
f 535//535 538//538 536//536
f 535//535 537//537 538//538
f 537//537 539//539 538//538
f 528//528 540//540 532//532
f 528//528 530//530 540//540
f 532//532 541//541 534//534
f 534//534 542//542 537//537
f 537//537 543//543 539//539
f 532//532 540//540 544//544
f 530//530 545//545 540//540
f 532//532 544//544 541//541
f 534//534 541//541 542//542
f 537//537 542//542 543//543
f 540//540 545//545 546//546
f 540//540 546//546 547//547
f 540//540 547//547 544//544
f 547//547 546//546 548//548
f 544//544 549//549 541//541
f 544//544 547//547 549//549
f 547//547 548//548 549//549
f 548//548 550//550 549//549
f 541//541 549//549 542//542
f 549//549 550//550 551//551
f 542//542 551//551 543//543
f 549//549 551//551 542//542
f 530//530 529//529 552//552
f 529//529 533//533 553//553
f 533//533 536//536 554//554
f 536//536 538//538 554//554
f 538//538 539//539 555//555
f 539//539 543//543 555//555
f 530//530 556//556 545//545
f 545//545 556//556 546//546
f 546//546 557//557 548//548
f 548//548 557//557 550//550
f 550//550 558//558 551//551
f 551//551 559//559 543//543
f 529//529 560//560 552//552
f 529//529 553//553 560//560
f 533//533 554//554 553//553
f 538//538 561//561 554//554
f 538//538 555//555 561//561
f 530//530 552//552 556//556
f 543//543 559//559 555//555
f 546//546 556//556 562//562
f 546//546 562//562 557//557
f 550//550 557//557 558//558
f 551//551 558//558 563//563
f 551//551 563//563 559//559
f 552//552 560//560 564//564
f 560//560 565//565 564//564
f 560//560 553//553 565//565
f 564//564 565//565 566//566
f 553//553 567//567 565//565
f 565//565 567//567 566//566
f 553//553 554//554 567//567
f 566//566 567//567 568//568
f 554//554 561//561 567//567
f 567//567 569//569 568//568
f 561//561 555//555 569//569
f 561//561 569//569 567//567
f 552//552 564//564 570//570
f 564//564 566//566 570//570
f 566//566 568//568 571//571
f 555//555 559//559 569//569
f 568//568 569//569 572//572
f 552//552 570//570 556//556
f 566//566 571//571 570//570
f 568//568 572//572 571//571
f 569//569 559//559 573//573
f 569//569 573//573 572//572
f 556//556 570//570 562//562
f 562//562 570//570 574//574
f 562//562 574//574 557//557
f 570//570 571//571 574//574
f 557//557 574//574 558//558
f 574//574 575//575 558//558
f 574//574 572//572 575//575
f 574//574 571//571 572//572
f 558//558 575//575 563//563
f 575//575 572//572 573//573
f 563//563 573//573 559//559
f 563//563 575//575 573//573
f 576//576 577//577 578//578
f 576//576 579//579 577//577
f 580//580 581//581 582//582
f 580//580 582//582 583//583
f 578//578 584//584 581//581
f 580//580 578//578 581//581
f 580//580 583//583 585//585
f 580//580 576//576 578//578
f 580//580 585//585 576//576
f 585//585 583//583 586//586
f 581//581 587//587 588//588
f 582//582 581//581 588//588
f 582//582 589//589 583//583
f 582//582 588//588 590//590
f 582//582 590//590 589//589
f 583//583 589//589 591//591
f 581//581 584//584 587//587
f 584//584 592//592 587//587
f 583//583 591//591 586//586
f 578//578 593//593 584//584
f 576//576 585//585 579//579
f 585//585 586//586 579//579
f 578//578 577//577 594//594
f 578//578 594//594 593//593
f 584//584 595//595 592//592
f 584//584 593//593 595//595
f 595//595 593//593 596//596
f 586//586 597//597 579//579
f 586//586 591//591 598//598
f 586//586 598//598 597//597
f 599//599 600//600 601//601
f 599//599 602//602 600//600
f 601//601 603//603 604//604
f 604//604 605//605 606//606
f 599//599 607//607 602//602
f 607//607 608//608 609//609
f 608//608 610//610 611//611
f 601//601 600//600 603//603
f 603//603 605//605 604//604
f 605//605 612//612 606//606
f 607//607 609//609 602//602
f 608//608 611//611 609//609
f 613//613 614//614 615//615
f 614//614 616//616 615//615
f 617//617 618//618 619//619
f 617//617 620//620 618//618
f 613//613 621//621 622//622
f 621//621 623//623 622//622
f 622//622 623//623 624//624
f 623//623 625//625 624//624
f 614//614 626//626 616//616
f 626//626 627//627 628//628
f 613//613 615//615 621//621
f 626//626 628//628 616//616
f 627//627 629//629 628//628
f 627//627 630//630 629//629
f 627//627 631//631 632//632
f 631//631 633//633 632//632
f 633//633 634//634 632//632
f 635//635 636//636 637//637
f 637//637 636//636 638//638
f 636//636 639//639 638//638
f 627//627 640//640 630//630
f 619//619 635//635 637//637
f 617//617 641//641 620//620
f 641//641 642//642 620//620
f 618//618 635//635 619//619
f 618//618 643//643 635//635
f 618//618 620//620 643//643
f 635//635 644//644 636//636
f 642//642 645//645 640//640
f 630//630 640//640 646//646
f 645//645 646//646 640//640
f 620//620 642//642 640//640
f 620//620 640//640 647//647
f 627//627 632//632 640//640
f 640//640 632//632 648//648
f 640//640 648//648 649//649
f 636//636 644//644 639//639
f 635//635 643//643 644//644
f 620//620 647//647 643//643
f 643//643 650//650 644//644
f 643//643 647//647 650//650
f 644//644 651//651 639//639
f 640//640 649//649 647//647
f 647//647 649//649 652//652
f 644//644 650//650 651//651
f 647//647 652//652 650//650
f 650//650 653//653 651//651
f 650//650 652//652 653//653
f 588//588 587//587 654//654
f 590//590 588//588 655//655
f 590//590 655//655 589//589
f 589//589 656//656 591//591
f 588//588 654//654 655//655
f 589//589 655//655 656//656
f 587//587 592//592 657//657
f 587//587 657//657 654//654
f 591//591 656//656 658//658
f 655//655 654//654 659//659
f 655//655 659//659 656//656
f 654//654 657//657 660//660
f 656//656 661//661 658//658
f 654//654 660//660 659//659
f 656//656 659//659 661//661
f 659//659 660//660 662//662
f 659//659 662//662 661//661
f 592//592 595//595 657//657
f 595//595 596//596 663//663
f 595//595 663//663 657//657
f 657//657 663//663 660//660
f 660//660 664//664 662//662
f 658//658 661//661 665//665
f 660//660 663//663 664//664
f 661//661 666//666 665//665
f 591//591 658//658 598//598
f 598//598 658//658 667//667
f 658//658 665//665 667//667
f 661//661 662//662 666//666
f 662//662 664//664 666//666
f 606//606 612//612 668//668
f 668//668 669//669 670//670
f 670//670 671//671 672//672
f 610//610 673//673 674//674
f 673//673 675//675 676//676
f 612//612 669//669 668//668
f 669//669 671//671 670//670
f 610//610 674//674 611//611
f 673//673 676//676 674//674
f 675//675 677//677 676//676
f 672//672 677//677 675//675
f 672//672 671//671 677//677
f 624//624 625//625 678//678
f 625//625 679//679 678//678
f 678//678 679//679 680//680
f 680//680 681//681 682//682
f 679//679 681//681 680//680
f 634//634 683//683 632//632
f 632//632 683//683 684//684
f 632//632 684//684 685//685
f 685//685 686//686 687//687
f 685//685 688//688 689//689
f 685//685 689//689 690//690
f 685//685 687//687 688//688
f 686//686 691//691 687//687
f 638//638 639//639 692//692
f 639//639 693//693 692//692
f 692//692 693//693 694//694
f 632//632 685//685 695//695
f 632//632 695//695 648//648
f 648//648 695//695 649//649
f 685//685 690//690 695//695
f 693//693 696//696 697//697
f 694//694 697//697 698//698
f 699//699 700//700 701//701
f 693//693 697//697 694//694
f 697//697 702//702 703//703
f 700//700 703//703 701//701
f 701//701 703//703 702//702
f 690//690 704//704 695//695
f 695//695 704//704 705//705
f 695//695 705//705 699//699
f 695//695 699//699 701//701
f 695//695 701//701 706//706
f 686//686 682//682 691//691
f 682//682 681//681 691//691
f 700//700 698//698 703//703
f 697//697 703//703 698//698
f 639//639 696//696 693//693
f 639//639 651//651 696//696
f 649//649 706//706 652//652
f 649//649 695//695 706//706
f 651//651 653//653 707//707
f 652//652 707//707 653//653
f 651//651 707//707 696//696
f 652//652 706//706 707//707
f 696//696 707//707 702//702
f 706//706 702//702 707//707
f 697//697 696//696 702//702
f 701//701 702//702 706//706
f 708//708 709//709 710//710
f 711//711 712//712 709//709
f 713//713 711//711 708//708
f 708//708 711//711 709//709
f 713//713 714//714 715//715
f 711//711 715//715 712//712
f 713//713 715//715 711//711
f 712//712 715//715 716//716
f 708//708 710//710 717//717
f 713//713 708//708 717//717
f 713//713 718//718 714//714
f 715//715 719//719 716//716
f 714//714 720//720 715//715
f 715//715 720//720 719//719
f 720//720 721//721 719//719
f 714//714 718//718 720//720
f 720//720 722//722 721//721
f 713//713 717//717 723//723
f 710//710 724//724 717//717
f 713//713 723//723 718//718
f 720//720 718//718 725//725
f 720//720 725//725 722//722
f 717//717 724//724 726//726
f 723//723 717//717 727//727
f 717//717 726//726 727//727
f 727//727 726//726 728//728
f 723//723 729//729 718//718
f 723//723 727//727 729//729
f 727//727 728//728 729//729
f 728//728 730//730 729//729
f 718//718 729//729 725//725
f 729//729 731//731 725//725
f 729//729 730//730 731//731
f 725//725 731//731 722//722
f 710//710 732//732 724//724
f 721//721 722//722 733//733
f 710//710 734//734 735//735
f 721//721 736//736 737//737
f 710//710 735//735 732//732
f 721//721 733//733 736//736
f 710//710 738//738 734//734
f 721//721 737//737 739//739
f 710//710 709//709 740//740
f 712//712 741//741 709//709
f 712//712 716//716 742//742
f 716//716 719//719 742//742
f 719//719 721//721 743//743
f 724//724 732//732 744//744
f 722//722 745//745 733//733
f 724//724 744//744 746//746
f 722//722 747//747 745//745
f 724//724 746//746 748//748
f 722//722 749//749 747//747
f 724//724 750//750 726//726
f 726//726 751//751 728//728
f 728//728 751//751 730//730
f 730//730 752//752 731//731
f 731//731 753//753 722//722
f 721//721 739//739 754//754
f 710//710 740//740 738//738
f 724//724 748//748 750//750
f 722//722 753//753 749//749
f 721//721 754//754 743//743
f 709//709 755//755 740//740
f 709//709 741//741 755//755
f 712//712 742//742 741//741
f 719//719 756//756 742//742
f 719//719 743//743 756//756
f 738//738 740//740 757//757
f 757//757 740//740 758//758
f 754//754 759//759 743//743
f 758//758 740//740 760//760
f 759//759 761//761 743//743
f 726//726 750//750 762//762
f 726//726 762//762 751//751
f 730//730 751//751 752//752
f 731//731 752//752 763//763
f 731//731 763//763 753//753
f 748//748 764//764 750//750
f 749//749 753//753 765//765
f 764//764 766//766 750//750
f 765//765 753//753 767//767
f 760//760 750//750 766//766
f 761//761 767//767 753//753
f 760//760 740//740 750//750
f 761//761 753//753 743//743
f 740//740 755//755 768//768
f 741//741 769//769 755//755
f 755//755 769//769 768//768
f 768//768 769//769 770//770
f 741//741 771//771 769//769
f 769//769 771//771 770//770
f 741//741 742//742 771//771
f 770//770 771//771 772//772
f 740//740 768//768 773//773
f 768//768 770//770 773//773
f 770//770 772//772 774//774
f 742//742 756//756 771//771
f 756//756 775//775 771//771
f 756//756 743//743 775//775
f 771//771 775//775 772//772
f 772//772 775//775 776//776
f 743//743 753//753 775//775
f 740//740 773//773 750//750
f 770//770 774//774 773//773
f 772//772 776//776 774//774
f 775//775 753//753 777//777
f 775//775 777//777 776//776
f 750//750 773//773 762//762
f 762//762 773//773 778//778
f 762//762 778//778 751//751
f 773//773 774//774 778//778
f 751//751 778//778 752//752
f 778//778 779//779 752//752
f 778//778 776//776 779//779
f 778//778 774//774 776//776
f 763//763 779//779 777//777
f 752//752 779//779 763//763
f 763//763 777//777 753//753
f 779//779 776//776 777//777
f 780//780 781//781 782//782
f 780//780 783//783 781//781
f 784//784 785//785 783//783
f 780//780 784//784 783//783
f 781//781 783//783 786//786
f 783//783 787//787 786//786
f 783//783 785//785 787//787
f 787//787 788//788 786//786
f 785//785 789//789 787//787
f 787//787 790//790 788//788
f 780//780 791//791 784//784
f 780//780 782//782 791//791
f 784//784 792//792 785//785
f 785//785 792//792 789//789
f 782//782 793//793 791//791
f 791//791 793//793 794//794
f 791//791 794//794 795//795
f 784//784 791//791 796//796
f 784//784 796//796 792//792
f 791//791 795//795 796//796
f 794//794 797//797 795//795
f 796//796 795//795 798//798
f 795//795 797//797 799//799
f 796//796 798//798 792//792
f 795//795 799//799 798//798
f 792//792 798//798 800//800
f 798//798 799//799 801//801
f 782//782 802//802 793//793
f 787//787 789//789 790//790
f 789//789 803//803 790//790
f 789//789 804//804 803//803
f 792//792 800//800 789//789
f 789//789 800//800 804//804
f 798//798 801//801 800//800
f 800//800 801//801 804//804
f 803//803 804//804 805//805
f 804//804 801//801 806//806
f 799//799 807//807 801//801
f 782//782 808//808 802//802
f 782//782 809//809 808//808
f 782//782 781//781 810//810
f 781//781 786//786 811//811
f 786//786 788//788 812//812
f 788//788 790//790 812//812
f 793//793 802//802 813//813
f 793//793 813//813 814//814
f 793//793 814//814 815//815
f 793//793 816//816 794//794
f 799//799 817//817 807//807
f 794//794 818//818 797//797
f 797//797 818//818 799//799
f 782//782 810//810 809//809
f 793//793 815//815 816//816
f 799//799 819//819 817//817
f 803//803 805//805 820//820
f 790//790 803//803 821//821
f 803//803 820//820 822//822
f 804//804 823//823 805//805
f 804//804 824//824 823//823
f 804//804 825//825 824//824
f 804//804 806//806 825//825
f 801//801 826//826 806//806
f 803//803 822//822 827//827
f 809//809 810//810 828//828
f 781//781 829//829 810//810
f 781//781 811//811 829//829
f 786//786 812//812 811//811
f 828//828 810//810 830//830
f 830//830 810//810 831//831
f 794//794 816//816 832//832
f 794//794 832//832 818//818
f 799//799 818//818 833//833
f 799//799 833//833 819//819
f 815//815 834//834 816//816
f 834//834 835//835 816//816
f 831//831 816//816 836//836
f 835//835 836//836 816//816
f 803//803 827//827 821//821
f 790//790 837//837 812//812
f 790//790 821//821 837//837
f 827//827 838//838 821//821
f 838//838 839//839 821//821
f 817//817 819//819 840//840
f 841//841 842//842 843//843
f 843//843 842//842 844//844
f 844//844 842//842 845//845
f 845//845 842//842 839//839
f 831//831 810//810 816//816
f 810//810 829//829 846//846
f 829//829 847//847 846//846
f 829//829 811//811 847//847
f 846//846 847//847 848//848
f 811//811 849//849 847//847
f 847//847 849//849 848//848
f 811//811 812//812 849//849
f 812//812 837//837 849//849
f 849//849 850//850 851//851
f 848//848 849//849 851//851
f 810//810 846//846 852//852
f 846//846 848//848 852//852
f 848//848 851//851 853//853
f 851//851 850//850 854//854
f 810//810 852//852 816//816
f 816//816 852//852 832//832
f 832//832 852//852 855//855
f 848//848 853//853 852//852
f 851//851 854//854 853//853
f 852//852 853//853 855//855
f 832//832 855//855 818//818
f 818//818 855//855 833//833
f 853//853 854//854 855//855
f 855//855 854//854 856//856
f 833//833 855//855 856//856
f 854//854 857//857 856//856
f 833//833 856//856 819//819
f 839//839 842//842 821//821
f 841//841 819//819 842//842
f 837//837 821//821 850//850
f 849//849 837//837 850//850
f 821//821 842//842 850//850
f 850//850 842//842 857//857
f 854//854 850//850 857//857
f 842//842 819//819 857//857
f 856//856 857//857 819//819
f 858//858 859//859 860//860
f 861//861 862//862 863//863
f 861//861 863//863 858//858
f 858//858 863//863 859//859
f 864//864 859//859 863//863
f 864//864 863//863 865//865
f 858//858 860//860 866//866
f 861//861 858//858 867//867
f 861//861 867//867 862//862
f 864//864 865//865 868//868
f 863//863 862//862 865//865
f 862//862 869//869 865//865
f 868//868 865//865 870//870
f 865//865 869//869 870//870
f 869//869 871//871 870//870
f 862//862 872//872 869//869
f 869//869 872//872 871//871
f 858//858 866//866 873//873
f 858//858 873//873 867//867
f 873//873 866//866 874//874
f 867//867 873//873 875//875
f 873//873 874//874 875//875
f 875//875 874//874 876//876
f 867//867 875//875 877//877
f 875//875 876//876 878//878
f 862//862 867//867 879//879
f 862//862 879//879 872//872
f 871//871 872//872 880//880
f 867//867 877//877 879//879
f 875//875 878//878 877//877
f 879//879 877//877 872//872
f 877//877 878//878 881//881
f 877//877 881//881 872//872
f 872//872 881//881 880//880
f 871//871 880//880 882//882
f 860//860 883//883 866//866
f 866//866 884//884 874//874
f 874//874 885//885 876//876
f 876//876 886//886 878//878
f 878//878 887//887 881//881
f 881//881 888//888 880//880
f 860//860 889//889 883//883
f 860//860 890//890 889//889
f 864//864 891//891 859//859
f 860//860 859//859 892//892
f 864//864 868//868 893//893
f 868//868 870//870 893//893
f 870//870 871//871 894//894
f 871//871 882//882 895//895
f 866//866 883//883 896//896
f 866//866 896//896 884//884
f 874//874 884//884 897//897
f 874//874 898//898 885//885
f 876//876 885//885 886//886
f 880//880 899//899 900//900
f 880//880 901//901 899//899
f 880//880 900//900 882//882
f 880//880 888//888 901//901
f 881//881 902//902 888//888
f 878//878 886//886 887//887
f 871//871 895//895 903//903
f 860//860 892//892 890//890
f 871//871 903//903 894//894
f 890//890 892//892 904//904
f 864//864 893//893 891//891
f 859//859 905//905 892//892
f 859//859 891//891 905//905
f 904//904 892//892 906//906
f 870//870 907//907 893//893
f 870//870 894//894 907//907
f 906//906 892//892 908//908
f 903//903 909//909 894//894
f 909//909 910//910 894//894
f 911//911 912//912 913//913
f 908//908 913//913 914//914
f 912//912 914//914 913//913
f 915//915 911//911 916//916
f 917//917 918//918 919//919
f 917//917 919//919 920//920
f 921//921 922//922 923//923
f 923//923 922//922 910//910
f 920//920 924//924 925//925
f 926//926 922//922 921//921
f 908//908 892//892 913//913
f 911//911 913//913 916//916
f 918//918 916//916 919//919
f 920//920 919//919 924//924
f 926//926 927//927 922//922
f 925//925 924//924 927//927
f 910//910 922//922 894//894
f 892//892 905//905 928//928
f 905//905 929//929 928//928
f 891//891 929//929 905//905
f 928//928 929//929 930//930
f 891//891 931//931 929//929
f 929//929 931//931 930//930
f 892//892 928//928 932//932
f 928//928 930//930 932//932
f 930//930 933//933 934//934
f 891//891 893//893 931//931
f 930//930 931//931 933//933
f 893//893 907//907 931//931
f 907//907 894//894 935//935
f 907//907 935//935 931//931
f 931//931 935//935 933//933
f 894//894 922//922 935//935
f 933//933 935//935 936//936
f 892//892 932//932 913//913
f 930//930 934//934 932//932
f 913//913 932//932 916//916
f 916//916 932//932 937//937
f 916//916 937//937 919//919
f 932//932 934//934 937//937
f 919//919 937//937 924//924
f 937//937 934//934 936//936
f 933//933 936//936 934//934
f 935//935 922//922 938//938
f 935//935 938//938 936//936
f 937//937 939//939 924//924
f 937//937 936//936 939//939
f 924//924 939//939 927//927
f 927//927 938//938 922//922
f 927//927 939//939 938//938
f 939//939 936//936 938//938
f 940//940 941//941 942//942
f 940//940 943//943 941//941
f 940//940 944//944 943//943
f 943//943 945//945 941//941
f 944//944 946//946 947//947
f 944//944 947//947 943//943
f 943//943 947//947 945//945
f 945//945 947//947 948//948
f 946//946 949//949 947//947
f 947//947 950//950 948//948
f 947//947 949//949 950//950
f 949//949 951//951 950//950
f 940//940 952//952 944//944
f 940//940 942//942 952//952
f 944//944 953//953 946//946
f 946//946 953//953 949//949
f 949//949 954//954 951//951
f 944//944 952//952 955//955
f 942//942 956//956 952//952
f 944//944 955//955 953//953
f 949//949 953//953 957//957
f 949//949 957//957 954//954
f 952//952 956//956 958//958
f 952//952 958//958 959//959
f 952//952 959//959 955//955
f 959//959 958//958 960//960
f 955//955 961//961 953//953
f 955//955 959//959 961//961
f 959//959 960//960 962//962
f 959//959 962//962 961//961
f 953//953 961//961 957//957
f 957//957 961//961 963//963
f 957//957 963//963 954//954
f 961//961 962//962 963//963
f 942//942 941//941 964//964
f 941//941 945//945 965//965
f 945//945 948//948 966//966
f 948//948 950//950 966//966
f 950//950 951//951 967//967
f 951//951 954//954 967//967
f 942//942 968//968 956//956
f 956//956 968//968 958//958
f 958//958 969//969 960//960
f 960//960 969//969 962//962
f 954//954 963//963 970//970
f 962//962 971//971 963//963
f 941//941 972//972 964//964
f 941//941 965//965 972//972
f 945//945 966//966 965//965
f 950//950 973//973 966//966
f 950//950 967//967 973//973
f 942//942 964//964 968//968
f 954//954 970//970 967//967
f 958//958 968//968 974//974
f 958//958 974//974 969//969
f 962//962 969//969 975//975
f 963//963 971//971 970//970
f 962//962 975//975 971//971
f 964//964 972//972 976//976
f 972//972 977//977 976//976
f 972//972 965//965 977//977
f 976//976 977//977 978//978
f 965//965 979//979 977//977
f 977//977 979//979 978//978
f 965//965 966//966 979//979
f 978//978 979//979 980//980
f 966//966 973//973 979//979
f 979//979 981//981 980//980
f 973//973 967//967 981//981
f 973//973 981//981 979//979
f 964//964 976//976 982//982
f 976//976 978//978 982//982
f 978//978 980//980 983//983
f 967//967 970//970 981//981
f 980//980 981//981 984//984
f 964//964 982//982 968//968
f 978//978 983//983 982//982
f 980//980 984//984 983//983
f 981//981 970//970 985//985
f 981//981 985//985 984//984
f 968//968 982//982 974//974
f 974//974 982//982 986//986
f 982//982 983//983 986//986
f 974//974 986//986 969//969
f 983//983 987//987 986//986
f 983//983 984//984 987//987
f 969//969 986//986 987//987
f 969//969 987//987 975//975
f 984//984 985//985 987//987
f 970//970 971//971 985//985
f 971//971 987//987 985//985
f 975//975 987//987 971//971
f 988//988 989//989 990//990
f 988//988 991//991 989//989
f 992//992 993//993 991//991
f 992//992 991//991 988//988
f 994//994 988//988 995//995
f 994//994 992//992 988//988
f 989//989 996//996 990//990
f 990//990 996//996 997//997
f 995//995 988//988 990//990
f 995//995 990//990 998//998
f 990//990 997//997 998//998
f 998//998 997//997 999//999
f 994//994 995//995 1000//1000
f 995//995 1001//1001 1000//1000
f 995//995 998//998 1001//1001
f 998//998 999//999 1002//1002
f 1001//1001 998//998 1002//1002
f 1002//1002 999//999 1003//1003
f 989//989 1004//1004 1005//1005
f 991//991 1004//1004 989//989
f 991//991 993//993 1006//1006
f 991//991 1006//1006 1004//1004
f 1004//1004 1007//1007 1008//1008
f 1006//1006 1007//1007 1004//1004
f 989//989 1005//1005 996//996
f 996//996 1005//1005 997//997
f 1005//1005 1004//1004 1008//1008
f 1005//1005 1008//1008 1009//1009
f 1005//1005 1009//1009 997//997
f 997//997 1009//1009 999//999
f 1007//1007 1010//1010 1008//1008
f 1008//1008 1010//1010 1011//1011
f 1008//1008 1011//1011 1009//1009
f 999//999 1009//1009 1012//1012
f 1012//1012 1009//1009 1011//1011
f 999//999 1012//1012 1003//1003
f 994//994 1013//1013 992//992
f 994//994 1000//1000 1014//1014
f 1000//1000 1001//1001 1015//1015
f 1001//1001 1002//1002 1015//1015
f 1002//1002 1003//1003 1016//1016
f 992//992 1017//1017 993//993
f 994//994 1014//1014 1013//1013
f 992//992 1013//1013 1018//1018
f 1000//1000 1019//1019 1020//1020
f 1000//1000 1021//1021 1014//1014
f 1000//1000 1022//1022 1021//1021
f 1000//1000 1020//1020 1022//1022
f 1000//1000 1015//1015 1019//1019
f 1002//1002 1016//1016 1015//1015
f 1003//1003 1023//1023 1016//1016
f 993//993 1024//1024 1006//1006
f 1006//1006 1024//1024 1007//1007
f 1007//1007 1025//1025 1010//1010
f 1010//1010 1026//1026 1011//1011
f 1012//1012 1011//1011 1026//1026
f 1003//1003 1012//1012 1027//1027
f 1003//1003 1028//1028 1023//1023
f 1003//1003 1029//1029 1028//1028
f 1003//1003 1030//1030 1029//1029
f 992//992 1018//1018 1031//1031
f 1003//1003 1027//1027 1030//1030
f 993//993 1017//1017 1032//1032
f 992//992 1031//1031 1017//1017
f 1031//1031 1018//1018 1033//1033
f 1031//1031 1033//1033 1034//1034
f 1031//1031 1034//1034 1035//1035
f 1031//1031 1035//1035 1036//1036
f 1031//1031 1036//1036 1037//1037
f 1038//1038 1037//1037 1039//1039
f 1040//1040 1041//1041 1042//1042
f 1043//1043 1039//1039 1044//1044
f 1040//1040 1044//1044 1045//1045
f 1040//1040 1045//1045 1041//1041
f 993//993 1032//1032 1024//1024
f 1007//1007 1024//1024 1046//1046
f 1007//1007 1046//1046 1025//1025
f 1010//1010 1025//1025 1026//1026
f 1012//1012 1026//1026 1027//1027
f 1047//1047 1042//1042 1048//1048
f 1027//1027 1048//1048 1030//1030
f 1031//1031 1037//1037 1038//1038
f 1038//1038 1039//1039 1043//1043
f 1043//1043 1044//1044 1040//1040
f 1040//1040 1042//1042 1047//1047
f 1047//1047 1048//1048 1027//1027
f 1017//1017 1049//1049 1032//1032
f 1031//1031 1050//1050 1017//1017
f 1017//1017 1050//1050 1049//1049
f 1031//1031 1051//1051 1050//1050
f 1050//1050 1052//1052 1049//1049
f 1050//1050 1053//1053 1052//1052
f 1031//1031 1038//1038 1051//1051
f 1038//1038 1043//1043 1051//1051
f 1043//1043 1040//1040 1054//1054
f 1040//1040 1047//1047 1055//1055
f 1051//1051 1043//1043 1054//1054
f 1054//1054 1040//1040 1055//1055
f 1051//1051 1053//1053 1050//1050
f 1051//1051 1054//1054 1053//1053
f 1052//1052 1053//1053 1056//1056
f 1053//1053 1057//1057 1056//1056
f 1054//1054 1055//1055 1057//1057
f 1053//1053 1054//1054 1057//1057
f 1032//1032 1049//1049 1024//1024
f 1024//1024 1058//1058 1046//1046
f 1049//1049 1058//1058 1024//1024
f 1058//1058 1059//1059 1046//1046
f 1049//1049 1052//1052 1058//1058
f 1052//1052 1060//1060 1058//1058
f 1046//1046 1059//1059 1025//1025
f 1025//1025 1059//1059 1026//1026
f 1027//1027 1026//1026 1061//1061
f 1047//1047 1027//1027 1055//1055
f 1059//1059 1061//1061 1026//1026
f 1055//1055 1027//1027 1061//1061
f 1060//1060 1059//1059 1058//1058
f 1060//1060 1061//1061 1059//1059
f 1052//1052 1056//1056 1060//1060
f 1056//1056 1057//1057 1060//1060
f 1057//1057 1055//1055 1061//1061
f 1060//1060 1057//1057 1061//1061
f 1062//1062 1063//1063 1064//1064
f 1062//1062 1064//1064 1065//1065
f 1062//1062 1065//1065 1066//1066
f 1065//1065 1064//1064 1067//1067
f 1062//1062 1066//1066 1068//1068
f 1062//1062 1069//1069 1070//1070
f 1062//1062 1070//1070 1063//1063
f 1062//1062 1068//1068 1069//1069
f 1069//1069 1071//1071 1070//1070
f 1069//1069 1072//1072 1071//1071
f 1069//1069 1068//1068 1072//1072
f 1072//1072 1073//1073 1071//1071
f 1066//1066 1065//1065 1074//1074
f 1065//1065 1067//1067 1075//1075
f 1066//1066 1076//1076 1068//1068
f 1068//1068 1076//1076 1072//1072
f 1072//1072 1077//1077 1073//1073
f 1063//1063 1078//1078 1064//1064
f 1064//1064 1078//1078 1067//1067
f 1063//1063 1070//1070 1079//1079
f 1070//1070 1071//1071 1080//1080
f 1071//1071 1073//1073 1081//1081
f 1063//1063 1079//1079 1078//1078
f 1078//1078 1082//1082 1067//1067
f 1070//1070 1083//1083 1079//1079
f 1070//1070 1080//1080 1083//1083
f 1071//1071 1081//1081 1080//1080
f 1079//1079 1084//1084 1078//1078
f 1078//1078 1085//1085 1082//1082
f 1078//1078 1084//1084 1085//1085
f 1084//1084 1086//1086 1085//1085
f 1079//1079 1083//1083 1084//1084
f 1083//1083 1080//1080 1087//1087
f 1080//1080 1081//1081 1088//1088
f 1084//1084 1083//1083 1087//1087
f 1084//1084 1089//1089 1086//1086
f 1084//1084 1087//1087 1089//1089
f 1080//1080 1088//1088 1087//1087
f 1087//1087 1088//1088 1089//1089
f 1067//1067 1082//1082 1075//1075
f 1073//1073 1077//1077 1081//1081
f 1082//1082 1085//1085 1090//1090
f 1085//1085 1086//1086 1090//1090
f 1086//1086 1089//1089 1091//1091
f 1081//1081 1092//1092 1088//1088
f 1088//1088 1092//1092 1089//1089
f 1066//1066 1074//1074 1093//1093
f 1065//1065 1075//1075 1074//1074
f 1066//1066 1093//1093 1076//1076
f 1072//1072 1076//1076 1094//1094
f 1072//1072 1094//1094 1077//1077
f 1074//1074 1095//1095 1096//1096
f 1093//1093 1074//1074 1096//1096
f 1074//1074 1075//1075 1095//1095
f 1096//1096 1095//1095 1097//1097
f 1093//1093 1096//1096 1076//1076
f 1076//1076 1096//1096 1098//1098
f 1096//1096 1097//1097 1098//1098
f 1098//1098 1097//1097 1099//1099
f 1076//1076 1098//1098 1094//1094
f 1094//1094 1098//1098 1100//1100
f 1094//1094 1100//1100 1077//1077
f 1098//1098 1099//1099 1100//1100
f 1082//1082 1101//1101 1075//1075
f 1081//1081 1077//1077 1102//1102
f 1082//1082 1090//1090 1101//1101
f 1086//1086 1091//1091 1090//1090
f 1081//1081 1102//1102 1092//1092
f 1089//1089 1103//1103 1091//1091
f 1089//1089 1092//1092 1103//1103
f 1075//1075 1101//1101 1095//1095
f 1095//1095 1104//1104 1097//1097
f 1077//1077 1100//1100 1105//1105
f 1100//1100 1099//1099 1106//1106
f 1097//1097 1104//1104 1099//1099
f 1101//1101 1107//1107 1095//1095
f 1095//1095 1107//1107 1104//1104
f 1077//1077 1105//1105 1102//1102
f 1100//1100 1106//1106 1105//1105
f 1099//1099 1104//1104 1106//1106
f 1101//1101 1090//1090 1107//1107
f 1107//1107 1108//1108 1104//1104
f 1090//1090 1108//1108 1107//1107
f 1090//1090 1091//1091 1108//1108
f 1108//1108 1106//1106 1104//1104
f 1102//1102 1105//1105 1092//1092
f 1105//1105 1106//1106 1109//1109
f 1091//1091 1103//1103 1108//1108
f 1103//1103 1109//1109 1108//1108
f 1108//1108 1109//1109 1106//1106
f 1092//1092 1105//1105 1109//1109
f 1092//1092 1109//1109 1103//1103
f 1110//1110 1111//1111 1112//1112
f 1110//1110 1113//1113 1114//1114
f 1110//1110 1112//1112 1113//1113
f 1115//1115 1116//1116 1111//1111
f 1110//1110 1115//1115 1111//1111
f 1110//1110 1114//1114 1117//1117
f 1110//1110 1117//1117 1115//1115
f 1113//1113 1112//1112 1118//1118
f 1113//1113 1118//1118 1119//1119
f 1113//1113 1120//1120 1114//1114
f 1113//1113 1119//1119 1120//1120
f 1120//1120 1119//1119 1121//1121
f 1120//1120 1122//1122 1114//1114
f 1117//1117 1114//1114 1123//1123
f 1114//1114 1122//1122 1123//1123
f 1120//1120 1121//1121 1124//1124
f 1120//1120 1124//1124 1122//1122
f 1124//1124 1121//1121 1125//1125
f 1111//1111 1116//1116 1126//1126
f 1112//1112 1111//1111 1127//1127
f 1112//1112 1128//1128 1118//1118
f 1118//1118 1128//1128 1119//1119
f 1112//1112 1127//1127 1129//1129
f 1112//1112 1129//1129 1128//1128
f 1111//1111 1126//1126 1127//1127
f 1119//1119 1128//1128 1130//1130
f 1119//1119 1130//1130 1131//1131
f 1121//1121 1131//1131 1132//1132
f 1119//1119 1131//1131 1121//1121
f 1121//1121 1132//1132 1125//1125
f 1129//1129 1127//1127 1133//1133
f 1129//1129 1133//1133 1134//1134
f 1129//1129 1134//1134 1128//1128
f 1128//1128 1134//1134 1130//1130
f 1134//1134 1133//1133 1135//1135
f 1134//1134 1135//1135 1136//1136
f 1134//1134 1136//1136 1130//1130
f 1127//1127 1126//1126 1137//1137
f 1133//1133 1127//1127 1137//1137
f 1133//1133 1138//1138 1135//1135
f 1133//1133 1137//1137 1138//1138
f 1136//1136 1135//1135 1139//1139
f 1135//1135 1138//1138 1140//1140
f 1135//1135 1140//1140 1139//1139
f 1130//1130 1136//1136 1131//1131
f 1131//1131 1141//1141 1132//1132
f 1136//1136 1141//1141 1131//1131
f 1136//1136 1139//1139 1141//1141
f 1115//1115 1142//1142 1116//1116
f 1115//1115 1117//1117 1143//1143
f 1115//1115 1143//1143 1142//1142
f 1117//1117 1144//1144 1143//1143
f 1143//1143 1145//1145 1142//1142
f 1143//1143 1144//1144 1146//1146
f 1143//1143 1146//1146 1145//1145
f 1117//1117 1123//1123 1144//1144
f 1123//1123 1122//1122 1144//1144
f 1122//1122 1147//1147 1144//1144
f 1122//1122 1124//1124 1147//1147
f 1124//1124 1125//1125 1148//1148
f 1124//1124 1148//1148 1147//1147
f 1146//1146 1149//1149 1145//1145
f 1146//1146 1150//1150 1149//1149
f 1144//1144 1147//1147 1146//1146
f 1147//1147 1150//1150 1146//1146
f 1147//1147 1148//1148 1150//1150
f 1116//1116 1142//1142 1126//1126
f 1142//1142 1145//1145 1151//1151
f 1145//1145 1149//1149 1152//1152
f 1150//1150 1152//1152 1149//1149
f 1126//1126 1142//1142 1153//1153
f 1142//1142 1151//1151 1153//1153
f 1145//1145 1152//1152 1151//1151
f 1132//1132 1154//1154 1148//1148
f 1150//1150 1155//1155 1152//1152
f 1148//1148 1154//1154 1155//1155
f 1125//1125 1132//1132 1148//1148
f 1148//1148 1155//1155 1150//1150
f 1126//1126 1153//1153 1137//1137
f 1137//1137 1156//1156 1138//1138
f 1137//1137 1153//1153 1156//1156
f 1138//1138 1156//1156 1157//1157
f 1138//1138 1157//1157 1140//1140
f 1140//1140 1157//1157 1139//1139
f 1139//1139 1157//1157 1158//1158
f 1153//1153 1151//1151 1156//1156
f 1156//1156 1151//1151 1159//1159
f 1151//1151 1152//1152 1159//1159
f 1152//1152 1155//1155 1159//1159
f 1157//1157 1156//1156 1159//1159
f 1157//1157 1159//1159 1158//1158
f 1159//1159 1155//1155 1158//1158
f 1132//1132 1141//1141 1154//1154
f 1139//1139 1158//1158 1141//1141
f 1141//1141 1158//1158 1154//1154
f 1154//1154 1158//1158 1155//1155
