v -0.01876 -0.25658 -0.54339
v 0.00000 -0.24720 -0.54590
v -0.00424 -0.21033 -0.58433
v 0.00000 -0.21143 -0.58168
v -0.02815 -0.35375 -0.50000
v -0.01876 -0.35626 -0.48124
v -0.02815 -0.33750 -0.48375
v -0.01876 -0.35626 -0.51876
v 0.00000 -0.36565 -0.51625
v -0.01625 -0.36565 -0.50000
v 0.00000 -0.36565 -0.48375
v 0.00000 -0.35375 -0.47185
v -0.01625 -0.33750 -0.47185
v 0.00000 -0.37000 -0.50000
v -0.03250 -0.33750 -0.50000
v -0.02815 -0.32125 -0.50000
v -0.01876 -0.31874 -0.48124
v -0.02246 -0.30580 -0.50254
v -0.02786 -0.29187 -0.52873
v -0.02172 -0.30668 -0.50000
v 0.00000 -0.32125 -0.47185
v 0.00000 -0.33750 -0.46750
v -0.01876 -0.30589 -0.49408
v 0.00000 -0.30840 -0.48470
v -0.01876 -0.30589 -0.49408
v -0.03250 0.23750 -1.07500
v 0.00000 0.22125 -1.10315
v -0.01876 0.21874 -1.09376
v -0.02815 0.25375 -1.07500
v -0.02786 -0.29123 -0.52937
v -0.02246 -0.26504 -0.54330
v -0.02172 -0.26250 -0.54418
v -0.01876 -0.25658 -0.54339
v -0.01876 0.25626 -1.05624
v 0.00000 -0.20768 -0.58543
v -0.02815 0.23750 -1.09125
v 0.00000 0.26565 -1.05875
v -0.01876 0.25626 -1.09376
v -0.01625 0.23750 -1.10315
v 0.00000 0.23750 -1.10750
v 0.00000 0.25375 -1.10315
v -0.01625 0.26565 -1.07500
v 0.00000 0.26565 -1.09125
v 0.00000 0.27000 -1.07500
v 0.01876 -0.25658 -0.54339
v 0.00424 -0.21033 -0.58433
v 0.01625 -0.36565 -0.50000
v 0.01876 -0.35626 -0.48124
v 0.01876 -0.35626 -0.51876
v 0.02815 -0.35375 -0.50000
v 0.01625 -0.33750 -0.47185
v 0.02815 -0.33750 -0.48375
v 0.01876 -0.31874 -0.48124
v 0.02172 -0.30668 -0.50000
v 0.01876 -0.30589 -0.49408
v 0.01876 -0.30589 -0.49408
v 0.03250 -0.33750 -0.50000
v 0.02246 -0.30580 -0.50254
v 0.02786 -0.29187 -0.52873
v 0.02815 0.22125 -1.07500
v 0.02815 0.25375 -1.07500
v 0.02786 -0.29123 -0.52937
v 0.02246 -0.26504 -0.54330
v 0.02172 -0.26250 -0.54418
v 0.01876 -0.25658 -0.54339
v 0.01876 0.25626 -1.05624
v 0.01876 0.21874 -1.09376
v 0.03250 0.23750 -1.07500
v 0.01625 0.23750 -1.10315
v 0.02815 0.23750 -1.09125
v 0.01625 0.26565 -1.07500
v 0.01876 0.25626 -1.09376
v -0.03250 0.11250 -0.20000
v -0.02815 0.09625 -0.20000
v -0.02815 0.11250 -0.18375
v -0.01876 0.09374 -0.18124
v -0.01625 0.08435 -0.20000
v 0.00000 0.08435 -0.21625
v 0.00000 0.08000 -0.20000
v 0.00000 0.08435 -0.18375
v 0.00000 0.09625 -0.17185
v -0.01625 0.11250 -0.17185
v 0.00000 0.11250 -0.16750
v -0.03250 0.38750 -1.05000
v -0.02815 0.12875 -0.20000
v -0.02815 0.40375 -1.05000
v -0.01625 0.35935 -1.05000
v -0.01876 0.13126 -0.18124
v -0.01625 0.14065 -0.20000
v 0.00000 0.12875 -0.17185
v 0.00000 0.14065 -0.18375
v -0.02815 0.37125 -1.05000
v -0.01625 0.41565 -1.05000
v 0.00000 0.35935 -1.06625
v -0.01876 0.36874 -1.06876
v 0.00000 0.37125 -1.07815
v -0.02815 0.38750 -1.06625
v -0.01876 0.40626 -1.06876
v -0.01625 0.38750 -1.07815
v 0.00000 0.38750 -1.08250
v 0.00000 0.40375 -1.07815
v 0.00000 0.41565 -1.06625
v 0.00000 0.42000 -1.05000
v 0.00000 0.41565 -1.03375
v 0.01625 0.08435 -0.20000
v 0.01876 0.09374 -0.18124
v 0.02815 0.09625 -0.20000
v 0.01625 0.11250 -0.17185
v 0.02815 0.11250 -0.18375
v 0.03250 0.11250 -0.20000
v 0.01625 0.35935 -1.05000
v 0.02815 0.37125 -1.05000
v 0.02815 0.40375 -1.05000
v 0.02815 0.12875 -0.20000
v 0.01876 0.13126 -0.18124
v 0.01625 0.14065 -0.20000
v 0.03250 0.38750 -1.05000
v 0.01876 0.36874 -1.06876
v 0.01625 0.38750 -1.07815
v 0.02815 0.38750 -1.06625
v 0.01876 0.40626 -1.06876
v 0.01625 0.41565 -1.05000
v -0.02500 -0.26250 -0.54330
v -0.02172 -0.26250 -0.54418
v -0.02246 -0.26504 -0.54330
v -0.01876 -0.25658 -0.54339
v 0.00000 -0.23750 -0.54330
v 0.00000 -0.24720 -0.54590
v -0.02500 -0.30580 -0.50000
v -0.04330 -0.28750 -0.50000
v -0.02887 -0.29137 -0.52887
v -0.02246 -0.30580 -0.50254
v -0.02786 -0.29187 -0.52873
v -0.02904 -0.29132 -0.47148
v -0.02763 -0.29199 -0.47130
v -0.02883 -0.29151 -0.47142
v -0.02172 -0.30668 -0.50000
v -0.01876 -0.30589 -0.49408
v 0.00000 -0.30580 -0.47500
v 0.00000 -0.30840 -0.48470
v -0.00420 -0.29875 -0.46949
v 0.00000 -0.29952 -0.46872
v -0.05000 -0.26250 -0.50000
v -0.04330 -0.26250 -0.47500
v -0.05000 -0.21150 -0.48470
v -0.04330 -0.21150 -0.50970
v -0.04330 -0.26250 -0.52500
v -0.03118 -0.28750 -0.47250
v -0.03186 -0.28539 -0.47193
v -0.02786 -0.29123 -0.52937
v -0.03275 -0.27625 -0.46949
v -0.02753 -0.26801 -0.46125
v -0.02500 -0.21150 -0.52800
v -0.02500 -0.26250 -0.45670
v -0.04330 -0.21150 -0.45970
v -0.02566 -0.26746 -0.45918
v -0.02071 -0.26679 -0.45670
v -0.02500 -0.21150 -0.44140
v -0.00017 -0.26500 -0.45000
v 0.00000 -0.21150 -0.43390
v 0.00000 -0.26501 -0.44995
v 0.00000 -0.21150 -0.53550
v -0.05000 -0.19350 -0.47930
v -0.04330 -0.19350 -0.45430
v -0.05000 -0.12400 -0.45845
v -0.04330 -0.12400 -0.48345
v -0.04330 -0.19350 -0.50430
v -0.02500 -0.12400 -0.50175
v -0.02500 -0.19350 -0.52260
v -0.04330 -0.12400 -0.43345
v -0.02500 -0.19350 -0.43600
v -0.02500 -0.12400 -0.41515
v 0.00000 -0.12400 -0.50925
v 0.00000 -0.19350 -0.53010
v 0.00000 -0.19350 -0.42850
v 0.00000 -0.12400 -0.40765
v -0.05000 -0.03650 -0.43220
v -0.05000 -0.10600 -0.45305
v -0.04330 -0.10600 -0.42805
v -0.04330 -0.03650 -0.45720
v -0.05000 -0.01250 -0.42500
v -0.04330 -0.01250 -0.45000
v -0.05000 -0.01850 -0.42680
v -0.04330 -0.01850 -0.40180
v -0.04330 -0.10600 -0.47805
v -0.02500 -0.03650 -0.47550
v -0.02500 -0.10600 -0.49635
v -0.04330 -0.03650 -0.40720
v -0.02500 -0.10600 -0.40975
v -0.02960 -0.03650 -0.39350
v 0.00000 -0.03650 -0.48300
v 0.00000 -0.10600 -0.50385
v -0.02712 -0.03533 -0.39067
v -0.02680 -0.03250 -0.38950
v -0.02500 -0.01250 -0.38170
v -0.01250 -0.10600 -0.40600
v 0.00000 -0.03750 -0.38170
v -0.00190 -0.10717 -0.40317
v 0.00000 -0.10797 -0.40284
v -0.04330 -0.01850 -0.45180
v -0.02500 -0.01250 -0.46830
v -0.04330 -0.01250 -0.40000
v -0.02500 -0.01850 -0.47010
v -0.04330 0.01250 -0.42500
v -0.02887 0.01637 -0.45387
v -0.02887 0.01637 -0.39613
v 0.00000 0.01250 -0.46830
v 0.00000 -0.01850 -0.47760
v -0.03500 -0.01850 -0.39350
v -0.03182 -0.01967 -0.39067
v -0.02980 -0.02250 -0.38950
v 0.00000 -0.01250 -0.37500
v 0.00000 0.01250 -0.38170
v -0.02500 0.03080 -0.42500
v 0.00000 0.03080 -0.45000
v 0.00000 0.03080 -0.40000
v 0.00000 0.03750 -0.42500
v 0.01876 -0.25658 -0.54339
v 0.02246 -0.26504 -0.54330
v 0.02172 -0.26250 -0.54418
v 0.02500 -0.26250 -0.54330
v 0.01876 -0.30589 -0.49408
v 0.02172 -0.30668 -0.50000
v 0.02246 -0.30580 -0.50254
v 0.02500 -0.30580 -0.50000
v 0.02763 -0.29199 -0.47130
v 0.00420 -0.29875 -0.46949
v 0.02887 -0.29137 -0.52887
v 0.02786 -0.29187 -0.52873
v 0.04330 -0.28750 -0.50000
v 0.02883 -0.29151 -0.47142
v 0.02904 -0.29132 -0.47148
v 0.00017 -0.26500 -0.45000
v 0.02071 -0.26679 -0.45670
v 0.02500 -0.26250 -0.45670
v 0.02786 -0.29123 -0.52937
v 0.03118 -0.28750 -0.47250
v 0.04330 -0.26250 -0.52500
v 0.03186 -0.28539 -0.47193
v 0.05000 -0.26250 -0.50000
v 0.04330 -0.26250 -0.47500
v 0.02753 -0.26801 -0.46125
v 0.03275 -0.27625 -0.46949
v 0.02500 -0.21150 -0.52800
v 0.02566 -0.26746 -0.45918
v 0.02500 -0.21150 -0.44140
v 0.04330 -0.21150 -0.50970
v 0.05000 -0.21150 -0.48470
v 0.04330 -0.21150 -0.45970
v 0.02500 -0.19350 -0.52260
v 0.02500 -0.12400 -0.50175
v 0.02500 -0.19350 -0.43600
v 0.02500 -0.12400 -0.41515
v 0.04330 -0.12400 -0.48345
v 0.04330 -0.19350 -0.50430
v 0.04330 -0.19350 -0.45430
v 0.05000 -0.19350 -0.47930
v 0.04330 -0.12400 -0.43345
v 0.05000 -0.12400 -0.45845
v 0.02500 -0.03650 -0.47550
v 0.02500 -0.10600 -0.49635
v 0.04330 -0.03650 -0.45720
v 0.04330 -0.10600 -0.47805
v 0.02500 -0.10600 -0.40975
v 0.04330 -0.10600 -0.42805
v 0.04330 -0.03650 -0.40720
v 0.05000 -0.10600 -0.45305
v 0.02960 -0.03650 -0.39350
v 0.05000 -0.03650 -0.43220
v 0.00190 -0.10717 -0.40317
v 0.01250 -0.10600 -0.40600
v 0.02500 -0.01250 -0.38170
v 0.02712 -0.03533 -0.39067
v 0.02680 -0.03250 -0.38950
v 0.02500 -0.01250 -0.46830
v 0.02500 -0.01850 -0.47010
v 0.02887 0.01637 -0.45387
v 0.04330 -0.01850 -0.45180
v 0.04330 -0.01250 -0.45000
v 0.05000 -0.01250 -0.42500
v 0.04330 -0.01250 -0.40000
v 0.04330 -0.01850 -0.40180
v 0.04330 0.01250 -0.42500
v 0.02887 0.01637 -0.39613
v 0.02980 -0.02250 -0.38950
v 0.03182 -0.01967 -0.39067
v 0.03500 -0.01850 -0.39350
v 0.05000 -0.01850 -0.42680
v 0.02500 0.03080 -0.42500
v -0.15650 -0.21033 -0.58433
v -0.15650 -0.21150 -0.58150
v -0.15933 -0.21033 -0.58150
v -0.15933 -0.20750 -0.58433
v -0.16050 -0.20750 -0.58150
v -0.16050 -0.19750 -0.58150
v -0.15650 -0.20750 -0.58550
v -0.15933 -0.19750 -0.58433
v -0.15650 -0.19750 -0.58550
v -0.15933 -0.19467 -0.58150
v -0.15650 -0.19467 -0.58433
v -0.15650 -0.19350 -0.58150
v -0.00424 -0.21033 -0.58433
v 0.00000 -0.20768 -0.58543
v 0.00000 -0.21150 -0.53550
v -0.02500 -0.21150 -0.52800
v 0.00000 -0.21143 -0.58168
v -0.00424 -0.21033 -0.58433
v 0.15650 -0.19750 -0.58550
v 0.15650 -0.19467 -0.58433
v 0.15650 -0.21150 -0.58150
v 0.15650 -0.20750 -0.58550
v -0.02500 -0.19350 -0.52260
v 0.15650 -0.19350 -0.58150
v -0.15933 -0.21033 -0.41850
v -0.16050 -0.20750 -0.41850
v -0.15650 -0.21150 -0.41850
v -0.15933 -0.19467 -0.41850
v -0.16050 -0.19750 -0.41850
v -0.15650 -0.19350 -0.41850
v -0.15650 -0.21033 -0.41567
v -0.15933 -0.20750 -0.41567
v -0.15650 -0.20750 -0.41450
v -0.15933 -0.19750 -0.41567
v -0.15650 -0.19750 -0.41450
v -0.15650 -0.19467 -0.41567
v -0.05000 -0.21150 -0.48470
v -0.05000 -0.19350 -0.47930
v -0.04330 -0.21150 -0.50970
v -0.04330 -0.19350 -0.50430
v -0.04330 -0.21150 -0.45970
v -0.04330 -0.19350 -0.45430
v -0.02500 -0.21150 -0.44140
v -0.02500 -0.19350 -0.43600
v 0.00000 -0.21150 -0.43390
v 0.00000 -0.19350 -0.42850
v 0.15650 -0.21150 -0.41850
v 0.15650 -0.20750 -0.41450
v 0.15650 -0.19750 -0.41450
v 0.15650 -0.19350 -0.41850
v 0.00000 -0.19350 -0.53010
v 0.00424 -0.21033 -0.58433
v 0.00424 -0.21033 -0.58433
v 0.02500 -0.21150 -0.52800
v 0.02500 -0.19350 -0.52260
v 0.15650 -0.21033 -0.58433
v 0.15933 -0.21033 -0.58150
v 0.15933 -0.20750 -0.58433
v 0.16050 -0.20750 -0.58150
v 0.16050 -0.19750 -0.58150
v 0.15933 -0.19750 -0.58433
v 0.15933 -0.19467 -0.58150
v 0.15650 -0.21033 -0.41567
v 0.15650 -0.19467 -0.41567
v 0.02500 -0.21150 -0.44140
v 0.02500 -0.19350 -0.43600
v 0.04330 -0.21150 -0.50970
v 0.04330 -0.19350 -0.50430
v 0.05000 -0.21150 -0.48470
v 0.04330 -0.21150 -0.45970
v 0.04330 -0.19350 -0.45430
v 0.05000 -0.19350 -0.47930
v 0.15933 -0.21033 -0.41850
v 0.16050 -0.20750 -0.41850
v 0.16050 -0.19750 -0.41850
v 0.15933 -0.19467 -0.41850
v 0.15933 -0.20750 -0.41567
v 0.15933 -0.19750 -0.41567
v -0.15650 -0.12400 -0.56900
v -0.15933 -0.12283 -0.56900
v -0.15650 -0.12283 -0.57183
v -0.15933 -0.12000 -0.57183
v -0.16050 -0.12000 -0.56900
v -0.16050 -0.11000 -0.56900
v -0.15650 -0.12000 -0.57300
v -0.15933 -0.11000 -0.57183
v -0.15650 -0.11000 -0.57300
v -0.15933 -0.10717 -0.56900
v -0.15650 -0.10717 -0.57183
v -0.15650 -0.10600 -0.56900
v 0.15650 -0.12400 -0.56900
v 0.15650 -0.12000 -0.57300
v 0.15650 -0.11000 -0.57300
v 0.15650 -0.10600 -0.56900
v -0.02500 -0.12400 -0.50175
v 0.00000 -0.10600 -0.50385
v -0.15933 -0.12283 -0.40600
v -0.15650 -0.12400 -0.40600
v -0.16050 -0.12000 -0.40600
v -0.16050 -0.11000 -0.40600
v -0.15650 -0.12283 -0.40317
v -0.15933 -0.12000 -0.40317
v -0.15650 -0.12000 -0.40200
v -0.15933 -0.11000 -0.40317
v -0.15933 -0.10717 -0.40600
v -0.15650 -0.10600 -0.40600
v -0.15650 -0.11000 -0.40200
v -0.15650 -0.10717 -0.40317
v -0.04330 -0.12400 -0.48345
v -0.05000 -0.10600 -0.45305
v -0.01250 -0.10600 -0.40600
v -0.05000 -0.12400 -0.45845
v -0.04330 -0.12400 -0.43345
v -0.02500 -0.12400 -0.41515
v -0.04330 -0.10600 -0.47805
v -0.02500 -0.10600 -0.49635
v -0.04330 -0.10600 -0.42805
v -0.02500 -0.10600 -0.40975
v 0.00000 -0.12400 -0.40765
v 0.15650 -0.12400 -0.40600
v 0.15650 -0.12000 -0.40200
v -0.00190 -0.10717 -0.40317
v 0.00000 -0.10797 -0.40284
v -0.00190 -0.10717 -0.40317
v 0.15650 -0.11000 -0.40200
v 0.15650 -0.12283 -0.57183
v 0.15650 -0.10717 -0.57183
v 0.15933 -0.12283 -0.56900
v 0.15933 -0.12000 -0.57183
v 0.16050 -0.12000 -0.56900
v 0.15933 -0.11000 -0.57183
v 0.15933 -0.10717 -0.56900
v 0.16050 -0.11000 -0.56900
v 0.00000 -0.12400 -0.50925
v 0.02500 -0.12400 -0.50175
v 0.15650 -0.12283 -0.40317
v 0.02500 -0.12400 -0.41515
v 0.02500 -0.10600 -0.49635
v 0.00190 -0.10717 -0.40317
v 0.15650 -0.10717 -0.40317
v 0.01250 -0.10600 -0.40600
v 0.00190 -0.10717 -0.40317
v 0.15650 -0.10600 -0.40600
v 0.02500 -0.10600 -0.40975
v 0.04330 -0.12400 -0.48345
v 0.05000 -0.12400 -0.45845
v 0.04330 -0.12400 -0.43345
v 0.04330 -0.10600 -0.47805
v 0.05000 -0.10600 -0.45305
v 0.04330 -0.10600 -0.42805
v 0.15933 -0.12283 -0.40600
v 0.16050 -0.12000 -0.40600
v 0.15933 -0.12000 -0.40317
v 0.16050 -0.11000 -0.40600
v 0.15933 -0.10717 -0.40600
v 0.15933 -0.11000 -0.40317
v -0.15650 -0.03533 -0.55933
v -0.15650 -0.03650 -0.55650
v -0.15933 -0.03533 -0.55650
v -0.15933 -0.03250 -0.55933
v -0.16050 -0.03250 -0.55650
v -0.15650 -0.03250 -0.56050
v -0.16050 -0.02250 -0.55650
v -0.15933 -0.02250 -0.55933
v -0.15650 -0.02250 -0.56050
v -0.15933 -0.01967 -0.55650
v -0.15650 -0.01967 -0.55933
v -0.15650 -0.01850 -0.55650
v 0.15650 -0.03650 -0.55650
v 0.15650 -0.03250 -0.56050
v 0.15650 -0.02250 -0.56050
v 0.15650 -0.01850 -0.55650
v -0.15933 -0.03533 -0.39350
v -0.16050 -0.02250 -0.39350
v -0.15650 -0.01850 -0.39350
v -0.16050 -0.03250 -0.39350
v -0.15650 -0.03650 -0.39350
v -0.15933 -0.01967 -0.39350
v -0.15650 -0.03533 -0.39067
v -0.15933 -0.03250 -0.39067
v -0.15650 -0.03250 -0.38950
v -0.15933 -0.02250 -0.39067
v -0.15650 -0.02250 -0.38950
v -0.15650 -0.01967 -0.39067
v -0.05000 -0.03650 -0.43220
v -0.04330 -0.01850 -0.45180
v -0.02960 -0.03650 -0.39350
v -0.02712 -0.03533 -0.39067
v -0.02680 -0.03250 -0.38950
v -0.02980 -0.02250 -0.38950
v -0.03500 -0.01850 -0.39350
v -0.04330 -0.03650 -0.45720
v -0.02500 -0.03650 -0.47550
v -0.02500 -0.01850 -0.47010
v -0.04330 -0.03650 -0.40720
v -0.05000 -0.01850 -0.42680
v -0.04330 -0.01850 -0.40180
v 0.00000 -0.03650 -0.48300
v 0.00000 -0.01850 -0.47760
v -0.02712 -0.03533 -0.39067
v -0.03182 -0.01967 -0.39067
v -0.03182 -0.01967 -0.39067
v 0.15650 -0.03533 -0.55933
v 0.15650 -0.01967 -0.55933
v 0.15933 -0.03533 -0.55650
v 0.15933 -0.03250 -0.55933
v 0.16050 -0.03250 -0.55650
v 0.15933 -0.02250 -0.55933
v 0.16050 -0.02250 -0.55650
v 0.15933 -0.01967 -0.55650
v 0.02500 -0.03650 -0.47550
v 0.02500 -0.01850 -0.47010
v 0.04330 -0.03650 -0.45720
v 0.04330 -0.01850 -0.45180
v 0.05000 -0.03650 -0.43220
v 0.05000 -0.01850 -0.42680
v 0.15650 -0.03650 -0.39350
v 0.04330 -0.03650 -0.40720
v 0.15650 -0.01850 -0.39350
v 0.04330 -0.01850 -0.40180
v 0.02712 -0.03533 -0.39067
v 0.02960 -0.03650 -0.39350
v 0.15650 -0.03250 -0.38950
v 0.02680 -0.03250 -0.38950
v 0.02712 -0.03533 -0.39067
v 0.02980 -0.02250 -0.38950
v 0.15650 -0.02250 -0.38950
v 0.03182 -0.01967 -0.39067
v 0.15650 -0.01967 -0.39067
v 0.03500 -0.01850 -0.39350
v 0.03182 -0.01967 -0.39067
v 0.15650 -0.03533 -0.39067
v 0.15933 -0.03533 -0.39350
v 0.16050 -0.03250 -0.39350
v 0.16050 -0.02250 -0.39350
v 0.15933 -0.01967 -0.39350
v 0.15933 -0.03250 -0.39067
v 0.15933 -0.02250 -0.39067
v -0.15933 0.05217 -0.54400
v -0.15650 0.05217 -0.54683
v -0.15650 0.05100 -0.54400
v -0.15933 0.05500 -0.54683
v -0.16050 0.05500 -0.54400
v -0.15650 0.05500 -0.54800
v -0.16050 0.06500 -0.54400
v -0.15933 0.06500 -0.54683
v -0.15650 0.06500 -0.54800
v -0.15933 0.06783 -0.54400
v -0.15650 0.06783 -0.54683
v -0.15650 0.06900 -0.54400
v 0.15650 0.05100 -0.54400
v 0.15650 0.05500 -0.54800
v 0.15650 0.06500 -0.54800
v 0.15650 0.06900 -0.54400
v -0.15933 0.05217 -0.38100
v -0.16050 0.06500 -0.38100
v -0.16050 0.05500 -0.38100
v -0.15650 0.05100 -0.38100
v -0.15650 0.05217 -0.37817
v -0.15933 0.05500 -0.37817
v -0.15650 0.05500 -0.37700
v -0.15933 0.06500 -0.37817
v -0.15650 0.06500 -0.37700
v -0.15933 0.06783 -0.38100
v -0.15650 0.06900 -0.38100
v -0.15650 0.06783 -0.37817
v 0.15650 0.05100 -0.38100
v 0.15650 0.05500 -0.37700
v 0.15650 0.06500 -0.37700
v 0.15650 0.06900 -0.38100
v 0.15650 0.05217 -0.54683
v 0.15650 0.06783 -0.54683
v 0.15933 0.05217 -0.54400
v 0.15933 0.05500 -0.54683
v 0.16050 0.05500 -0.54400
v 0.15933 0.06500 -0.54683
v 0.16050 0.06500 -0.54400
v 0.15933 0.06783 -0.54400
v 0.15650 0.05217 -0.37817
v 0.15650 0.06783 -0.37817
v 0.15933 0.05217 -0.38100
v 0.16050 0.05500 -0.38100
v 0.16050 0.06500 -0.38100
v 0.15933 0.05500 -0.37817
v 0.15933 0.06500 -0.37817
v 0.15933 0.06783 -0.38100
v -0.02500 -0.30580 -0.22500
v -0.04330 -0.28750 -0.22500
v -0.02887 -0.29137 -0.25387
v -0.02887 -0.29137 -0.19613
v 0.00000 -0.30580 -0.25000
v 0.00000 -0.30580 -0.20000
v 0.00000 -0.31250 -0.22500
v 0.00000 -0.28750 -0.26830
v 0.00000 -0.28750 -0.18170
v -0.02500 -0.26250 -0.26830
v 0.00000 -0.26250 -0.27500
v 0.00000 -0.23750 -0.26830
v -0.02500 -0.21150 -0.25300
v -0.05000 -0.26250 -0.22500
v -0.05000 -0.21150 -0.20970
v -0.04330 -0.26250 -0.25000
v -0.04330 -0.21150 -0.18470
v -0.04330 -0.26250 -0.20000
v -0.02500 -0.26250 -0.18170
v 0.00000 -0.21150 -0.15890
v -0.04330 -0.21150 -0.23470
v -0.02500 -0.21150 -0.16640
v 0.00000 -0.21150 -0.26050
v -0.05000 -0.19350 -0.20430
v -0.05000 -0.12400 -0.18345
v -0.04330 -0.19350 -0.22930
v -0.04330 -0.12400 -0.15845
v -0.04330 -0.12400 -0.20845
v -0.02500 -0.19350 -0.24760
v -0.04330 -0.19350 -0.17930
v -0.02500 -0.19350 -0.16100
v -0.02500 -0.12400 -0.14015
v -0.02500 -0.12400 -0.22675
v 0.00000 -0.19350 -0.25510
v 0.00000 -0.19350 -0.15350
v 0.00000 -0.12400 -0.13265
v 0.00000 -0.12400 -0.23425
v -0.05000 -0.10600 -0.17805
v -0.05000 -0.03650 -0.15720
v -0.04330 -0.10600 -0.20305
v -0.04330 -0.03650 -0.13220
v -0.05000 -0.01850 -0.15180
v -0.05000 -0.01250 -0.15000
v -0.04330 -0.01850 -0.17680
v -0.04330 -0.01250 -0.12500
v -0.04330 -0.03650 -0.18220
v -0.02500 -0.10600 -0.22135
v -0.04330 -0.10600 -0.15305
v -0.02500 -0.10600 -0.13475
v -0.02960 -0.03650 -0.11850
v -0.02500 -0.03650 -0.20050
v -0.02712 -0.03533 -0.11567
v -0.02680 -0.03250 -0.11450
v 0.00000 -0.10600 -0.22885
v -0.01250 -0.10600 -0.13100
v 0.00000 -0.03750 -0.10670
v -0.00190 -0.10717 -0.12817
v 0.00000 -0.10797 -0.12784
v 0.00000 -0.03650 -0.20800
v -0.02500 -0.01250 -0.10670
v -0.04330 -0.01250 -0.17500
v -0.02500 -0.01850 -0.19510
v -0.04330 -0.01850 -0.12680
v -0.03500 -0.01850 -0.11850
v -0.02500 -0.01250 -0.19330
v -0.04330 0.01250 -0.15000
v -0.02887 0.01637 -0.17887
v -0.02887 0.01637 -0.12113
v 0.00000 -0.01850 -0.20260
v 0.00000 0.01250 -0.19330
v -0.03182 -0.01967 -0.11567
v -0.02980 -0.02250 -0.11450
v 0.00000 -0.01250 -0.10000
v 0.00000 0.01250 -0.10670
v -0.02500 0.03080 -0.15000
v 0.00000 0.03080 -0.17500
v 0.00000 0.03080 -0.12500
v 0.00000 0.03750 -0.15000
v 0.02500 -0.30580 -0.22500
v 0.02887 -0.29137 -0.25387
v 0.02887 -0.29137 -0.19613
v 0.04330 -0.28750 -0.22500
v 0.02500 -0.26250 -0.26830
v 0.02500 -0.21150 -0.25300
v 0.02500 -0.26250 -0.18170
v 0.04330 -0.26250 -0.25000
v 0.04330 -0.26250 -0.20000
v 0.05000 -0.26250 -0.22500
v 0.04330 -0.21150 -0.23470
v 0.04330 -0.21150 -0.18470
v 0.02500 -0.21150 -0.16640
v 0.05000 -0.21150 -0.20970
v 0.02500 -0.19350 -0.24760
v 0.02500 -0.19350 -0.16100
v 0.02500 -0.12400 -0.14015
v 0.02500 -0.12400 -0.22675
v 0.04330 -0.19350 -0.22930
v 0.04330 -0.12400 -0.20845
v 0.05000 -0.19350 -0.20430
v 0.04330 -0.19350 -0.17930
v 0.04330 -0.12400 -0.15845
v 0.05000 -0.12400 -0.18345
v 0.02500 -0.10600 -0.22135
v 0.00190 -0.10717 -0.12817
v 0.01250 -0.10600 -0.13100
v 0.02500 -0.10600 -0.13475
v 0.02500 -0.03650 -0.20050
v 0.04330 -0.10600 -0.20305
v 0.04330 -0.03650 -0.18220
v 0.05000 -0.10600 -0.17805
v 0.04330 -0.10600 -0.15305
v 0.04330 -0.03650 -0.13220
v 0.02960 -0.03650 -0.11850
v 0.02712 -0.03533 -0.11567
v 0.02680 -0.03250 -0.11450
v 0.05000 -0.03650 -0.15720
v 0.02500 -0.01250 -0.10670
v 0.02500 -0.01850 -0.19510
v 0.02500 -0.01250 -0.19330
v 0.02887 0.01637 -0.17887
v 0.04330 -0.01850 -0.17680
v 0.04330 -0.01250 -0.17500
v 0.05000 -0.01850 -0.15180
v 0.03500 -0.01850 -0.11850
v 0.04330 -0.01850 -0.12680
v 0.04330 -0.01250 -0.12500
v 0.05000 -0.01250 -0.15000
v 0.04330 0.01250 -0.15000
v 0.02887 0.01637 -0.12113
v 0.02980 -0.02250 -0.11450
v 0.03182 -0.01967 -0.11567
v 0.02500 0.03080 -0.15000
v -0.15933 -0.21033 -0.30650
v -0.15650 -0.21033 -0.30933
v -0.15650 -0.21150 -0.30650
v -0.16050 -0.20750 -0.30650
v -0.15933 -0.20750 -0.30933
v -0.15650 -0.20750 -0.31050
v -0.15933 -0.19750 -0.30933
v -0.16050 -0.19750 -0.30650
v -0.15650 -0.19750 -0.31050
v -0.15933 -0.19467 -0.30650
v -0.15650 -0.19467 -0.30933
v -0.15650 -0.19350 -0.30650
v -0.15933 -0.21033 -0.14350
v -0.15650 -0.21150 -0.14350
v -0.16050 -0.20750 -0.14350
v -0.16050 -0.19750 -0.14350
v -0.15650 -0.19350 -0.14350
v -0.15933 -0.19467 -0.14350
v -0.15650 -0.21033 -0.14067
v -0.15933 -0.20750 -0.14067
v -0.15650 -0.20750 -0.13950
v -0.15933 -0.19750 -0.14067
v -0.15650 -0.19750 -0.13950
v -0.15650 -0.19467 -0.14067
v -0.05000 -0.21150 -0.20970
v -0.05000 -0.19350 -0.20430
v -0.02500 -0.21150 -0.25300
v -0.04330 -0.21150 -0.23470
v -0.04330 -0.19350 -0.22930
v -0.02500 -0.19350 -0.24760
v 0.00000 -0.21150 -0.26050
v 0.00000 -0.19350 -0.25510
v 0.15650 -0.21150 -0.30650
v 0.15650 -0.20750 -0.31050
v 0.15650 -0.19750 -0.31050
v 0.15650 -0.19350 -0.30650
v 0.02500 -0.19350 -0.24760
v -0.04330 -0.21150 -0.18470
v -0.04330 -0.19350 -0.17930
v -0.02500 -0.21150 -0.16640
v -0.02500 -0.19350 -0.16100
v 0.00000 -0.21150 -0.15890
v 0.00000 -0.19350 -0.15350
v 0.15650 -0.21150 -0.14350
v 0.15650 -0.20750 -0.13950
v 0.15650 -0.19750 -0.13950
v 0.15650 -0.19350 -0.14350
v 0.15650 -0.21033 -0.30933
v 0.15650 -0.19467 -0.30933
v 0.02500 -0.21150 -0.25300
v 0.04330 -0.21150 -0.23470
v 0.04330 -0.19350 -0.22930
v 0.15650 -0.21033 -0.14067
v 0.15650 -0.19467 -0.14067
v 0.02500 -0.21150 -0.16640
v 0.02500 -0.19350 -0.16100
v 0.05000 -0.21150 -0.20970
v 0.05000 -0.19350 -0.20430
v 0.04330 -0.21150 -0.18470
v 0.04330 -0.19350 -0.17930
v 0.15933 -0.21033 -0.30650
v 0.15933 -0.20750 -0.30933
v 0.16050 -0.20750 -0.30650
v 0.15933 -0.19750 -0.30933
v 0.16050 -0.19750 -0.30650
v 0.15933 -0.19467 -0.30650
v 0.15933 -0.21033 -0.14350
v 0.16050 -0.20750 -0.14350
v 0.16050 -0.19750 -0.14350
v 0.15933 -0.19467 -0.14350
v 0.15933 -0.20750 -0.14067
v 0.15933 -0.19750 -0.14067
v -0.15933 -0.12000 -0.29683
v -0.15650 -0.12000 -0.29800
v -0.15650 -0.12283 -0.29683
v -0.15933 -0.11000 -0.29683
v -0.15650 -0.12400 -0.29400
v -0.15933 -0.12283 -0.29400
v -0.16050 -0.12000 -0.29400
v -0.16050 -0.11000 -0.29400
v -0.15650 -0.11000 -0.29800
v -0.15650 -0.10717 -0.29683
v -0.15933 -0.10717 -0.29400
v -0.15650 -0.10600 -0.29400
v -0.15933 -0.12283 -0.13100
v -0.15650 -0.12400 -0.13100
v -0.16050 -0.12000 -0.13100
v -0.16050 -0.11000 -0.13100
v -0.15650 -0.12283 -0.12817
v -0.15933 -0.12000 -0.12817
v -0.15650 -0.12000 -0.12700
v -0.15933 -0.11000 -0.12817
v -0.15650 -0.11000 -0.12700
v -0.15650 -0.10600 -0.13100
v -0.15933 -0.10717 -0.13100
v -0.15650 -0.10717 -0.12817
v -0.05000 -0.12400 -0.18345
v -0.04330 -0.10600 -0.20305
v -0.01250 -0.10600 -0.13100
v -0.00190 -0.10717 -0.12817
v 0.15650 -0.12000 -0.29800
v 0.15650 -0.12400 -0.29400
v 0.15650 -0.11000 -0.29800
v 0.15650 -0.10600 -0.29400
v -0.02500 -0.12400 -0.22675
v -0.04330 -0.12400 -0.20845
v -0.04330 -0.12400 -0.15845
v -0.02500 -0.12400 -0.14015
v -0.02500 -0.10600 -0.22135
v -0.05000 -0.10600 -0.17805
v -0.04330 -0.10600 -0.15305
v -0.02500 -0.10600 -0.13475
v 0.00000 -0.12400 -0.13265
v 0.15650 -0.12400 -0.13100
v 0.15650 -0.12000 -0.12700
v 0.00000 -0.10600 -0.22885
v -0.00190 -0.10717 -0.12817
v 0.00000 -0.10797 -0.12784
v 0.02500 -0.10600 -0.22135
v 0.15650 -0.10717 -0.12817
v 0.15650 -0.12283 -0.29683
v 0.15650 -0.10717 -0.29683
v 0.00000 -0.12400 -0.23425
v 0.02500 -0.12400 -0.22675
v 0.15650 -0.12283 -0.12817
v 0.02500 -0.12400 -0.14015
v 0.15650 -0.11000 -0.12700
v 0.00190 -0.10717 -0.12817
v 0.00190 -0.10717 -0.12817
v 0.15650 -0.10600 -0.13100
v 0.01250 -0.10600 -0.13100
v 0.02500 -0.10600 -0.13475
v 0.04330 -0.12400 -0.20845
v 0.04330 -0.12400 -0.15845
v 0.05000 -0.12400 -0.18345
v 0.04330 -0.10600 -0.20305
v 0.05000 -0.10600 -0.17805
v 0.04330 -0.10600 -0.15305
v 0.15933 -0.12000 -0.29683
v 0.15933 -0.11000 -0.29683
v 0.15933 -0.12283 -0.29400
v 0.16050 -0.12000 -0.29400
v 0.15933 -0.10717 -0.29400
v 0.16050 -0.11000 -0.29400
v 0.15933 -0.12283 -0.13100
v 0.16050 -0.12000 -0.13100
v 0.15933 -0.12000 -0.12817
v 0.16050 -0.11000 -0.13100
v 0.15933 -0.10717 -0.13100
v 0.15933 -0.11000 -0.12817
v -0.15933 -0.03533 -0.28150
v -0.15650 -0.03533 -0.28433
v -0.15650 -0.03650 -0.28150
v -0.16050 -0.03250 -0.28150
v -0.15933 -0.03250 -0.28433
v -0.15650 -0.03250 -0.28550
v -0.16050 -0.02250 -0.28150
v -0.15933 -0.02250 -0.28433
v -0.15650 -0.02250 -0.28550
v -0.15933 -0.01967 -0.28150
v -0.15650 -0.01967 -0.28433
v -0.15650 -0.01850 -0.28150
v -0.16050 -0.03250 -0.11850
v -0.15650 -0.03650 -0.11850
v -0.15933 -0.01967 -0.11850
v -0.15933 -0.03533 -0.11850
v -0.16050 -0.02250 -0.11850
v -0.15650 -0.01850 -0.11850
v -0.15650 -0.03533 -0.11567
v -0.15933 -0.03250 -0.11567
v -0.15650 -0.03250 -0.11450
v -0.15933 -0.02250 -0.11567
v -0.15650 -0.02250 -0.11450
v -0.15650 -0.01967 -0.11567
v -0.05000 -0.03650 -0.15720
v -0.02500 -0.01850 -0.19510
v -0.02960 -0.03650 -0.11850
v -0.02680 -0.03250 -0.11450
v -0.02980 -0.02250 -0.11450
v -0.03182 -0.01967 -0.11567
v -0.03500 -0.01850 -0.11850
v 0.15650 -0.03650 -0.28150
v 0.15650 -0.03250 -0.28550
v 0.15650 -0.02250 -0.28550
v 0.15650 -0.01850 -0.28150
v -0.04330 -0.03650 -0.18220
v -0.02500 -0.03650 -0.20050
v -0.04330 -0.03650 -0.13220
v -0.05000 -0.01850 -0.15180
v -0.04330 -0.01850 -0.17680
v -0.04330 -0.01850 -0.12680
v 0.00000 -0.01850 -0.20260
v -0.02712 -0.03533 -0.11567
v -0.02712 -0.03533 -0.11567
v -0.03182 -0.01967 -0.11567
v 0.02500 -0.01850 -0.19510
v 0.15650 -0.03533 -0.28433
v 0.15650 -0.01967 -0.28433
v 0.00000 -0.03650 -0.20800
v 0.02500 -0.03650 -0.20050
v 0.04330 -0.03650 -0.18220
v 0.04330 -0.01850 -0.17680
v 0.05000 -0.01850 -0.15180
v 0.02960 -0.03650 -0.11850
v 0.04330 -0.03650 -0.13220
v 0.15650 -0.03650 -0.11850
v 0.03500 -0.01850 -0.11850
v 0.15650 -0.01850 -0.11850
v 0.04330 -0.01850 -0.12680
v 0.05000 -0.03650 -0.15720
v 0.02712 -0.03533 -0.11567
v 0.15650 -0.03533 -0.11567
v 0.02712 -0.03533 -0.11567
v 0.15650 -0.03250 -0.11450
v 0.02680 -0.03250 -0.11450
v 0.02980 -0.02250 -0.11450
v 0.15650 -0.02250 -0.11450
v 0.03182 -0.01967 -0.11567
v 0.03182 -0.01967 -0.11567
v 0.15933 -0.03533 -0.28150
v 0.15933 -0.03250 -0.28433
v 0.16050 -0.03250 -0.28150
v 0.15933 -0.02250 -0.28433
v 0.16050 -0.02250 -0.28150
v 0.15933 -0.01967 -0.28150
v 0.15650 -0.01967 -0.11567
v 0.15933 -0.03533 -0.11850
v 0.16050 -0.03250 -0.11850
v 0.16050 -0.02250 -0.11850
v 0.15933 -0.01967 -0.11850
v 0.15933 -0.03250 -0.11567
v 0.15933 -0.02250 -0.11567
v -0.15933 0.05217 -0.26900
v -0.15650 0.05217 -0.27183
v -0.15650 0.05100 -0.26900
v -0.15933 0.05500 -0.27183
v -0.16050 0.05500 -0.26900
v -0.15650 0.05500 -0.27300
v -0.16050 0.06500 -0.26900
v -0.15933 0.06500 -0.27183
v -0.15650 0.06500 -0.27300
v -0.15933 0.06783 -0.26900
v -0.15650 0.06783 -0.27183
v -0.15650 0.06900 -0.26900
v -0.15933 0.05217 -0.10600
v -0.16050 0.06500 -0.10600
v -0.16050 0.05500 -0.10600
v -0.15650 0.05100 -0.10600
v -0.15650 0.05217 -0.10317
v -0.15933 0.05500 -0.10317
v -0.15650 0.05500 -0.10200
v -0.15933 0.06500 -0.10317
v -0.15650 0.06500 -0.10200
v -0.15650 0.06900 -0.10600
v -0.15933 0.06783 -0.10600
v -0.15650 0.06783 -0.10317
v 0.15650 0.05100 -0.26900
v 0.15650 0.05500 -0.27300
v 0.15650 0.06500 -0.27300
v 0.15650 0.06900 -0.26900
v 0.15650 0.05100 -0.10600
v 0.15650 0.05500 -0.10200
v 0.15650 0.06783 -0.10317
v 0.15650 0.06900 -0.10600
v 0.15650 0.05217 -0.27183
v 0.15650 0.06783 -0.27183
v 0.15650 0.05217 -0.10317
v 0.15650 0.06500 -0.10200
v 0.15933 0.05217 -0.26900
v 0.15933 0.05500 -0.27183
v 0.16050 0.05500 -0.26900
v 0.15933 0.06500 -0.27183
v 0.16050 0.06500 -0.26900
v 0.15933 0.06783 -0.26900
v 0.15933 0.05217 -0.10600
v 0.16050 0.05500 -0.10600
v 0.16050 0.06500 -0.10600
v 0.15933 0.05500 -0.10317
v 0.15933 0.06500 -0.10317
v 0.15933 0.06783 -0.10600
v -0.36299 -0.30049 -0.46299
v -0.36949 -0.29875 -0.45000
v -0.36949 -0.28750 -0.46125
v -0.36299 -0.30049 -0.43701
v -0.36949 -0.28750 -0.43875
v -0.36125 -0.30699 -0.45000
v -0.35000 -0.30699 -0.46125
v -0.35000 -0.31000 -0.45000
v -0.35000 -0.30699 -0.43875
v -0.35000 -0.29875 -0.46949
v -0.36125 -0.28750 -0.46949
v -0.35000 -0.29875 -0.43051
v -0.36125 -0.28750 -0.43051
v -0.37250 -0.28750 -0.45000
v -0.36949 -0.27625 -0.45000
v -0.36299 -0.27451 -0.46299
v -0.36299 -0.27451 -0.43701
v -0.36125 -0.26801 -0.45000
v -0.35000 -0.28750 -0.47250
v -0.35000 -0.27625 -0.46949
v -0.35000 -0.28750 -0.42750
v -0.35000 -0.27625 -0.43051
v -0.35000 -0.26801 -0.46125
v -0.35000 -0.26801 -0.43875
v -0.35000 -0.26500 -0.45000
v -0.00420 -0.29875 -0.46949
v -0.02763 -0.29199 -0.47130
v -0.03275 -0.27625 -0.46949
v -0.02753 -0.26801 -0.46125
v 0.35000 -0.30699 -0.46125
v 0.35000 -0.30699 -0.43875
v 0.00000 -0.29952 -0.46872
v -0.03186 -0.28539 -0.47193
v -0.03118 -0.28750 -0.47250
v -0.02883 -0.29151 -0.47142
v -0.02904 -0.29132 -0.47148
v 0.35000 -0.28750 -0.42750
v 0.35000 -0.27625 -0.43051
v -0.02566 -0.26746 -0.45918
v -0.02071 -0.26679 -0.45670
v -0.00017 -0.26500 -0.45000
v 0.00000 -0.26501 -0.44995
v 0.35000 -0.26801 -0.43875
v 0.35000 -0.29875 -0.46949
v 0.35000 -0.31000 -0.45000
v 0.00420 -0.29875 -0.46949
v 0.02763 -0.29199 -0.47130
v 0.35000 -0.29875 -0.43051
v 0.02883 -0.29151 -0.47142
v 0.02904 -0.29132 -0.47148
v 0.03118 -0.28750 -0.47250
v 0.35000 -0.28750 -0.47250
v 0.03186 -0.28539 -0.47193
v 0.35000 -0.27625 -0.46949
v 0.03275 -0.27625 -0.46949
v 0.35000 -0.26801 -0.46125
v 0.02753 -0.26801 -0.46125
v 0.02566 -0.26746 -0.45918
v 0.00017 -0.26500 -0.45000
v 0.35000 -0.26500 -0.45000
v 0.02071 -0.26679 -0.45670
v 0.36125 -0.30699 -0.45000
v 0.36299 -0.30049 -0.46299
v 0.36299 -0.30049 -0.43701
v 0.36125 -0.28750 -0.46949
v 0.36125 -0.28750 -0.43051
v 0.36949 -0.29875 -0.45000
v 0.36949 -0.28750 -0.46125
v 0.36949 -0.28750 -0.43875
v 0.36299 -0.27451 -0.46299
v 0.36125 -0.26801 -0.45000
v 0.36299 -0.27451 -0.43701
v 0.37250 -0.28750 -0.45000
v 0.36949 -0.27625 -0.45000
v -0.12066 0.20334 0.71000
v -0.11500 0.20334 0.70434
v -0.11500 0.20100 0.71000
v -0.11500 0.20100 0.74000
v -0.12300 0.20900 0.71000
v -0.12066 0.20900 0.70434
v -0.11500 0.20900 0.70200
v -0.12300 0.20900 0.74000
v -0.12066 0.20334 0.74000
v -0.11500 0.20334 0.74566
v -0.12066 0.20900 0.74566
v -0.11500 0.20900 0.74800
v 0.11500 0.20334 0.70434
v 0.11500 0.20900 0.70200
v 0.11500 0.20100 0.74000
v 0.11500 0.20900 0.74800
v -0.12300 0.26600 0.71000
v -0.11500 0.26600 0.70200
v -0.12066 0.26600 0.70434
v -0.12300 0.26600 0.74000
v -0.11500 0.26600 0.74800
v -0.12066 0.26600 0.74566
v -0.12066 0.27166 0.71000
v -0.11500 0.27166 0.70434
v -0.11500 0.27400 0.71000
v -0.12066 0.27166 0.74000
v -0.11500 0.27400 0.74000
v -0.11500 0.27166 0.74566
v 0.11500 0.27166 0.70434
v 0.11500 0.27400 0.71000
v 0.11500 0.27166 0.74566
v 0.11500 0.20100 0.71000
v 0.11500 0.20334 0.74566
v 0.12066 0.20334 0.71000
v 0.12066 0.20900 0.70434
v 0.12300 0.20900 0.71000
v 0.12066 0.20334 0.74000
v 0.12066 0.20900 0.74566
v 0.12300 0.20900 0.74000
v 0.11500 0.26600 0.70200
v 0.11500 0.26600 0.74800
v 0.11500 0.27400 0.74000
v 0.12300 0.26600 0.71000
v 0.12066 0.26600 0.70434
v 0.12300 0.26600 0.74000
v 0.12066 0.26600 0.74566
v 0.12066 0.27166 0.71000
v 0.12066 0.27166 0.74000
v 0.17185 -0.37875 -0.12500
v 0.18124 -0.38126 -0.14376
v 0.18375 -0.39065 -0.12500
v 0.17185 -0.36250 -0.14125
v 0.16750 -0.36250 -0.12500
v 0.17185 -0.34625 -0.12500
v 0.18375 -0.36250 -0.15315
v 0.18124 -0.34374 -0.14376
v 0.18375 -0.33435 -0.12500
v 0.20000 -0.39065 -0.14125
v 0.20000 -0.39500 -0.12500
v 0.20000 -0.37875 -0.15315
v 0.21625 -0.39065 -0.12500
v 0.21876 -0.38126 -0.14376
v 0.20000 -0.36250 -0.15750
v 0.20000 -0.34625 -0.15315
v 0.21625 -0.36250 -0.15315
v 0.22815 -0.37875 -0.12500
v 0.22815 -0.36250 -0.14125
v 0.21876 -0.34374 -0.14376
v 0.23250 -0.36250 -0.12500
v 0.22815 -0.34625 -0.12500
v 0.20000 -0.33435 -0.14125
v 0.20000 -0.33000 -0.12500
v 0.21625 -0.33435 -0.12500
v 0.18375 -0.34490 0.95000
v 0.17185 -0.33301 0.95000
v 0.16750 -0.31676 0.95000
v 0.17185 -0.30051 0.95000
v 0.18375 -0.28861 0.95000
v 0.20000 -0.34926 0.95000
v 0.21625 -0.34490 0.95000
v 0.22815 -0.33301 0.95000
v 0.21625 -0.28861 0.95000
v 0.23250 -0.31676 0.95000
v 0.20000 -0.28426 0.95000
v 0.22815 -0.30051 0.95000
v 0.18375 -0.34490 0.95000
v 0.16536 -0.33250 0.95000
v 0.17185 -0.33301 0.95000
v 0.16750 -0.31676 0.95000
v 0.18000 -0.34714 0.95000
v 0.16000 -0.31250 0.95000
v 0.16536 -0.29250 0.95000
v 0.17185 -0.30051 0.95000
v 0.16000 -0.31250 0.95000
v 0.16536 -0.33250 0.95000
v 0.16000 -0.31250 1.15000
v 0.16536 -0.29250 1.15000
v 0.18000 -0.34714 0.95000
v 0.16536 -0.33250 1.15000
v 0.18000 -0.34714 1.15000
v 0.18000 -0.34714 1.15000
v 0.18000 -0.27786 1.15000
v 0.16536 -0.33250 1.15000
v 0.16536 -0.29250 0.95000
v 0.16000 -0.31250 1.15000
v 0.16536 -0.29250 1.15000
v 0.18000 -0.27786 0.95000
v 0.18375 -0.28861 0.95000
v 0.18000 -0.27786 1.15000
v 0.18000 -0.27786 0.95000
v 0.20000 -0.35250 0.95000
v 0.20000 -0.34926 0.95000
v 0.21625 -0.34490 0.95000
v 0.22000 -0.34714 0.95000
v 0.20000 -0.35250 0.95000
v 0.22000 -0.34714 0.95000
v 0.20000 -0.35250 1.15000
v 0.22000 -0.34714 1.15000
v 0.22815 -0.33301 0.95000
v 0.23464 -0.33250 0.95000
v 0.23250 -0.31676 0.95000
v 0.22815 -0.30051 0.95000
v 0.21625 -0.28861 0.95000
v 0.23464 -0.29250 0.95000
v 0.20000 -0.35250 1.15000
v 0.20000 -0.27250 1.15000
v 0.22000 -0.27786 1.15000
v 0.23464 -0.33250 0.95000
v 0.22000 -0.34714 1.15000
v 0.23464 -0.33250 1.15000
v 0.23464 -0.33250 1.15000
v 0.23464 -0.29250 1.15000
v 0.24000 -0.31250 0.95000
v 0.24000 -0.31250 0.95000
v 0.24000 -0.31250 1.15000
v 0.23464 -0.29250 0.95000
v 0.24000 -0.31250 1.15000
v 0.23464 -0.29250 1.15000
v 0.20000 -0.27250 0.95000
v 0.20000 -0.28426 0.95000
v 0.22000 -0.27786 0.95000
v 0.20000 -0.27250 1.15000
v 0.20000 -0.27250 0.95000
v 0.22000 -0.27786 1.15000
v 0.22000 -0.27786 0.95000
vn -0.2506 0.6846 0.6846
vn 0.0000 0.7071 0.7071
vn -0.2506 0.6846 0.6846
vn 0.0000 0.7071 0.7071
vn -0.8685 -0.4956 0.0000
vn -0.5774 -0.5774 0.5774
vn -0.8685 -0.0000 0.4956
vn -0.5811 -0.6491 -0.4908
vn 0.0000 -0.8685 -0.4956
vn -0.4956 -0.8685 0.0000
vn 0.0000 -0.8685 0.4956
vn 0.0000 -0.4956 0.8685
vn -0.4956 -0.0000 0.8685
vn 0.0000 -1.0000 -0.0000
vn -0.9957 -0.0652 0.0652
vn -0.8961 0.3139 0.3139
vn -0.5811 0.4908 0.6491
vn -0.8485 0.3741 0.3741
vn -0.8485 0.3741 0.3741
vn -0.8485 0.3741 0.3741
vn -0.0000 0.4956 0.8685
vn 0.0000 -0.0000 1.0000
vn -0.8485 0.3741 0.3741
vn 0.0000 0.7071 0.7071
vn -0.2506 0.6846 0.6846
vn -0.9957 0.0652 -0.0652
vn 0.0000 -0.4956 -0.8685
vn -0.5811 -0.4908 -0.6491
vn -0.8685 0.4956 0.0000
vn -0.8485 0.3741 0.3741
vn -0.8485 0.3741 0.3741
vn -0.8485 0.3741 0.3741
vn -0.8485 0.3741 0.3741
vn -0.5811 0.6491 0.4908
vn 0.0000 0.7071 0.7071
vn -0.8685 -0.0000 -0.4956
vn -0.0000 0.8685 0.4956
vn -0.5774 0.5774 -0.5774
vn -0.4956 -0.0000 -0.8685
vn 0.0000 0.0000 -1.0000
vn 0.0000 0.4956 -0.8685
vn -0.4956 0.8685 0.0000
vn 0.0000 0.8685 -0.4956
vn 0.0000 1.0000 0.0000
vn 0.2506 0.6846 0.6846
vn 0.2506 0.6846 0.6846
vn 0.4956 -0.8685 0.0000
vn 0.5774 -0.5774 0.5774
vn 0.5811 -0.6491 -0.4908
vn 0.8685 -0.4956 0.0000
vn 0.4956 -0.0000 0.8685
vn 0.8685 0.0000 0.4956
vn 0.5811 0.4908 0.6491
vn 0.8485 0.3741 0.3741
vn 0.2506 0.6846 0.6846
vn 0.8485 0.3741 0.3741
vn 0.9957 -0.0652 0.0652
vn 0.8485 0.3741 0.3741
vn 0.8485 0.3741 0.3741
vn 0.8961 -0.3139 -0.3139
vn 0.8685 0.4956 0.0000
vn 0.8485 0.3741 0.3741
vn 0.8485 0.3741 0.3741
vn 0.8485 0.3741 0.3741
vn 0.8485 0.3741 0.3741
vn 0.5811 0.6491 0.4908
vn 0.5811 -0.4908 -0.6491
vn 0.9957 0.0652 -0.0652
vn 0.4956 -0.0000 -0.8685
vn 0.8685 0.0000 -0.4956
vn 0.4956 0.8685 -0.0000
vn 0.5774 0.5774 -0.5774
vn -0.9925 -0.0265 0.1196
vn -0.8544 -0.5157 0.0639
vn -0.8685 0.0000 0.4956
vn -0.5774 -0.5774 0.5774
vn -0.4929 -0.8698 0.0210
vn 0.0000 -0.9555 -0.2949
vn 0.0000 -1.0000 -0.0000
vn 0.0000 -0.8685 0.4956
vn 0.0000 -0.4956 0.8685
vn -0.4956 0.0000 0.8685
vn 0.0000 -0.0000 1.0000
vn -0.9925 0.0265 -0.1196
vn -0.8573 0.4649 0.2212
vn -0.8544 0.5157 -0.0639
vn -0.5047 -0.8148 -0.2854
vn -0.5774 0.5774 0.5774
vn -0.5047 0.8148 0.2854
vn 0.0000 0.4956 0.8685
vn 0.0000 0.8616 0.5077
vn -0.8573 -0.4649 -0.2212
vn -0.4929 0.8698 -0.0210
vn 0.0000 -0.8616 -0.5077
vn -0.5774 -0.5774 -0.5774
vn 0.0000 -0.4956 -0.8685
vn -0.8685 0.0000 -0.4956
vn -0.5774 0.5774 -0.5774
vn -0.4956 -0.0000 -0.8685
vn 0.0000 0.0000 -1.0000
vn 0.0000 0.4956 -0.8685
vn 0.0000 0.8685 -0.4956
vn 0.0000 1.0000 0.0000
vn 0.0000 0.9555 0.2949
vn 0.4929 -0.8698 0.0210
vn 0.5774 -0.5774 0.5774
vn 0.8544 -0.5157 0.0639
vn 0.4956 0.0000 0.8685
vn 0.8685 0.0000 0.4956
vn 0.9925 -0.0265 0.1196
vn 0.5047 -0.8148 -0.2854
vn 0.8573 -0.4649 -0.2212
vn 0.8544 0.5157 -0.0639
vn 0.8573 0.4649 0.2212
vn 0.5774 0.5774 0.5774
vn 0.5047 0.8148 0.2854
vn 0.9925 0.0265 -0.1196
vn 0.5774 -0.5774 -0.5774
vn 0.4956 -0.0000 -0.8685
vn 0.8685 0.0000 -0.4956
vn 0.5774 0.5774 -0.5774
vn 0.4929 0.8698 -0.0210
vn -0.4911 -0.0271 -0.8707
vn -0.2583 0.0605 -0.9642
vn -0.3330 -0.3330 -0.8822
vn -0.2506 0.2506 -0.9351
vn 0.0000 0.2799 -0.9600
vn 0.0000 0.2588 -0.9659
vn -0.4956 -0.8685 -0.0000
vn -0.8685 -0.4956 0.0000
vn -0.5774 -0.5774 -0.5774
vn -0.3330 -0.8822 -0.3330
vn -0.3350 -0.8023 -0.4941
vn -0.7489 -0.5935 0.2949
vn -0.3657 -0.8393 0.4023
vn -0.5590 -0.7691 0.3097
vn -0.2583 -0.9642 0.0605
vn -0.2506 -0.9351 0.2506
vn 0.0000 -0.8685 0.4956
vn 0.0000 -0.9659 0.2588
vn -0.2506 -0.6846 0.6846
vn 0.0000 -0.7071 0.7071
vn -0.9924 -0.1207 -0.0247
vn -0.8574 -0.2164 0.4669
vn -0.9987 -0.0144 0.0479
vn -0.8783 0.1374 -0.4580
vn -0.8547 -0.0702 -0.5143
vn -0.8485 -0.3741 0.3741
vn -0.8300 -0.3576 0.4280
vn -0.3350 -0.4941 -0.8023
vn -0.6846 -0.2506 0.6846
vn -0.6846 -0.2506 0.6846
vn -0.5172 0.2459 -0.8198
vn -0.4990 -0.2748 0.8219
vn -0.8347 -0.1582 0.5275
vn -0.5867 -0.2979 0.7530
vn -0.3072 -0.3072 0.9007
vn -0.4780 -0.2524 0.8413
vn -0.2762 -0.2762 0.9206
vn 0.0000 -0.2873 0.9578
vn -0.0000 -0.2873 0.9578
vn -0.0000 0.2873 -0.9578
vn -0.9987 0.0144 -0.0479
vn -0.8783 -0.1374 0.4580
vn -0.9987 -0.0144 0.0479
vn -0.8783 0.1374 -0.4580
vn -0.8347 0.1582 -0.5275
vn -0.5172 0.2459 -0.8198
vn -0.4780 0.2524 -0.8413
vn -0.8347 -0.1582 0.5275
vn -0.5172 -0.2459 0.8198
vn -0.4780 -0.2524 0.8413
vn -0.0000 0.2873 -0.9578
vn -0.0000 0.2873 -0.9578
vn -0.0000 -0.2873 0.9578
vn -0.0000 -0.2873 0.9578
vn -0.9987 -0.0144 0.0479
vn -0.9987 0.0144 -0.0479
vn -0.8783 -0.1374 0.4580
vn -0.8783 0.1374 -0.4580
vn -0.9924 0.1207 0.0247
vn -0.8574 0.2164 -0.4669
vn -0.9987 0.0144 -0.0479
vn -0.8783 -0.1374 0.4580
vn -0.8347 0.1582 -0.5275
vn -0.5172 0.2459 -0.8198
vn -0.4780 0.2524 -0.8413
vn -0.8347 -0.1582 0.5275
vn -0.5172 -0.2459 0.8198
vn -0.6917 -0.2075 0.6917
vn 0.0000 0.2873 -0.9578
vn 0.0000 0.2873 -0.9578
vn -0.6917 -0.2075 0.6917
vn -0.6917 -0.2075 0.6917
vn -0.4911 0.0271 0.8707
vn -0.2762 -0.2762 0.9206
vn 0.0000 -0.2799 0.9600
vn -0.2762 -0.2762 0.9206
vn 0.0000 -0.2873 0.9578
vn -0.8347 0.1582 -0.5275
vn -0.4990 0.2748 -0.8219
vn -0.8547 0.0702 0.5143
vn -0.4780 0.2524 -0.8413
vn -0.8685 0.4956 -0.0000
vn -0.5774 0.5774 -0.5774
vn -0.5774 0.5774 0.5774
vn -0.0000 0.5026 -0.8645
vn -0.0000 0.2873 -0.9578
vn -0.6917 -0.2075 0.6917
vn -0.6917 -0.2075 0.6917
vn -0.6917 -0.2075 0.6917
vn 0.0000 0.0000 1.0000
vn 0.0000 0.4956 0.8685
vn -0.4956 0.8685 -0.0000
vn -0.0000 0.8685 -0.4956
vn 0.0000 0.8685 0.4956
vn 0.0000 1.0000 0.0000
vn 0.2506 0.2506 -0.9351
vn 0.3330 -0.3330 -0.8822
vn 0.2583 0.0605 -0.9642
vn 0.4911 -0.0271 -0.8707
vn 0.2506 -0.9351 0.2506
vn 0.2583 -0.9642 0.0605
vn 0.3330 -0.8822 -0.3330
vn 0.4956 -0.8685 -0.0000
vn 0.3657 -0.8393 0.4023
vn 0.2506 -0.6846 0.6846
vn 0.5774 -0.5774 -0.5774
vn 0.3350 -0.8023 -0.4941
vn 0.8685 -0.4956 0.0000
vn 0.5590 -0.7691 0.3097
vn 0.7489 -0.5935 0.2949
vn 0.2762 -0.2762 0.9206
vn 0.3072 -0.3072 0.9007
vn 0.4990 -0.2748 0.8219
vn 0.3350 -0.4941 -0.8023
vn 0.8485 -0.3741 0.3741
vn 0.8547 -0.0702 -0.5143
vn 0.8300 -0.3576 0.4280
vn 0.9924 -0.1207 -0.0247
vn 0.8574 -0.2164 0.4669
vn 0.6846 -0.2506 0.6846
vn 0.6846 -0.2506 0.6846
vn 0.5172 0.2459 -0.8198
vn 0.5867 -0.2979 0.7530
vn 0.4780 -0.2524 0.8413
vn 0.8783 0.1374 -0.4580
vn 0.9987 -0.0144 0.0479
vn 0.8347 -0.1582 0.5275
vn 0.4780 0.2524 -0.8413
vn 0.5172 0.2459 -0.8198
vn 0.5172 -0.2459 0.8198
vn 0.4780 -0.2524 0.8413
vn 0.8783 0.1374 -0.4580
vn 0.8347 0.1582 -0.5275
vn 0.8783 -0.1374 0.4580
vn 0.9987 0.0144 -0.0479
vn 0.8347 -0.1582 0.5275
vn 0.9987 -0.0144 0.0479
vn 0.5172 0.2459 -0.8198
vn 0.4780 0.2524 -0.8413
vn 0.8783 0.1374 -0.4580
vn 0.8347 0.1582 -0.5275
vn 0.5172 -0.2459 0.8198
vn 0.8783 -0.1374 0.4580
vn 0.8347 -0.1582 0.5275
vn 0.9987 0.0144 -0.0479
vn 0.6917 -0.2075 0.6917
vn 0.9987 -0.0144 0.0479
vn 0.2762 -0.2762 0.9206
vn 0.2762 -0.2762 0.9206
vn 0.4911 0.0271 0.8707
vn 0.6917 -0.2075 0.6917
vn 0.6917 -0.2075 0.6917
vn 0.4990 0.2748 -0.8219
vn 0.4780 0.2524 -0.8413
vn 0.5774 0.5774 -0.5774
vn 0.8347 0.1582 -0.5275
vn 0.8574 0.2164 -0.4669
vn 0.9924 0.1207 0.0247
vn 0.8547 0.0702 0.5143
vn 0.8783 -0.1374 0.4580
vn 0.8685 0.4956 0.0000
vn 0.5774 0.5774 0.5774
vn 0.6917 -0.2075 0.6917
vn 0.6917 -0.2075 0.6917
vn 0.6917 -0.2075 0.6917
vn 0.9987 0.0144 -0.0479
vn 0.4956 0.8685 -0.0000
vn -0.2265 -0.6887 -0.6887
vn -0.1877 -0.9641 -0.1877
vn -0.6887 -0.6887 -0.2265
vn -0.6887 -0.2265 -0.6887
vn -0.9641 -0.1877 -0.1877
vn -0.9641 0.1877 -0.1877
vn -0.1877 -0.1877 -0.9641
vn -0.6887 0.2265 -0.6887
vn -0.1877 0.1877 -0.9641
vn -0.6887 0.6887 -0.2265
vn -0.2265 0.6887 -0.6887
vn -0.1877 0.9641 -0.1877
vn -0.0000 -0.9239 -0.3827
vn 0.0000 -0.3827 -0.9239
vn 0.0000 -1.0000 0.0000
vn 0.0000 -1.0000 0.0000
vn 0.0000 -0.9239 -0.3827
vn 0.0000 -0.3827 -0.9239
vn 0.1877 0.1877 -0.9641
vn 0.2265 0.6887 -0.6887
vn 0.1877 -0.9641 -0.1877
vn 0.1877 -0.1877 -0.9641
vn 0.0000 1.0000 0.0000
vn 0.1877 0.9641 -0.1877
vn -0.6887 -0.6887 0.2265
vn -0.9641 -0.1877 0.1877
vn -0.1877 -0.9641 0.1877
vn -0.6887 0.6887 0.2265
vn -0.9641 0.1877 0.1877
vn -0.1877 0.9641 0.1877
vn -0.2265 -0.6887 0.6887
vn -0.6887 -0.2265 0.6887
vn -0.1877 -0.1877 0.9641
vn -0.6887 0.2265 0.6887
vn -0.1877 0.1877 0.9641
vn -0.2265 0.6887 0.6887
vn 0.0000 -1.0000 0.0000
vn 0.0000 1.0000 0.0000
vn 0.0000 -1.0000 0.0000
vn 0.0000 1.0000 0.0000
vn 0.0000 -1.0000 0.0000
vn 0.0000 1.0000 0.0000
vn 0.0000 -1.0000 0.0000
vn 0.0000 1.0000 0.0000
vn 0.0000 -1.0000 0.0000
vn 0.0000 1.0000 0.0000
vn 0.1877 -0.9641 0.1877
vn 0.1877 -0.1877 0.9641
vn 0.1877 0.1877 0.9641
vn 0.1877 0.9641 0.1877
vn 0.0000 1.0000 0.0000
vn 0.0000 -0.9239 -0.3827
vn 0.0000 -0.3827 -0.9239
vn 0.0000 -1.0000 0.0000
vn 0.0000 1.0000 0.0000
vn 0.2265 -0.6887 -0.6887
vn 0.6887 -0.6887 -0.2265
vn 0.6887 -0.2265 -0.6887
vn 0.9641 -0.1877 -0.1877
vn 0.9641 0.1877 -0.1877
vn 0.6887 0.2265 -0.6887
vn 0.6887 0.6887 -0.2265
vn 0.2265 -0.6887 0.6887
vn 0.2265 0.6887 0.6887
vn 0.0000 -1.0000 0.0000
vn 0.0000 1.0000 0.0000
vn 0.0000 -1.0000 0.0000
vn 0.0000 1.0000 0.0000
vn 0.0000 -1.0000 0.0000
vn 0.0000 -1.0000 0.0000
vn 0.0000 1.0000 0.0000
vn 0.0000 1.0000 0.0000
vn 0.6887 -0.6887 0.2265
vn 0.9641 -0.1877 0.1877
vn 0.9641 0.1877 0.1877
vn 0.6887 0.6887 0.2265
vn 0.6887 -0.2265 0.6887
vn 0.6887 0.2265 0.6887
vn -0.1877 -0.9641 -0.1877
vn -0.6887 -0.6887 -0.2265
vn -0.2265 -0.6887 -0.6887
vn -0.6887 -0.2265 -0.6887
vn -0.9641 -0.1877 -0.1877
vn -0.9641 0.1877 -0.1877
vn -0.1877 -0.1877 -0.9641
vn -0.6887 0.2265 -0.6887
vn -0.1877 0.1877 -0.9641
vn -0.6887 0.6887 -0.2265
vn -0.2265 0.6887 -0.6887
vn -0.1877 0.9641 -0.1877
vn 0.1877 -0.9641 -0.1877
vn 0.1877 -0.1877 -0.9641
vn 0.1877 0.1877 -0.9641
vn 0.1877 0.9641 -0.1877
vn 0.0000 -1.0000 0.0000
vn 0.0000 1.0000 0.0000
vn -0.6887 -0.6887 0.2265
vn -0.1877 -0.9641 0.1877
vn -0.9641 -0.1877 0.1877
vn -0.9641 0.1877 0.1877
vn -0.2265 -0.6887 0.6887
vn -0.6887 -0.2265 0.6887
vn -0.1877 -0.1877 0.9641
vn -0.6887 0.2265 0.6887
vn -0.6887 0.6887 0.2265
vn -0.1877 0.9641 0.1877
vn -0.1877 0.1877 0.9641
vn -0.2265 0.6887 0.6887
vn 0.0000 -1.0000 0.0000
vn 0.0000 1.0000 0.0000
vn 0.0000 0.9369 0.3495
vn 0.0000 -1.0000 0.0000
vn 0.0000 -1.0000 0.0000
vn 0.0000 -1.0000 0.0000
vn 0.0000 1.0000 0.0000
vn 0.0000 1.0000 0.0000
vn 0.0000 1.0000 0.0000
vn 0.0000 1.0000 0.0000
vn 0.0000 -1.0000 0.0000
vn 0.1877 -0.9641 0.1877
vn 0.1877 -0.1877 0.9641
vn 0.0000 0.9239 0.3827
vn 0.0000 0.3827 0.9239
vn 0.0000 0.3827 0.9239
vn 0.1877 0.1877 0.9641
vn 0.2265 -0.6887 -0.6887
vn 0.2265 0.6887 -0.6887
vn 0.6887 -0.6887 -0.2265
vn 0.6887 -0.2265 -0.6887
vn 0.9641 -0.1877 -0.1877
vn 0.6887 0.2265 -0.6887
vn 0.6887 0.6887 -0.2265
vn 0.9641 0.1877 -0.1877
vn 0.0000 -1.0000 0.0000
vn 0.0000 -1.0000 0.0000
vn 0.2265 -0.6887 0.6887
vn 0.0000 -1.0000 0.0000
vn 0.0000 1.0000 0.0000
vn -0.0000 0.3827 0.9239
vn 0.2265 0.6887 0.6887
vn 0.0000 0.9369 0.3495
vn 0.0000 0.9239 0.3827
vn 0.1877 0.9641 0.1877
vn 0.0000 1.0000 0.0000
vn 0.0000 -1.0000 0.0000
vn 0.0000 -1.0000 0.0000
vn 0.0000 -1.0000 0.0000
vn 0.0000 1.0000 0.0000
vn 0.0000 1.0000 0.0000
vn 0.0000 1.0000 0.0000
vn 0.6887 -0.6887 0.2265
vn 0.9641 -0.1877 0.1877
vn 0.6887 -0.2265 0.6887
vn 0.9641 0.1877 0.1877
vn 0.6887 0.6887 0.2265
vn 0.6887 0.2265 0.6887
vn -0.2265 -0.6887 -0.6887
vn -0.1877 -0.9641 -0.1877
vn -0.6887 -0.6887 -0.2265
vn -0.6887 -0.2265 -0.6887
vn -0.9641 -0.1877 -0.1877
vn -0.1877 -0.1877 -0.9641
vn -0.9641 0.1877 -0.1877
vn -0.6887 0.2265 -0.6887
vn -0.1877 0.1877 -0.9641
vn -0.6887 0.6887 -0.2265
vn -0.2265 0.6887 -0.6887
vn -0.1877 0.9641 -0.1877
vn 0.1877 -0.9641 -0.1877
vn 0.1877 -0.1877 -0.9641
vn 0.1877 0.1877 -0.9641
vn 0.1877 0.9641 -0.1877
vn -0.6887 -0.6887 0.2265
vn -0.9641 0.1877 0.1877
vn -0.1877 0.9641 0.1877
vn -0.9641 -0.1877 0.1877
vn -0.1877 -0.9641 0.1877
vn -0.6887 0.6887 0.2265
vn -0.2265 -0.6887 0.6887
vn -0.6887 -0.2265 0.6887
vn -0.1877 -0.1877 0.9641
vn -0.6887 0.2265 0.6887
vn -0.1877 0.1877 0.9641
vn -0.2265 0.6887 0.6887
vn 0.0000 -1.0000 0.0000
vn 0.0000 1.0000 0.0000
vn 0.0000 -0.9577 0.2879
vn 0.0000 -0.3827 0.9239
vn 0.0000 -0.2083 0.9781
vn 0.0000 0.1350 0.9909
vn 0.0000 0.9565 0.2918
vn 0.0000 -1.0000 0.0000
vn 0.0000 -1.0000 0.0000
vn 0.0000 1.0000 0.0000
vn 0.0000 -1.0000 0.0000
vn 0.0000 1.0000 0.0000
vn 0.0000 1.0000 0.0000
vn 0.0000 -1.0000 0.0000
vn 0.0000 1.0000 0.0000
vn 0.0000 -0.9239 0.3827
vn 0.0000 0.3827 0.9239
vn 0.0000 0.9239 0.3827
vn 0.2265 -0.6887 -0.6887
vn 0.2265 0.6887 -0.6887
vn 0.6887 -0.6887 -0.2265
vn 0.6887 -0.2265 -0.6887
vn 0.9641 -0.1877 -0.1877
vn 0.6887 0.2265 -0.6887
vn 0.9641 0.1877 -0.1877
vn 0.6887 0.6887 -0.2265
vn 0.0000 -1.0000 0.0000
vn 0.0000 1.0000 0.0000
vn 0.0000 -1.0000 0.0000
vn 0.0000 1.0000 0.0000
vn 0.0000 -1.0000 0.0000
vn 0.0000 1.0000 0.0000
vn 0.1877 -0.9641 0.1877
vn 0.0000 -1.0000 0.0000
vn 0.1877 0.9641 0.1877
vn 0.0000 1.0000 0.0000
vn 0.0000 -0.9239 0.3827
vn 0.0000 -0.9577 0.2879
vn 0.1877 -0.1877 0.9641
vn 0.0000 -0.2083 0.9781
vn 0.0000 -0.3827 0.9239
vn 0.0000 0.1350 0.9909
vn 0.1877 0.1877 0.9641
vn 0.0000 0.3827 0.9239
vn 0.2265 0.6887 0.6887
vn 0.0000 0.9565 0.2918
vn 0.0000 0.9239 0.3827
vn 0.2265 -0.6887 0.6887
vn 0.6887 -0.6887 0.2265
vn 0.9641 -0.1877 0.1877
vn 0.9641 0.1877 0.1877
vn 0.6887 0.6887 0.2265
vn 0.6887 -0.2265 0.6887
vn 0.6887 0.2265 0.6887
vn -0.6887 -0.6887 -0.2265
vn -0.2265 -0.6887 -0.6887
vn -0.1877 -0.9641 -0.1877
vn -0.6887 -0.2265 -0.6887
vn -0.9641 -0.1877 -0.1877
vn -0.1877 -0.1877 -0.9641
vn -0.9641 0.1877 -0.1877
vn -0.6887 0.2265 -0.6887
vn -0.1877 0.1877 -0.9641
vn -0.6887 0.6887 -0.2265
vn -0.2265 0.6887 -0.6887
vn -0.1877 0.9641 -0.1877
vn 0.1877 -0.9641 -0.1877
vn 0.1877 -0.1877 -0.9641
vn 0.1877 0.1877 -0.9641
vn 0.1877 0.9641 -0.1877
vn -0.6887 -0.6887 0.2265
vn -0.9641 0.1877 0.1877
vn -0.9641 -0.1877 0.1877
vn -0.1877 -0.9641 0.1877
vn -0.2265 -0.6887 0.6887
vn -0.6887 -0.2265 0.6887
vn -0.1877 -0.1877 0.9641
vn -0.6887 0.2265 0.6887
vn -0.1877 0.1877 0.9641
vn -0.6887 0.6887 0.2265
vn -0.1877 0.9641 0.1877
vn -0.2265 0.6887 0.6887
vn 0.1877 -0.9641 0.1877
vn 0.1877 -0.1877 0.9641
vn 0.1877 0.1877 0.9641
vn 0.1877 0.9641 0.1877
vn 0.2265 -0.6887 -0.6887
vn 0.2265 0.6887 -0.6887
vn 0.6887 -0.6887 -0.2265
vn 0.6887 -0.2265 -0.6887
vn 0.9641 -0.1877 -0.1877
vn 0.6887 0.2265 -0.6887
vn 0.9641 0.1877 -0.1877
vn 0.6887 0.6887 -0.2265
vn 0.2265 -0.6887 0.6887
vn 0.2265 0.6887 0.6887
vn 0.6887 -0.6887 0.2265
vn 0.9641 -0.1877 0.1877
vn 0.9641 0.1877 0.1877
vn 0.6887 -0.2265 0.6887
vn 0.6887 0.2265 0.6887
vn 0.6887 0.6887 0.2265
vn -0.4956 -0.8685 0.0000
vn -0.8685 -0.4956 -0.0000
vn -0.5774 -0.5774 -0.5774
vn -0.5774 -0.5774 0.5774
vn 0.0000 -0.8685 -0.4956
vn -0.0000 -0.8685 0.4956
vn 0.0000 -1.0000 0.0000
vn 0.0000 -0.4956 -0.8685
vn 0.0000 -0.5026 0.8645
vn -0.4911 -0.0271 -0.8707
vn 0.0000 0.0000 -1.0000
vn 0.0000 0.2799 -0.9600
vn -0.5172 0.2459 -0.8198
vn -0.9924 -0.1207 -0.0247
vn -0.9987 -0.0144 0.0479
vn -0.8547 -0.0702 -0.5143
vn -0.8347 -0.1582 0.5275
vn -0.8574 -0.2164 0.4669
vn -0.4990 -0.2748 0.8219
vn -0.0000 -0.2873 0.9578
vn -0.8783 0.1374 -0.4580
vn -0.4780 -0.2524 0.8413
vn 0.0000 0.2873 -0.9578
vn -0.9987 0.0144 -0.0479
vn -0.9987 -0.0144 0.0479
vn -0.8347 0.1582 -0.5275
vn -0.8347 -0.1582 0.5275
vn -0.8783 0.1374 -0.4580
vn -0.4780 0.2524 -0.8413
vn -0.8783 -0.1374 0.4580
vn -0.5172 -0.2459 0.8198
vn -0.4780 -0.2524 0.8413
vn -0.5172 0.2459 -0.8198
vn -0.0000 0.2873 -0.9578
vn -0.0000 -0.2873 0.9578
vn 0.0000 -0.2873 0.9578
vn -0.0000 0.2873 -0.9578
vn -0.9987 0.0144 -0.0479
vn -0.9987 -0.0144 0.0479
vn -0.8347 0.1582 -0.5275
vn -0.8347 -0.1582 0.5275
vn -0.9987 0.0144 -0.0479
vn -0.9924 0.1207 0.0247
vn -0.8347 0.1582 -0.5275
vn -0.8547 0.0702 0.5143
vn -0.8783 0.1374 -0.4580
vn -0.4780 0.2524 -0.8413
vn -0.8783 -0.1374 0.4580
vn -0.5172 -0.2459 0.8198
vn -0.6917 -0.2075 0.6917
vn -0.5172 0.2459 -0.8198
vn -0.6917 -0.2075 0.6917
vn -0.6917 -0.2075 0.6917
vn 0.0000 0.2873 -0.9578
vn -0.2762 -0.2762 0.9206
vn 0.0000 -0.2799 0.9600
vn -0.2762 -0.2762 0.9206
vn 0.0000 -0.2873 0.9578
vn 0.0000 0.2873 -0.9578
vn -0.4911 0.0271 0.8707
vn -0.8574 0.2164 -0.4669
vn -0.4780 0.2524 -0.8413
vn -0.8783 -0.1374 0.4580
vn -0.6917 -0.2075 0.6917
vn -0.4990 0.2748 -0.8219
vn -0.8685 0.4956 -0.0000
vn -0.5774 0.5774 -0.5774
vn -0.5774 0.5774 0.5774
vn 0.0000 0.2873 -0.9578
vn -0.0000 0.5026 -0.8645
vn -0.6917 -0.2075 0.6917
vn -0.6917 -0.2075 0.6917
vn 0.0000 0.0000 1.0000
vn 0.0000 0.4956 0.8685
vn -0.4956 0.8685 -0.0000
vn -0.0000 0.8685 -0.4956
vn 0.0000 0.8685 0.4956
vn 0.0000 1.0000 0.0000
vn 0.4956 -0.8685 -0.0000
vn 0.5774 -0.5774 -0.5774
vn 0.5774 -0.5774 0.5774
vn 0.8685 -0.4956 0.0000
vn 0.4911 -0.0271 -0.8707
vn 0.5172 0.2459 -0.8198
vn 0.4990 -0.2748 0.8219
vn 0.8547 -0.0702 -0.5143
vn 0.8574 -0.2164 0.4669
vn 0.9924 -0.1207 -0.0247
vn 0.8783 0.1374 -0.4580
vn 0.8347 -0.1582 0.5275
vn 0.4780 -0.2524 0.8413
vn 0.9987 -0.0144 0.0479
vn 0.4780 0.2524 -0.8413
vn 0.5172 -0.2459 0.8198
vn 0.4780 -0.2524 0.8413
vn 0.5172 0.2459 -0.8198
vn 0.8347 0.1582 -0.5275
vn 0.8783 0.1374 -0.4580
vn 0.9987 0.0144 -0.0479
vn 0.8783 -0.1374 0.4580
vn 0.8347 -0.1582 0.5275
vn 0.9987 -0.0144 0.0479
vn 0.4780 0.2524 -0.8413
vn 0.2762 -0.2762 0.9206
vn 0.2762 -0.2762 0.9206
vn 0.5172 -0.2459 0.8198
vn 0.5172 0.2459 -0.8198
vn 0.8347 0.1582 -0.5275
vn 0.8783 0.1374 -0.4580
vn 0.9987 0.0144 -0.0479
vn 0.8783 -0.1374 0.4580
vn 0.8347 -0.1582 0.5275
vn 0.6917 -0.2075 0.6917
vn 0.6917 -0.2075 0.6917
vn 0.6917 -0.2075 0.6917
vn 0.9987 -0.0144 0.0479
vn 0.4911 0.0271 0.8707
vn 0.4780 0.2524 -0.8413
vn 0.4990 0.2748 -0.8219
vn 0.5774 0.5774 -0.5774
vn 0.8347 0.1582 -0.5275
vn 0.8574 0.2164 -0.4669
vn 0.9987 0.0144 -0.0479
vn 0.6917 -0.2075 0.6917
vn 0.8783 -0.1374 0.4580
vn 0.8547 0.0702 0.5143
vn 0.9924 0.1207 0.0247
vn 0.8685 0.4956 0.0000
vn 0.5774 0.5774 0.5774
vn 0.6917 -0.2075 0.6917
vn 0.6917 -0.2075 0.6917
vn 0.4956 0.8685 0.0000
vn -0.6887 -0.6887 -0.2265
vn -0.2265 -0.6887 -0.6887
vn -0.1877 -0.9641 -0.1877
vn -0.9641 -0.1877 -0.1877
vn -0.6887 -0.2265 -0.6887
vn -0.1877 -0.1877 -0.9641
vn -0.6887 0.2265 -0.6887
vn -0.9641 0.1877 -0.1877
vn -0.1877 0.1877 -0.9641
vn -0.6887 0.6887 -0.2265
vn -0.2265 0.6887 -0.6887
vn -0.1877 0.9641 -0.1877
vn -0.6887 -0.6887 0.2265
vn -0.1877 -0.9641 0.1877
vn -0.9641 -0.1877 0.1877
vn -0.9641 0.1877 0.1877
vn -0.1877 0.9641 0.1877
vn -0.6887 0.6887 0.2265
vn -0.2265 -0.6887 0.6887
vn -0.6887 -0.2265 0.6887
vn -0.1877 -0.1877 0.9641
vn -0.6887 0.2265 0.6887
vn -0.1877 0.1877 0.9641
vn -0.2265 0.6887 0.6887
vn 0.0000 -1.0000 0.0000
vn 0.0000 1.0000 0.0000
vn 0.0000 -1.0000 0.0000
vn 0.0000 -1.0000 0.0000
vn 0.0000 1.0000 0.0000
vn 0.0000 1.0000 0.0000
vn 0.0000 -1.0000 0.0000
vn 0.0000 1.0000 0.0000
vn 0.1877 -0.9641 -0.1877
vn 0.1877 -0.1877 -0.9641
vn 0.1877 0.1877 -0.9641
vn 0.1877 0.9641 -0.1877
vn 0.0000 1.0000 0.0000
vn 0.0000 -1.0000 0.0000
vn 0.0000 1.0000 0.0000
vn 0.0000 -1.0000 0.0000
vn 0.0000 1.0000 0.0000
vn 0.0000 -1.0000 0.0000
vn 0.0000 1.0000 0.0000
vn 0.1877 -0.9641 0.1877
vn 0.1877 -0.1877 0.9641
vn 0.1877 0.1877 0.9641
vn 0.1877 0.9641 0.1877
vn 0.2265 -0.6887 -0.6887
vn 0.2265 0.6887 -0.6887
vn 0.0000 -1.0000 0.0000
vn 0.0000 -1.0000 0.0000
vn 0.0000 1.0000 0.0000
vn 0.2265 -0.6887 0.6887
vn 0.2265 0.6887 0.6887
vn 0.0000 -1.0000 0.0000
vn 0.0000 1.0000 0.0000
vn 0.0000 -1.0000 0.0000
vn 0.0000 1.0000 0.0000
vn 0.0000 -1.0000 0.0000
vn 0.0000 1.0000 0.0000
vn 0.6887 -0.6887 -0.2265
vn 0.6887 -0.2265 -0.6887
vn 0.9641 -0.1877 -0.1877
vn 0.6887 0.2265 -0.6887
vn 0.9641 0.1877 -0.1877
vn 0.6887 0.6887 -0.2265
vn 0.6887 -0.6887 0.2265
vn 0.9641 -0.1877 0.1877
vn 0.9641 0.1877 0.1877
vn 0.6887 0.6887 0.2265
vn 0.6887 -0.2265 0.6887
vn 0.6887 0.2265 0.6887
vn -0.6887 -0.2265 -0.6887
vn -0.1877 -0.1877 -0.9641
vn -0.2265 -0.6887 -0.6887
vn -0.6887 0.2265 -0.6887
vn -0.1877 -0.9641 -0.1877
vn -0.6887 -0.6887 -0.2265
vn -0.9641 -0.1877 -0.1877
vn -0.9641 0.1877 -0.1877
vn -0.1877 0.1877 -0.9641
vn -0.2265 0.6887 -0.6887
vn -0.6887 0.6887 -0.2265
vn -0.1877 0.9641 -0.1877
vn -0.6887 -0.6887 0.2265
vn -0.1877 -0.9641 0.1877
vn -0.9641 -0.1877 0.1877
vn -0.9641 0.1877 0.1877
vn -0.2265 -0.6887 0.6887
vn -0.6887 -0.2265 0.6887
vn -0.1877 -0.1877 0.9641
vn -0.6887 0.2265 0.6887
vn -0.1877 0.1877 0.9641
vn -0.1877 0.9641 0.1877
vn -0.6887 0.6887 0.2265
vn -0.2265 0.6887 0.6887
vn 0.0000 -1.0000 0.0000
vn 0.0000 1.0000 0.0000
vn 0.0000 0.9369 0.3495
vn 0.0000 0.3827 0.9239
vn 0.1877 -0.1877 -0.9641
vn 0.1877 -0.9641 -0.1877
vn 0.1877 0.1877 -0.9641
vn 0.1877 0.9641 -0.1877
vn 0.0000 -1.0000 0.0000
vn 0.0000 -1.0000 0.0000
vn 0.0000 -1.0000 0.0000
vn 0.0000 -1.0000 0.0000
vn 0.0000 1.0000 0.0000
vn 0.0000 1.0000 0.0000
vn 0.0000 1.0000 0.0000
vn 0.0000 1.0000 0.0000
vn 0.0000 -1.0000 0.0000
vn 0.1877 -0.9641 0.1877
vn 0.1877 -0.1877 0.9641
vn 0.0000 1.0000 0.0000
vn 0.0000 0.9239 0.3827
vn -0.0000 0.3827 0.9239
vn 0.0000 1.0000 0.0000
vn 0.2265 0.6887 0.6887
vn 0.2265 -0.6887 -0.6887
vn 0.2265 0.6887 -0.6887
vn 0.0000 -1.0000 0.0000
vn 0.0000 -1.0000 0.0000
vn 0.2265 -0.6887 0.6887
vn 0.0000 -1.0000 0.0000
vn 0.1877 0.1877 0.9641
vn 0.0000 0.3827 0.9239
vn 0.0000 0.9239 0.3827
vn 0.1877 0.9641 0.1877
vn 0.0000 0.9369 0.3495
vn 0.0000 1.0000 0.0000
vn 0.0000 -1.0000 0.0000
vn 0.0000 -1.0000 0.0000
vn 0.0000 -1.0000 0.0000
vn 0.0000 1.0000 0.0000
vn 0.0000 1.0000 0.0000
vn 0.0000 1.0000 0.0000
vn 0.6887 -0.2265 -0.6887
vn 0.6887 0.2265 -0.6887
vn 0.6887 -0.6887 -0.2265
vn 0.9641 -0.1877 -0.1877
vn 0.6887 0.6887 -0.2265
vn 0.9641 0.1877 -0.1877
vn 0.6887 -0.6887 0.2265
vn 0.9641 -0.1877 0.1877
vn 0.6887 -0.2265 0.6887
vn 0.9641 0.1877 0.1877
vn 0.6887 0.6887 0.2265
vn 0.6887 0.2265 0.6887
vn -0.6887 -0.6887 -0.2265
vn -0.2265 -0.6887 -0.6887
vn -0.1877 -0.9641 -0.1877
vn -0.9641 -0.1877 -0.1877
vn -0.6887 -0.2265 -0.6887
vn -0.1877 -0.1877 -0.9641
vn -0.9641 0.1877 -0.1877
vn -0.6887 0.2265 -0.6887
vn -0.1877 0.1877 -0.9641
vn -0.6887 0.6887 -0.2265
vn -0.2265 0.6887 -0.6887
vn -0.1877 0.9641 -0.1877
vn -0.9641 -0.1877 0.1877
vn -0.1877 -0.9641 0.1877
vn -0.6887 0.6887 0.2265
vn -0.6887 -0.6887 0.2265
vn -0.9641 0.1877 0.1877
vn -0.1877 0.9641 0.1877
vn -0.2265 -0.6887 0.6887
vn -0.6887 -0.2265 0.6887
vn -0.1877 -0.1877 0.9641
vn -0.6887 0.2265 0.6887
vn -0.1877 0.1877 0.9641
vn -0.2265 0.6887 0.6887
vn 0.0000 -1.0000 0.0000
vn 0.0000 1.0000 0.0000
vn 0.0000 -0.9577 0.2879
vn 0.0000 -0.2083 0.9781
vn 0.0000 0.1350 0.9909
vn 0.0000 0.3827 0.9239
vn -0.0000 0.9565 0.2918
vn 0.1877 -0.9641 -0.1877
vn 0.1877 -0.1877 -0.9641
vn 0.1877 0.1877 -0.9641
vn 0.1877 0.9641 -0.1877
vn 0.0000 -1.0000 0.0000
vn 0.0000 -1.0000 0.0000
vn 0.0000 -1.0000 0.0000
vn 0.0000 1.0000 0.0000
vn 0.0000 1.0000 0.0000
vn 0.0000 1.0000 0.0000
vn 0.0000 1.0000 0.0000
vn 0.0000 -0.9239 0.3827
vn 0.0000 -0.3827 0.9239
vn 0.0000 0.9239 0.3827
vn 0.0000 1.0000 0.0000
vn 0.2265 -0.6887 -0.6887
vn 0.2265 0.6887 -0.6887
vn 0.0000 -1.0000 0.0000
vn 0.0000 -1.0000 0.0000
vn 0.0000 -1.0000 0.0000
vn 0.0000 1.0000 0.0000
vn 0.0000 1.0000 0.0000
vn -0.0000 -0.9577 0.2879
vn 0.0000 -1.0000 0.0000
vn 0.1877 -0.9641 0.1877
vn 0.0000 0.9565 0.2918
vn 0.1877 0.9641 0.1877
vn 0.0000 1.0000 0.0000
vn 0.0000 -1.0000 0.0000
vn 0.0000 -0.9239 0.3827
vn 0.2265 -0.6887 0.6887
vn 0.0000 -0.3827 0.9239
vn 0.1877 -0.1877 0.9641
vn 0.0000 -0.2083 0.9781
vn 0.0000 0.1350 0.9909
vn 0.1877 0.1877 0.9641
vn 0.0000 0.3827 0.9239
vn 0.0000 0.9239 0.3827
vn 0.6887 -0.6887 -0.2265
vn 0.6887 -0.2265 -0.6887
vn 0.9641 -0.1877 -0.1877
vn 0.6887 0.2265 -0.6887
vn 0.9641 0.1877 -0.1877
vn 0.6887 0.6887 -0.2265
vn 0.2265 0.6887 0.6887
vn 0.6887 -0.6887 0.2265
vn 0.9641 -0.1877 0.1877
vn 0.9641 0.1877 0.1877
vn 0.6887 0.6887 0.2265
vn 0.6887 -0.2265 0.6887
vn 0.6887 0.2265 0.6887
vn -0.6887 -0.6887 -0.2265
vn -0.2265 -0.6887 -0.6887
vn -0.1877 -0.9641 -0.1877
vn -0.6887 -0.2265 -0.6887
vn -0.9641 -0.1877 -0.1877
vn -0.1877 -0.1877 -0.9641
vn -0.9641 0.1877 -0.1877
vn -0.6887 0.2265 -0.6887
vn -0.1877 0.1877 -0.9641
vn -0.6887 0.6887 -0.2265
vn -0.2265 0.6887 -0.6887
vn -0.1877 0.9641 -0.1877
vn -0.6887 -0.6887 0.2265
vn -0.9641 0.1877 0.1877
vn -0.9641 -0.1877 0.1877
vn -0.1877 -0.9641 0.1877
vn -0.2265 -0.6887 0.6887
vn -0.6887 -0.2265 0.6887
vn -0.1877 -0.1877 0.9641
vn -0.6887 0.2265 0.6887
vn -0.1877 0.1877 0.9641
vn -0.1877 0.9641 0.1877
vn -0.6887 0.6887 0.2265
vn -0.2265 0.6887 0.6887
vn 0.1877 -0.9641 -0.1877
vn 0.1877 -0.1877 -0.9641
vn 0.1877 0.1877 -0.9641
vn 0.1877 0.9641 -0.1877
vn 0.1877 -0.9641 0.1877
vn 0.1877 -0.1877 0.9641
vn 0.2265 0.6887 0.6887
vn 0.1877 0.9641 0.1877
vn 0.2265 -0.6887 -0.6887
vn 0.2265 0.6887 -0.6887
vn 0.2265 -0.6887 0.6887
vn 0.1877 0.1877 0.9641
vn 0.6887 -0.6887 -0.2265
vn 0.6887 -0.2265 -0.6887
vn 0.9641 -0.1877 -0.1877
vn 0.6887 0.2265 -0.6887
vn 0.9641 0.1877 -0.1877
vn 0.6887 0.6887 -0.2265
vn 0.6887 -0.6887 0.2265
vn 0.9641 -0.1877 0.1877
vn 0.9641 0.1877 0.1877
vn 0.6887 -0.2265 0.6887
vn 0.6887 0.2265 0.6887
vn 0.6887 0.6887 0.2265
vn -0.5774 -0.5774 -0.5774
vn -0.8685 -0.4956 0.0000
vn -0.8685 0.0000 -0.4956
vn -0.5774 -0.5774 0.5774
vn -0.8685 -0.0000 0.4956
vn -0.4956 -0.8685 -0.0000
vn -0.1480 -0.8577 -0.4924
vn -0.1278 -0.9918 -0.0000
vn -0.1480 -0.8577 0.4924
vn -0.1480 -0.4924 -0.8577
vn -0.4956 0.0000 -0.8685
vn -0.1480 -0.4924 0.8577
vn -0.4956 0.0000 0.8685
vn -1.0000 0.0000 0.0000
vn -0.8685 0.4956 -0.0000
vn -0.5774 0.5774 -0.5774
vn -0.5774 0.5774 0.5774
vn -0.4956 0.8685 -0.0000
vn -0.1278 0.0000 -0.9918
vn -0.1480 0.4924 -0.8577
vn -0.1278 -0.0000 0.9918
vn -0.1480 0.4924 0.8577
vn -0.1480 0.8577 -0.4924
vn -0.1480 0.8577 0.4924
vn -0.1278 0.9918 -0.0000
vn 0.0000 -0.6737 -0.7390
vn 0.0000 -0.2588 -0.9659
vn 0.0000 0.5206 -0.8538
vn 0.0000 0.9068 -0.4215
vn 0.1480 -0.8577 -0.4924
vn 0.1480 -0.8577 0.4924
vn 0.0000 -0.7071 -0.7071
vn 0.0000 0.2588 -0.9659
vn 0.0000 -0.0639 -0.9980
vn 0.0000 -0.2588 -0.9659
vn -0.0000 -0.2588 -0.9659
vn 0.1278 0.0000 0.9918
vn 0.1480 0.4924 0.8577
vn -0.0000 0.9659 -0.2588
vn -0.0000 0.9659 -0.2588
vn 0.0000 0.9780 0.2085
vn 0.0000 0.9659 0.2588
vn 0.1480 0.8577 0.4924
vn 0.1480 -0.4924 -0.8577
vn 0.1278 -0.9918 -0.0000
vn 0.0000 -0.6737 -0.7390
vn -0.0000 -0.2588 -0.9659
vn 0.1480 -0.4924 0.8577
vn -0.0000 -0.2588 -0.9659
vn -0.0000 -0.2588 -0.9659
vn 0.0000 -0.0639 -0.9980
vn 0.1278 0.0000 -0.9918
vn -0.0000 0.2588 -0.9659
vn 0.1480 0.4924 -0.8577
vn 0.0000 0.5206 -0.8538
vn 0.1480 0.8577 -0.4924
vn 0.0000 0.9068 -0.4215
vn -0.0000 0.9659 -0.2588
vn 0.0000 0.9780 0.2085
vn 0.1278 0.9918 0.0000
vn -0.0000 0.9659 -0.2588
vn 0.4956 -0.8685 0.0000
vn 0.5774 -0.5774 -0.5774
vn 0.5774 -0.5774 0.5774
vn 0.4956 -0.0000 -0.8685
vn 0.4956 0.0000 0.8685
vn 0.8685 -0.4956 0.0000
vn 0.8685 0.0000 -0.4956
vn 0.8685 -0.0000 0.4956
vn 0.5774 0.5774 -0.5774
vn 0.4956 0.8685 -0.0000
vn 0.5774 0.5774 0.5774
vn 1.0000 0.0000 0.0000
vn 0.8685 0.4956 -0.0000
vn -0.6887 -0.6887 -0.2265
vn -0.2265 -0.6887 -0.6887
vn -0.1877 -0.9641 -0.1877
vn -0.1877 -0.9641 0.1877
vn -0.9641 -0.1877 -0.1877
vn -0.6887 -0.2265 -0.6887
vn -0.1877 -0.1877 -0.9641
vn -0.9641 -0.1877 0.1877
vn -0.6887 -0.6887 0.2265
vn -0.2265 -0.6887 0.6887
vn -0.6887 -0.2265 0.6887
vn -0.1877 -0.1877 0.9641
vn 0.2265 -0.6887 -0.6887
vn 0.1877 -0.1877 -0.9641
vn 0.1877 -0.9641 0.1877
vn 0.1877 -0.1877 0.9641
vn -0.9641 0.1877 -0.1877
vn -0.1877 0.1877 -0.9641
vn -0.6887 0.2265 -0.6887
vn -0.9641 0.1877 0.1877
vn -0.1877 0.1877 0.9641
vn -0.6887 0.2265 0.6887
vn -0.6887 0.6887 -0.2265
vn -0.2265 0.6887 -0.6887
vn -0.1877 0.9641 -0.1877
vn -0.6887 0.6887 0.2265
vn -0.1877 0.9641 0.1877
vn -0.2265 0.6887 0.6887
vn 0.2265 0.6887 -0.6887
vn 0.1877 0.9641 -0.1877
vn 0.2265 0.6887 0.6887
vn 0.1877 -0.9641 -0.1877
vn 0.2265 -0.6887 0.6887
vn 0.6887 -0.6887 -0.2265
vn 0.6887 -0.2265 -0.6887
vn 0.9641 -0.1877 -0.1877
vn 0.6887 -0.6887 0.2265
vn 0.6887 -0.2265 0.6887
vn 0.9641 -0.1877 0.1877
vn 0.1877 0.1877 -0.9641
vn 0.1877 0.1877 0.9641
vn 0.1877 0.9641 0.1877
vn 0.9641 0.1877 -0.1877
vn 0.6887 0.2265 -0.6887
vn 0.9641 0.1877 0.1877
vn 0.6887 0.2265 0.6887
vn 0.6887 0.6887 -0.2265
vn 0.6887 0.6887 0.2265
vn -0.8574 -0.4959 -0.1374
vn -0.5774 -0.5774 -0.5774
vn -0.4921 -0.8608 -0.1298
vn -0.8685 0.0000 -0.4956
vn -0.9918 -0.0036 -0.1277
vn -0.8578 0.4889 -0.1584
vn -0.4956 0.0000 -0.8685
vn -0.5774 0.5774 -0.5774
vn -0.4926 0.8543 -0.1662
vn -0.0000 -0.8685 -0.4956
vn 0.0000 -0.9943 -0.1068
vn 0.0000 -0.4956 -0.8685
vn 0.4921 -0.8608 -0.1298
vn 0.5774 -0.5774 -0.5774
vn 0.0000 0.0000 -1.0000
vn 0.0000 0.4956 -0.8685
vn 0.4956 -0.0000 -0.8685
vn 0.8574 -0.4959 -0.1374
vn 0.8685 -0.0000 -0.4956
vn 0.5774 0.5774 -0.5774
vn 0.9918 -0.0036 -0.1277
vn 0.8578 0.4889 -0.1584
vn 0.0000 0.8685 -0.4956
vn 0.0000 0.9888 -0.1489
vn 0.4926 0.8543 -0.1662
vn -0.5027 -0.8637 0.0368
vn -0.8689 -0.4946 0.0210
vn -1.0000 0.0070 -0.0003
vn -0.8628 0.5051 -0.0215
vn -0.4967 0.8672 -0.0369
vn 0.0000 -0.9991 0.0425
vn 0.5027 -0.8637 0.0368
vn 0.8689 -0.4946 0.0210
vn 0.4967 0.8672 -0.0369
vn 1.0000 0.0070 -0.0003
vn 0.0000 0.9991 -0.0425
vn 0.8628 0.5051 -0.0215
vn 0.0000 0.0000 -1.0000
vn 0.0000 0.0000 -1.0000
vn 0.0000 0.0000 -1.0000
vn 0.0000 0.0000 -1.0000
vn 0.0000 0.0000 -1.0000
vn 0.0000 0.0000 -1.0000
vn 0.0000 0.0000 -1.0000
vn 0.0000 0.0000 -1.0000
vn -1.0000 0.0000 -0.0000
vn -0.8660 -0.5000 0.0000
vn -1.0000 0.0000 0.0000
vn -0.8660 0.5000 -0.0000
vn -0.5000 -0.8660 0.0000
vn -0.8660 -0.5000 0.0000
vn -0.5000 -0.8660 -0.0000
vn 0.0000 0.0000 1.0000
vn 0.0000 0.0000 1.0000
vn 0.0000 0.0000 1.0000
vn -0.8660 0.5000 0.0000
vn 0.0000 0.0000 1.0000
vn 0.0000 0.0000 1.0000
vn 0.0000 0.0000 -1.0000
vn 0.0000 0.0000 -1.0000
vn -0.5000 0.8660 0.0000
vn -0.5000 0.8660 0.0000
vn 0.0000 0.0000 -1.0000
vn 0.0000 0.0000 -1.0000
vn 0.0000 0.0000 -1.0000
vn 0.0000 0.0000 -1.0000
vn 0.0000 -1.0000 -0.0000
vn 0.5000 -0.8660 0.0000
vn 0.0000 -1.0000 0.0000
vn 0.5000 -0.8660 0.0000
vn 0.0000 0.0000 -1.0000
vn 0.0000 0.0000 -1.0000
vn 0.0000 0.0000 -1.0000
vn 0.0000 0.0000 -1.0000
vn 0.0000 0.0000 -1.0000
vn 0.0000 0.0000 -1.0000
vn 0.0000 0.0000 1.0000
vn 0.0000 0.0000 1.0000
vn 0.0000 0.0000 1.0000
vn 0.8660 -0.5000 0.0000
vn 0.0000 0.0000 1.0000
vn 0.8660 -0.5000 -0.0000
vn 0.0000 0.0000 1.0000
vn 0.0000 0.0000 1.0000
vn 0.0000 0.0000 -1.0000
vn 1.0000 0.0000 -0.0000
vn 1.0000 0.0000 0.0000
vn 0.8660 0.5000 0.0000
vn 0.0000 0.0000 1.0000
vn 0.8660 0.5000 0.0000
vn 0.0000 0.0000 -1.0000
vn 0.0000 0.0000 -1.0000
vn 0.0000 0.0000 -1.0000
vn 0.0000 1.0000 0.0000
vn 0.0000 1.0000 -0.0000
vn 0.5000 0.8660 -0.0000
vn 0.5000 0.8660 0.0000
f 1//1 2//2 3//3
f 2//2 4//4 3//3
f 5//5 6//6 7//7
f 8//8 9//9 10//10
f 5//5 8//8 10//10
f 5//5 10//10 6//6
f 6//6 10//10 11//11
f 6//6 12//12 13//13
f 6//6 11//11 12//12
f 10//10 9//9 14//14
f 10//10 14//14 11//11
f 5//5 7//7 15//15
f 15//15 7//7 16//16
f 7//7 17//17 16//16
f 16//16 18//18 19//19
f 16//16 20//20 18//18
f 6//6 13//13 7//7
f 7//7 13//13 17//17
f 17//17 13//13 21//21
f 13//13 12//12 22//22
f 13//13 22//22 21//21
f 16//16 17//17 23//23
f 16//16 23//23 20//20
f 17//17 24//24 25//25
f 17//17 21//21 24//24
f 5//5 15//15 26//26
f 8//8 27//27 9//9
f 5//5 28//28 8//8
f 15//15 16//16 29//29
f 16//16 19//19 29//29
f 19//19 30//30 29//29
f 31//31 32//32 29//29
f 31//31 29//29 30//30
f 32//32 33//33 34//34
f 1//1 3//3 34//34
f 34//34 3//3 35//35
f 5//5 36//36 28//28
f 5//5 26//26 36//36
f 15//15 29//29 26//26
f 8//8 28//28 27//27
f 32//32 34//34 29//29
f 34//34 35//35 37//37
f 26//26 29//29 36//36
f 36//36 29//29 38//38
f 28//28 39//39 27//27
f 36//36 39//39 28//28
f 39//39 40//40 27//27
f 36//36 38//38 39//39
f 39//39 38//38 41//41
f 29//29 42//42 38//38
f 38//38 42//42 43//43
f 29//29 34//34 42//42
f 34//34 37//37 42//42
f 39//39 41//41 40//40
f 38//38 43//43 41//41
f 42//42 44//44 43//43
f 42//42 37//37 44//44
f 2//2 45//45 4//4
f 45//45 46//46 4//4
f 14//14 9//9 47//47
f 14//14 47//47 11//11
f 11//11 48//48 12//12
f 9//9 49//49 47//47
f 11//11 47//47 48//48
f 47//47 49//49 50//50
f 47//47 50//50 48//48
f 12//12 48//48 51//51
f 48//48 50//50 52//52
f 48//48 52//52 51//51
f 21//21 51//51 53//53
f 53//53 51//51 52//52
f 53//53 52//52 54//54
f 12//12 51//51 22//22
f 22//22 51//51 21//21
f 21//21 53//53 24//24
f 24//24 53//53 55//55
f 53//53 54//54 56//56
f 50//50 57//57 52//52
f 54//54 52//52 58//58
f 58//58 52//52 59//59
f 9//9 27//27 49//49
f 49//49 60//60 50//50
f 50//50 60//60 57//57
f 52//52 57//57 61//61
f 52//52 61//61 59//59
f 59//59 61//61 62//62
f 63//63 61//61 64//64
f 63//63 62//62 61//61
f 65//65 64//64 61//61
f 45//45 66//66 46//46
f 66//66 35//35 46//46
f 49//49 27//27 67//67
f 49//49 67//67 60//60
f 57//57 60//60 68//68
f 57//57 68//68 61//61
f 65//65 61//61 66//66
f 37//37 35//35 66//66
f 27//27 40//40 69//69
f 27//27 69//69 67//67
f 67//67 69//69 70//70
f 40//40 41//41 69//69
f 43//43 44//44 71//71
f 41//41 43//43 72//72
f 37//37 71//71 44//44
f 41//41 72//72 69//69
f 69//69 72//72 70//70
f 43//43 71//71 72//72
f 71//71 61//61 72//72
f 37//37 66//66 71//71
f 71//71 66//66 61//61
f 67//67 70//70 60//60
f 60//60 70//70 68//68
f 72//72 61//61 70//70
f 70//70 61//61 68//68
f 73//73 74//74 75//75
f 74//74 76//76 75//75
f 77//77 78//78 79//79
f 77//77 79//79 80//80
f 77//77 80//80 76//76
f 74//74 77//77 76//76
f 76//76 81//81 82//82
f 75//75 76//76 82//82
f 76//76 80//80 81//81
f 82//82 81//81 83//83
f 73//73 84//84 74//74
f 73//73 85//85 86//86
f 74//74 87//87 77//77
f 77//77 87//87 78//78
f 73//73 75//75 85//85
f 75//75 88//88 85//85
f 85//85 88//88 89//89
f 75//75 82//82 88//88
f 82//82 90//90 88//88
f 88//88 91//91 89//89
f 82//82 83//83 90//90
f 88//88 90//90 91//91
f 74//74 92//92 87//87
f 74//74 84//84 92//92
f 73//73 86//86 84//84
f 85//85 93//93 86//86
f 78//78 87//87 94//94
f 95//95 87//87 92//92
f 95//95 94//94 87//87
f 95//95 96//96 94//94
f 95//95 92//92 97//97
f 84//84 97//97 92//92
f 84//84 86//86 97//97
f 97//97 86//86 98//98
f 95//95 99//99 96//96
f 95//95 97//97 99//99
f 97//97 98//98 99//99
f 99//99 100//100 96//96
f 99//99 101//101 100//100
f 99//99 98//98 101//101
f 86//86 93//93 98//98
f 98//98 93//93 102//102
f 98//98 102//102 101//101
f 93//93 103//103 102//102
f 93//93 104//104 103//103
f 89//89 104//104 93//93
f 85//85 89//89 93//93
f 89//89 91//91 104//104
f 79//79 78//78 105//105
f 79//79 105//105 80//80
f 80//80 105//105 106//106
f 105//105 107//107 106//106
f 80//80 106//106 81//81
f 81//81 108//108 83//83
f 81//81 106//106 108//108
f 106//106 109//109 108//108
f 107//107 110//110 109//109
f 106//106 107//107 109//109
f 78//78 111//111 105//105
f 105//105 111//111 107//107
f 107//107 112//112 110//110
f 110//110 113//113 114//114
f 115//115 114//114 116//116
f 83//83 108//108 90//90
f 90//90 115//115 91//91
f 108//108 115//115 90//90
f 108//108 109//109 115//115
f 91//91 115//115 116//116
f 110//110 114//114 109//109
f 109//109 114//114 115//115
f 78//78 94//94 111//111
f 107//107 111//111 112//112
f 110//110 112//112 117//117
f 110//110 117//117 113//113
f 94//94 96//96 118//118
f 94//94 118//118 111//111
f 111//111 118//118 112//112
f 96//96 100//100 119//119
f 100//100 101//101 119//119
f 96//96 119//119 118//118
f 118//118 119//119 120//120
f 119//119 121//121 120//120
f 102//102 103//103 122//122
f 103//103 104//104 122//122
f 101//101 102//102 121//121
f 101//101 121//121 119//119
f 102//102 122//122 121//121
f 121//121 122//122 113//113
f 118//118 120//120 112//112
f 112//112 120//120 117//117
f 120//120 113//113 117//117
f 121//121 113//113 120//120
f 116//116 122//122 104//104
f 116//116 113//113 122//122
f 91//91 116//116 104//104
f 116//116 114//114 113//113
f 123//123 124//124 125//125
f 123//123 126//126 124//124
f 123//123 127//127 126//126
f 126//126 127//127 128//128
f 129//129 130//130 131//131
f 129//129 131//131 132//132
f 132//132 131//131 133//133
f 129//129 134//134 130//130
f 129//129 135//135 136//136
f 129//129 136//136 134//134
f 129//129 132//132 137//137
f 129//129 137//137 138//138
f 129//129 139//139 135//135
f 129//129 138//138 139//139
f 138//138 140//140 139//139
f 139//139 141//141 135//135
f 139//139 142//142 141//141
f 143//143 144//144 145//145
f 143//143 145//145 146//146
f 130//130 147//147 131//131
f 130//130 148//148 149//149
f 143//143 147//147 130//130
f 143//143 130//130 144//144
f 130//130 149//149 144//144
f 131//131 150//150 133//133
f 125//125 150//150 131//131
f 130//130 134//134 148//148
f 123//123 131//131 147//147
f 123//123 125//125 131//131
f 144//144 149//149 151//151
f 144//144 151//151 152//152
f 143//143 146//146 147//147
f 123//123 147//147 153//153
f 144//144 154//154 155//155
f 144//144 152//152 156//156
f 144//144 156//156 154//154
f 154//154 156//156 157//157
f 154//154 157//157 158//158
f 157//157 159//159 158//158
f 160//160 159//159 161//161
f 147//147 146//146 153//153
f 144//144 155//155 145//145
f 154//154 158//158 155//155
f 123//123 153//153 162//162
f 123//123 162//162 127//127
f 158//158 159//159 160//160
f 163//163 164//164 165//165
f 163//163 165//165 166//166
f 167//167 163//163 166//166
f 167//167 168//168 169//169
f 170//170 164//164 171//171
f 167//167 166//166 168//168
f 170//170 165//165 164//164
f 170//170 171//171 172//172
f 169//169 173//173 174//174
f 171//171 175//175 172//172
f 168//168 173//173 169//169
f 172//172 175//175 176//176
f 177//177 178//178 179//179
f 177//177 180//180 178//178
f 181//181 182//182 183//183
f 181//181 183//183 184//184
f 185//185 186//186 187//187
f 185//185 178//178 180//180
f 188//188 179//179 189//189
f 185//185 180//180 186//186
f 188//188 177//177 179//179
f 188//188 189//189 190//190
f 187//187 191//191 192//192
f 186//186 191//191 187//187
f 189//189 193//193 190//190
f 189//189 194//194 193//193
f 195//195 194//194 189//189
f 195//195 189//189 196//196
f 197//197 196//196 198//198
f 197//197 198//198 199//199
f 195//195 196//196 197//197
f 182//182 200//200 183//183
f 182//182 201//201 200//200
f 181//181 184//184 202//202
f 201//201 203//203 200//200
f 181//181 204//204 182//182
f 181//181 202//202 204//204
f 182//182 204//204 205//205
f 202//202 206//206 204//204
f 182//182 205//205 201//201
f 201//201 207//207 203//203
f 201//201 205//205 207//207
f 207//207 208//208 203//203
f 202//202 184//184 209//209
f 202//202 209//209 195//195
f 195//195 209//209 210//210
f 195//195 211//211 194//194
f 195//195 210//210 211//211
f 202//202 195//195 206//206
f 195//195 197//197 212//212
f 195//195 213//213 206//206
f 195//195 212//212 213//213
f 204//204 214//214 205//205
f 204//204 206//206 214//214
f 205//205 214//214 215//215
f 214//214 206//206 216//216
f 205//205 215//215 207//207
f 214//214 217//217 215//215
f 214//214 216//216 217//217
f 206//206 213//213 216//216
f 128//128 127//127 218//218
f 219//219 220//220 221//221
f 218//218 221//221 220//220
f 127//127 221//221 218//218
f 140//140 222//222 139//139
f 223//223 224//224 225//225
f 222//222 223//223 225//225
f 139//139 222//222 225//225
f 139//139 225//225 226//226
f 139//139 227//227 142//142
f 139//139 226//226 227//227
f 224//224 228//228 225//225
f 224//224 229//229 228//228
f 225//225 228//228 230//230
f 225//225 231//231 226//226
f 225//225 232//232 231//231
f 225//225 230//230 232//232
f 160//160 161//161 233//233
f 160//160 233//233 234//234
f 235//235 160//160 234//234
f 229//229 236//236 228//228
f 219//219 228//228 236//236
f 230//230 237//237 232//232
f 219//219 221//221 228//228
f 221//221 238//238 228//228
f 228//228 238//238 230//230
f 230//230 239//239 237//237
f 230//230 238//238 240//240
f 230//230 241//241 239//239
f 230//230 240//240 241//241
f 241//241 242//242 243//243
f 241//241 243//243 239//239
f 221//221 244//244 238//238
f 235//235 234//234 245//245
f 235//235 245//245 241//241
f 241//241 245//245 242//242
f 235//235 241//241 246//246
f 127//127 162//162 244//244
f 127//127 244//244 221//221
f 235//235 246//246 160//160
f 238//238 244//244 247//247
f 238//238 247//247 248//248
f 241//241 248//248 249//249
f 241//241 249//249 246//246
f 238//238 248//248 240//240
f 241//241 240//240 248//248
f 250//250 174//174 251//251
f 176//176 175//175 252//252
f 174//174 173//173 251//251
f 176//176 252//252 253//253
f 250//250 254//254 255//255
f 252//252 256//256 253//253
f 256//256 257//257 258//258
f 251//251 254//254 250//250
f 255//255 254//254 259//259
f 253//253 256//256 258//258
f 255//255 259//259 257//257
f 259//259 258//258 257//257
f 260//260 261//261 192//192
f 192//192 191//191 260//260
f 262//262 263//263 261//261
f 264//264 265//265 266//266
f 265//265 267//267 266//266
f 260//260 262//262 261//261
f 264//264 266//266 268//268
f 263//263 262//262 269//269
f 197//197 199//199 270//270
f 197//197 270//270 271//271
f 197//197 271//271 264//264
f 197//197 264//264 272//272
f 264//264 268//268 273//273
f 264//264 273//273 274//274
f 272//272 264//264 274//274
f 275//275 276//276 208//208
f 275//275 208//208 207//207
f 275//275 207//207 277//277
f 275//275 278//278 276//276
f 275//275 279//279 278//278
f 279//279 280//280 278//278
f 280//280 281//281 282//282
f 275//275 277//277 279//279
f 279//279 283//283 280//280
f 280//280 283//283 281//281
f 277//277 283//283 279//279
f 284//284 281//281 283//283
f 197//197 272//272 212//212
f 212//212 272//272 213//213
f 272//272 284//284 213//213
f 272//272 274//274 285//285
f 272//272 285//285 286//286
f 272//272 286//286 287//287
f 272//272 287//287 281//281
f 281//281 287//287 282//282
f 272//272 281//281 284//284
f 269//269 267//267 263//263
f 269//269 266//266 267//267
f 280//280 288//288 278//278
f 280//280 282//282 288//288
f 207//207 215//215 277//277
f 215//215 217//217 289//289
f 217//217 216//216 289//289
f 215//215 289//289 277//277
f 216//216 284//284 289//289
f 289//289 283//283 277//277
f 289//289 284//284 283//283
f 213//213 284//284 216//216
f 290//290 291//291 292//292
f 293//293 294//294 295//295
f 292//292 294//294 293//293
f 290//290 292//292 293//293
f 290//290 293//293 296//296
f 293//293 297//297 296//296
f 293//293 295//295 297//297
f 296//296 297//297 298//298
f 297//297 295//295 299//299
f 297//297 300//300 298//298
f 297//297 299//299 300//300
f 300//300 299//299 301//301
f 290//290 302//302 291//291
f 290//290 296//296 303//303
f 291//291 304//304 305//305
f 291//291 302//302 306//306
f 290//290 303//303 307//307
f 296//296 298//298 308//308
f 298//298 300//300 309//309
f 300//300 301//301 309//309
f 291//291 306//306 310//310
f 296//296 311//311 303//303
f 291//291 310//310 304//304
f 301//301 312//312 313//313
f 292//292 291//291 314//314
f 294//294 315//315 295//295
f 292//292 314//314 294//294
f 291//291 316//316 314//314
f 294//294 314//314 315//315
f 295//295 317//317 299//299
f 299//299 317//317 301//301
f 295//295 315//315 318//318
f 295//295 318//318 317//317
f 301//301 317//317 319//319
f 314//314 316//316 320//320
f 315//315 321//321 318//318
f 314//314 321//321 315//315
f 314//314 320//320 321//321
f 320//320 322//322 321//321
f 321//321 322//322 323//323
f 321//321 323//323 318//318
f 322//322 324//324 323//323
f 318//318 323//323 317//317
f 323//323 324//324 325//325
f 323//323 325//325 317//317
f 317//317 325//325 319//319
f 291//291 326//326 316//316
f 301//301 319//319 327//327
f 291//291 328//328 326//326
f 301//301 327//327 329//329
f 291//291 305//305 328//328
f 301//301 329//329 312//312
f 316//316 326//326 330//330
f 319//319 331//331 327//327
f 316//316 330//330 332//332
f 319//319 333//333 331//331
f 316//316 332//332 334//334
f 319//319 335//335 333//333
f 316//316 336//336 320//320
f 320//320 337//337 322//322
f 322//322 337//337 324//324
f 324//324 338//338 325//325
f 319//319 325//325 339//339
f 316//316 334//334 336//336
f 319//319 339//339 335//335
f 313//313 312//312 340//340
f 296//296 308//308 311//311
f 310//310 306//306 341//341
f 311//311 342//342 303//303
f 298//298 309//309 308//308
f 301//301 313//313 309//309
f 310//310 343//343 304//304
f 313//313 340//340 344//344
f 345//345 310//310 341//341
f 345//345 342//342 311//311
f 345//345 346//346 310//310
f 345//345 347//347 346//346
f 345//345 311//311 347//347
f 346//346 347//347 348//348
f 311//311 308//308 347//347
f 347//347 349//349 348//348
f 347//347 308//308 350//350
f 347//347 350//350 349//349
f 308//308 309//309 350//350
f 350//350 309//309 351//351
f 350//350 351//351 349//349
f 309//309 313//313 351//351
f 320//320 336//336 352//352
f 320//320 352//352 337//337
f 324//324 337//337 338//338
f 325//325 338//338 353//353
f 325//325 353//353 339//339
f 336//336 334//334 354//354
f 339//339 355//355 335//335
f 310//310 356//356 343//343
f 313//313 344//344 357//357
f 310//310 358//358 356//356
f 336//336 354//354 359//359
f 339//339 360//360 355//355
f 336//336 359//359 358//358
f 339//339 357//357 361//361
f 339//339 361//361 360//360
f 310//310 336//336 358//358
f 313//313 357//357 339//339
f 310//310 346//346 362//362
f 346//346 348//348 362//362
f 348//348 349//349 363//363
f 310//310 362//362 336//336
f 348//348 363//363 362//362
f 313//313 339//339 351//351
f 349//349 351//351 364//364
f 349//349 364//364 363//363
f 351//351 365//365 364//364
f 351//351 339//339 365//365
f 336//336 362//362 352//352
f 362//362 366//366 352//352
f 352//352 366//366 337//337
f 362//362 363//363 366//366
f 337//337 366//366 367//367
f 363//363 364//364 366//366
f 337//337 367//367 338//338
f 366//366 364//364 367//367
f 338//338 367//367 353//353
f 367//367 365//365 353//353
f 364//364 365//365 367//367
f 339//339 353//353 365//365
f 368//368 369//369 370//370
f 371//371 370//370 369//369
f 371//371 372//372 373//373
f 371//371 369//369 372//372
f 371//371 374//374 370//370
f 371//371 375//375 374//374
f 371//371 373//373 375//375
f 374//374 375//375 376//376
f 375//375 373//373 377//377
f 375//375 378//378 376//376
f 375//375 377//377 378//378
f 378//378 377//377 379//379
f 368//368 370//370 380//380
f 370//370 374//374 381//381
f 374//374 376//376 382//382
f 376//376 378//378 382//382
f 378//378 379//379 383//383
f 368//368 380//380 384//384
f 379//379 385//385 383//383
f 369//369 386//386 372//372
f 368//368 386//386 369//369
f 368//368 387//387 386//386
f 372//372 386//386 388//388
f 372//372 388//388 389//389
f 387//387 390//390 386//386
f 386//386 390//390 391//391
f 386//386 391//391 388//388
f 391//391 390//390 392//392
f 388//388 391//391 393//393
f 391//391 392//392 393//393
f 372//372 389//389 373//373
f 373//373 394//394 377//377
f 377//377 395//395 379//379
f 373//373 389//389 394//394
f 377//377 394//394 395//395
f 388//388 393//393 389//389
f 392//392 396//396 393//393
f 389//389 393//393 394//394
f 393//393 396//396 397//397
f 393//393 397//397 394//394
f 394//394 397//397 395//395
f 368//368 398//398 387//387
f 379//379 395//395 399//399
f 395//395 397//397 400//400
f 368//368 384//384 398//398
f 387//387 398//398 401//401
f 387//387 401//401 402//402
f 387//387 402//402 403//403
f 379//379 399//399 404//404
f 379//379 404//404 405//405
f 395//395 406//406 399//399
f 395//395 407//407 406//406
f 387//387 403//403 408//408
f 387//387 409//409 390//390
f 390//390 410//410 392//392
f 379//379 405//405 385//385
f 395//395 400//400 407//407
f 397//397 411//411 400//400
f 397//397 412//412 413//413
f 396//396 414//414 397//397
f 392//392 410//410 396//396
f 387//387 408//408 409//409
f 397//397 414//414 412//412
f 370//370 415//415 380//380
f 370//370 381//381 415//415
f 374//374 382//382 381//381
f 378//378 416//416 382//382
f 378//378 383//383 416//416
f 380//380 415//415 417//417
f 415//415 418//418 417//417
f 415//415 381//381 418//418
f 418//418 419//419 417//417
f 381//381 420//420 418//418
f 418//418 420//420 419//419
f 381//381 382//382 420//420
f 382//382 416//416 420//420
f 420//420 421//421 422//422
f 419//419 420//420 422//422
f 420//420 416//416 421//421
f 416//416 383//383 421//421
f 380//380 423//423 384//384
f 380//380 424//424 423//423
f 390//390 409//409 425//425
f 390//390 425//425 410//410
f 409//409 408//408 426//426
f 383//383 385//385 427//427
f 414//414 428//428 412//412
f 429//429 430//430 431//431
f 432//432 433//433 430//430
f 380//380 434//434 424//424
f 380//380 435//435 434//434
f 409//409 426//426 436//436
f 409//409 436//436 435//435
f 383//383 427//427 437//437
f 383//383 437//437 438//438
f 432//432 439//439 433//433
f 432//432 438//438 439//439
f 396//396 410//410 414//414
f 414//414 429//429 428//428
f 432//432 430//430 429//429
f 380//380 409//409 435//435
f 383//383 438//438 432//432
f 380//380 417//417 440//440
f 417//417 419//419 440//440
f 419//419 422//422 441//441
f 380//380 440//440 409//409
f 419//419 441//441 440//440
f 409//409 440//440 425//425
f 440//440 442//442 425//425
f 425//425 442//442 410//410
f 440//440 441//441 442//442
f 410//410 442//442 414//414
f 441//441 443//443 442//442
f 422//422 421//421 443//443
f 383//383 432//432 421//421
f 422//422 443//443 441//441
f 421//421 432//432 444//444
f 421//421 444//444 443//443
f 442//442 445//445 414//414
f 442//442 443//443 445//445
f 414//414 445//445 429//429
f 443//443 444//444 445//445
f 445//445 444//444 429//429
f 432//432 429//429 444//444
f 446//446 447//447 448//448
f 449//449 448//448 450//450
f 449//449 446//446 448//448
f 449//449 451//451 446//446
f 449//449 450//450 452//452
f 449//449 453//453 451//451
f 449//449 452//452 453//453
f 451//451 453//453 454//454
f 453//453 452//452 455//455
f 453//453 456//456 454//454
f 453//453 455//455 456//456
f 456//456 455//455 457//457
f 446//446 458//458 447//447
f 446//446 451//451 459//459
f 451//451 454//454 460//460
f 454//454 456//456 460//460
f 456//456 457//457 461//461
f 448//448 447//447 462//462
f 448//448 462//462 450//450
f 450//450 463//463 452//452
f 452//452 463//463 455//455
f 455//455 464//464 457//457
f 450//450 462//462 465//465
f 447//447 466//466 462//462
f 450//450 465//465 463//463
f 455//455 463//463 467//467
f 455//455 467//467 464//464
f 462//462 466//466 468//468
f 462//462 469//469 465//465
f 462//462 468//468 469//469
f 469//469 468//468 470//470
f 465//465 471//471 463//463
f 465//465 469//469 471//471
f 469//469 470//470 471//471
f 470//470 472//472 471//471
f 463//463 471//471 467//467
f 471//471 472//472 473//473
f 467//467 471//471 473//473
f 467//467 473//473 464//464
f 447//447 474//474 466//466
f 457//457 464//464 475//475
f 466//466 476//476 468//468
f 468//468 477//477 470//470
f 470//470 478//478 472//472
f 472//472 479//479 473//473
f 464//464 473//473 480//480
f 447//447 481//481 474//474
f 447//447 482//482 481//481
f 457//457 475//475 483//483
f 466//466 474//474 484//484
f 464//464 485//485 475//475
f 464//464 486//486 485//485
f 447//447 487//487 482//482
f 457//457 483//483 488//488
f 466//466 484//484 476//476
f 468//468 476//476 489//489
f 470//470 477//477 478//478
f 472//472 478//478 479//479
f 464//464 480//480 486//486
f 473//473 479//479 490//490
f 473//473 491//491 480//480
f 447//447 458//458 487//487
f 457//457 488//488 461//461
f 446//446 492//492 458//458
f 446//446 459//459 492//492
f 451//451 460//460 459//459
f 456//456 493//493 460//460
f 456//456 461//461 493//493
f 492//492 494//494 458//458
f 492//492 495//495 494//494
f 492//492 459//459 495//495
f 495//495 496//496 494//494
f 459//459 497//497 495//495
f 495//495 497//497 496//496
f 459//459 460//460 497//497
f 496//496 497//497 498//498
f 460//460 493//493 497//497
f 493//493 499//499 497//497
f 497//497 499//499 498//498
f 493//493 461//461 499//499
f 458//458 500//500 487//487
f 461//461 488//488 501//501
f 458//458 502//502 500//500
f 461//461 501//501 503//503
f 458//458 504//504 502//502
f 461//461 503//503 505//505
f 506//506 507//507 504//504
f 508//508 505//505 509//509
f 506//506 510//510 511//511
f 512//512 513//513 514//514
f 512//512 515//515 513//513
f 506//506 511//511 507//507
f 516//516 517//517 515//515
f 518//518 519//519 520//520
f 508//508 509//509 519//519
f 458//458 506//506 504//504
f 461//461 505//505 508//508
f 506//506 521//521 510//510
f 521//521 512//512 514//514
f 512//512 516//516 515//515
f 516//516 518//518 517//517
f 508//508 519//519 518//518
f 458//458 494//494 522//522
f 494//494 496//496 522//522
f 496//496 498//498 523//523
f 498//498 499//499 524//524
f 461//461 508//508 499//499
f 458//458 522//522 506//506
f 496//496 523//523 522//522
f 498//498 524//524 523//523
f 499//499 525//525 524//524
f 499//499 508//508 525//525
f 506//506 522//522 521//521
f 522//522 526//526 521//521
f 521//521 526//526 512//512
f 522//522 523//523 526//526
f 512//512 526//526 516//516
f 526//526 527//527 516//516
f 526//526 524//524 527//527
f 523//523 524//524 526//526
f 516//516 527//527 518//518
f 525//525 518//518 527//527
f 524//524 525//525 527//527
f 508//508 518//518 525//525
f 528//528 529//529 530//530
f 528//528 531//531 529//529
f 528//528 532//532 531//531
f 531//531 533//533 529//529
f 532//532 534//534 535//535
f 532//532 535//535 531//531
f 531//531 535//535 533//533
f 533//533 535//535 536//536
f 534//534 537//537 535//535
f 535//535 538//538 536//536
f 535//535 537//537 538//538
f 537//537 539//539 538//538
f 530//530 529//529 540//540
f 529//529 533//533 541//541
f 533//533 536//536 542//542
f 536//536 538//538 542//542
f 538//538 539//539 543//543
f 528//528 544//544 532//532
f 528//528 530//530 544//544
f 532//532 545//545 534//534
f 532//532 544//544 546//546
f 530//530 547//547 544//544
f 532//532 546//546 545//545
f 544//544 547//547 548//548
f 544//544 548//548 549//549
f 544//544 549//549 546//546
f 549//549 548//548 550//550
f 546//546 551//551 545//545
f 546//546 549//549 551//551
f 549//549 550//550 551//551
f 550//550 552//552 551//551
f 534//534 553//553 537//537
f 537//537 554//554 539//539
f 534//534 545//545 553//553
f 537//537 553//553 554//554
f 545//545 551//551 553//553
f 551//551 552//552 555//555
f 551//551 555//555 553//553
f 553//553 555//555 554//554
f 530//530 556//556 547//547
f 547//547 556//556 548//548
f 548//548 557//557 550//550
f 550//550 557//557 552//552
f 539//539 554//554 543//543
f 552//552 558//558 555//555
f 555//555 559//559 554//554
f 529//529 560//560 540//540
f 529//529 541//541 560//560
f 533//533 542//542 541//541
f 538//538 561//561 542//542
f 538//538 543//543 561//561
f 540//540 560//560 562//562
f 560//560 563//563 562//562
f 560//560 541//541 563//563
f 562//562 563//563 564//564
f 541//541 565//565 563//563
f 563//563 565//565 564//564
f 541//541 542//542 565//565
f 564//564 565//565 566//566
f 542//542 561//561 565//565
f 565//565 567//567 566//566
f 561//561 567//567 565//565
f 561//561 543//543 567//567
f 530//530 540//540 556//556
f 548//548 556//556 568//568
f 548//548 568//568 557//557
f 552//552 557//557 558//558
f 554//554 559//559 543//543
f 555//555 558//558 569//569
f 555//555 569//569 559//559
f 540//540 562//562 570//570
f 562//562 564//564 570//570
f 564//564 566//566 571//571
f 540//540 570//570 556//556
f 564//564 571//571 570//570
f 566//566 572//572 571//571
f 556//556 570//570 568//568
f 568//568 570//570 573//573
f 568//568 573//573 557//557
f 570//570 571//571 573//573
f 557//557 573//573 558//558
f 573//573 574//574 558//558
f 573//573 572//572 574//574
f 573//573 571//571 572//572
f 543//543 559//559 567//567
f 567//567 572//572 566//566
f 567//567 559//559 575//575
f 567//567 575//575 572//572
f 558//558 574//574 569//569
f 574//574 572//572 575//575
f 569//569 574//574 575//575
f 569//569 575//575 559//559
f 576//576 577//577 578//578
f 576//576 579//579 577//577
f 576//576 578//578 580//580
f 576//576 581//581 579//579
f 576//576 580//580 582//582
f 576//576 582//582 581//581
f 578//578 583//583 580//580
f 579//579 581//581 584//584
f 585//585 583//583 578//578
f 585//585 586//586 583//583
f 585//585 587//587 586//586
f 585//585 588//588 587//587
f 589//589 590//590 591//591
f 589//589 592//592 590//590
f 577//577 591//591 578//578
f 577//577 579//579 593//593
f 589//589 591//591 577//577
f 589//589 577//577 593//593
f 585//585 578//578 591//591
f 593//593 579//579 594//594
f 589//589 593//593 592//592
f 585//585 591//591 588//588
f 593//593 594//594 592//592
f 579//579 584//584 594//594
f 594//594 584//584 595//595
f 591//591 590//590 596//596
f 591//591 596//596 588//588
f 592//592 594//594 597//597
f 588//588 598//598 587//587
f 594//594 595//595 597//597
f 599//599 600//600 601//601
f 599//599 602//602 600//600
f 601//601 603//603 604//604
f 599//599 605//605 602//602
f 605//605 606//606 607//607
f 601//601 600//600 603//603
f 604//604 603//603 608//608
f 605//605 607//607 602//602
f 604//604 608//608 609//609
f 606//606 610//610 611//611
f 609//609 608//608 612//612
f 606//606 611//611 607//607
f 613//613 614//614 615//615
f 613//613 616//616 614//614
f 617//617 618//618 619//619
f 617//617 620//620 618//618
f 615//615 621//621 622//622
f 613//613 623//623 616//616
f 623//623 624//624 625//625
f 622//622 621//621 626//626
f 615//615 614//614 621//621
f 623//623 625//625 616//616
f 624//624 627//627 625//625
f 624//624 628//628 627//627
f 622//622 626//626 629//629
f 624//624 630//630 631//631
f 630//630 632//632 631//631
f 632//632 633//633 631//631
f 626//626 634//634 629//629
f 624//624 635//635 628//628
f 624//624 631//631 635//635
f 618//618 636//636 619//619
f 619//619 636//636 637//637
f 617//617 638//638 620//620
f 638//638 639//639 620//620
f 636//636 640//640 637//637
f 618//618 641//641 636//636
f 618//618 620//620 641//641
f 636//636 641//641 642//642
f 620//620 643//643 641//641
f 636//636 642//642 640//640
f 637//637 640//640 644//644
f 640//640 645//645 644//644
f 640//640 642//642 645//645
f 620//620 639//639 635//635
f 639//639 646//646 635//635
f 647//647 628//628 635//635
f 646//646 647//647 635//635
f 620//620 635//635 643//643
f 635//635 631//631 648//648
f 635//635 649//649 643//643
f 635//635 648//648 649//649
f 641//641 650//650 642//642
f 641//641 643//643 650//650
f 642//642 650//650 651//651
f 643//643 652//652 650//650
f 642//642 651//651 645//645
f 650//650 653//653 651//651
f 650//650 652//652 653//653
f 643//643 649//649 652//652
f 582//582 580//580 654//654
f 582//582 654//654 581//581
f 580//580 583//583 655//655
f 581//581 656//656 584//584
f 580//580 655//655 654//654
f 581//581 654//654 656//656
f 654//654 655//655 657//657
f 654//654 657//657 656//656
f 583//583 586//586 658//658
f 583//583 658//658 655//655
f 586//586 587//587 658//658
f 587//587 659//659 658//658
f 584//584 656//656 660//660
f 584//584 660//660 595//595
f 658//658 661//661 655//655
f 660//660 656//656 662//662
f 655//655 661//661 657//657
f 656//656 657//657 662//662
f 657//657 661//661 663//663
f 657//657 663//663 662//662
f 658//658 659//659 661//661
f 661//661 664//664 663//663
f 660//660 662//662 665//665
f 587//587 598//598 659//659
f 595//595 660//660 666//666
f 659//659 664//664 661//661
f 662//662 667//667 665//665
f 660//660 665//665 666//666
f 662//662 663//663 667//667
f 663//663 664//664 667//667
f 609//609 612//612 668//668
f 610//610 669//669 670//670
f 668//668 612//612 671//671
f 610//610 670//670 611//611
f 668//668 671//671 672//672
f 672//672 673//673 674//674
f 669//669 675//675 676//676
f 671//671 673//673 672//672
f 669//669 676//676 670//670
f 675//675 677//677 676//676
f 674//674 677//677 675//675
f 674//674 673//673 677//677
f 629//629 634//634 678//678
f 633//633 679//679 631//631
f 679//679 680//680 631//631
f 680//680 681//681 631//631
f 678//678 634//634 682//682
f 678//678 682//682 683//683
f 683//683 684//684 685//685
f 681//681 686//686 687//687
f 682//682 684//684 683//683
f 681//681 688//688 689//689
f 681//681 689//689 690//690
f 681//681 687//687 688//688
f 686//686 691//691 687//687
f 681//681 692//692 631//631
f 681//681 690//690 692//692
f 644//644 645//645 693//693
f 693//693 645//645 694//694
f 694//694 645//645 695//695
f 693//693 694//694 696//696
f 694//694 697//697 696//696
f 696//696 697//697 698//698
f 699//699 700//700 701//701
f 700//700 702//702 701//701
f 694//694 695//695 697//697
f 697//697 703//703 702//702
f 701//701 702//702 703//703
f 695//695 703//703 697//697
f 704//704 701//701 703//703
f 631//631 692//692 648//648
f 648//648 692//692 649//649
f 692//692 704//704 649//649
f 690//690 705//705 692//692
f 692//692 705//705 706//706
f 692//692 706//706 699//699
f 692//692 699//699 701//701
f 692//692 701//701 704//704
f 686//686 685//685 691//691
f 685//685 684//684 691//691
f 698//698 697//697 702//702
f 700//700 698//698 702//702
f 645//645 651//651 695//695
f 651//651 653//653 707//707
f 652//652 707//707 653//653
f 651//651 707//707 695//695
f 652//652 704//704 707//707
f 707//707 703//703 695//695
f 707//707 704//704 703//703
f 652//652 649//649 704//704
f 708//708 709//709 710//710
f 711//711 712//712 708//708
f 708//708 712//712 709//709
f 712//712 713//713 709//709
f 711//711 714//714 712//712
f 712//712 714//714 713//713
f 711//711 715//715 714//714
f 713//713 714//714 716//716
f 715//715 717//717 714//714
f 714//714 718//718 716//716
f 714//714 717//717 718//718
f 717//717 719//719 718//718
f 708//708 710//710 720//720
f 711//711 708//708 720//720
f 710//710 721//721 720//720
f 711//711 720//720 722//722
f 711//711 722//722 723//723
f 711//711 723//723 715//715
f 715//715 723//723 717//717
f 717//717 724//724 719//719
f 717//717 723//723 725//725
f 717//717 725//725 724//724
f 720//720 721//721 726//726
f 722//722 720//720 727//727
f 720//720 726//726 727//727
f 727//727 726//726 728//728
f 722//722 727//727 729//729
f 727//727 728//728 729//729
f 722//722 729//729 723//723
f 728//728 730//730 729//729
f 723//723 729//729 725//725
f 729//729 730//730 731//731
f 729//729 731//731 725//725
f 725//725 731//731 724//724
f 710//710 732//732 721//721
f 719//719 724//724 733//733
f 710//710 734//734 735//735
f 719//719 736//736 737//737
f 710//710 738//738 734//734
f 719//719 737//737 739//739
f 710//710 709//709 740//740
f 709//709 713//713 741//741
f 713//713 716//716 742//742
f 716//716 718//718 742//742
f 718//718 719//719 743//743
f 719//719 739//739 744//744
f 710//710 740//740 738//738
f 710//710 735//735 732//732
f 719//719 733//733 736//736
f 721//721 732//732 745//745
f 724//724 746//746 733//733
f 721//721 745//745 747//747
f 724//724 748//748 746//746
f 721//721 747//747 749//749
f 724//724 750//750 748//748
f 721//721 751//751 726//726
f 726//726 752//752 728//728
f 728//728 752//752 730//730
f 730//730 753//753 731//731
f 731//731 754//754 724//724
f 721//721 749//749 751//751
f 724//724 754//754 750//750
f 719//719 744//744 743//743
f 709//709 755//755 740//740
f 709//709 741//741 755//755
f 713//713 742//742 741//741
f 718//718 756//756 742//742
f 718//718 743//743 756//756
f 738//738 740//740 757//757
f 757//757 740//740 758//758
f 744//744 759//759 743//743
f 726//726 751//751 760//760
f 726//726 760//760 752//752
f 730//730 752//752 753//753
f 731//731 753//753 761//761
f 731//731 761//761 754//754
f 749//749 762//762 751//751
f 750//750 754//754 763//763
f 758//758 740//740 764//764
f 759//759 765//765 743//743
f 762//762 766//766 751//751
f 763//763 754//754 767//767
f 764//764 751//751 766//766
f 765//765 767//767 754//754
f 740//740 755//755 768//768
f 755//755 769//769 768//768
f 755//755 741//741 769//769
f 768//768 769//769 770//770
f 741//741 771//771 769//769
f 769//769 771//771 770//770
f 741//741 742//742 771//771
f 770//770 771//771 772//772
f 742//742 756//756 771//771
f 756//756 773//773 771//771
f 771//771 773//773 772//772
f 756//756 743//743 773//773
f 764//764 740//740 751//751
f 765//765 754//754 743//743
f 740//740 768//768 774//774
f 768//768 770//770 774//774
f 770//770 772//772 775//775
f 740//740 774//774 751//751
f 770//770 775//775 774//774
f 743//743 754//754 773//773
f 773//773 776//776 772//772
f 772//772 776//776 775//775
f 773//773 777//777 776//776
f 773//773 754//754 777//777
f 751//751 774//774 760//760
f 760//760 774//774 778//778
f 760//760 778//778 752//752
f 774//774 775//775 778//778
f 752//752 778//778 753//753
f 778//778 775//775 776//776
f 753//753 778//778 779//779
f 778//778 776//776 779//779
f 753//753 779//779 761//761
f 761//761 779//779 777//777
f 779//779 776//776 777//777
f 761//761 777//777 754//754
f 780//780 781//781 782//782
f 780//780 783//783 781//781
f 782//782 784//784 785//785
f 780//780 782//782 785//785
f 780//780 786//786 787//787
f 780//780 785//785 786//786
f 781//781 783//783 788//788
f 783//783 789//789 788//788
f 780//780 787//787 783//783
f 783//783 787//787 790//790
f 783//783 790//790 789//789
f 789//789 790//790 791//791
f 785//785 792//792 786//786
f 785//785 784//784 792//792
f 784//784 793//793 792//792
f 786//786 792//792 794//794
f 786//786 794//794 795//795
f 792//792 793//793 796//796
f 792//792 796//796 797//797
f 792//792 797//797 794//794
f 797//797 796//796 798//798
f 794//794 797//797 799//799
f 797//797 798//798 800//800
f 786//786 795//795 787//787
f 787//787 795//795 790//790
f 790//790 801//801 791//791
f 790//790 795//795 802//802
f 790//790 802//802 801//801
f 794//794 799//799 795//795
f 797//797 800//800 799//799
f 795//795 799//799 802//802
f 799//799 800//800 803//803
f 799//799 803//803 802//802
f 802//802 803//803 801//801
f 784//784 804//804 793//793
f 791//791 801//801 805//805
f 801//801 803//803 806//806
f 800//800 807//807 803//803
f 782//782 781//781 808//808
f 782//782 809//809 784//784
f 781//781 788//788 810//810
f 788//788 789//789 810//810
f 789//789 791//791 811//811
f 784//784 809//809 812//812
f 784//784 813//813 804//804
f 784//784 812//812 813//813
f 793//793 804//804 814//814
f 793//793 814//814 815//815
f 791//791 805//805 816//816
f 801//801 817//817 805//805
f 801//801 818//818 817//817
f 801//801 819//819 818//818
f 793//793 815//815 820//820
f 793//793 821//821 796//796
f 796//796 822//822 798//798
f 798//798 822//822 800//800
f 791//791 816//816 823//823
f 801//801 806//806 819//819
f 803//803 824//824 806//806
f 800//800 825//825 807//807
f 791//791 823//823 826//826
f 793//793 820//820 821//821
f 800//800 827//827 825//825
f 791//791 826//826 811//811
f 782//782 808//808 828//828
f 781//781 810//810 808//808
f 782//782 828//828 809//809
f 789//789 829//829 810//810
f 789//789 811//811 829//829
f 812//812 809//809 830//830
f 830//830 809//809 831//831
f 796//796 821//821 832//832
f 796//796 832//832 822//822
f 820//820 833//833 821//821
f 800//800 822//822 834//834
f 800//800 834//834 827//827
f 825//825 827//827 835//835
f 836//836 837//837 838//838
f 838//838 837//837 839//839
f 831//831 809//809 840//840
f 833//833 841//841 821//821
f 840//840 821//821 842//842
f 841//841 842//842 821//821
f 826//826 843//843 811//811
f 843//843 844//844 811//811
f 839//839 837//837 845//845
f 845//845 837//837 844//844
f 828//828 808//808 846//846
f 808//808 847//847 846//846
f 828//828 848//848 809//809
f 828//828 846//846 848//848
f 846//846 849//849 848//848
f 846//846 847//847 849//849
f 808//808 810//810 847//847
f 810//810 829//829 847//847
f 847//847 850//850 851//851
f 849//849 847//847 851//851
f 829//829 850//850 847//847
f 829//829 811//811 850//850
f 836//836 827//827 837//837
f 840//840 809//809 821//821
f 844//844 837//837 811//811
f 809//809 848//848 852//852
f 848//848 849//849 852//852
f 849//849 851//851 853//853
f 809//809 852//852 821//821
f 849//849 853//853 852//852
f 821//821 852//852 832//832
f 832//832 852//852 854//854
f 852//852 853//853 854//854
f 832//832 854//854 822//822
f 822//822 854//854 834//834
f 854//854 853//853 855//855
f 851//851 850//850 855//855
f 811//811 837//837 850//850
f 851//851 855//855 853//853
f 850//850 837//837 856//856
f 850//850 856//856 855//855
f 854//854 855//855 857//857
f 854//854 857//857 834//834
f 857//857 855//855 856//856
f 834//834 857//857 827//827
f 827//827 857//857 856//856
f 837//837 827//827 856//856
f 858//858 859//859 860//860
f 858//858 861//861 862//862
f 858//858 862//862 859//859
f 862//862 863//863 859//859
f 861//861 864//864 862//862
f 862//862 865//865 863//863
f 862//862 864//864 865//865
f 863//863 865//865 866//866
f 864//864 867//867 865//865
f 865//865 868//868 866//866
f 865//865 867//867 868//868
f 867//867 869//869 868//868
f 858//858 870//870 861//861
f 858//858 860//860 871//871
f 861//861 870//870 864//864
f 864//864 872//872 867//867
f 867//867 872//872 869//869
f 858//858 871//871 873//873
f 858//858 873//873 870//870
f 864//864 870//870 874//874
f 864//864 874//874 872//872
f 869//869 872//872 875//875
f 873//873 871//871 876//876
f 873//873 877//877 870//870
f 873//873 876//876 877//877
f 877//877 876//876 878//878
f 870//870 879//879 874//874
f 870//870 877//877 879//879
f 877//877 878//878 880//880
f 877//877 880//880 879//879
f 874//874 879//879 872//872
f 879//879 880//880 881//881
f 879//879 881//881 872//872
f 872//872 881//881 875//875
f 860//860 882//882 871//871
f 869//869 875//875 883//883
f 871//871 884//884 876//876
f 876//876 885//885 878//878
f 878//878 886//886 880//880
f 880//880 887//887 881//881
f 881//881 888//888 875//875
f 859//859 889//889 860//860
f 859//859 863//863 890//890
f 863//863 866//866 891//891
f 866//866 868//868 891//891
f 868//868 869//869 892//892
f 860//860 893//893 882//882
f 860//860 894//894 893//893
f 871//871 882//882 895//895
f 875//875 896//896 897//897
f 875//875 898//898 896//896
f 871//871 895//895 884//884
f 875//875 897//897 883//883
f 875//875 888//888 898//898
f 869//869 883//883 899//899
f 876//876 884//884 900//900
f 876//876 901//901 885//885
f 878//878 885//885 886//886
f 880//880 886//886 887//887
f 881//881 902//902 888//888
f 869//869 899//899 903//903
f 860//860 889//889 894//894
f 859//859 904//904 889//889
f 859//859 890//890 904//904
f 863//863 891//891 890//890
f 868//868 905//905 891//891
f 868//868 892//892 905//905
f 869//869 903//903 892//892
f 894//894 889//889 906//906
f 906//906 889//889 907//907
f 907//907 889//889 908//908
f 903//903 909//909 892//892
f 909//909 910//910 892//892
f 911//911 912//912 913//913
f 914//914 915//915 916//916
f 908//908 913//913 917//917
f 912//912 917//917 913//913
f 916//916 915//915 910//910
f 918//918 911//911 919//919
f 920//920 921//921 922//922
f 922//922 921//921 923//923
f 923//923 924//924 925//925
f 926//926 915//915 914//914
f 904//904 927//927 889//889
f 904//904 928//928 927//927
f 904//904 890//890 928//928
f 927//927 928//928 929//929
f 890//890 930//930 928//928
f 928//928 930//930 929//929
f 890//890 891//891 930//930
f 929//929 930//930 931//931
f 891//891 905//905 930//930
f 905//905 932//932 930//930
f 930//930 932//932 931//931
f 905//905 892//892 932//932
f 908//908 889//889 913//913
f 910//910 915//915 892//892
f 920//920 919//919 921//921
f 911//911 913//913 919//919
f 923//923 921//921 924//924
f 925//925 924//924 933//933
f 926//926 933//933 915//915
f 889//889 927//927 934//934
f 927//927 929//929 934//934
f 929//929 931//931 935//935
f 932//932 936//936 931//931
f 892//892 915//915 932//932
f 889//889 934//934 913//913
f 929//929 935//935 934//934
f 931//931 936//936 935//935
f 932//932 937//937 936//936
f 932//932 915//915 937//937
f 913//913 934//934 919//919
f 919//919 934//934 938//938
f 919//919 938//938 921//921
f 934//934 935//935 938//938
f 921//921 938//938 924//924
f 924//924 938//938 939//939
f 938//938 936//936 939//939
f 938//938 935//935 936//936
f 924//924 939//939 933//933
f 933//933 939//939 937//937
f 939//939 936//936 937//937
f 933//933 937//937 915//915
f 940//940 941//941 942//942
f 940//940 943//943 941//941
f 940//940 944//944 943//943
f 943//943 945//945 941//941
f 944//944 946//946 947//947
f 943//943 944//944 947//947
f 943//943 947//947 945//945
f 945//945 947//947 948//948
f 947//947 946//946 949//949
f 947//947 950//950 948//948
f 947//947 949//949 950//950
f 949//949 951//951 950//950
f 940//940 952//952 944//944
f 940//940 942//942 952//952
f 944//944 953//953 946//946
f 944//944 952//952 954//954
f 942//942 955//955 952//952
f 944//944 954//954 953//953
f 952//952 955//955 956//956
f 952//952 956//956 957//957
f 952//952 957//957 954//954
f 957//957 956//956 958//958
f 954//954 959//959 953//953
f 954//954 957//957 959//959
f 957//957 958//958 960//960
f 957//957 960//960 959//959
f 946//946 953//953 949//949
f 949//949 961//961 951//951
f 949//949 953//953 962//962
f 949//949 962//962 961//961
f 953//953 959//959 962//962
f 959//959 960//960 963//963
f 959//959 963//963 962//962
f 962//962 963//963 961//961
f 941//941 964//964 942//942
f 941//941 945//945 965//965
f 945//945 948//948 966//966
f 948//948 950//950 966//966
f 950//950 951//951 967//967
f 942//942 968//968 955//955
f 955//955 968//968 956//956
f 956//956 969//969 958//958
f 958//958 969//969 960//960
f 951//951 961//961 967//967
f 963//963 960//960 970//970
f 963//963 971//971 961//961
f 941//941 972//972 964//964
f 941//941 965//965 972//972
f 945//945 966//966 965//965
f 950//950 973//973 966//966
f 950//950 967//967 973//973
f 942//942 964//964 968//968
f 956//956 968//968 974//974
f 956//956 974//974 969//969
f 960//960 969//969 975//975
f 961//961 971//971 967//967
f 960//960 975//975 970//970
f 963//963 970//970 971//971
f 972//972 976//976 964//964
f 972//972 977//977 976//976
f 972//972 965//965 977//977
f 976//976 977//977 978//978
f 965//965 979//979 977//977
f 977//977 979//979 978//978
f 965//965 966//966 979//979
f 978//978 979//979 980//980
f 966//966 973//973 979//979
f 979//979 981//981 980//980
f 973//973 981//981 979//979
f 973//973 967//967 981//981
f 964//964 976//976 982//982
f 976//976 978//978 982//982
f 978//978 980//980 983//983
f 964//964 982//982 968//968
f 978//978 983//983 982//982
f 980//980 984//984 983//983
f 968//968 982//982 974//974
f 974//974 982//982 985//985
f 974//974 985//985 969//969
f 982//982 983//983 985//985
f 969//969 985//985 986//986
f 985//985 983//983 986//986
f 969//969 986//986 975//975
f 983//983 984//984 986//986
f 967//967 971//971 981//981
f 981//981 984//984 980//980
f 981//981 971//971 987//987
f 981//981 987//987 984//984
f 970//970 975//975 986//986
f 986//986 984//984 987//987
f 970//970 986//986 987//987
f 970//970 987//987 971//971
f 988//988 989//989 990//990
f 989//989 991//991 992//992
f 988//988 993//993 989//989
f 993//993 991//991 989//989
f 994//994 995//995 993//993
f 993//993 995//995 996//996
f 994//994 993//993 988//988
f 993//993 996//996 991//991
f 997//997 988//988 998//998
f 997//997 994//994 988//988
f 991//991 999//999 1000//1000
f 996//996 999//999 991//991
f 989//989 1001//1001 990//990
f 989//989 992//992 1001//1001
f 990//990 1001//1001 1002//1002
f 1001//1001 992//992 1002//1002
f 998//998 988//988 990//990
f 998//998 990//990 1003//1003
f 992//992 991//991 1000//1000
f 992//992 1000//1000 1004//1004
f 990//990 1002//1002 1003//1003
f 992//992 1004//1004 1002//1002
f 1003//1003 1002//1002 1005//1005
f 1002//1002 1004//1004 1005//1005
f 997//997 998//998 1006//1006
f 998//998 1007//1007 1006//1006
f 999//999 1008//1008 1000//1000
f 1000//1000 1008//1008 1009//1009
f 998//998 1003//1003 1007//1007
f 1003//1003 1005//1005 1010//1010
f 1005//1005 1004//1004 1011//1011
f 1007//1007 1003//1003 1010//1010
f 1000//1000 1009//1009 1004//1004
f 1011//1011 1004//1004 1009//1009
f 1010//1010 1005//1005 1012//1012
f 1005//1005 1011//1011 1012//1012
f 997//997 1013//1013 994//994
f 997//997 1006//1006 1014//1014
f 1006//1006 1007//1007 1015//1015
f 1007//1007 1010//1010 1015//1015
f 1010//1010 1012//1012 1016//1016
f 994//994 1017//1017 995//995
f 995//995 1018//1018 996//996
f 997//997 1014//1014 1013//1013
f 994//994 1013//1013 1019//1019
f 996//996 1018//1018 999//999
f 1006//1006 1020//1020 1021//1021
f 1006//1006 1022//1022 1014//1014
f 1006//1006 1023//1023 1022//1022
f 1006//1006 1021//1021 1023//1023
f 1006//1006 1015//1015 1020//1020
f 1010//1010 1016//1016 1015//1015
f 999//999 1024//1024 1008//1008
f 1008//1008 1025//1025 1009//1009
f 1011//1011 1009//1009 1025//1025
f 1012//1012 1026//1026 1016//1016
f 1012//1012 1027//1027 1026//1026
f 1012//1012 1028//1028 1027//1027
f 1012//1012 1029//1029 1028//1028
f 1012//1012 1011//1011 1030//1030
f 994//994 1019//1019 1031//1031
f 1012//1012 1030//1030 1029//1029
f 995//995 1017//1017 1032//1032
f 995//995 1032//1032 1018//1018
f 994//994 1031//1031 1017//1017
f 1031//1031 1019//1019 1033//1033
f 1031//1031 1033//1033 1034//1034
f 999//999 1018//1018 1035//1035
f 999//999 1035//1035 1024//1024
f 1031//1031 1034//1034 1036//1036
f 1031//1031 1036//1036 1037//1037
f 1008//1008 1024//1024 1025//1025
f 1011//1011 1025//1025 1030//1030
f 1031//1031 1037//1037 1038//1038
f 1039//1039 1038//1038 1040//1040
f 1041//1041 1040//1040 1042//1042
f 1043//1043 1042//1042 1044//1044
f 1043//1043 1044//1044 1045//1045
f 1030//1030 1046//1046 1029//1029
f 1047//1047 1048//1048 1046//1046
f 1043//1043 1045//1045 1048//1048
f 1031//1031 1038//1038 1039//1039
f 1039//1039 1040//1040 1041//1041
f 1041//1041 1042//1042 1043//1043
f 1047//1047 1046//1046 1030//1030
f 1043//1043 1048//1048 1047//1047
f 1017//1017 1049//1049 1032//1032
f 1032//1032 1049//1049 1018//1018
f 1031//1031 1050//1050 1017//1017
f 1017//1017 1050//1050 1049//1049
f 1049//1049 1051//1051 1018//1018
f 1031//1031 1052//1052 1050//1050
f 1018//1018 1051//1051 1035//1035
f 1051//1051 1053//1053 1035//1035
f 1050//1050 1054//1054 1049//1049
f 1049//1049 1054//1054 1051//1051
f 1050//1050 1055//1055 1054//1054
f 1054//1054 1056//1056 1051//1051
f 1031//1031 1039//1039 1052//1052
f 1039//1039 1041//1041 1052//1052
f 1035//1035 1053//1053 1024//1024
f 1024//1024 1053//1053 1025//1025
f 1041//1041 1043//1043 1057//1057
f 1052//1052 1041//1041 1057//1057
f 1057//1057 1043//1043 1058//1058
f 1058//1058 1030//1030 1059//1059
f 1030//1030 1025//1025 1059//1059
f 1053//1053 1059//1059 1025//1025
f 1052//1052 1055//1055 1050//1050
f 1052//1052 1057//1057 1055//1055
f 1054//1054 1055//1055 1060//1060
f 1054//1054 1060//1060 1056//1056
f 1055//1055 1061//1061 1060//1060
f 1060//1060 1061//1061 1056//1056
f 1056//1056 1053//1053 1051//1051
f 1056//1056 1059//1059 1053//1053
f 1057//1057 1058//1058 1061//1061
f 1061//1061 1058//1058 1059//1059
f 1055//1055 1057//1057 1061//1061
f 1056//1056 1061//1061 1059//1059
f 1043//1043 1047//1047 1058//1058
f 1047//1047 1030//1030 1058//1058
f 1062//1062 1063//1063 1064//1064
f 1062//1062 1064//1064 1065//1065
f 1066//1066 1067//1067 1062//1062
f 1062//1062 1067//1067 1063//1063
f 1067//1067 1068//1068 1063//1063
f 1066//1066 1062//1062 1069//1069
f 1062//1062 1065//1065 1070//1070
f 1070//1070 1065//1065 1071//1071
f 1062//1062 1070//1070 1069//1069
f 1069//1069 1070//1070 1072//1072
f 1070//1070 1071//1071 1072//1072
f 1072//1072 1071//1071 1073//1073
f 1063//1063 1074//1074 1064//1064
f 1063//1063 1068//1068 1075//1075
f 1064//1064 1076//1076 1065//1065
f 1065//1065 1076//1076 1071//1071
f 1071//1071 1077//1077 1073//1073
f 1066//1066 1069//1069 1078//1078
f 1066//1066 1078//1078 1067//1067
f 1067//1067 1079//1079 1068//1068
f 1067//1067 1078//1078 1080//1080
f 1067//1067 1080//1080 1079//1079
f 1069//1069 1072//1072 1081//1081
f 1072//1072 1073//1073 1082//1082
f 1069//1069 1081//1081 1078//1078
f 1072//1072 1083//1083 1081//1081
f 1072//1072 1082//1082 1083//1083
f 1078//1078 1084//1084 1080//1080
f 1080//1080 1084//1084 1085//1085
f 1080//1080 1085//1085 1079//1079
f 1084//1084 1086//1086 1085//1085
f 1078//1078 1087//1087 1084//1084
f 1084//1084 1088//1088 1086//1086
f 1078//1078 1081//1081 1087//1087
f 1081//1081 1083//1083 1087//1087
f 1083//1083 1089//1089 1087//1087
f 1084//1084 1087//1087 1088//1088
f 1087//1087 1089//1089 1088//1088
f 1083//1083 1082//1082 1089//1089
f 1068//1068 1079//1079 1075//1075
f 1073//1073 1077//1077 1082//1082
f 1079//1079 1085//1085 1090//1090
f 1085//1085 1086//1086 1090//1090
f 1086//1086 1088//1088 1091//1091
f 1089//1089 1092//1092 1088//1088
f 1082//1082 1092//1092 1089//1089
f 1064//1064 1074//1074 1093//1093
f 1064//1064 1093//1093 1076//1076
f 1063//1063 1075//1075 1074//1074
f 1071//1071 1076//1076 1094//1094
f 1071//1071 1094//1094 1077//1077
f 1074//1074 1095//1095 1093//1093
f 1093//1093 1095//1095 1076//1076
f 1074//1074 1096//1096 1095//1095
f 1074//1074 1075//1075 1096//1096
f 1095//1095 1096//1096 1097//1097
f 1095//1095 1097//1097 1098//1098
f 1095//1095 1098//1098 1076//1076
f 1076//1076 1098//1098 1094//1094
f 1094//1094 1098//1098 1099//1099
f 1097//1097 1100//1100 1098//1098
f 1098//1098 1100//1100 1099//1099
f 1094//1094 1099//1099 1077//1077
f 1079//1079 1101//1101 1075//1075
f 1082//1082 1077//1077 1102//1102
f 1079//1079 1090//1090 1101//1101
f 1086//1086 1091//1091 1090//1090
f 1088//1088 1092//1092 1103//1103
f 1082//1082 1102//1102 1092//1092
f 1088//1088 1103//1103 1091//1091
f 1075//1075 1101//1101 1096//1096
f 1096//1096 1104//1104 1097//1097
f 1097//1097 1104//1104 1100//1100
f 1096//1096 1101//1101 1105//1105
f 1096//1096 1105//1105 1104//1104
f 1099//1099 1100//1100 1106//1106
f 1077//1077 1099//1099 1107//1107
f 1099//1099 1106//1106 1107//1107
f 1077//1077 1107//1107 1102//1102
f 1100//1100 1104//1104 1106//1106
f 1101//1101 1090//1090 1105//1105
f 1105//1105 1090//1090 1108//1108
f 1090//1090 1091//1091 1108//1108
f 1105//1105 1108//1108 1104//1104
f 1091//1091 1103//1103 1108//1108
f 1104//1104 1108//1108 1106//1106
f 1107//1107 1109//1109 1092//1092
f 1108//1108 1103//1103 1109//1109
f 1092//1092 1109//1109 1103//1103
f 1106//1106 1108//1108 1109//1109
f 1107//1107 1106//1106 1109//1109
f 1102//1102 1107//1107 1092//1092
f 1110//1110 1111//1111 1112//1112
f 1110//1110 1113//1113 1111//1111
f 1110//1110 1114//1114 1113//1113
f 1114//1114 1115//1115 1113//1113
f 1113//1113 1116//1116 1111//1111
f 1113//1113 1117//1117 1116//1116
f 1113//1113 1115//1115 1117//1117
f 1115//1115 1118//1118 1117//1117
f 1111//1111 1119//1119 1112//1112
f 1112//1112 1119//1119 1120//1120
f 1111//1111 1121//1121 1119//1119
f 1111//1111 1116//1116 1121//1121
f 1119//1119 1122//1122 1120//1120
f 1119//1119 1121//1121 1123//1123
f 1116//1116 1124//1124 1121//1121
f 1116//1116 1125//1125 1124//1124
f 1116//1116 1117//1117 1125//1125
f 1121//1121 1124//1124 1126//1126
f 1124//1124 1125//1125 1126//1126
f 1119//1119 1123//1123 1122//1122
f 1122//1122 1123//1123 1127//1127
f 1121//1121 1126//1126 1123//1123
f 1123//1123 1128//1128 1127//1127
f 1123//1123 1126//1126 1128//1128
f 1125//1125 1129//1129 1126//1126
f 1126//1126 1129//1129 1128//1128
f 1127//1127 1128//1128 1130//1130
f 1128//1128 1131//1131 1130//1130
f 1128//1128 1129//1129 1131//1131
f 1117//1117 1118//1118 1132//1132
f 1117//1117 1132//1132 1125//1125
f 1118//1118 1133//1133 1132//1132
f 1125//1125 1132//1132 1129//1129
f 1132//1132 1133//1133 1134//1134
f 1132//1132 1134//1134 1129//1129
f 1131//1131 1129//1129 1134//1134
f 1110//1110 1112//1112 1135//1135
f 1110//1110 1136//1136 1114//1114
f 1114//1114 1137//1137 1115//1115
f 1115//1115 1138//1138 1118//1118
f 1110//1110 1135//1135 1136//1136
f 1114//1114 1136//1136 1137//1137
f 1115//1115 1137//1137 1138//1138
f 1118//1118 1138//1138 1139//1139
f 1112//1112 1120//1120 1140//1140
f 1120//1120 1122//1122 1141//1141
f 1122//1122 1127//1127 1141//1141
f 1127//1127 1130//1130 1142//1142
f 1118//1118 1139//1139 1133//1133
f 1131//1131 1134//1134 1143//1143
f 1130//1130 1131//1131 1144//1144
f 1133//1133 1143//1143 1134//1134
f 1112//1112 1140//1140 1135//1135
f 1120//1120 1141//1141 1140//1140
f 1127//1127 1142//1142 1141//1141
f 1133//1133 1139//1139 1145//1145
f 1133//1133 1145//1145 1143//1143
f 1130//1130 1144//1144 1142//1142
f 1131//1131 1146//1146 1144//1144
f 1131//1131 1143//1143 1146//1146
f 1147//1147 1148//1148 1149//1149
f 1148//1148 1150//1150 1149//1149
f 1151//1151 1148//1148 1147//1147
f 1152//1152 1153//1153 1148//1148
f 1148//1148 1153//1153 1150//1150
f 1150//1150 1153//1153 1154//1154
f 1155//1155 1156//1156 1157//1157
f 1155//1155 1157//1157 1158//1158
f 1159//1159 1160//1160 1156//1156
f 1157//1157 1156//1156 1160//1160
f 1159//1159 1161//1161 1160//1160
f 1162//1162 1163//1163 1164//1164
f 1155//1155 1158//1158 1165//1165
f 1166//1166 1164//1164 1167//1167
f 1164//1164 1163//1163 1167//1167
f 1154//1154 1153//1153 1168//1168
f 1154//1154 1168//1168 1169//1169
f 1165//1165 1170//1170 1171//1171
f 1165//1165 1158//1158 1170//1170
f 1151//1151 1147//1147 1172//1172
f 1147//1147 1173//1173 1172//1172
f 1172//1172 1173//1173 1174//1174
f 1172//1172 1174//1174 1175//1175
f 1159//1159 1176//1176 1161//1161
f 1176//1176 1177//1177 1178//1178
f 1161//1161 1176//1176 1178//1178
f 1178//1178 1177//1177 1179//1179
f 1174//1174 1180//1180 1175//1175
f 1175//1175 1180//1180 1181//1181
f 1180//1180 1182//1182 1181//1181
f 1183//1183 1184//1184 1185//1185
f 1182//1182 1183//1183 1185//1185
f 1162//1162 1186//1186 1187//1187
f 1162//1162 1187//1187 1163//1163
f 1186//1186 1188//1188 1187//1187
f 1177//1177 1189//1189 1179//1179
f 1186//1186 1190//1190 1188//1188
f 1179//1179 1189//1189 1191//1191
f 1190//1190 1192//1192 1193//1193
f 1190//1190 1193//1193 1188//1188
f 1181//1181 1182//1182 1185//1185
f 1181//1181 1185//1185 1194//1194
f 1189//1189 1195//1195 1191//1191
f 1195//1195 1196//1196 1191//1191
f 1195//1195 1197//1197 1196//1196
f 1192//1192 1198//1198 1193//1193
f 1196//1196 1197//1197 1199//1199
f 1169//1169 1200//1200 1201//1201
f 1168//1168 1200//1200 1169//1169
f 1201//1201 1200//1200 1202//1202
f 1201//1201 1202//1202 1184//1184
f 1184//1184 1202//1202 1185//1185
f 1171//1171 1203//1203 1204//1204
f 1171//1171 1170//1170 1203//1203
f 1204//1204 1203//1203 1205//1205
f 1204//1204 1205//1205 1206//1206
f 1206//1206 1199//1199 1197//1197
f 1206//1206 1205//1205 1199//1199
