v -0.74000 -0.04900 -0.74000
v -0.74566 -0.04666 -0.74000
v -0.74000 -0.04666 -0.74566
v -0.74566 -0.04100 -0.74566
v -0.74800 -0.04100 -0.74000
v -0.74000 -0.04100 -0.74800
v -0.74566 0.04100 -0.74566
v -0.74566 -0.04666 0.74000
v -0.74800 0.04100 -0.74000
v -0.74000 0.04100 -0.74800
v -0.74800 0.04100 0.74000
v 0.74000 -0.04900 -0.74000
v 0.74000 -0.04100 -0.74800
v 0.74000 0.04100 -0.74800
v -0.74000 -0.04900 0.74000
v -0.74800 -0.04100 0.74000
v -0.74000 -0.04666 0.74566
v -0.74566 -0.04100 0.74566
v -0.74000 -0.04100 0.74800
v -0.74566 0.04100 0.74566
v -0.74000 0.04100 0.74800
v 0.74000 -0.04900 0.74000
v 0.74000 -0.04100 0.74800
v -0.74566 0.04666 -0.74000
v -0.74000 0.04666 -0.74566
v -0.74000 0.04900 -0.74000
v -0.70000 0.04900 -0.62500
v -0.68995 0.04900 -0.66250
v -0.66250 0.04900 -0.68995
v -0.62500 0.04900 -0.70000
v -0.70000 0.04900 -0.37500
v -0.37500 0.04900 -0.70000
v -0.68995 0.04900 -0.58750
v -0.68995 0.04900 -0.41250
v -0.66250 0.04900 -0.56005
v -0.66250 0.04900 -0.43995
v -0.70000 0.04900 -0.12500
v -0.62500 0.04900 -0.45000
v -0.62500 0.04900 -0.55000
v -0.58750 0.04900 -0.56005
v -0.58750 0.04900 -0.43995
v -0.56005 0.04900 -0.41250
v -0.58750 0.04900 -0.68995
v -0.41250 0.04900 -0.68995
v -0.56005 0.04900 -0.66250
v -0.43995 0.04900 -0.66250
v -0.55000 0.04900 -0.62500
v -0.45000 0.04900 -0.62500
v -0.56005 0.04900 -0.58750
v -0.43995 0.04900 -0.58750
v -0.41250 0.04900 -0.56005
v -0.12500 0.04900 -0.70000
v -0.43995 0.04900 -0.41250
v -0.41250 0.04900 -0.43995
v -0.55000 0.04900 -0.37500
v -0.45000 0.04900 -0.37500
v -0.37500 0.04900 -0.45000
v -0.37500 0.04900 -0.55000
v -0.74000 0.04900 0.74000
v -0.70000 0.04900 0.12500
v -0.68995 0.04900 -0.33750
v -0.68995 0.04900 -0.16250
v -0.66250 0.04900 -0.31005
v -0.66250 0.04900 -0.18995
v -0.62500 0.04900 -0.30000
v -0.62500 0.04900 -0.20000
v -0.58750 0.04900 -0.18995
v -0.58750 0.04900 -0.31005
v -0.56005 0.04900 -0.33750
v -0.56005 0.04900 -0.16250
v -0.70000 0.04900 0.37500
v -0.68995 0.04900 -0.08750
v -0.68995 0.04900 0.08750
v -0.66250 0.04900 -0.06005
v -0.66250 0.04900 0.06005
v -0.62500 0.04900 -0.05000
v -0.62500 0.04900 0.05000
v -0.58750 0.04900 -0.06005
v -0.58750 0.04900 0.06005
v -0.56005 0.04900 -0.08750
v -0.43995 0.04900 -0.33750
v -0.41250 0.04900 -0.31005
v -0.43995 0.04900 -0.16250
v -0.41250 0.04900 -0.18995
v -0.37500 0.04900 -0.30000
v -0.37500 0.04900 -0.20000
v -0.55000 0.04900 -0.12500
v -0.45000 0.04900 -0.12500
v -0.43995 0.04900 -0.08750
v -0.41250 0.04900 -0.06005
v -0.41250 0.04900 0.06005
v -0.37500 0.04900 -0.05000
v -0.33750 0.04900 -0.68995
v -0.16250 0.04900 -0.68995
v 0.74000 0.04900 -0.74000
v 0.12500 0.04900 -0.70000
v -0.31005 0.04900 -0.66250
v -0.18995 0.04900 -0.66250
v -0.30000 0.04900 -0.62500
v -0.31005 0.04900 -0.58750
v -0.18995 0.04900 -0.58750
v -0.20000 0.04900 -0.62500
v -0.16250 0.04900 -0.56005
v -0.33750 0.04900 -0.56005
v -0.33750 0.04900 -0.43995
v -0.31005 0.04900 -0.41250
v -0.16250 0.04900 -0.43995
v -0.18995 0.04900 -0.41250
v -0.30000 0.04900 -0.37500
v -0.20000 0.04900 -0.37500
v 0.37500 0.04900 -0.70000
v -0.08750 0.04900 -0.68995
v 0.08750 0.04900 -0.68995
v -0.06005 0.04900 -0.66250
v 0.06005 0.04900 -0.66250
v -0.05000 0.04900 -0.62500
v 0.05000 0.04900 -0.62500
v -0.06005 0.04900 -0.58750
v 0.06005 0.04900 -0.58750
v -0.12500 0.04900 -0.45000
v -0.12500 0.04900 -0.55000
v -0.08750 0.04900 -0.56005
v -0.08750 0.04900 -0.43995
v -0.06005 0.04900 -0.41250
v 0.08750 0.04900 -0.43995
v 0.06005 0.04900 -0.41250
v -0.05000 0.04900 -0.37500
v 0.05000 0.04900 -0.37500
v -0.33750 0.04900 -0.18995
v -0.33750 0.04900 -0.31005
v -0.31005 0.04900 -0.33750
v -0.31005 0.04900 -0.16250
v -0.18995 0.04900 -0.33750
v -0.16250 0.04900 -0.31005
v -0.18995 0.04900 -0.16250
v -0.16250 0.04900 -0.18995
v -0.37500 0.04900 0.05000
v -0.33750 0.04900 -0.06005
v -0.33750 0.04900 0.06005
v -0.31005 0.04900 -0.08750
v -0.30000 0.04900 -0.12500
v -0.18995 0.04900 -0.08750
v -0.20000 0.04900 -0.12500
v -0.16250 0.04900 -0.06005
v -0.16250 0.04900 0.06005
v -0.12500 0.04900 -0.30000
v -0.08750 0.04900 -0.18995
v -0.08750 0.04900 -0.31005
v -0.12500 0.04900 -0.20000
v -0.06005 0.04900 -0.33750
v 0.06005 0.04900 -0.33750
v -0.06005 0.04900 -0.16250
v 0.06005 0.04900 -0.16250
v -0.12500 0.04900 -0.05000
v -0.12500 0.04900 0.05000
v -0.08750 0.04900 -0.06005
v -0.05000 0.04900 -0.12500
v 0.05000 0.04900 -0.12500
v -0.06005 0.04900 -0.08750
v 0.06005 0.04900 -0.08750
v -0.08750 0.04900 0.06005
v -0.56005 0.04900 0.08750
v -0.74566 0.04666 0.74000
v -0.68995 0.04900 0.33750
v -0.68995 0.04900 0.16250
v -0.66250 0.04900 0.18995
v -0.66250 0.04900 0.31005
v -0.62500 0.04900 0.20000
v -0.62500 0.04900 0.30000
v -0.58750 0.04900 0.31005
v -0.58750 0.04900 0.18995
v -0.56005 0.04900 0.16250
v -0.56005 0.04900 0.33750
v -0.43995 0.04900 0.08750
v -0.55000 0.04900 0.12500
v -0.45000 0.04900 0.12500
v -0.43995 0.04900 0.16250
v -0.41250 0.04900 0.18995
v -0.43995 0.04900 0.33750
v -0.41250 0.04900 0.31005
v -0.45000 0.04900 0.37500
v -0.55000 0.04900 0.37500
v -0.37500 0.04900 0.20000
v -0.37500 0.04900 0.30000
v -0.74000 0.04666 0.74566
v -0.70000 0.04900 0.62500
v -0.68995 0.04900 0.41250
v -0.68995 0.04900 0.58750
v -0.66250 0.04900 0.43995
v -0.66250 0.04900 0.56005
v -0.62500 0.04900 0.45000
v -0.62500 0.04900 0.55000
v -0.58750 0.04900 0.43995
v -0.58750 0.04900 0.56005
v -0.68995 0.04900 0.66250
v -0.66250 0.04900 0.68995
v -0.62500 0.04900 0.70000
v -0.37500 0.04900 0.70000
v -0.56005 0.04900 0.41250
v -0.43995 0.04900 0.41250
v -0.56005 0.04900 0.58750
v -0.41250 0.04900 0.43995
v -0.37500 0.04900 0.45000
v -0.43995 0.04900 0.58750
v -0.41250 0.04900 0.56005
v -0.37500 0.04900 0.55000
v -0.55000 0.04900 0.62500
v -0.45000 0.04900 0.62500
v -0.56005 0.04900 0.66250
v -0.43995 0.04900 0.66250
v -0.58750 0.04900 0.68995
v -0.41250 0.04900 0.68995
v -0.12500 0.04900 0.70000
v -0.31005 0.04900 0.08750
v -0.18995 0.04900 0.08750
v -0.30000 0.04900 0.12500
v -0.31005 0.04900 0.16250
v -0.18995 0.04900 0.16250
v -0.33750 0.04900 0.18995
v -0.20000 0.04900 0.12500
v -0.33750 0.04900 0.31005
v -0.31005 0.04900 0.33750
v -0.16250 0.04900 0.18995
v -0.12500 0.04900 0.20000
v -0.18995 0.04900 0.33750
v -0.30000 0.04900 0.37500
v -0.20000 0.04900 0.37500
v -0.06005 0.04900 0.08750
v -0.08750 0.04900 0.31005
v -0.08750 0.04900 0.18995
v -0.16250 0.04900 0.31005
v -0.12500 0.04900 0.30000
v -0.06005 0.04900 0.16250
v -0.06005 0.04900 0.33750
v -0.05000 0.04900 0.37500
v 0.05000 0.04900 0.37500
v 0.74000 0.04100 0.74800
v -0.33750 0.04900 0.43995
v -0.18995 0.04900 0.41250
v -0.33750 0.04900 0.56005
v -0.31005 0.04900 0.41250
v -0.31005 0.04900 0.58750
v -0.18995 0.04900 0.58750
v -0.16250 0.04900 0.68995
v -0.33750 0.04900 0.68995
v -0.30000 0.04900 0.62500
v -0.31005 0.04900 0.66250
v -0.18995 0.04900 0.66250
v -0.20000 0.04900 0.62500
v 0.12500 0.04900 0.70000
v 0.74000 0.04900 0.74000
v -0.16250 0.04900 0.43995
v -0.16250 0.04900 0.56005
v -0.12500 0.04900 0.45000
v -0.12500 0.04900 0.55000
v -0.08750 0.04900 0.43995
v -0.08750 0.04900 0.56005
v -0.06005 0.04900 0.41250
v -0.06005 0.04900 0.58750
v -0.05000 0.04900 0.62500
v 0.05000 0.04900 0.62500
v -0.06005 0.04900 0.66250
v 0.06005 0.04900 0.66250
v -0.08750 0.04900 0.68995
v 0.08750 0.04900 0.68995
v 0.74000 -0.04666 -0.74566
v 0.74566 -0.04666 -0.74000
v 0.74566 -0.04100 -0.74566
v 0.74800 -0.04100 -0.74000
v 0.74566 0.04100 -0.74566
v 0.74566 -0.04666 0.74000
v 0.74800 0.04100 -0.74000
v 0.74800 -0.04100 0.74000
v 0.74000 -0.04666 0.74566
v 0.74566 -0.04100 0.74566
v 0.74800 0.04100 0.74000
v 0.74566 0.04100 0.74566
v 0.08750 0.04900 -0.56005
v 0.12500 0.04900 -0.45000
v 0.12500 0.04900 -0.55000
v 0.16250 0.04900 -0.56005
v 0.16250 0.04900 -0.43995
v 0.16250 0.04900 -0.68995
v 0.33750 0.04900 -0.68995
v 0.18995 0.04900 -0.66250
v 0.31005 0.04900 -0.66250
v 0.74000 0.04666 -0.74566
v 0.20000 0.04900 -0.62500
v 0.18995 0.04900 -0.58750
v 0.31005 0.04900 -0.58750
v 0.30000 0.04900 -0.62500
v 0.33750 0.04900 -0.56005
v 0.18995 0.04900 -0.41250
v 0.20000 0.04900 -0.37500
v 0.31005 0.04900 -0.41250
v 0.30000 0.04900 -0.37500
v 0.37500 0.04900 -0.45000
v 0.37500 0.04900 -0.55000
v 0.33750 0.04900 -0.43995
v 0.08750 0.04900 -0.31005
v 0.08750 0.04900 -0.18995
v 0.12500 0.04900 -0.30000
v 0.12500 0.04900 -0.20000
v 0.16250 0.04900 -0.18995
v 0.16250 0.04900 -0.31005
v 0.08750 0.04900 -0.06005
v 0.12500 0.04900 -0.05000
v 0.16250 0.04900 -0.06005
v 0.08750 0.04900 0.06005
v 0.18995 0.04900 -0.08750
v 0.31005 0.04900 -0.16250
v 0.12500 0.04900 0.05000
v 0.31005 0.04900 -0.33750
v 0.18995 0.04900 -0.33750
v 0.18995 0.04900 -0.16250
v 0.33750 0.04900 -0.31005
v 0.20000 0.04900 -0.12500
v 0.37500 0.04900 -0.30000
v 0.33750 0.04900 -0.18995
v 0.41250 0.04900 -0.31005
v 0.30000 0.04900 -0.12500
v 0.31005 0.04900 -0.08750
v 0.31005 0.04900 0.08750
v 0.33750 0.04900 -0.06005
v 0.33750 0.04900 0.06005
v 0.37500 0.04900 -0.05000
v 0.41250 0.04900 -0.68995
v 0.58750 0.04900 -0.68995
v 0.43995 0.04900 -0.66250
v 0.56005 0.04900 -0.66250
v 0.62500 0.04900 -0.70000
v 0.45000 0.04900 -0.62500
v 0.55000 0.04900 -0.62500
v 0.43995 0.04900 -0.58750
v 0.56005 0.04900 -0.58750
v 0.41250 0.04900 -0.56005
v 0.41250 0.04900 -0.43995
v 0.43995 0.04900 -0.41250
v 0.58750 0.04900 -0.56005
v 0.45000 0.04900 -0.37500
v 0.62500 0.04900 -0.55000
v 0.66250 0.04900 -0.56005
v 0.43995 0.04900 -0.33750
v 0.56005 0.04900 -0.41250
v 0.58750 0.04900 -0.43995
v 0.74566 0.04666 -0.74000
v 0.66250 0.04900 -0.68995
v 0.68995 0.04900 -0.66250
v 0.70000 0.04900 -0.62500
v 0.70000 0.04900 -0.37500
v 0.62500 0.04900 -0.45000
v 0.66250 0.04900 -0.43995
v 0.68995 0.04900 -0.41250
v 0.68995 0.04900 -0.58750
v 0.70000 0.04900 -0.12500
v 0.55000 0.04900 -0.37500
v 0.37500 0.04900 -0.20000
v 0.41250 0.04900 -0.18995
v 0.56005 0.04900 -0.33750
v 0.43995 0.04900 -0.16250
v 0.56005 0.04900 -0.16250
v 0.37500 0.04900 0.05000
v 0.41250 0.04900 -0.06005
v 0.41250 0.04900 0.06005
v 0.43995 0.04900 -0.08750
v 0.45000 0.04900 -0.12500
v 0.55000 0.04900 -0.12500
v 0.56005 0.04900 -0.08750
v 0.56005 0.04900 0.08750
v 0.58750 0.04900 -0.31005
v 0.58750 0.04900 -0.18995
v 0.62500 0.04900 -0.30000
v 0.66250 0.04900 -0.18995
v 0.66250 0.04900 -0.31005
v 0.62500 0.04900 -0.20000
v 0.68995 0.04900 -0.33750
v 0.68995 0.04900 -0.16250
v 0.70000 0.04900 0.12500
v 0.58750 0.04900 -0.06005
v 0.58750 0.04900 0.06005
v 0.62500 0.04900 -0.05000
v 0.62500 0.04900 0.05000
v 0.66250 0.04900 -0.06005
v 0.66250 0.04900 0.06005
v 0.68995 0.04900 -0.08750
v 0.68995 0.04900 0.08750
v 0.70000 0.04900 0.37500
v -0.05000 0.04900 0.12500
v 0.05000 0.04900 0.12500
v 0.06005 0.04900 0.08750
v 0.06005 0.04900 0.33750
v 0.06005 0.04900 0.16250
v 0.08750 0.04900 0.18995
v 0.08750 0.04900 0.31005
v 0.12500 0.04900 0.20000
v 0.12500 0.04900 0.30000
v 0.16250 0.04900 0.31005
v 0.16250 0.04900 0.18995
v 0.18995 0.04900 0.16250
v 0.18995 0.04900 0.33750
v 0.16250 0.04900 0.06005
v 0.18995 0.04900 0.08750
v 0.20000 0.04900 0.12500
v 0.31005 0.04900 0.16250
v 0.30000 0.04900 0.12500
v 0.31005 0.04900 0.33750
v 0.20000 0.04900 0.37500
v 0.30000 0.04900 0.37500
v 0.33750 0.04900 0.18995
v 0.33750 0.04900 0.31005
v 0.37500 0.04900 0.20000
v 0.37500 0.04900 0.30000
v 0.06005 0.04900 0.41250
v 0.06005 0.04900 0.58750
v 0.08750 0.04900 0.43995
v 0.08750 0.04900 0.56005
v 0.12500 0.04900 0.45000
v 0.12500 0.04900 0.55000
v 0.16250 0.04900 0.43995
v 0.18995 0.04900 0.41250
v 0.16250 0.04900 0.56005
v 0.18995 0.04900 0.58750
v 0.31005 0.04900 0.41250
v 0.31005 0.04900 0.58750
v 0.33750 0.04900 0.43995
v 0.33750 0.04900 0.56005
v 0.37500 0.04900 0.45000
v 0.37500 0.04900 0.55000
v 0.20000 0.04900 0.62500
v 0.18995 0.04900 0.66250
v 0.31005 0.04900 0.66250
v 0.30000 0.04900 0.62500
v 0.33750 0.04900 0.68995
v 0.16250 0.04900 0.68995
v 0.74000 0.04666 0.74566
v 0.37500 0.04900 0.70000
v 0.43995 0.04900 0.08750
v 0.45000 0.04900 0.12500
v 0.55000 0.04900 0.12500
v 0.43995 0.04900 0.16250
v 0.56005 0.04900 0.16250
v 0.41250 0.04900 0.31005
v 0.41250 0.04900 0.18995
v 0.43995 0.04900 0.33750
v 0.56005 0.04900 0.33750
v 0.55000 0.04900 0.37500
v 0.45000 0.04900 0.37500
v 0.58750 0.04900 0.18995
v 0.58750 0.04900 0.31005
v 0.62500 0.04900 0.20000
v 0.66250 0.04900 0.31005
v 0.66250 0.04900 0.18995
v 0.62500 0.04900 0.30000
v 0.68995 0.04900 0.16250
v 0.68995 0.04900 0.33750
v 0.74566 0.04666 0.74000
v 0.41250 0.04900 0.43995
v 0.41250 0.04900 0.56005
v 0.43995 0.04900 0.41250
v 0.43995 0.04900 0.58750
v 0.56005 0.04900 0.41250
v 0.56005 0.04900 0.58750
v 0.45000 0.04900 0.62500
v 0.55000 0.04900 0.62500
v 0.43995 0.04900 0.66250
v 0.56005 0.04900 0.66250
v 0.62500 0.04900 0.70000
v 0.41250 0.04900 0.68995
v 0.58750 0.04900 0.68995
v 0.58750 0.04900 0.43995
v 0.58750 0.04900 0.56005
v 0.62500 0.04900 0.45000
v 0.62500 0.04900 0.55000
v 0.66250 0.04900 0.43995
v 0.66250 0.04900 0.56005
v 0.68995 0.04900 0.41250
v 0.68995 0.04900 0.58750
v 0.70000 0.04900 0.62500
v 0.68995 0.04900 0.66250
v 0.66250 0.04900 0.68995
v -0.66250 0.09900 -0.68995
v -0.66250 0.04900 -0.68995
v -0.68995 0.04900 -0.66250
v -0.68995 0.09900 -0.66250
v -0.70000 0.04900 -0.62500
v -0.70000 0.09900 -0.62500
v -0.68995 0.04900 -0.58750
v -0.68995 0.09900 -0.58750
v -0.66250 0.04900 -0.56005
v -0.62500 0.09900 -0.70000
v -0.62500 0.04900 -0.70000
v -0.58750 0.09900 -0.68995
v -0.58750 0.04900 -0.68995
v -0.56005 0.09900 -0.66250
v -0.56005 0.04900 -0.66250
v -0.58750 0.09900 -0.56005
v -0.58750 0.04900 -0.56005
v -0.56005 0.04900 -0.58750
v -0.66250 0.09900 -0.56005
v -0.62500 0.04900 -0.55000
v -0.62500 0.09900 -0.55000
v -0.68995 0.09900 -0.66250
v -0.68995 0.09900 -0.58750
v -0.66250 0.09900 -0.68995
v -0.70000 0.09900 -0.62500
v -0.66250 0.09900 -0.56005
v -0.56005 0.09900 -0.58750
v -0.62500 0.09900 -0.70000
v -0.62500 0.09900 -0.55000
v -0.58750 0.09900 -0.68995
v -0.58750 0.09900 -0.56005
v -0.56005 0.09900 -0.66250
v -0.56005 0.09900 -0.58750
v -0.55000 0.09900 -0.62500
v -0.55000 0.04900 -0.62500
v -0.55000 0.09900 -0.62500
v -0.66250 0.09900 -0.43995
v -0.66250 0.04900 -0.43995
v -0.68995 0.04900 -0.41250
v -0.68995 0.09900 -0.41250
v -0.70000 0.04900 -0.37500
v -0.62500 0.09900 -0.45000
v -0.62500 0.04900 -0.45000
v -0.58750 0.09900 -0.43995
v -0.58750 0.04900 -0.43995
v -0.56005 0.09900 -0.41250
v -0.56005 0.04900 -0.41250
v -0.70000 0.09900 -0.37500
v -0.68995 0.09900 -0.41250
v -0.70000 0.09900 -0.37500
v -0.68995 0.09900 -0.33750
v -0.66250 0.09900 -0.43995
v -0.66250 0.09900 -0.31005
v -0.62500 0.09900 -0.45000
v -0.62500 0.09900 -0.30000
v -0.58750 0.09900 -0.43995
v -0.58750 0.09900 -0.31005
v -0.56005 0.09900 -0.41250
v -0.55000 0.09900 -0.37500
v -0.55000 0.04900 -0.37500
v -0.56005 0.09900 -0.33750
v -0.55000 0.09900 -0.37500
v -0.68995 0.04900 -0.33750
v -0.68995 0.09900 -0.33750
v -0.66250 0.04900 -0.31005
v -0.66250 0.09900 -0.31005
v -0.62500 0.04900 -0.30000
v -0.62500 0.09900 -0.30000
v -0.58750 0.04900 -0.31005
v -0.58750 0.09900 -0.31005
v -0.56005 0.04900 -0.33750
v -0.56005 0.09900 -0.33750
v -0.62500 0.09900 -0.20000
v -0.62500 0.04900 -0.20000
v -0.66250 0.04900 -0.18995
v -0.58750 0.09900 -0.18995
v -0.58750 0.04900 -0.18995
v -0.68995 0.09900 -0.16250
v -0.68995 0.04900 -0.16250
v -0.70000 0.04900 -0.12500
v -0.66250 0.09900 -0.18995
v -0.70000 0.09900 -0.12500
v -0.68995 0.04900 -0.08750
v -0.68995 0.09900 -0.08750
v -0.66250 0.04900 -0.06005
v -0.56005 0.09900 -0.16250
v -0.56005 0.04900 -0.16250
v -0.66250 0.09900 -0.06005
v -0.62500 0.04900 -0.05000
v -0.62500 0.09900 -0.05000
v -0.58750 0.04900 -0.06005
v -0.58750 0.09900 -0.06005
v -0.56005 0.04900 -0.08750
v -0.66250 0.09900 -0.18995
v -0.68995 0.09900 -0.16250
v -0.68995 0.09900 -0.08750
v -0.70000 0.09900 -0.12500
v -0.66250 0.09900 -0.06005
v -0.56005 0.09900 -0.08750
v -0.62500 0.09900 -0.20000
v -0.62500 0.09900 -0.05000
v -0.58750 0.09900 -0.18995
v -0.58750 0.09900 -0.06005
v -0.56005 0.09900 -0.16250
v -0.56005 0.09900 -0.08750
v -0.55000 0.09900 -0.12500
v -0.55000 0.04900 -0.12500
v -0.55000 0.09900 -0.12500
v -0.66250 0.09900 0.06005
v -0.66250 0.04900 0.06005
v -0.68995 0.04900 0.08750
v -0.68995 0.09900 0.08750
v -0.70000 0.04900 0.12500
v -0.70000 0.09900 0.12500
v -0.68995 0.04900 0.16250
v -0.68995 0.09900 0.16250
v -0.66250 0.04900 0.18995
v -0.62500 0.09900 0.05000
v -0.62500 0.04900 0.05000
v -0.58750 0.09900 0.06005
v -0.58750 0.04900 0.06005
v -0.56005 0.09900 0.08750
v -0.56005 0.04900 0.08750
v -0.58750 0.09900 0.18995
v -0.58750 0.04900 0.18995
v -0.56005 0.04900 0.16250
v -0.66250 0.09900 0.18995
v -0.62500 0.04900 0.20000
v -0.62500 0.09900 0.20000
v -0.66250 0.09900 0.06005
v -0.68995 0.09900 0.08750
v -0.68995 0.09900 0.16250
v -0.70000 0.09900 0.12500
v -0.66250 0.09900 0.18995
v -0.56005 0.09900 0.16250
v -0.62500 0.09900 0.05000
v -0.62500 0.09900 0.20000
v -0.58750 0.09900 0.06005
v -0.58750 0.09900 0.18995
v -0.56005 0.09900 0.08750
v -0.56005 0.09900 0.16250
v -0.55000 0.09900 0.12500
v -0.55000 0.04900 0.12500
v -0.55000 0.09900 0.12500
v -0.66250 0.09900 0.31005
v -0.66250 0.04900 0.31005
v -0.68995 0.04900 0.33750
v -0.68995 0.09900 0.33750
v -0.70000 0.04900 0.37500
v -0.62500 0.09900 0.30000
v -0.62500 0.04900 0.30000
v -0.58750 0.09900 0.31005
v -0.58750 0.04900 0.31005
v -0.56005 0.09900 0.33750
v -0.56005 0.04900 0.33750
v -0.70000 0.09900 0.37500
v -0.68995 0.09900 0.33750
v -0.68995 0.09900 0.41250
v -0.66250 0.09900 0.31005
v -0.66250 0.09900 0.43995
v -0.62500 0.09900 0.30000
v -0.62500 0.09900 0.45000
v -0.58750 0.09900 0.31005
v -0.58750 0.09900 0.43995
v -0.56005 0.09900 0.33750
v -0.55000 0.09900 0.37500
v -0.55000 0.04900 0.37500
v -0.68995 0.04900 0.41250
v -0.68995 0.09900 0.41250
v -0.66250 0.04900 0.43995
v -0.66250 0.09900 0.43995
v -0.62500 0.04900 0.45000
v -0.62500 0.09900 0.45000
v -0.58750 0.04900 0.43995
v -0.58750 0.09900 0.43995
v -0.56005 0.04900 0.41250
v -0.70000 0.09900 0.37500
v -0.56005 0.09900 0.41250
v -0.56005 0.09900 0.41250
v -0.55000 0.09900 0.37500
v -0.62500 0.09900 0.55000
v -0.62500 0.04900 0.55000
v -0.66250 0.04900 0.56005
v -0.58750 0.09900 0.56005
v -0.58750 0.04900 0.56005
v -0.68995 0.09900 0.58750
v -0.68995 0.04900 0.58750
v -0.70000 0.04900 0.62500
v -0.66250 0.09900 0.56005
v -0.70000 0.09900 0.62500
v -0.68995 0.04900 0.66250
v -0.68995 0.09900 0.66250
v -0.66250 0.04900 0.68995
v -0.56005 0.09900 0.58750
v -0.56005 0.04900 0.58750
v -0.66250 0.09900 0.68995
v -0.62500 0.04900 0.70000
v -0.62500 0.09900 0.70000
v -0.58750 0.04900 0.68995
v -0.58750 0.09900 0.68995
v -0.56005 0.04900 0.66250
v -0.66250 0.09900 0.56005
v -0.68995 0.09900 0.58750
v -0.68995 0.09900 0.66250
v -0.70000 0.09900 0.62500
v -0.66250 0.09900 0.68995
v -0.56005 0.09900 0.66250
v -0.62500 0.09900 0.55000
v -0.62500 0.09900 0.70000
v -0.58750 0.09900 0.56005
v -0.58750 0.09900 0.68995
v -0.56005 0.09900 0.58750
v -0.56005 0.09900 0.66250
v -0.55000 0.09900 0.62500
v -0.55000 0.04900 0.62500
v -0.55000 0.09900 0.62500
v -0.41250 0.09900 -0.68995
v -0.41250 0.04900 -0.68995
v -0.43995 0.04900 -0.66250
v -0.37500 0.09900 -0.70000
v -0.37500 0.04900 -0.70000
v -0.45000 0.09900 -0.62500
v -0.45000 0.04900 -0.62500
v -0.43995 0.04900 -0.58750
v -0.43995 0.09900 -0.66250
v -0.43995 0.09900 -0.58750
v -0.41250 0.04900 -0.56005
v -0.41250 0.09900 -0.56005
v -0.37500 0.04900 -0.55000
v -0.43995 0.09900 -0.66250
v -0.43995 0.09900 -0.58750
v -0.41250 0.09900 -0.68995
v -0.45000 0.09900 -0.62500
v -0.41250 0.09900 -0.56005
v -0.37500 0.09900 -0.70000
v -0.37500 0.09900 -0.55000
v -0.37500 0.09900 -0.55000
v -0.33750 0.09900 -0.68995
v -0.33750 0.04900 -0.68995
v -0.31005 0.09900 -0.66250
v -0.31005 0.04900 -0.66250
v -0.33750 0.09900 -0.56005
v -0.33750 0.04900 -0.56005
v -0.31005 0.04900 -0.58750
v -0.30000 0.09900 -0.62500
v -0.30000 0.04900 -0.62500
v -0.31005 0.09900 -0.58750
v -0.33750 0.09900 -0.68995
v -0.33750 0.09900 -0.56005
v -0.31005 0.09900 -0.66250
v -0.31005 0.09900 -0.58750
v -0.30000 0.09900 -0.62500
v -0.41250 0.09900 -0.43995
v -0.41250 0.04900 -0.43995
v -0.43995 0.04900 -0.41250
v -0.43995 0.09900 -0.41250
v -0.45000 0.04900 -0.37500
v -0.37500 0.09900 -0.45000
v -0.37500 0.04900 -0.45000
v -0.45000 0.09900 -0.37500
v -0.43995 0.09900 -0.41250
v -0.45000 0.09900 -0.37500
v -0.43995 0.09900 -0.33750
v -0.41250 0.09900 -0.43995
v -0.41250 0.09900 -0.31005
v -0.37500 0.09900 -0.45000
v -0.43995 0.04900 -0.33750
v -0.43995 0.09900 -0.33750
v -0.41250 0.04900 -0.31005
v -0.41250 0.09900 -0.31005
v -0.37500 0.04900 -0.30000
v -0.37500 0.09900 -0.30000
v -0.37500 0.09900 -0.30000
v -0.33750 0.09900 -0.43995
v -0.33750 0.04900 -0.43995
v -0.31005 0.09900 -0.41250
v -0.31005 0.04900 -0.41250
v -0.30000 0.09900 -0.37500
v -0.30000 0.04900 -0.37500
v -0.33750 0.09900 -0.43995
v -0.33750 0.09900 -0.31005
v -0.31005 0.09900 -0.41250
v -0.31005 0.09900 -0.33750
v -0.30000 0.09900 -0.37500
v -0.33750 0.04900 -0.31005
v -0.33750 0.09900 -0.31005
v -0.31005 0.04900 -0.33750
v -0.31005 0.09900 -0.33750
v -0.37500 0.09900 -0.20000
v -0.37500 0.04900 -0.20000
v -0.41250 0.04900 -0.18995
v -0.41250 0.09900 -0.18995
v -0.43995 0.04900 -0.16250
v -0.43995 0.09900 -0.16250
v -0.45000 0.04900 -0.12500
v -0.45000 0.09900 -0.12500
v -0.43995 0.04900 -0.08750
v -0.43995 0.09900 -0.08750
v -0.41250 0.04900 -0.06005
v -0.41250 0.09900 -0.06005
v -0.37500 0.04900 -0.05000
v -0.37500 0.09900 -0.05000
v -0.41250 0.09900 -0.18995
v -0.43995 0.09900 -0.16250
v -0.43995 0.09900 -0.08750
v -0.45000 0.09900 -0.12500
v -0.41250 0.09900 -0.06005
v -0.37500 0.09900 -0.20000
v -0.37500 0.09900 -0.05000
v -0.33750 0.09900 -0.18995
v -0.33750 0.04900 -0.18995
v -0.31005 0.09900 -0.16250
v -0.31005 0.04900 -0.16250
v -0.31005 0.09900 -0.08750
v -0.31005 0.04900 -0.08750
v -0.30000 0.04900 -0.12500
v -0.30000 0.09900 -0.12500
v -0.33750 0.04900 -0.06005
v -0.33750 0.09900 -0.06005
v -0.33750 0.09900 -0.18995
v -0.33750 0.09900 -0.06005
v -0.31005 0.09900 -0.16250
v -0.31005 0.09900 -0.08750
v -0.30000 0.09900 -0.12500
v -0.41250 0.09900 0.06005
v -0.41250 0.04900 0.06005
v -0.43995 0.04900 0.08750
v -0.37500 0.09900 0.05000
v -0.37500 0.04900 0.05000
v -0.45000 0.09900 0.12500
v -0.45000 0.04900 0.12500
v -0.43995 0.04900 0.16250
v -0.43995 0.09900 0.08750
v -0.43995 0.09900 0.16250
v -0.41250 0.04900 0.18995
v -0.41250 0.09900 0.18995
v -0.37500 0.04900 0.20000
v -0.43995 0.09900 0.08750
v -0.43995 0.09900 0.16250
v -0.41250 0.09900 0.06005
v -0.45000 0.09900 0.12500
v -0.41250 0.09900 0.18995
v -0.37500 0.09900 0.05000
v -0.37500 0.09900 0.20000
v -0.37500 0.09900 0.20000
v -0.33750 0.09900 0.06005
v -0.33750 0.04900 0.06005
v -0.31005 0.09900 0.08750
v -0.31005 0.04900 0.08750
v -0.33750 0.09900 0.18995
v -0.33750 0.04900 0.18995
v -0.31005 0.04900 0.16250
v -0.30000 0.09900 0.12500
v -0.30000 0.04900 0.12500
v -0.31005 0.09900 0.16250
v -0.33750 0.09900 0.06005
v -0.33750 0.09900 0.18995
v -0.31005 0.09900 0.08750
v -0.31005 0.09900 0.16250
v -0.30000 0.09900 0.12500
v -0.41250 0.09900 0.31005
v -0.41250 0.04900 0.31005
v -0.43995 0.04900 0.33750
v -0.43995 0.09900 0.33750
v -0.45000 0.04900 0.37500
v -0.37500 0.09900 0.30000
v -0.37500 0.04900 0.30000
v -0.45000 0.09900 0.37500
v -0.43995 0.09900 0.33750
v -0.43995 0.09900 0.41250
v -0.41250 0.09900 0.31005
v -0.41250 0.09900 0.43995
v -0.37500 0.09900 0.30000
v -0.43995 0.04900 0.41250
v -0.43995 0.09900 0.41250
v -0.41250 0.04900 0.43995
v -0.41250 0.09900 0.43995
v -0.37500 0.04900 0.45000
v -0.37500 0.09900 0.45000
v -0.45000 0.09900 0.37500
v -0.37500 0.09900 0.45000
v -0.33750 0.09900 0.31005
v -0.33750 0.04900 0.31005
v -0.31005 0.09900 0.33750
v -0.31005 0.04900 0.33750
v -0.30000 0.09900 0.37500
v -0.30000 0.04900 0.37500
v -0.33750 0.09900 0.31005
v -0.33750 0.09900 0.43995
v -0.31005 0.09900 0.33750
v -0.33750 0.04900 0.43995
v -0.33750 0.09900 0.43995
v -0.31005 0.04900 0.41250
v -0.31005 0.09900 0.41250
v -0.31005 0.09900 0.41250
v -0.30000 0.09900 0.37500
v -0.37500 0.09900 0.55000
v -0.37500 0.04900 0.55000
v -0.41250 0.04900 0.56005
v -0.41250 0.09900 0.56005
v -0.43995 0.04900 0.58750
v -0.43995 0.09900 0.58750
v -0.45000 0.04900 0.62500
v -0.45000 0.09900 0.62500
v -0.43995 0.04900 0.66250
v -0.43995 0.09900 0.66250
v -0.41250 0.04900 0.68995
v -0.41250 0.09900 0.68995
v -0.37500 0.04900 0.70000
v -0.37500 0.09900 0.70000
v -0.43995 0.09900 0.58750
v -0.43995 0.09900 0.66250
v -0.41250 0.09900 0.56005
v -0.45000 0.09900 0.62500
v -0.41250 0.09900 0.68995
v -0.37500 0.09900 0.55000
v -0.37500 0.09900 0.70000
v -0.33750 0.09900 0.56005
v -0.33750 0.04900 0.56005
v -0.31005 0.09900 0.58750
v -0.31005 0.04900 0.58750
v -0.31005 0.09900 0.66250
v -0.31005 0.04900 0.66250
v -0.30000 0.04900 0.62500
v -0.30000 0.09900 0.62500
v -0.33750 0.04900 0.68995
v -0.33750 0.09900 0.68995
v -0.33750 0.09900 0.56005
v -0.33750 0.09900 0.68995
v -0.31005 0.09900 0.58750
v -0.31005 0.09900 0.66250
v -0.30000 0.09900 0.62500
v -0.18995 0.09900 -0.66250
v -0.18995 0.04900 -0.66250
v -0.20000 0.04900 -0.62500
v -0.20000 0.09900 -0.62500
v -0.18995 0.04900 -0.58750
v -0.18995 0.09900 -0.58750
v -0.18995 0.09900 -0.66250
v -0.20000 0.09900 -0.62500
v -0.18995 0.09900 -0.58750
v -0.16250 0.09900 -0.68995
v -0.16250 0.04900 -0.68995
v -0.12500 0.09900 -0.70000
v -0.12500 0.04900 -0.70000
v -0.08750 0.09900 -0.68995
v -0.08750 0.04900 -0.68995
v -0.16250 0.04900 -0.56005
v -0.06005 0.09900 -0.66250
v -0.06005 0.04900 -0.66250
v -0.05000 0.09900 -0.62500
v -0.05000 0.04900 -0.62500
v -0.08750 0.09900 -0.56005
v -0.08750 0.04900 -0.56005
v -0.06005 0.04900 -0.58750
v -0.06005 0.09900 -0.58750
v -0.16250 0.09900 -0.56005
v -0.12500 0.04900 -0.55000
v -0.12500 0.09900 -0.55000
v -0.16250 0.09900 -0.68995
v -0.16250 0.09900 -0.56005
v -0.12500 0.09900 -0.70000
v -0.12500 0.09900 -0.55000
v -0.08750 0.09900 -0.68995
v -0.08750 0.09900 -0.56005
v -0.06005 0.09900 -0.66250
v -0.06005 0.09900 -0.58750
v -0.05000 0.09900 -0.62500
v -0.18995 0.09900 -0.41250
v -0.18995 0.04900 -0.41250
v -0.20000 0.04900 -0.37500
v -0.20000 0.09900 -0.37500
v -0.18995 0.09900 -0.41250
v -0.20000 0.09900 -0.37500
v -0.18995 0.09900 -0.33750
v -0.16250 0.09900 -0.43995
v -0.16250 0.04900 -0.43995
v -0.12500 0.09900 -0.45000
v -0.12500 0.04900 -0.45000
v -0.08750 0.09900 -0.43995
v -0.08750 0.04900 -0.43995
v -0.06005 0.09900 -0.41250
v -0.06005 0.04900 -0.41250
v -0.05000 0.09900 -0.37500
v -0.05000 0.04900 -0.37500
v -0.16250 0.09900 -0.43995
v -0.16250 0.09900 -0.31005
v -0.12500 0.09900 -0.45000
v -0.12500 0.09900 -0.30000
v -0.08750 0.09900 -0.43995
v -0.08750 0.09900 -0.31005
v -0.06005 0.09900 -0.41250
v -0.06005 0.09900 -0.33750
v -0.05000 0.09900 -0.37500
v -0.18995 0.04900 -0.33750
v -0.18995 0.09900 -0.33750
v -0.16250 0.04900 -0.31005
v -0.16250 0.09900 -0.31005
v -0.12500 0.04900 -0.30000
v -0.12500 0.09900 -0.30000
v -0.08750 0.04900 -0.31005
v -0.06005 0.09900 -0.33750
v -0.06005 0.04900 -0.33750
v -0.08750 0.09900 -0.31005
v -0.18995 0.09900 -0.16250
v -0.18995 0.04900 -0.16250
v -0.20000 0.04900 -0.12500
v -0.20000 0.09900 -0.12500
v -0.18995 0.04900 -0.08750
v -0.18995 0.09900 -0.08750
v -0.18995 0.09900 -0.16250
v -0.20000 0.09900 -0.12500
v -0.18995 0.09900 -0.08750
v -0.12500 0.09900 -0.20000
v -0.12500 0.04900 -0.20000
v -0.16250 0.04900 -0.18995
v -0.08750 0.09900 -0.18995
v -0.08750 0.04900 -0.18995
v -0.16250 0.09900 -0.18995
v -0.16250 0.04900 -0.06005
v -0.16250 0.09900 -0.06005
v -0.12500 0.04900 -0.05000
v -0.12500 0.09900 -0.05000
v -0.08750 0.04900 -0.06005
v -0.06005 0.09900 -0.16250
v -0.06005 0.04900 -0.16250
v -0.05000 0.09900 -0.12500
v -0.05000 0.04900 -0.12500
v -0.06005 0.09900 -0.08750
v -0.06005 0.04900 -0.08750
v -0.08750 0.09900 -0.06005
v -0.16250 0.09900 -0.18995
v -0.16250 0.09900 -0.06005
v -0.12500 0.09900 -0.20000
v -0.12500 0.09900 -0.05000
v -0.08750 0.09900 -0.18995
v -0.08750 0.09900 -0.06005
v -0.06005 0.09900 -0.16250
v -0.06005 0.09900 -0.08750
v -0.05000 0.09900 -0.12500
v -0.18995 0.09900 0.08750
v -0.18995 0.04900 0.08750
v -0.20000 0.04900 0.12500
v -0.20000 0.09900 0.12500
v -0.18995 0.04900 0.16250
v -0.18995 0.09900 0.16250
v -0.20000 0.09900 0.12500
v -0.18995 0.09900 0.16250
v -0.18995 0.09900 0.08750
v -0.16250 0.09900 0.06005
v -0.16250 0.04900 0.06005
v -0.12500 0.09900 0.05000
v -0.12500 0.04900 0.05000
v -0.08750 0.09900 0.06005
v -0.08750 0.04900 0.06005
v -0.16250 0.04900 0.18995
v -0.06005 0.09900 0.08750
v -0.06005 0.04900 0.08750
v -0.05000 0.09900 0.12500
v -0.05000 0.04900 0.12500
v -0.08750 0.09900 0.18995
v -0.08750 0.04900 0.18995
v -0.06005 0.04900 0.16250
v -0.06005 0.09900 0.16250
v -0.16250 0.09900 0.18995
v -0.12500 0.04900 0.20000
v -0.12500 0.09900 0.20000
v -0.16250 0.09900 0.06005
v -0.16250 0.09900 0.18995
v -0.12500 0.09900 0.05000
v -0.12500 0.09900 0.20000
v -0.08750 0.09900 0.06005
v -0.08750 0.09900 0.18995
v -0.06005 0.09900 0.08750
v -0.06005 0.09900 0.16250
v -0.05000 0.09900 0.12500
v -0.18995 0.09900 0.33750
v -0.18995 0.04900 0.33750
v -0.20000 0.04900 0.37500
v -0.20000 0.09900 0.37500
v -0.16250 0.09900 0.31005
v -0.16250 0.04900 0.31005
v -0.12500 0.09900 0.30000
v -0.12500 0.04900 0.30000
v -0.08750 0.09900 0.31005
v -0.08750 0.04900 0.31005
v -0.06005 0.09900 0.33750
v -0.06005 0.04900 0.33750
v -0.05000 0.09900 0.37500
v -0.05000 0.04900 0.37500
v -0.18995 0.09900 0.33750
v -0.18995 0.09900 0.41250
v -0.16250 0.09900 0.31005
v -0.16250 0.09900 0.43995
v -0.12500 0.09900 0.30000
v -0.12500 0.09900 0.45000
v -0.08750 0.09900 0.31005
v -0.08750 0.09900 0.43995
v -0.06005 0.09900 0.33750
v -0.18995 0.04900 0.41250
v -0.18995 0.09900 0.41250
v -0.20000 0.09900 0.37500
v -0.16250 0.04900 0.43995
v -0.16250 0.09900 0.43995
v -0.12500 0.04900 0.45000
v -0.12500 0.09900 0.45000
v -0.08750 0.04900 0.43995
v -0.06005 0.09900 0.41250
v -0.06005 0.04900 0.41250
v -0.08750 0.09900 0.43995
v -0.06005 0.09900 0.41250
v -0.05000 0.09900 0.37500
v -0.18995 0.09900 0.58750
v -0.18995 0.04900 0.58750
v -0.20000 0.04900 0.62500
v -0.20000 0.09900 0.62500
v -0.18995 0.04900 0.66250
v -0.18995 0.09900 0.66250
v -0.18995 0.09900 0.58750
v -0.20000 0.09900 0.62500
v -0.18995 0.09900 0.66250
v -0.12500 0.09900 0.55000
v -0.12500 0.04900 0.55000
v -0.16250 0.04900 0.56005
v -0.08750 0.09900 0.56005
v -0.08750 0.04900 0.56005
v -0.16250 0.09900 0.56005
v -0.16250 0.04900 0.68995
v -0.16250 0.09900 0.68995
v -0.12500 0.04900 0.70000
v -0.12500 0.09900 0.70000
v -0.08750 0.04900 0.68995
v -0.06005 0.09900 0.58750
v -0.06005 0.04900 0.58750
v -0.05000 0.09900 0.62500
v -0.05000 0.04900 0.62500
v -0.06005 0.09900 0.66250
v -0.06005 0.04900 0.66250
v -0.08750 0.09900 0.68995
v -0.16250 0.09900 0.56005
v -0.16250 0.09900 0.68995
v -0.12500 0.09900 0.55000
v -0.12500 0.09900 0.70000
v -0.08750 0.09900 0.56005
v -0.08750 0.09900 0.68995
v -0.06005 0.09900 0.58750
v -0.06005 0.09900 0.66250
v -0.05000 0.09900 0.62500
v 0.08750 0.09900 -0.68995
v 0.08750 0.04900 -0.68995
v 0.06005 0.04900 -0.66250
v 0.06005 0.09900 -0.66250
v 0.05000 0.04900 -0.62500
v 0.05000 0.09900 -0.62500
v 0.06005 0.04900 -0.58750
v 0.06005 0.09900 -0.58750
v 0.08750 0.04900 -0.56005
v 0.12500 0.09900 -0.70000
v 0.12500 0.04900 -0.70000
v 0.16250 0.09900 -0.68995
v 0.16250 0.04900 -0.68995
v 0.18995 0.09900 -0.66250
v 0.18995 0.04900 -0.66250
v 0.16250 0.09900 -0.56005
v 0.16250 0.04900 -0.56005
v 0.18995 0.04900 -0.58750
v 0.08750 0.09900 -0.56005
v 0.12500 0.04900 -0.55000
v 0.12500 0.09900 -0.55000
v 0.06005 0.09900 -0.66250
v 0.06005 0.09900 -0.58750
v 0.08750 0.09900 -0.68995
v 0.05000 0.09900 -0.62500
v 0.08750 0.09900 -0.56005
v 0.18995 0.09900 -0.58750
v 0.12500 0.09900 -0.70000
v 0.12500 0.09900 -0.55000
v 0.16250 0.09900 -0.68995
v 0.16250 0.09900 -0.56005
v 0.18995 0.09900 -0.66250
v 0.18995 0.09900 -0.58750
v 0.20000 0.09900 -0.62500
v 0.20000 0.04900 -0.62500
v 0.20000 0.09900 -0.62500
v 0.08750 0.09900 -0.43995
v 0.08750 0.04900 -0.43995
v 0.06005 0.04900 -0.41250
v 0.06005 0.09900 -0.41250
v 0.05000 0.04900 -0.37500
v 0.12500 0.09900 -0.45000
v 0.12500 0.04900 -0.45000
v 0.16250 0.09900 -0.43995
v 0.16250 0.04900 -0.43995
v 0.18995 0.09900 -0.41250
v 0.18995 0.04900 -0.41250
v 0.05000 0.09900 -0.37500
v 0.06005 0.09900 -0.41250
v 0.05000 0.09900 -0.37500
v 0.06005 0.09900 -0.33750
v 0.08750 0.09900 -0.43995
v 0.08750 0.09900 -0.31005
v 0.12500 0.09900 -0.45000
v 0.12500 0.09900 -0.30000
v 0.16250 0.09900 -0.43995
v 0.16250 0.09900 -0.31005
v 0.18995 0.09900 -0.41250
v 0.20000 0.09900 -0.37500
v 0.20000 0.04900 -0.37500
v 0.18995 0.09900 -0.33750
v 0.20000 0.09900 -0.37500
v 0.06005 0.04900 -0.33750
v 0.06005 0.09900 -0.33750
v 0.08750 0.04900 -0.31005
v 0.08750 0.09900 -0.31005
v 0.12500 0.04900 -0.30000
v 0.12500 0.09900 -0.30000
v 0.16250 0.04900 -0.31005
v 0.16250 0.09900 -0.31005
v 0.18995 0.04900 -0.33750
v 0.18995 0.09900 -0.33750
v 0.12500 0.09900 -0.20000
v 0.12500 0.04900 -0.20000
v 0.08750 0.04900 -0.18995
v 0.16250 0.09900 -0.18995
v 0.16250 0.04900 -0.18995
v 0.06005 0.09900 -0.16250
v 0.06005 0.04900 -0.16250
v 0.05000 0.04900 -0.12500
v 0.08750 0.09900 -0.18995
v 0.05000 0.09900 -0.12500
v 0.06005 0.04900 -0.08750
v 0.06005 0.09900 -0.08750
v 0.08750 0.04900 -0.06005
v 0.18995 0.09900 -0.16250
v 0.18995 0.04900 -0.16250
v 0.08750 0.09900 -0.06005
v 0.12500 0.04900 -0.05000
v 0.12500 0.09900 -0.05000
v 0.16250 0.04900 -0.06005
v 0.16250 0.09900 -0.06005
v 0.18995 0.04900 -0.08750
v 0.08750 0.09900 -0.18995
v 0.06005 0.09900 -0.16250
v 0.06005 0.09900 -0.08750
v 0.05000 0.09900 -0.12500
v 0.08750 0.09900 -0.06005
v 0.18995 0.09900 -0.08750
v 0.12500 0.09900 -0.20000
v 0.12500 0.09900 -0.05000
v 0.16250 0.09900 -0.18995
v 0.16250 0.09900 -0.06005
v 0.18995 0.09900 -0.16250
v 0.18995 0.09900 -0.08750
v 0.20000 0.09900 -0.12500
v 0.20000 0.04900 -0.12500
v 0.20000 0.09900 -0.12500
v 0.08750 0.09900 0.06005
v 0.08750 0.04900 0.06005
v 0.06005 0.04900 0.08750
v 0.06005 0.09900 0.08750
v 0.05000 0.04900 0.12500
v 0.05000 0.09900 0.12500
v 0.06005 0.04900 0.16250
v 0.06005 0.09900 0.16250
v 0.08750 0.04900 0.18995
v 0.12500 0.09900 0.05000
v 0.12500 0.04900 0.05000
v 0.16250 0.09900 0.06005
v 0.16250 0.04900 0.06005
v 0.18995 0.09900 0.08750
v 0.18995 0.04900 0.08750
v 0.16250 0.09900 0.18995
v 0.16250 0.04900 0.18995
v 0.18995 0.04900 0.16250
v 0.08750 0.09900 0.18995
v 0.12500 0.04900 0.20000
v 0.12500 0.09900 0.20000
v 0.06005 0.09900 0.08750
v 0.06005 0.09900 0.16250
v 0.08750 0.09900 0.06005
v 0.05000 0.09900 0.12500
v 0.08750 0.09900 0.18995
v 0.18995 0.09900 0.16250
v 0.12500 0.09900 0.05000
v 0.12500 0.09900 0.20000
v 0.16250 0.09900 0.06005
v 0.16250 0.09900 0.18995
v 0.18995 0.09900 0.08750
v 0.18995 0.09900 0.16250
v 0.20000 0.09900 0.12500
v 0.20000 0.04900 0.12500
v 0.20000 0.09900 0.12500
v 0.08750 0.09900 0.31005
v 0.08750 0.04900 0.31005
v 0.06005 0.04900 0.33750
v 0.06005 0.09900 0.33750
v 0.05000 0.04900 0.37500
v 0.12500 0.09900 0.30000
v 0.12500 0.04900 0.30000
v 0.16250 0.09900 0.31005
v 0.16250 0.04900 0.31005
v 0.18995 0.09900 0.33750
v 0.18995 0.04900 0.33750
v 0.05000 0.09900 0.37500
v 0.06005 0.09900 0.33750
v 0.06005 0.09900 0.41250
v 0.08750 0.09900 0.31005
v 0.12500 0.09900 0.30000
v 0.08750 0.09900 0.43995
v 0.12500 0.09900 0.45000
v 0.16250 0.09900 0.31005
v 0.16250 0.09900 0.43995
v 0.18995 0.09900 0.33750
v 0.20000 0.09900 0.37500
v 0.20000 0.04900 0.37500
v 0.06005 0.04900 0.41250
v 0.06005 0.09900 0.41250
v 0.08750 0.04900 0.43995
v 0.08750 0.09900 0.43995
v 0.12500 0.04900 0.45000
v 0.12500 0.09900 0.45000
v 0.16250 0.04900 0.43995
v 0.16250 0.09900 0.43995
v 0.18995 0.04900 0.41250
v 0.05000 0.09900 0.37500
v 0.18995 0.09900 0.41250
v 0.18995 0.09900 0.41250
v 0.20000 0.09900 0.37500
v 0.12500 0.09900 0.55000
v 0.12500 0.04900 0.55000
v 0.08750 0.04900 0.56005
v 0.16250 0.09900 0.56005
v 0.16250 0.04900 0.56005
v 0.06005 0.09900 0.58750
v 0.06005 0.04900 0.58750
v 0.05000 0.04900 0.62500
v 0.08750 0.09900 0.56005
v 0.05000 0.09900 0.62500
v 0.06005 0.04900 0.66250
v 0.06005 0.09900 0.66250
v 0.08750 0.04900 0.68995
v 0.18995 0.09900 0.58750
v 0.18995 0.04900 0.58750
v 0.08750 0.09900 0.68995
v 0.12500 0.04900 0.70000
v 0.12500 0.09900 0.70000
v 0.16250 0.04900 0.68995
v 0.16250 0.09900 0.68995
v 0.18995 0.04900 0.66250
v 0.06005 0.09900 0.58750
v 0.06005 0.09900 0.66250
v 0.08750 0.09900 0.56005
v 0.05000 0.09900 0.62500
v 0.08750 0.09900 0.68995
v 0.18995 0.09900 0.66250
v 0.12500 0.09900 0.55000
v 0.12500 0.09900 0.70000
v 0.16250 0.09900 0.56005
v 0.16250 0.09900 0.68995
v 0.18995 0.09900 0.58750
v 0.18995 0.09900 0.66250
v 0.20000 0.09900 0.62500
v 0.20000 0.04900 0.62500
v 0.20000 0.09900 0.62500
v 0.33750 0.09900 -0.68995
v 0.33750 0.04900 -0.68995
v 0.31005 0.04900 -0.66250
v 0.37500 0.09900 -0.70000
v 0.37500 0.04900 -0.70000
v 0.30000 0.09900 -0.62500
v 0.30000 0.04900 -0.62500
v 0.31005 0.04900 -0.58750
v 0.31005 0.09900 -0.66250
v 0.31005 0.09900 -0.58750
v 0.33750 0.04900 -0.56005
v 0.33750 0.09900 -0.56005
v 0.37500 0.04900 -0.55000
v 0.31005 0.09900 -0.66250
v 0.31005 0.09900 -0.58750
v 0.33750 0.09900 -0.68995
v 0.30000 0.09900 -0.62500
v 0.33750 0.09900 -0.56005
v 0.37500 0.09900 -0.70000
v 0.37500 0.09900 -0.55000
v 0.37500 0.09900 -0.55000
v 0.41250 0.09900 -0.68995
v 0.41250 0.04900 -0.68995
v 0.43995 0.09900 -0.66250
v 0.43995 0.04900 -0.66250
v 0.45000 0.09900 -0.62500
v 0.45000 0.04900 -0.62500
v 0.43995 0.09900 -0.58750
v 0.43995 0.04900 -0.58750
v 0.41250 0.09900 -0.56005
v 0.41250 0.04900 -0.56005
v 0.41250 0.09900 -0.68995
v 0.41250 0.09900 -0.56005
v 0.43995 0.09900 -0.66250
v 0.43995 0.09900 -0.58750
v 0.45000 0.09900 -0.62500
v 0.31005 0.09900 -0.41250
v 0.31005 0.04900 -0.41250
v 0.30000 0.04900 -0.37500
v 0.33750 0.09900 -0.43995
v 0.33750 0.04900 -0.43995
v 0.37500 0.09900 -0.45000
v 0.37500 0.04900 -0.45000
v 0.30000 0.09900 -0.37500
v 0.30000 0.09900 -0.37500
v 0.31005 0.09900 -0.33750
v 0.31005 0.09900 -0.41250
v 0.33750 0.09900 -0.43995
v 0.33750 0.09900 -0.31005
v 0.37500 0.09900 -0.45000
v 0.31005 0.04900 -0.33750
v 0.31005 0.09900 -0.33750
v 0.33750 0.04900 -0.31005
v 0.33750 0.09900 -0.31005
v 0.37500 0.04900 -0.30000
v 0.37500 0.09900 -0.30000
v 0.37500 0.09900 -0.30000
v 0.41250 0.09900 -0.43995
v 0.41250 0.04900 -0.43995
v 0.43995 0.09900 -0.41250
v 0.43995 0.04900 -0.41250
v 0.45000 0.09900 -0.37500
v 0.45000 0.04900 -0.37500
v 0.41250 0.09900 -0.43995
v 0.41250 0.09900 -0.31005
v 0.43995 0.09900 -0.41250
v 0.43995 0.09900 -0.33750
v 0.45000 0.09900 -0.37500
v 0.41250 0.04900 -0.31005
v 0.43995 0.09900 -0.33750
v 0.43995 0.04900 -0.33750
v 0.41250 0.09900 -0.31005
v 0.37500 0.09900 -0.20000
v 0.37500 0.04900 -0.20000
v 0.33750 0.04900 -0.18995
v 0.31005 0.09900 -0.16250
v 0.31005 0.04900 -0.16250
v 0.30000 0.04900 -0.12500
v 0.30000 0.09900 -0.12500
v 0.31005 0.04900 -0.08750
v 0.33750 0.09900 -0.18995
v 0.31005 0.09900 -0.08750
v 0.33750 0.04900 -0.06005
v 0.33750 0.09900 -0.06005
v 0.37500 0.04900 -0.05000
v 0.37500 0.09900 -0.05000
v 0.33750 0.09900 -0.18995
v 0.31005 0.09900 -0.16250
v 0.31005 0.09900 -0.08750
v 0.30000 0.09900 -0.12500
v 0.33750 0.09900 -0.06005
v 0.37500 0.09900 -0.20000
v 0.37500 0.09900 -0.05000
v 0.41250 0.09900 -0.18995
v 0.41250 0.04900 -0.18995
v 0.43995 0.09900 -0.16250
v 0.43995 0.04900 -0.16250
v 0.43995 0.09900 -0.08750
v 0.43995 0.04900 -0.08750
v 0.45000 0.04900 -0.12500
v 0.45000 0.09900 -0.12500
v 0.41250 0.04900 -0.06005
v 0.41250 0.09900 -0.06005
v 0.41250 0.09900 -0.18995
v 0.41250 0.09900 -0.06005
v 0.43995 0.09900 -0.16250
v 0.43995 0.09900 -0.08750
v 0.45000 0.09900 -0.12500
v 0.33750 0.09900 0.06005
v 0.33750 0.04900 0.06005
v 0.31005 0.04900 0.08750
v 0.37500 0.09900 0.05000
v 0.37500 0.04900 0.05000
v 0.30000 0.09900 0.12500
v 0.30000 0.04900 0.12500
v 0.31005 0.04900 0.16250
v 0.31005 0.09900 0.08750
v 0.31005 0.09900 0.16250
v 0.33750 0.04900 0.18995
v 0.33750 0.09900 0.18995
v 0.37500 0.04900 0.20000
v 0.33750 0.09900 0.06005
v 0.31005 0.09900 0.08750
v 0.31005 0.09900 0.16250
v 0.30000 0.09900 0.12500
v 0.33750 0.09900 0.18995
v 0.37500 0.09900 0.05000
v 0.37500 0.09900 0.20000
v 0.37500 0.09900 0.20000
v 0.41250 0.09900 0.06005
v 0.41250 0.04900 0.06005
v 0.43995 0.09900 0.08750
v 0.43995 0.04900 0.08750
v 0.45000 0.09900 0.12500
v 0.45000 0.04900 0.12500
v 0.43995 0.09900 0.16250
v 0.43995 0.04900 0.16250
v 0.41250 0.09900 0.18995
v 0.41250 0.04900 0.18995
v 0.41250 0.09900 0.06005
v 0.41250 0.09900 0.18995
v 0.43995 0.09900 0.08750
v 0.43995 0.09900 0.16250
v 0.45000 0.09900 0.12500
v 0.31005 0.09900 0.33750
v 0.31005 0.04900 0.33750
v 0.30000 0.04900 0.37500
v 0.33750 0.09900 0.31005
v 0.33750 0.04900 0.31005
v 0.37500 0.09900 0.30000
v 0.37500 0.04900 0.30000
v 0.30000 0.09900 0.37500
v 0.31005 0.09900 0.33750
v 0.31005 0.09900 0.41250
v 0.33750 0.09900 0.31005
v 0.33750 0.09900 0.43995
v 0.37500 0.09900 0.30000
v 0.31005 0.04900 0.41250
v 0.31005 0.09900 0.41250
v 0.33750 0.04900 0.43995
v 0.33750 0.09900 0.43995
v 0.37500 0.04900 0.45000
v 0.37500 0.09900 0.45000
v 0.30000 0.09900 0.37500
v 0.37500 0.09900 0.45000
v 0.41250 0.09900 0.31005
v 0.41250 0.04900 0.31005
v 0.43995 0.09900 0.33750
v 0.43995 0.04900 0.33750
v 0.45000 0.09900 0.37500
v 0.45000 0.04900 0.37500
v 0.41250 0.09900 0.31005
v 0.41250 0.09900 0.43995
v 0.43995 0.09900 0.33750
v 0.41250 0.04900 0.43995
v 0.43995 0.09900 0.41250
v 0.43995 0.04900 0.41250
v 0.41250 0.09900 0.43995
v 0.43995 0.09900 0.41250
v 0.45000 0.09900 0.37500
v 0.37500 0.09900 0.55000
v 0.37500 0.04900 0.55000
v 0.33750 0.04900 0.56005
v 0.31005 0.09900 0.58750
v 0.31005 0.04900 0.58750
v 0.30000 0.04900 0.62500
v 0.30000 0.09900 0.62500
v 0.31005 0.04900 0.66250
v 0.33750 0.09900 0.56005
v 0.31005 0.09900 0.66250
v 0.33750 0.04900 0.68995
v 0.33750 0.09900 0.68995
v 0.37500 0.04900 0.70000
v 0.37500 0.09900 0.70000
v 0.33750 0.09900 0.56005
v 0.31005 0.09900 0.58750
v 0.31005 0.09900 0.66250
v 0.30000 0.09900 0.62500
v 0.33750 0.09900 0.68995
v 0.37500 0.09900 0.55000
v 0.37500 0.09900 0.70000
v 0.41250 0.09900 0.56005
v 0.41250 0.04900 0.56005
v 0.43995 0.09900 0.58750
v 0.43995 0.04900 0.58750
v 0.43995 0.09900 0.66250
v 0.43995 0.04900 0.66250
v 0.45000 0.04900 0.62500
v 0.45000 0.09900 0.62500
v 0.41250 0.04900 0.68995
v 0.41250 0.09900 0.68995
v 0.41250 0.09900 0.56005
v 0.41250 0.09900 0.68995
v 0.43995 0.09900 0.58750
v 0.43995 0.09900 0.66250
v 0.45000 0.09900 0.62500
v 0.56005 0.09900 -0.66250
v 0.56005 0.04900 -0.66250
v 0.55000 0.04900 -0.62500
v 0.55000 0.09900 -0.62500
v 0.56005 0.04900 -0.58750
v 0.56005 0.09900 -0.58750
v 0.56005 0.09900 -0.66250
v 0.55000 0.09900 -0.62500
v 0.56005 0.09900 -0.58750
v 0.58750 0.09900 -0.68995
v 0.58750 0.04900 -0.68995
v 0.62500 0.09900 -0.70000
v 0.62500 0.04900 -0.70000
v 0.66250 0.09900 -0.68995
v 0.66250 0.04900 -0.68995
v 0.58750 0.04900 -0.56005
v 0.68995 0.09900 -0.66250
v 0.68995 0.04900 -0.66250
v 0.70000 0.09900 -0.62500
v 0.70000 0.04900 -0.62500
v 0.66250 0.09900 -0.56005
v 0.66250 0.04900 -0.56005
v 0.68995 0.04900 -0.58750
v 0.68995 0.09900 -0.58750
v 0.58750 0.09900 -0.56005
v 0.62500 0.04900 -0.55000
v 0.62500 0.09900 -0.55000
v 0.58750 0.09900 -0.68995
v 0.58750 0.09900 -0.56005
v 0.62500 0.09900 -0.70000
v 0.62500 0.09900 -0.55000
v 0.66250 0.09900 -0.68995
v 0.66250 0.09900 -0.56005
v 0.68995 0.09900 -0.66250
v 0.68995 0.09900 -0.58750
v 0.70000 0.09900 -0.62500
v 0.56005 0.09900 -0.41250
v 0.56005 0.04900 -0.41250
v 0.55000 0.04900 -0.37500
v 0.55000 0.09900 -0.37500
v 0.56005 0.09900 -0.41250
v 0.55000 0.09900 -0.37500
v 0.56005 0.09900 -0.33750
v 0.58750 0.09900 -0.43995
v 0.58750 0.04900 -0.43995
v 0.62500 0.09900 -0.45000
v 0.62500 0.04900 -0.45000
v 0.66250 0.09900 -0.43995
v 0.66250 0.04900 -0.43995
v 0.68995 0.09900 -0.41250
v 0.68995 0.04900 -0.41250
v 0.70000 0.09900 -0.37500
v 0.70000 0.04900 -0.37500
v 0.58750 0.09900 -0.43995
v 0.58750 0.09900 -0.31005
v 0.62500 0.09900 -0.45000
v 0.62500 0.09900 -0.30000
v 0.66250 0.09900 -0.43995
v 0.66250 0.09900 -0.31005
v 0.68995 0.09900 -0.41250
v 0.68995 0.09900 -0.33750
v 0.70000 0.09900 -0.37500
v 0.56005 0.04900 -0.33750
v 0.56005 0.09900 -0.33750
v 0.58750 0.04900 -0.31005
v 0.58750 0.09900 -0.31005
v 0.62500 0.04900 -0.30000
v 0.62500 0.09900 -0.30000
v 0.66250 0.04900 -0.31005
v 0.68995 0.09900 -0.33750
v 0.68995 0.04900 -0.33750
v 0.66250 0.09900 -0.31005
v 0.56005 0.09900 -0.16250
v 0.56005 0.04900 -0.16250
v 0.55000 0.04900 -0.12500
v 0.55000 0.09900 -0.12500
v 0.56005 0.04900 -0.08750
v 0.56005 0.09900 -0.08750
v 0.56005 0.09900 -0.16250
v 0.55000 0.09900 -0.12500
v 0.56005 0.09900 -0.08750
v 0.62500 0.09900 -0.20000
v 0.62500 0.04900 -0.20000
v 0.58750 0.04900 -0.18995
v 0.66250 0.09900 -0.18995
v 0.66250 0.04900 -0.18995
v 0.58750 0.09900 -0.18995
v 0.58750 0.04900 -0.06005
v 0.58750 0.09900 -0.06005
v 0.62500 0.04900 -0.05000
v 0.62500 0.09900 -0.05000
v 0.66250 0.04900 -0.06005
v 0.68995 0.09900 -0.16250
v 0.68995 0.04900 -0.16250
v 0.70000 0.09900 -0.12500
v 0.70000 0.04900 -0.12500
v 0.68995 0.09900 -0.08750
v 0.68995 0.04900 -0.08750
v 0.66250 0.09900 -0.06005
v 0.58750 0.09900 -0.18995
v 0.58750 0.09900 -0.06005
v 0.62500 0.09900 -0.20000
v 0.62500 0.09900 -0.05000
v 0.66250 0.09900 -0.18995
v 0.66250 0.09900 -0.06005
v 0.68995 0.09900 -0.16250
v 0.68995 0.09900 -0.08750
v 0.70000 0.09900 -0.12500
v 0.56005 0.09900 0.08750
v 0.56005 0.04900 0.08750
v 0.55000 0.04900 0.12500
v 0.55000 0.09900 0.12500
v 0.56005 0.04900 0.16250
v 0.56005 0.09900 0.16250
v 0.56005 0.09900 0.08750
v 0.55000 0.09900 0.12500
v 0.56005 0.09900 0.16250
v 0.58750 0.09900 0.06005
v 0.58750 0.04900 0.06005
v 0.62500 0.09900 0.05000
v 0.62500 0.04900 0.05000
v 0.66250 0.09900 0.06005
v 0.66250 0.04900 0.06005
v 0.58750 0.04900 0.18995
v 0.68995 0.09900 0.08750
v 0.68995 0.04900 0.08750
v 0.70000 0.09900 0.12500
v 0.70000 0.04900 0.12500
v 0.66250 0.09900 0.18995
v 0.66250 0.04900 0.18995
v 0.68995 0.04900 0.16250
v 0.68995 0.09900 0.16250
v 0.58750 0.09900 0.18995
v 0.62500 0.04900 0.20000
v 0.62500 0.09900 0.20000
v 0.58750 0.09900 0.06005
v 0.58750 0.09900 0.18995
v 0.62500 0.09900 0.05000
v 0.62500 0.09900 0.20000
v 0.66250 0.09900 0.06005
v 0.66250 0.09900 0.18995
v 0.68995 0.09900 0.08750
v 0.68995 0.09900 0.16250
v 0.70000 0.09900 0.12500
v 0.56005 0.09900 0.33750
v 0.56005 0.04900 0.33750
v 0.55000 0.04900 0.37500
v 0.55000 0.09900 0.37500
v 0.58750 0.09900 0.31005
v 0.58750 0.04900 0.31005
v 0.62500 0.09900 0.30000
v 0.62500 0.04900 0.30000
v 0.66250 0.09900 0.31005
v 0.66250 0.04900 0.31005
v 0.68995 0.09900 0.33750
v 0.68995 0.04900 0.33750
v 0.70000 0.09900 0.37500
v 0.70000 0.04900 0.37500
v 0.56005 0.09900 0.33750
v 0.56005 0.09900 0.41250
v 0.58750 0.09900 0.31005
v 0.58750 0.09900 0.43995
v 0.62500 0.09900 0.30000
v 0.62500 0.09900 0.45000
v 0.66250 0.09900 0.31005
v 0.66250 0.09900 0.43995
v 0.68995 0.09900 0.33750
v 0.56005 0.04900 0.41250
v 0.56005 0.09900 0.41250
v 0.55000 0.09900 0.37500
v 0.58750 0.04900 0.43995
v 0.58750 0.09900 0.43995
v 0.62500 0.04900 0.45000
v 0.62500 0.09900 0.45000
v 0.66250 0.04900 0.43995
v 0.68995 0.09900 0.41250
v 0.68995 0.04900 0.41250
v 0.66250 0.09900 0.43995
v 0.68995 0.09900 0.41250
v 0.70000 0.09900 0.37500
v 0.56005 0.09900 0.58750
v 0.56005 0.04900 0.58750
v 0.55000 0.04900 0.62500
v 0.55000 0.09900 0.62500
v 0.56005 0.04900 0.66250
v 0.56005 0.09900 0.66250
v 0.56005 0.09900 0.58750
v 0.55000 0.09900 0.62500
v 0.56005 0.09900 0.66250
v 0.62500 0.09900 0.55000
v 0.62500 0.04900 0.55000
v 0.58750 0.04900 0.56005
v 0.66250 0.09900 0.56005
v 0.66250 0.04900 0.56005
v 0.58750 0.09900 0.56005
v 0.58750 0.04900 0.68995
v 0.58750 0.09900 0.68995
v 0.62500 0.04900 0.70000
v 0.62500 0.09900 0.70000
v 0.66250 0.04900 0.68995
v 0.68995 0.09900 0.58750
v 0.68995 0.04900 0.58750
v 0.70000 0.09900 0.62500
v 0.70000 0.04900 0.62500
v 0.68995 0.09900 0.66250
v 0.68995 0.04900 0.66250
v 0.66250 0.09900 0.68995
v 0.58750 0.09900 0.56005
v 0.58750 0.09900 0.68995
v 0.62500 0.09900 0.55000
v 0.62500 0.09900 0.70000
v 0.66250 0.09900 0.56005
v 0.66250 0.09900 0.68995
v 0.68995 0.09900 0.58750
v 0.68995 0.09900 0.66250
v 0.70000 0.09900 0.62500
vn -0.1877 -0.9641 -0.1877
vn -0.6887 -0.6887 -0.2265
vn -0.2265 -0.6887 -0.6887
vn -0.6887 -0.2265 -0.6887
vn -0.9641 -0.1877 -0.1877
vn -0.1877 -0.1877 -0.9641
vn -0.6887 0.2265 -0.6887
vn -0.6887 -0.6887 0.2265
vn -0.9641 0.1877 -0.1877
vn -0.1877 0.1877 -0.9641
vn -0.9641 0.1877 0.1877
vn 0.1877 -0.9641 -0.1877
vn 0.1877 -0.1877 -0.9641
vn 0.1877 0.1877 -0.9641
vn -0.1877 -0.9641 0.1877
vn -0.9641 -0.1877 0.1877
vn -0.2265 -0.6887 0.6887
vn -0.6887 -0.2265 0.6887
vn -0.1877 -0.1877 0.9641
vn -0.6887 0.2265 0.6887
vn -0.1877 0.1877 0.9641
vn 0.1877 -0.9641 0.1877
vn 0.1877 -0.1877 0.9641
vn -0.6887 0.6887 -0.2265
vn -0.2265 0.6887 -0.6887
vn -0.1877 0.9641 -0.1877
vn 0.0000 1.0000 0.0000
vn 0.0000 1.0000 0.0000
vn 0.0000 1.0000 0.0000
vn 0.0000 1.0000 0.0000
vn 0.0000 1.0000 0.0000
vn 0.0000 1.0000 0.0000
vn 0.0000 1.0000 0.0000
vn 0.0000 1.0000 0.0000
vn 0.0000 1.0000 0.0000
vn 0.0000 1.0000 0.0000
vn 0.0000 1.0000 0.0000
vn 0.0000 1.0000 0.0000
vn 0.0000 1.0000 0.0000
vn 0.0000 1.0000 0.0000
vn 0.0000 1.0000 0.0000
vn 0.0000 1.0000 0.0000
vn 0.0000 1.0000 0.0000
vn 0.0000 1.0000 0.0000
vn 0.0000 1.0000 0.0000
vn 0.0000 1.0000 0.0000
vn 0.0000 1.0000 0.0000
vn 0.0000 1.0000 0.0000
vn 0.0000 1.0000 0.0000
vn 0.0000 1.0000 0.0000
vn 0.0000 1.0000 0.0000
vn 0.0000 1.0000 0.0000
vn 0.0000 1.0000 0.0000
vn 0.0000 1.0000 0.0000
vn 0.0000 1.0000 0.0000
vn 0.0000 1.0000 0.0000
vn 0.0000 1.0000 0.0000
vn 0.0000 1.0000 0.0000
vn -0.1877 0.9641 0.1877
vn 0.0000 1.0000 0.0000
vn 0.0000 1.0000 0.0000
vn 0.0000 1.0000 0.0000
vn 0.0000 1.0000 0.0000
vn 0.0000 1.0000 0.0000
vn 0.0000 1.0000 0.0000
vn 0.0000 1.0000 0.0000
vn 0.0000 1.0000 0.0000
vn 0.0000 1.0000 0.0000
vn 0.0000 1.0000 0.0000
vn 0.0000 1.0000 0.0000
vn 0.0000 1.0000 0.0000
vn 0.0000 1.0000 0.0000
vn 0.0000 1.0000 0.0000
vn 0.0000 1.0000 0.0000
vn 0.0000 1.0000 0.0000
vn 0.0000 1.0000 0.0000
vn 0.0000 1.0000 0.0000
vn 0.0000 1.0000 0.0000
vn 0.0000 1.0000 0.0000
vn 0.0000 1.0000 0.0000
vn 0.0000 1.0000 0.0000
vn 0.0000 1.0000 0.0000
vn 0.0000 1.0000 0.0000
vn 0.0000 1.0000 0.0000
vn 0.0000 1.0000 0.0000
vn 0.0000 1.0000 0.0000
vn 0.0000 1.0000 0.0000
vn 0.0000 1.0000 0.0000
vn 0.0000 1.0000 0.0000
vn 0.0000 1.0000 0.0000
vn 0.0000 1.0000 0.0000
vn 0.0000 1.0000 0.0000
vn 0.0000 1.0000 0.0000
vn 0.0000 1.0000 0.0000
vn 0.1877 0.9641 -0.1877
vn 0.0000 1.0000 0.0000
vn 0.0000 1.0000 0.0000
vn 0.0000 1.0000 0.0000
vn 0.0000 1.0000 0.0000
vn 0.0000 1.0000 0.0000
vn 0.0000 1.0000 0.0000
vn 0.0000 1.0000 0.0000
vn 0.0000 1.0000 0.0000
vn 0.0000 1.0000 0.0000
vn 0.0000 1.0000 0.0000
vn 0.0000 1.0000 0.0000
vn 0.0000 1.0000 0.0000
vn 0.0000 1.0000 0.0000
vn 0.0000 1.0000 0.0000
vn 0.0000 1.0000 0.0000
vn 0.0000 1.0000 0.0000
vn 0.0000 1.0000 0.0000
vn 0.0000 1.0000 0.0000
vn 0.0000 1.0000 0.0000
vn 0.0000 1.0000 0.0000
vn 0.0000 1.0000 0.0000
vn 0.0000 1.0000 0.0000
vn 0.0000 1.0000 0.0000
vn 0.0000 1.0000 0.0000
vn 0.0000 1.0000 0.0000
vn 0.0000 1.0000 0.0000
vn 0.0000 1.0000 0.0000
vn 0.0000 1.0000 0.0000
vn 0.0000 1.0000 0.0000
vn 0.0000 1.0000 0.0000
vn 0.0000 1.0000 0.0000
vn 0.0000 1.0000 0.0000
vn 0.0000 1.0000 0.0000
vn 0.0000 1.0000 0.0000
vn 0.0000 1.0000 0.0000
vn 0.0000 1.0000 0.0000
vn 0.0000 1.0000 0.0000
vn 0.0000 1.0000 0.0000
vn 0.0000 1.0000 0.0000
vn 0.0000 1.0000 0.0000
vn 0.0000 1.0000 0.0000
vn 0.0000 1.0000 0.0000
vn 0.0000 1.0000 0.0000
vn 0.0000 1.0000 0.0000
vn 0.0000 1.0000 0.0000
vn 0.0000 1.0000 0.0000
vn 0.0000 1.0000 0.0000
vn 0.0000 1.0000 0.0000
vn 0.0000 1.0000 0.0000
vn 0.0000 1.0000 0.0000
vn 0.0000 1.0000 0.0000
vn 0.0000 1.0000 0.0000
vn 0.0000 1.0000 0.0000
vn 0.0000 1.0000 0.0000
vn 0.0000 1.0000 0.0000
vn 0.0000 1.0000 0.0000
vn 0.0000 1.0000 0.0000
vn 0.0000 1.0000 0.0000
vn 0.0000 1.0000 0.0000
vn 0.0000 1.0000 0.0000
vn 0.0000 1.0000 0.0000
vn 0.0000 1.0000 0.0000
vn 0.0000 1.0000 0.0000
vn 0.0000 1.0000 0.0000
vn 0.0000 1.0000 0.0000
vn 0.0000 1.0000 0.0000
vn 0.0000 1.0000 0.0000
vn -0.6887 0.6887 0.2265
vn 0.0000 1.0000 0.0000
vn 0.0000 1.0000 0.0000
vn 0.0000 1.0000 0.0000
vn 0.0000 1.0000 0.0000
vn 0.0000 1.0000 0.0000
vn 0.0000 1.0000 0.0000
vn 0.0000 1.0000 0.0000
vn 0.0000 1.0000 0.0000
vn 0.0000 1.0000 0.0000
vn 0.0000 1.0000 0.0000
vn 0.0000 1.0000 0.0000
vn 0.0000 1.0000 0.0000
vn 0.0000 1.0000 0.0000
vn 0.0000 1.0000 0.0000
vn 0.0000 1.0000 0.0000
vn 0.0000 1.0000 0.0000
vn 0.0000 1.0000 0.0000
vn 0.0000 1.0000 0.0000
vn 0.0000 1.0000 0.0000
vn 0.0000 1.0000 0.0000
vn 0.0000 1.0000 0.0000
vn -0.2265 0.6887 0.6887
vn 0.0000 1.0000 0.0000
vn 0.0000 1.0000 0.0000
vn 0.0000 1.0000 0.0000
vn 0.0000 1.0000 0.0000
vn 0.0000 1.0000 0.0000
vn 0.0000 1.0000 0.0000
vn 0.0000 1.0000 0.0000
vn 0.0000 1.0000 0.0000
vn 0.0000 1.0000 0.0000
vn 0.0000 1.0000 0.0000
vn 0.0000 1.0000 0.0000
vn 0.0000 1.0000 0.0000
vn 0.0000 1.0000 0.0000
vn 0.0000 1.0000 0.0000
vn 0.0000 1.0000 0.0000
vn 0.0000 1.0000 0.0000
vn 0.0000 1.0000 0.0000
vn 0.0000 1.0000 0.0000
vn 0.0000 1.0000 0.0000
vn 0.0000 1.0000 0.0000
vn 0.0000 1.0000 0.0000
vn 0.0000 1.0000 0.0000
vn 0.0000 1.0000 0.0000
vn 0.0000 1.0000 0.0000
vn 0.0000 1.0000 0.0000
vn 0.0000 1.0000 0.0000
vn 0.0000 1.0000 0.0000
vn 0.0000 1.0000 0.0000
vn 0.0000 1.0000 0.0000
vn 0.0000 1.0000 0.0000
vn 0.0000 1.0000 0.0000
vn 0.0000 1.0000 0.0000
vn 0.0000 1.0000 0.0000
vn 0.0000 1.0000 0.0000
vn 0.0000 1.0000 0.0000
vn 0.0000 1.0000 0.0000
vn 0.0000 1.0000 0.0000
vn 0.0000 1.0000 0.0000
vn 0.0000 1.0000 0.0000
vn 0.0000 1.0000 0.0000
vn 0.0000 1.0000 0.0000
vn 0.0000 1.0000 0.0000
vn 0.0000 1.0000 0.0000
vn 0.0000 1.0000 0.0000
vn 0.0000 1.0000 0.0000
vn 0.0000 1.0000 0.0000
vn 0.0000 1.0000 0.0000
vn 0.0000 1.0000 0.0000
vn 0.0000 1.0000 0.0000
vn 0.0000 1.0000 0.0000
vn 0.0000 1.0000 0.0000
vn 0.1877 0.1877 0.9641
vn 0.0000 1.0000 0.0000
vn 0.0000 1.0000 0.0000
vn 0.0000 1.0000 0.0000
vn 0.0000 1.0000 0.0000
vn 0.0000 1.0000 0.0000
vn 0.0000 1.0000 0.0000
vn 0.0000 1.0000 0.0000
vn 0.0000 1.0000 0.0000
vn 0.0000 1.0000 0.0000
vn 0.0000 1.0000 0.0000
vn 0.0000 1.0000 0.0000
vn 0.0000 1.0000 0.0000
vn 0.0000 1.0000 0.0000
vn 0.1877 0.9641 0.1877
vn 0.0000 1.0000 0.0000
vn 0.0000 1.0000 0.0000
vn 0.0000 1.0000 0.0000
vn 0.0000 1.0000 0.0000
vn 0.0000 1.0000 0.0000
vn 0.0000 1.0000 0.0000
vn 0.0000 1.0000 0.0000
vn 0.0000 1.0000 0.0000
vn 0.0000 1.0000 0.0000
vn 0.0000 1.0000 0.0000
vn 0.0000 1.0000 0.0000
vn 0.0000 1.0000 0.0000
vn 0.0000 1.0000 0.0000
vn 0.0000 1.0000 0.0000
vn 0.2265 -0.6887 -0.6887
vn 0.6887 -0.6887 -0.2265
vn 0.6887 -0.2265 -0.6887
vn 0.9641 -0.1877 -0.1877
vn 0.6887 0.2265 -0.6887
vn 0.6887 -0.6887 0.2265
vn 0.9641 0.1877 -0.1877
vn 0.9641 -0.1877 0.1877
vn 0.2265 -0.6887 0.6887
vn 0.6887 -0.2265 0.6887
vn 0.9641 0.1877 0.1877
vn 0.6887 0.2265 0.6887
vn 0.0000 1.0000 0.0000
vn 0.0000 1.0000 0.0000
vn 0.0000 1.0000 0.0000
vn 0.0000 1.0000 0.0000
vn 0.0000 1.0000 0.0000
vn 0.0000 1.0000 0.0000
vn 0.0000 1.0000 0.0000
vn 0.0000 1.0000 0.0000
vn 0.0000 1.0000 0.0000
vn 0.2265 0.6887 -0.6887
vn 0.0000 1.0000 0.0000
vn 0.0000 1.0000 0.0000
vn 0.0000 1.0000 0.0000
vn 0.0000 1.0000 0.0000
vn 0.0000 1.0000 0.0000
vn 0.0000 1.0000 0.0000
vn 0.0000 1.0000 0.0000
vn 0.0000 1.0000 0.0000
vn 0.0000 1.0000 0.0000
vn 0.0000 1.0000 0.0000
vn 0.0000 1.0000 0.0000
vn 0.0000 1.0000 0.0000
vn 0.0000 1.0000 0.0000
vn 0.0000 1.0000 0.0000
vn 0.0000 1.0000 0.0000
vn 0.0000 1.0000 0.0000
vn 0.0000 1.0000 0.0000
vn 0.0000 1.0000 0.0000
vn 0.0000 1.0000 0.0000
vn 0.0000 1.0000 0.0000
vn 0.0000 1.0000 0.0000
vn 0.0000 1.0000 0.0000
vn 0.0000 1.0000 0.0000
vn 0.0000 1.0000 0.0000
vn 0.0000 1.0000 0.0000
vn 0.0000 1.0000 0.0000
vn 0.0000 1.0000 0.0000
vn 0.0000 1.0000 0.0000
vn 0.0000 1.0000 0.0000
vn 0.0000 1.0000 0.0000
vn 0.0000 1.0000 0.0000
vn 0.0000 1.0000 0.0000
vn 0.0000 1.0000 0.0000
vn 0.0000 1.0000 0.0000
vn 0.0000 1.0000 0.0000
vn 0.0000 1.0000 0.0000
vn 0.0000 1.0000 0.0000
vn 0.0000 1.0000 0.0000
vn 0.0000 1.0000 0.0000
vn 0.0000 1.0000 0.0000
vn 0.0000 1.0000 0.0000
vn 0.0000 1.0000 0.0000
vn 0.0000 1.0000 0.0000
vn 0.0000 1.0000 0.0000
vn 0.0000 1.0000 0.0000
vn 0.0000 1.0000 0.0000
vn 0.0000 1.0000 0.0000
vn 0.0000 1.0000 0.0000
vn 0.0000 1.0000 0.0000
vn 0.0000 1.0000 0.0000
vn 0.0000 1.0000 0.0000
vn 0.0000 1.0000 0.0000
vn 0.0000 1.0000 0.0000
vn 0.0000 1.0000 0.0000
vn 0.0000 1.0000 0.0000
vn 0.0000 1.0000 0.0000
vn 0.0000 1.0000 0.0000
vn 0.0000 1.0000 0.0000
vn 0.6887 0.6887 -0.2265
vn 0.0000 1.0000 0.0000
vn 0.0000 1.0000 0.0000
vn 0.0000 1.0000 0.0000
vn 0.0000 1.0000 0.0000
vn 0.0000 1.0000 0.0000
vn 0.0000 1.0000 0.0000
vn 0.0000 1.0000 0.0000
vn 0.0000 1.0000 0.0000
vn 0.0000 1.0000 0.0000
vn 0.0000 1.0000 0.0000
vn 0.0000 1.0000 0.0000
vn 0.0000 1.0000 0.0000
vn 0.0000 1.0000 0.0000
vn 0.0000 1.0000 0.0000
vn 0.0000 1.0000 0.0000
vn 0.0000 1.0000 0.0000
vn 0.0000 1.0000 0.0000
vn 0.0000 1.0000 0.0000
vn 0.0000 1.0000 0.0000
vn 0.0000 1.0000 0.0000
vn 0.0000 1.0000 0.0000
vn 0.0000 1.0000 0.0000
vn 0.0000 1.0000 0.0000
vn 0.0000 1.0000 0.0000
vn 0.0000 1.0000 0.0000
vn 0.0000 1.0000 0.0000
vn 0.0000 1.0000 0.0000
vn 0.0000 1.0000 0.0000
vn 0.0000 1.0000 0.0000
vn 0.0000 1.0000 0.0000
vn 0.0000 1.0000 0.0000
vn 0.0000 1.0000 0.0000
vn 0.0000 1.0000 0.0000
vn 0.0000 1.0000 0.0000
vn 0.0000 1.0000 0.0000
vn 0.0000 1.0000 0.0000
vn 0.0000 1.0000 0.0000
vn 0.0000 1.0000 0.0000
vn 0.0000 1.0000 0.0000
vn 0.0000 1.0000 0.0000
vn 0.0000 1.0000 0.0000
vn 0.0000 1.0000 0.0000
vn 0.0000 1.0000 0.0000
vn 0.0000 1.0000 0.0000
vn 0.0000 1.0000 0.0000
vn 0.0000 1.0000 0.0000
vn 0.0000 1.0000 0.0000
vn 0.0000 1.0000 0.0000
vn 0.0000 1.0000 0.0000
vn 0.0000 1.0000 0.0000
vn 0.0000 1.0000 0.0000
vn 0.0000 1.0000 0.0000
vn 0.0000 1.0000 0.0000
vn 0.0000 1.0000 0.0000
vn 0.0000 1.0000 0.0000
vn 0.0000 1.0000 0.0000
vn 0.0000 1.0000 0.0000
vn 0.0000 1.0000 0.0000
vn 0.0000 1.0000 0.0000
vn 0.0000 1.0000 0.0000
vn 0.0000 1.0000 0.0000
vn 0.0000 1.0000 0.0000
vn 0.0000 1.0000 0.0000
vn 0.0000 1.0000 0.0000
vn 0.0000 1.0000 0.0000
vn 0.0000 1.0000 0.0000
vn 0.0000 1.0000 0.0000
vn 0.0000 1.0000 0.0000
vn 0.0000 1.0000 0.0000
vn 0.0000 1.0000 0.0000
vn 0.0000 1.0000 0.0000
vn 0.0000 1.0000 0.0000
vn 0.0000 1.0000 0.0000
vn 0.0000 1.0000 0.0000
vn 0.0000 1.0000 0.0000
vn 0.0000 1.0000 0.0000
vn 0.0000 1.0000 0.0000
vn 0.0000 1.0000 0.0000
vn 0.0000 1.0000 0.0000
vn 0.0000 1.0000 0.0000
vn 0.0000 1.0000 0.0000
vn 0.0000 1.0000 0.0000
vn 0.0000 1.0000 0.0000
vn 0.0000 1.0000 0.0000
vn 0.0000 1.0000 0.0000
vn 0.0000 1.0000 0.0000
vn 0.0000 1.0000 0.0000
vn 0.0000 1.0000 0.0000
vn 0.2265 0.6887 0.6887
vn 0.0000 1.0000 0.0000
vn 0.0000 1.0000 0.0000
vn 0.0000 1.0000 0.0000
vn 0.0000 1.0000 0.0000
vn 0.0000 1.0000 0.0000
vn 0.0000 1.0000 0.0000
vn 0.0000 1.0000 0.0000
vn 0.0000 1.0000 0.0000
vn 0.0000 1.0000 0.0000
vn 0.0000 1.0000 0.0000
vn 0.0000 1.0000 0.0000
vn 0.0000 1.0000 0.0000
vn 0.0000 1.0000 0.0000
vn 0.0000 1.0000 0.0000
vn 0.0000 1.0000 0.0000
vn 0.0000 1.0000 0.0000
vn 0.0000 1.0000 0.0000
vn 0.0000 1.0000 0.0000
vn 0.0000 1.0000 0.0000
vn 0.0000 1.0000 0.0000
vn 0.6887 0.6887 0.2265
vn 0.0000 1.0000 0.0000
vn 0.0000 1.0000 0.0000
vn 0.0000 1.0000 0.0000
vn 0.0000 1.0000 0.0000
vn 0.0000 1.0000 0.0000
vn 0.0000 1.0000 0.0000
vn 0.0000 1.0000 0.0000
vn 0.0000 1.0000 0.0000
vn 0.0000 1.0000 0.0000
vn 0.0000 1.0000 0.0000
vn 0.0000 1.0000 0.0000
vn 0.0000 1.0000 0.0000
vn 0.0000 1.0000 0.0000
vn 0.0000 1.0000 0.0000
vn 0.0000 1.0000 0.0000
vn 0.0000 1.0000 0.0000
vn 0.0000 1.0000 0.0000
vn 0.0000 1.0000 0.0000
vn 0.0000 1.0000 0.0000
vn 0.0000 1.0000 0.0000
vn 0.0000 1.0000 0.0000
vn 0.0000 1.0000 0.0000
vn 0.0000 1.0000 0.0000
vn 0.0000 1.0000 0.0000
vn -0.5000 0.0000 -0.8660
vn -0.5000 0.0000 -0.8660
vn -0.8660 0.0000 -0.5000
vn -0.8660 0.0000 -0.5000
vn -1.0000 0.0000 0.0000
vn -1.0000 -0.0000 0.0000
vn -0.8660 -0.0000 0.5000
vn -0.8660 0.0000 0.5000
vn -0.5000 0.0000 0.8660
vn 0.0000 0.0000 -1.0000
vn -0.0000 0.0000 -1.0000
vn 0.5000 0.0000 -0.8660
vn 0.5000 0.0000 -0.8660
vn 0.8660 0.0000 -0.5000
vn 0.8660 -0.0000 -0.5000
vn 0.5000 0.0000 0.8660
vn 0.5000 0.0000 0.8660
vn 0.8660 0.0000 0.5000
vn -0.5000 0.0000 0.8660
vn 0.0000 0.0000 1.0000
vn -0.0000 0.0000 1.0000
vn 0.0000 1.0000 0.0000
vn 0.0000 1.0000 0.0000
vn 0.0000 1.0000 0.0000
vn 0.0000 1.0000 0.0000
vn 0.0000 1.0000 0.0000
vn 0.8660 0.0000 0.5000
vn 0.0000 1.0000 0.0000
vn 0.0000 1.0000 0.0000
vn 0.0000 1.0000 0.0000
vn 0.0000 1.0000 0.0000
vn 0.0000 1.0000 0.0000
vn 0.0000 1.0000 0.0000
vn 1.0000 -0.0000 0.0000
vn 1.0000 0.0000 0.0000
vn 0.0000 1.0000 0.0000
vn -0.5000 0.0000 -0.8660
vn -0.5000 0.0000 -0.8660
vn -0.8660 0.0000 -0.5000
vn -0.8660 0.0000 -0.5000
vn -1.0000 0.0000 0.0000
vn 0.0000 0.0000 -1.0000
vn -0.0000 0.0000 -1.0000
vn 0.5000 0.0000 -0.8660
vn 0.5000 0.0000 -0.8660
vn 0.8660 0.0000 -0.5000
vn 0.8660 -0.0000 -0.5000
vn -1.0000 -0.0000 0.0000
vn 0.0000 1.0000 0.0000
vn 0.0000 1.0000 0.0000
vn 0.0000 1.0000 0.0000
vn 0.0000 1.0000 0.0000
vn 0.0000 1.0000 0.0000
vn 0.0000 1.0000 0.0000
vn 0.0000 1.0000 0.0000
vn 0.0000 1.0000 0.0000
vn 0.0000 1.0000 0.0000
vn 0.0000 1.0000 0.0000
vn 1.0000 -0.0000 0.0000
vn 1.0000 0.0000 0.0000
vn 0.0000 1.0000 0.0000
vn 0.0000 1.0000 0.0000
vn -0.8660 -0.0000 0.5000
vn -0.8660 0.0000 0.5000
vn -0.5000 0.0000 0.8660
vn -0.5000 0.0000 0.8660
vn 0.0000 0.0000 1.0000
vn -0.0000 0.0000 1.0000
vn 0.5000 0.0000 0.8660
vn 0.5000 0.0000 0.8660
vn 0.8660 0.0000 0.5000
vn 0.8660 0.0000 0.5000
vn 0.0000 0.0000 -1.0000
vn -0.0000 0.0000 -1.0000
vn -0.5000 0.0000 -0.8660
vn 0.5000 0.0000 -0.8660
vn 0.5000 0.0000 -0.8660
vn -0.8660 0.0000 -0.5000
vn -0.8660 0.0000 -0.5000
vn -1.0000 0.0000 0.0000
vn -0.5000 0.0000 -0.8660
vn -1.0000 -0.0000 0.0000
vn -0.8660 -0.0000 0.5000
vn -0.8660 0.0000 0.5000
vn -0.5000 0.0000 0.8660
vn 0.8660 0.0000 -0.5000
vn 0.8660 -0.0000 -0.5000
vn -0.5000 0.0000 0.8660
vn 0.0000 0.0000 1.0000
vn -0.0000 0.0000 1.0000
vn 0.5000 0.0000 0.8660
vn 0.5000 0.0000 0.8660
vn 0.8660 0.0000 0.5000
vn 0.0000 1.0000 0.0000
vn 0.0000 1.0000 0.0000
vn 0.0000 1.0000 0.0000
vn 0.0000 1.0000 0.0000
vn 0.0000 1.0000 0.0000
vn 0.8660 0.0000 0.5000
vn 0.0000 1.0000 0.0000
vn 0.0000 1.0000 0.0000
vn 0.0000 1.0000 0.0000
vn 0.0000 1.0000 0.0000
vn 0.0000 1.0000 0.0000
vn 0.0000 1.0000 0.0000
vn 1.0000 -0.0000 0.0000
vn 1.0000 0.0000 0.0000
vn 0.0000 1.0000 0.0000
vn -0.5000 0.0000 -0.8660
vn -0.5000 0.0000 -0.8660
vn -0.8660 0.0000 -0.5000
vn -0.8660 0.0000 -0.5000
vn -1.0000 0.0000 0.0000
vn -1.0000 -0.0000 0.0000
vn -0.8660 -0.0000 0.5000
vn -0.8660 0.0000 0.5000
vn -0.5000 0.0000 0.8660
vn 0.0000 0.0000 -1.0000
vn -0.0000 0.0000 -1.0000
vn 0.5000 0.0000 -0.8660
vn 0.5000 0.0000 -0.8660
vn 0.8660 0.0000 -0.5000
vn 0.8660 -0.0000 -0.5000
vn 0.5000 0.0000 0.8660
vn 0.5000 0.0000 0.8660
vn 0.8660 0.0000 0.5000
vn -0.5000 0.0000 0.8660
vn 0.0000 0.0000 1.0000
vn -0.0000 0.0000 1.0000
vn 0.0000 1.0000 0.0000
vn 0.0000 1.0000 0.0000
vn 0.0000 1.0000 0.0000
vn 0.0000 1.0000 0.0000
vn 0.0000 1.0000 0.0000
vn 0.8660 0.0000 0.5000
vn 0.0000 1.0000 0.0000
vn 0.0000 1.0000 0.0000
vn 0.0000 1.0000 0.0000
vn 0.0000 1.0000 0.0000
vn 0.0000 1.0000 0.0000
vn 0.0000 1.0000 0.0000
vn 1.0000 -0.0000 0.0000
vn 1.0000 0.0000 0.0000
vn 0.0000 1.0000 0.0000
vn -0.5000 0.0000 -0.8660
vn -0.5000 0.0000 -0.8660
vn -0.8660 0.0000 -0.5000
vn -0.8660 -0.0000 -0.5000
vn -1.0000 -0.0000 0.0000
vn 0.0000 0.0000 -1.0000
vn -0.0000 0.0000 -1.0000
vn 0.5000 0.0000 -0.8660
vn 0.5000 0.0000 -0.8660
vn 0.8660 0.0000 -0.5000
vn 0.8660 0.0000 -0.5000
vn -1.0000 0.0000 0.0000
vn 0.0000 1.0000 0.0000
vn 0.0000 1.0000 0.0000
vn 0.0000 1.0000 0.0000
vn 0.0000 1.0000 0.0000
vn 0.0000 1.0000 0.0000
vn 0.0000 1.0000 0.0000
vn 0.0000 1.0000 0.0000
vn 0.0000 1.0000 0.0000
vn 0.0000 1.0000 0.0000
vn 1.0000 0.0000 0.0000
vn 1.0000 -0.0000 0.0000
vn -0.8660 0.0000 0.5000
vn -0.8660 0.0000 0.5000
vn -0.5000 0.0000 0.8660
vn -0.5000 0.0000 0.8660
vn 0.0000 0.0000 1.0000
vn -0.0000 0.0000 1.0000
vn 0.5000 0.0000 0.8660
vn 0.5000 0.0000 0.8660
vn 0.8660 0.0000 0.5000
vn 0.0000 1.0000 0.0000
vn 0.8660 -0.0000 0.5000
vn 0.0000 1.0000 0.0000
vn 0.0000 1.0000 0.0000
vn 0.0000 0.0000 -1.0000
vn -0.0000 0.0000 -1.0000
vn -0.5000 0.0000 -0.8660
vn 0.5000 0.0000 -0.8660
vn 0.5000 0.0000 -0.8660
vn -0.8660 -0.0000 -0.5000
vn -0.8660 0.0000 -0.5000
vn -1.0000 -0.0000 0.0000
vn -0.5000 0.0000 -0.8660
vn -1.0000 0.0000 0.0000
vn -0.8660 0.0000 0.5000
vn -0.8660 0.0000 0.5000
vn -0.5000 0.0000 0.8660
vn 0.8660 0.0000 -0.5000
vn 0.8660 0.0000 -0.5000
vn -0.5000 0.0000 0.8660
vn 0.0000 0.0000 1.0000
vn -0.0000 0.0000 1.0000
vn 0.5000 0.0000 0.8660
vn 0.5000 0.0000 0.8660
vn 0.8660 0.0000 0.5000
vn 0.0000 1.0000 0.0000
vn 0.0000 1.0000 0.0000
vn 0.0000 1.0000 0.0000
vn 0.0000 1.0000 0.0000
vn 0.0000 1.0000 0.0000
vn 0.8660 -0.0000 0.5000
vn 0.0000 1.0000 0.0000
vn 0.0000 1.0000 0.0000
vn 0.0000 1.0000 0.0000
vn 0.0000 1.0000 0.0000
vn 0.0000 1.0000 0.0000
vn 0.0000 1.0000 0.0000
vn 1.0000 0.0000 0.0000
vn 1.0000 -0.0000 0.0000
vn 0.0000 1.0000 0.0000
vn -0.5000 0.0000 -0.8660
vn -0.5000 0.0000 -0.8660
vn -0.8660 0.0000 -0.5000
vn 0.0000 0.0000 -1.0000
vn -0.0000 0.0000 -1.0000
vn -1.0000 0.0000 -0.0000
vn -1.0000 0.0000 0.0000
vn -0.8660 0.0000 0.5000
vn -0.8660 0.0000 -0.5000
vn -0.8660 0.0000 0.5000
vn -0.5000 0.0000 0.8660
vn -0.5000 0.0000 0.8660
vn 0.0000 0.0000 1.0000
vn 0.0000 1.0000 0.0000
vn 0.0000 1.0000 0.0000
vn 0.0000 1.0000 0.0000
vn 0.0000 1.0000 0.0000
vn 0.0000 1.0000 0.0000
vn 0.0000 1.0000 0.0000
vn 0.0000 1.0000 0.0000
vn -0.0000 0.0000 1.0000
vn 0.5000 0.0000 -0.8660
vn 0.5000 0.0000 -0.8660
vn 0.8660 0.0000 -0.5000
vn 0.8660 0.0000 -0.5000
vn 0.5000 0.0000 0.8660
vn 0.5000 0.0000 0.8660
vn 0.8660 0.0000 0.5000
vn 1.0000 0.0000 0.0000
vn 1.0000 0.0000 -0.0000
vn 0.8660 0.0000 0.5000
vn 0.0000 1.0000 0.0000
vn 0.0000 1.0000 0.0000
vn 0.0000 1.0000 0.0000
vn 0.0000 1.0000 0.0000
vn 0.0000 1.0000 0.0000
vn -0.5000 0.0000 -0.8660
vn -0.5000 0.0000 -0.8660
vn -0.8660 0.0000 -0.5000
vn -0.8660 0.0000 -0.5000
vn -1.0000 0.0000 0.0000
vn 0.0000 0.0000 -1.0000
vn -0.0000 0.0000 -1.0000
vn -1.0000 0.0000 -0.0000
vn 0.0000 1.0000 0.0000
vn 0.0000 1.0000 0.0000
vn 0.0000 1.0000 0.0000
vn 0.0000 1.0000 0.0000
vn 0.0000 1.0000 0.0000
vn 0.0000 1.0000 0.0000
vn -0.8660 0.0000 0.5000
vn -0.8660 0.0000 0.5000
vn -0.5000 0.0000 0.8660
vn -0.5000 0.0000 0.8660
vn 0.0000 0.0000 1.0000
vn -0.0000 0.0000 1.0000
vn 0.0000 1.0000 0.0000
vn 0.5000 0.0000 -0.8660
vn 0.5000 0.0000 -0.8660
vn 0.8660 0.0000 -0.5000
vn 0.8660 0.0000 -0.5000
vn 1.0000 0.0000 0.0000
vn 1.0000 0.0000 -0.0000
vn 0.0000 1.0000 0.0000
vn 0.0000 1.0000 0.0000
vn 0.0000 1.0000 0.0000
vn 0.0000 1.0000 0.0000
vn 0.0000 1.0000 0.0000
vn 0.5000 0.0000 0.8660
vn 0.5000 0.0000 0.8660
vn 0.8660 0.0000 0.5000
vn 0.8660 0.0000 0.5000
vn 0.0000 0.0000 -1.0000
vn -0.0000 0.0000 -1.0000
vn -0.5000 0.0000 -0.8660
vn -0.5000 0.0000 -0.8660
vn -0.8660 0.0000 -0.5000
vn -0.8660 0.0000 -0.5000
vn -1.0000 0.0000 0.0000
vn -1.0000 0.0000 -0.0000
vn -0.8660 0.0000 0.5000
vn -0.8660 0.0000 0.5000
vn -0.5000 0.0000 0.8660
vn -0.5000 0.0000 0.8660
vn 0.0000 0.0000 1.0000
vn -0.0000 0.0000 1.0000
vn 0.0000 1.0000 0.0000
vn 0.0000 1.0000 0.0000
vn 0.0000 1.0000 0.0000
vn 0.0000 1.0000 0.0000
vn 0.0000 1.0000 0.0000
vn 0.0000 1.0000 0.0000
vn 0.0000 1.0000 0.0000
vn 0.5000 0.0000 -0.8660
vn 0.5000 0.0000 -0.8660
vn 0.8660 0.0000 -0.5000
vn 0.8660 0.0000 -0.5000
vn 0.8660 0.0000 0.5000
vn 0.8660 0.0000 0.5000
vn 1.0000 0.0000 -0.0000
vn 1.0000 0.0000 0.0000
vn 0.5000 0.0000 0.8660
vn 0.5000 0.0000 0.8660
vn 0.0000 1.0000 0.0000
vn 0.0000 1.0000 0.0000
vn 0.0000 1.0000 0.0000
vn 0.0000 1.0000 0.0000
vn 0.0000 1.0000 0.0000
vn -0.5000 0.0000 -0.8660
vn -0.5000 0.0000 -0.8660
vn -0.8660 0.0000 -0.5000
vn 0.0000 0.0000 -1.0000
vn -0.0000 0.0000 -1.0000
vn -1.0000 0.0000 -0.0000
vn -1.0000 0.0000 0.0000
vn -0.8660 0.0000 0.5000
vn -0.8660 0.0000 -0.5000
vn -0.8660 0.0000 0.5000
vn -0.5000 0.0000 0.8660
vn -0.5000 0.0000 0.8660
vn 0.0000 0.0000 1.0000
vn 0.0000 1.0000 0.0000
vn 0.0000 1.0000 0.0000
vn 0.0000 1.0000 0.0000
vn 0.0000 1.0000 0.0000
vn 0.0000 1.0000 0.0000
vn 0.0000 1.0000 0.0000
vn 0.0000 1.0000 0.0000
vn -0.0000 0.0000 1.0000
vn 0.5000 0.0000 -0.8660
vn 0.5000 0.0000 -0.8660
vn 0.8660 0.0000 -0.5000
vn 0.8660 0.0000 -0.5000
vn 0.5000 0.0000 0.8660
vn 0.5000 0.0000 0.8660
vn 0.8660 0.0000 0.5000
vn 1.0000 0.0000 0.0000
vn 1.0000 0.0000 -0.0000
vn 0.8660 0.0000 0.5000
vn 0.0000 1.0000 0.0000
vn 0.0000 1.0000 0.0000
vn 0.0000 1.0000 0.0000
vn 0.0000 1.0000 0.0000
vn 0.0000 1.0000 0.0000
vn -0.5000 0.0000 -0.8660
vn -0.5000 0.0000 -0.8660
vn -0.8660 0.0000 -0.5000
vn -0.8660 -0.0000 -0.5000
vn -1.0000 -0.0000 -0.0000
vn 0.0000 0.0000 -1.0000
vn -0.0000 0.0000 -1.0000
vn -1.0000 0.0000 0.0000
vn 0.0000 1.0000 0.0000
vn 0.0000 1.0000 0.0000
vn 0.0000 1.0000 0.0000
vn 0.0000 1.0000 0.0000
vn 0.0000 1.0000 0.0000
vn -0.8660 0.0000 0.5000
vn -0.8660 0.0000 0.5000
vn -0.5000 0.0000 0.8660
vn -0.5000 0.0000 0.8660
vn 0.0000 0.0000 1.0000
vn -0.0000 0.0000 1.0000
vn 0.0000 1.0000 0.0000
vn 0.0000 1.0000 0.0000
vn 0.5000 0.0000 -0.8660
vn 0.5000 0.0000 -0.8660
vn 0.8660 0.0000 -0.5000
vn 0.8660 0.0000 -0.5000
vn 1.0000 0.0000 -0.0000
vn 1.0000 -0.0000 0.0000
vn 0.0000 1.0000 0.0000
vn 0.0000 1.0000 0.0000
vn 0.0000 1.0000 0.0000
vn 0.5000 0.0000 0.8660
vn 0.5000 0.0000 0.8660
vn 0.8660 0.0000 0.5000
vn 0.8660 -0.0000 0.5000
vn 0.0000 1.0000 0.0000
vn 0.0000 1.0000 0.0000
vn 0.0000 0.0000 -1.0000
vn -0.0000 0.0000 -1.0000
vn -0.5000 0.0000 -0.8660
vn -0.5000 0.0000 -0.8660
vn -0.8660 0.0000 -0.5000
vn -0.8660 -0.0000 -0.5000
vn -1.0000 -0.0000 -0.0000
vn -1.0000 0.0000 0.0000
vn -0.8660 0.0000 0.5000
vn -0.8660 0.0000 0.5000
vn -0.5000 0.0000 0.8660
vn -0.5000 0.0000 0.8660
vn 0.0000 0.0000 1.0000
vn -0.0000 0.0000 1.0000
vn 0.0000 1.0000 0.0000
vn 0.0000 1.0000 0.0000
vn 0.0000 1.0000 0.0000
vn 0.0000 1.0000 0.0000
vn 0.0000 1.0000 0.0000
vn 0.0000 1.0000 0.0000
vn 0.0000 1.0000 0.0000
vn 0.5000 0.0000 -0.8660
vn 0.5000 0.0000 -0.8660
vn 0.8660 0.0000 -0.5000
vn 0.8660 0.0000 -0.5000
vn 0.8660 -0.0000 0.5000
vn 0.8660 0.0000 0.5000
vn 1.0000 -0.0000 0.0000
vn 1.0000 0.0000 -0.0000
vn 0.5000 0.0000 0.8660
vn 0.5000 0.0000 0.8660
vn 0.0000 1.0000 0.0000
vn 0.0000 1.0000 0.0000
vn 0.0000 1.0000 0.0000
vn 0.0000 1.0000 0.0000
vn 0.0000 1.0000 0.0000
vn -0.8660 0.0000 -0.5000
vn -0.8660 0.0000 -0.5000
vn -1.0000 0.0000 0.0000
vn -1.0000 -0.0000 0.0000
vn -0.8660 -0.0000 0.5000
vn -0.8660 0.0000 0.5000
vn 0.0000 1.0000 0.0000
vn 0.0000 1.0000 0.0000
vn 0.0000 1.0000 0.0000
vn -0.5000 0.0000 -0.8660
vn -0.5000 0.0000 -0.8660
vn 0.0000 0.0000 -1.0000
vn -0.0000 0.0000 -1.0000
vn 0.5000 0.0000 -0.8660
vn 0.5000 0.0000 -0.8660
vn -0.5000 0.0000 0.8660
vn 0.8660 0.0000 -0.5000
vn 0.8660 -0.0000 -0.5000
vn 1.0000 -0.0000 0.0000
vn 1.0000 0.0000 0.0000
vn 0.5000 0.0000 0.8660
vn 0.5000 0.0000 0.8660
vn 0.8660 0.0000 0.5000
vn 0.8660 0.0000 0.5000
vn -0.5000 0.0000 0.8660
vn 0.0000 0.0000 1.0000
vn -0.0000 0.0000 1.0000
vn 0.0000 1.0000 0.0000
vn 0.0000 1.0000 0.0000
vn 0.0000 1.0000 0.0000
vn 0.0000 1.0000 0.0000
vn 0.0000 1.0000 0.0000
vn 0.0000 1.0000 0.0000
vn 0.0000 1.0000 0.0000
vn 0.0000 1.0000 0.0000
vn 0.0000 1.0000 0.0000
vn -0.8660 0.0000 -0.5000
vn -0.8660 0.0000 -0.5000
vn -1.0000 0.0000 0.0000
vn -1.0000 -0.0000 0.0000
vn 0.0000 1.0000 0.0000
vn 0.0000 1.0000 0.0000
vn 0.0000 1.0000 0.0000
vn -0.5000 0.0000 -0.8660
vn -0.5000 0.0000 -0.8660
vn 0.0000 0.0000 -1.0000
vn -0.0000 0.0000 -1.0000
vn 0.5000 0.0000 -0.8660
vn 0.5000 0.0000 -0.8660
vn 0.8660 0.0000 -0.5000
vn 0.8660 -0.0000 -0.5000
vn 1.0000 -0.0000 0.0000
vn 1.0000 0.0000 0.0000
vn 0.0000 1.0000 0.0000
vn 0.0000 1.0000 0.0000
vn 0.0000 1.0000 0.0000
vn 0.0000 1.0000 0.0000
vn 0.0000 1.0000 0.0000
vn 0.0000 1.0000 0.0000
vn 0.0000 1.0000 0.0000
vn 0.0000 1.0000 0.0000
vn 0.0000 1.0000 0.0000
vn -0.8660 -0.0000 0.5000
vn -0.8660 0.0000 0.5000
vn -0.5000 0.0000 0.8660
vn -0.5000 0.0000 0.8660
vn 0.0000 0.0000 1.0000
vn -0.0000 0.0000 1.0000
vn 0.5000 0.0000 0.8660
vn 0.8660 0.0000 0.5000
vn 0.8660 0.0000 0.5000
vn 0.5000 0.0000 0.8660
vn -0.8660 0.0000 -0.5000
vn -0.8660 0.0000 -0.5000
vn -1.0000 0.0000 0.0000
vn -1.0000 -0.0000 0.0000
vn -0.8660 -0.0000 0.5000
vn -0.8660 0.0000 0.5000
vn 0.0000 1.0000 0.0000
vn 0.0000 1.0000 0.0000
vn 0.0000 1.0000 0.0000
vn 0.0000 0.0000 -1.0000
vn -0.0000 0.0000 -1.0000
vn -0.5000 0.0000 -0.8660
vn 0.5000 0.0000 -0.8660
vn 0.5000 0.0000 -0.8660
vn -0.5000 0.0000 -0.8660
vn -0.5000 0.0000 0.8660
vn -0.5000 0.0000 0.8660
vn 0.0000 0.0000 1.0000
vn -0.0000 0.0000 1.0000
vn 0.5000 0.0000 0.8660
vn 0.8660 0.0000 -0.5000
vn 0.8660 -0.0000 -0.5000
vn 1.0000 -0.0000 0.0000
vn 1.0000 0.0000 0.0000
vn 0.8660 0.0000 0.5000
vn 0.8660 0.0000 0.5000
vn 0.5000 0.0000 0.8660
vn 0.0000 1.0000 0.0000
vn 0.0000 1.0000 0.0000
vn 0.0000 1.0000 0.0000
vn 0.0000 1.0000 0.0000
vn 0.0000 1.0000 0.0000
vn 0.0000 1.0000 0.0000
vn 0.0000 1.0000 0.0000
vn 0.0000 1.0000 0.0000
vn 0.0000 1.0000 0.0000
vn -0.8660 0.0000 -0.5000
vn -0.8660 0.0000 -0.5000
vn -1.0000 0.0000 0.0000
vn -1.0000 -0.0000 0.0000
vn -0.8660 -0.0000 0.5000
vn -0.8660 0.0000 0.5000
vn 0.0000 1.0000 0.0000
vn 0.0000 1.0000 0.0000
vn 0.0000 1.0000 0.0000
vn -0.5000 0.0000 -0.8660
vn -0.5000 0.0000 -0.8660
vn 0.0000 0.0000 -1.0000
vn -0.0000 0.0000 -1.0000
vn 0.5000 0.0000 -0.8660
vn 0.5000 0.0000 -0.8660
vn -0.5000 0.0000 0.8660
vn 0.8660 0.0000 -0.5000
vn 0.8660 -0.0000 -0.5000
vn 1.0000 -0.0000 0.0000
vn 1.0000 0.0000 0.0000
vn 0.5000 0.0000 0.8660
vn 0.5000 0.0000 0.8660
vn 0.8660 0.0000 0.5000
vn 0.8660 0.0000 0.5000
vn -0.5000 0.0000 0.8660
vn 0.0000 0.0000 1.0000
vn -0.0000 0.0000 1.0000
vn 0.0000 1.0000 0.0000
vn 0.0000 1.0000 0.0000
vn 0.0000 1.0000 0.0000
vn 0.0000 1.0000 0.0000
vn 0.0000 1.0000 0.0000
vn 0.0000 1.0000 0.0000
vn 0.0000 1.0000 0.0000
vn 0.0000 1.0000 0.0000
vn 0.0000 1.0000 0.0000
vn -0.8660 -0.0000 -0.5000
vn -0.8660 0.0000 -0.5000
vn -1.0000 -0.0000 0.0000
vn -1.0000 0.0000 0.0000
vn -0.5000 0.0000 -0.8660
vn -0.5000 0.0000 -0.8660
vn 0.0000 0.0000 -1.0000
vn -0.0000 0.0000 -1.0000
vn 0.5000 0.0000 -0.8660
vn 0.5000 0.0000 -0.8660
vn 0.8660 0.0000 -0.5000
vn 0.8660 0.0000 -0.5000
vn 1.0000 0.0000 0.0000
vn 1.0000 -0.0000 0.0000
vn 0.0000 1.0000 0.0000
vn 0.0000 1.0000 0.0000
vn 0.0000 1.0000 0.0000
vn 0.0000 1.0000 0.0000
vn 0.0000 1.0000 0.0000
vn 0.0000 1.0000 0.0000
vn 0.0000 1.0000 0.0000
vn 0.0000 1.0000 0.0000
vn 0.0000 1.0000 0.0000
vn -0.8660 0.0000 0.5000
vn -0.8660 0.0000 0.5000
vn 0.0000 1.0000 0.0000
vn -0.5000 0.0000 0.8660
vn -0.5000 0.0000 0.8660
vn 0.0000 0.0000 1.0000
vn -0.0000 0.0000 1.0000
vn 0.5000 0.0000 0.8660
vn 0.8660 -0.0000 0.5000
vn 0.8660 0.0000 0.5000
vn 0.5000 0.0000 0.8660
vn 0.0000 1.0000 0.0000
vn 0.0000 1.0000 0.0000
vn -0.8660 -0.0000 -0.5000
vn -0.8660 0.0000 -0.5000
vn -1.0000 -0.0000 0.0000
vn -1.0000 0.0000 0.0000
vn -0.8660 0.0000 0.5000
vn -0.8660 0.0000 0.5000
vn 0.0000 1.0000 0.0000
vn 0.0000 1.0000 0.0000
vn 0.0000 1.0000 0.0000
vn 0.0000 0.0000 -1.0000
vn -0.0000 0.0000 -1.0000
vn -0.5000 0.0000 -0.8660
vn 0.5000 0.0000 -0.8660
vn 0.5000 0.0000 -0.8660
vn -0.5000 0.0000 -0.8660
vn -0.5000 0.0000 0.8660
vn -0.5000 0.0000 0.8660
vn 0.0000 0.0000 1.0000
vn -0.0000 0.0000 1.0000
vn 0.5000 0.0000 0.8660
vn 0.8660 0.0000 -0.5000
vn 0.8660 0.0000 -0.5000
vn 1.0000 0.0000 0.0000
vn 1.0000 -0.0000 0.0000
vn 0.8660 -0.0000 0.5000
vn 0.8660 0.0000 0.5000
vn 0.5000 0.0000 0.8660
vn 0.0000 1.0000 0.0000
vn 0.0000 1.0000 0.0000
vn 0.0000 1.0000 0.0000
vn 0.0000 1.0000 0.0000
vn 0.0000 1.0000 0.0000
vn 0.0000 1.0000 0.0000
vn 0.0000 1.0000 0.0000
vn 0.0000 1.0000 0.0000
vn 0.0000 1.0000 0.0000
vn -0.5000 0.0000 -0.8660
vn -0.5000 0.0000 -0.8660
vn -0.8660 0.0000 -0.5000
vn -0.8660 0.0000 -0.5000
vn -1.0000 0.0000 0.0000
vn -1.0000 -0.0000 0.0000
vn -0.8660 -0.0000 0.5000
vn -0.8660 0.0000 0.5000
vn -0.5000 0.0000 0.8660
vn 0.0000 0.0000 -1.0000
vn -0.0000 0.0000 -1.0000
vn 0.5000 0.0000 -0.8660
vn 0.5000 0.0000 -0.8660
vn 0.8660 0.0000 -0.5000
vn 0.8660 -0.0000 -0.5000
vn 0.5000 0.0000 0.8660
vn 0.5000 0.0000 0.8660
vn 0.8660 0.0000 0.5000
vn -0.5000 0.0000 0.8660
vn 0.0000 0.0000 1.0000
vn -0.0000 0.0000 1.0000
vn 0.0000 1.0000 0.0000
vn 0.0000 1.0000 0.0000
vn 0.0000 1.0000 0.0000
vn 0.0000 1.0000 0.0000
vn 0.0000 1.0000 0.0000
vn 0.8660 0.0000 0.5000
vn 0.0000 1.0000 0.0000
vn 0.0000 1.0000 0.0000
vn 0.0000 1.0000 0.0000
vn 0.0000 1.0000 0.0000
vn 0.0000 1.0000 0.0000
vn 0.0000 1.0000 0.0000
vn 1.0000 -0.0000 0.0000
vn 1.0000 0.0000 0.0000
vn 0.0000 1.0000 0.0000
vn -0.5000 0.0000 -0.8660
vn -0.5000 0.0000 -0.8660
vn -0.8660 0.0000 -0.5000
vn -0.8660 0.0000 -0.5000
vn -1.0000 0.0000 0.0000
vn 0.0000 0.0000 -1.0000
vn -0.0000 0.0000 -1.0000
vn 0.5000 0.0000 -0.8660
vn 0.5000 0.0000 -0.8660
vn 0.8660 0.0000 -0.5000
vn 0.8660 -0.0000 -0.5000
vn -1.0000 -0.0000 0.0000
vn 0.0000 1.0000 0.0000
vn 0.0000 1.0000 0.0000
vn 0.0000 1.0000 0.0000
vn 0.0000 1.0000 0.0000
vn 0.0000 1.0000 0.0000
vn 0.0000 1.0000 0.0000
vn 0.0000 1.0000 0.0000
vn 0.0000 1.0000 0.0000
vn 0.0000 1.0000 0.0000
vn 0.0000 1.0000 0.0000
vn 1.0000 -0.0000 0.0000
vn 1.0000 0.0000 0.0000
vn 0.0000 1.0000 0.0000
vn 0.0000 1.0000 0.0000
vn -0.8660 -0.0000 0.5000
vn -0.8660 0.0000 0.5000
vn -0.5000 0.0000 0.8660
vn -0.5000 0.0000 0.8660
vn 0.0000 0.0000 1.0000
vn -0.0000 0.0000 1.0000
vn 0.5000 0.0000 0.8660
vn 0.5000 0.0000 0.8660
vn 0.8660 0.0000 0.5000
vn 0.8660 0.0000 0.5000
vn 0.0000 0.0000 -1.0000
vn -0.0000 0.0000 -1.0000
vn -0.5000 0.0000 -0.8660
vn 0.5000 0.0000 -0.8660
vn 0.5000 0.0000 -0.8660
vn -0.8660 0.0000 -0.5000
vn -0.8660 0.0000 -0.5000
vn -1.0000 0.0000 0.0000
vn -0.5000 0.0000 -0.8660
vn -1.0000 -0.0000 0.0000
vn -0.8660 -0.0000 0.5000
vn -0.8660 0.0000 0.5000
vn -0.5000 0.0000 0.8660
vn 0.8660 0.0000 -0.5000
vn 0.8660 -0.0000 -0.5000
vn -0.5000 0.0000 0.8660
vn 0.0000 0.0000 1.0000
vn -0.0000 0.0000 1.0000
vn 0.5000 0.0000 0.8660
vn 0.5000 0.0000 0.8660
vn 0.8660 0.0000 0.5000
vn 0.0000 1.0000 0.0000
vn 0.0000 1.0000 0.0000
vn 0.0000 1.0000 0.0000
vn 0.0000 1.0000 0.0000
vn 0.0000 1.0000 0.0000
vn 0.8660 0.0000 0.5000
vn 0.0000 1.0000 0.0000
vn 0.0000 1.0000 0.0000
vn 0.0000 1.0000 0.0000
vn 0.0000 1.0000 0.0000
vn 0.0000 1.0000 0.0000
vn 0.0000 1.0000 0.0000
vn 1.0000 -0.0000 0.0000
vn 1.0000 0.0000 0.0000
vn 0.0000 1.0000 0.0000
vn -0.5000 0.0000 -0.8660
vn -0.5000 0.0000 -0.8660
vn -0.8660 0.0000 -0.5000
vn -0.8660 0.0000 -0.5000
vn -1.0000 0.0000 0.0000
vn -1.0000 -0.0000 0.0000
vn -0.8660 -0.0000 0.5000
vn -0.8660 0.0000 0.5000
vn -0.5000 0.0000 0.8660
vn 0.0000 0.0000 -1.0000
vn -0.0000 0.0000 -1.0000
vn 0.5000 0.0000 -0.8660
vn 0.5000 0.0000 -0.8660
vn 0.8660 0.0000 -0.5000
vn 0.8660 -0.0000 -0.5000
vn 0.5000 0.0000 0.8660
vn 0.5000 0.0000 0.8660
vn 0.8660 0.0000 0.5000
vn -0.5000 0.0000 0.8660
vn 0.0000 0.0000 1.0000
vn -0.0000 0.0000 1.0000
vn 0.0000 1.0000 0.0000
vn 0.0000 1.0000 0.0000
vn 0.0000 1.0000 0.0000
vn 0.0000 1.0000 0.0000
vn 0.0000 1.0000 0.0000
vn 0.8660 0.0000 0.5000
vn 0.0000 1.0000 0.0000
vn 0.0000 1.0000 0.0000
vn 0.0000 1.0000 0.0000
vn 0.0000 1.0000 0.0000
vn 0.0000 1.0000 0.0000
vn 0.0000 1.0000 0.0000
vn 1.0000 -0.0000 0.0000
vn 1.0000 0.0000 0.0000
vn 0.0000 1.0000 0.0000
vn -0.5000 0.0000 -0.8660
vn -0.5000 0.0000 -0.8660
vn -0.8660 0.0000 -0.5000
vn -0.8660 -0.0000 -0.5000
vn -1.0000 -0.0000 0.0000
vn 0.0000 0.0000 -1.0000
vn -0.0000 0.0000 -1.0000
vn 0.5000 0.0000 -0.8660
vn 0.5000 0.0000 -0.8660
vn 0.8660 0.0000 -0.5000
vn 0.8660 0.0000 -0.5000
vn -1.0000 0.0000 0.0000
vn 0.0000 1.0000 0.0000
vn 0.0000 1.0000 0.0000
vn 0.0000 1.0000 0.0000
vn 0.0000 1.0000 0.0000
vn 0.0000 1.0000 0.0000
vn 0.0000 1.0000 0.0000
vn 0.0000 1.0000 0.0000
vn 0.0000 1.0000 0.0000
vn 0.0000 1.0000 0.0000
vn 1.0000 0.0000 0.0000
vn 1.0000 -0.0000 0.0000
vn -0.8660 0.0000 0.5000
vn -0.8660 0.0000 0.5000
vn -0.5000 0.0000 0.8660
vn -0.5000 0.0000 0.8660
vn 0.0000 0.0000 1.0000
vn -0.0000 0.0000 1.0000
vn 0.5000 0.0000 0.8660
vn 0.5000 0.0000 0.8660
vn 0.8660 0.0000 0.5000
vn 0.0000 1.0000 0.0000
vn 0.8660 -0.0000 0.5000
vn 0.0000 1.0000 0.0000
vn 0.0000 1.0000 0.0000
vn 0.0000 0.0000 -1.0000
vn -0.0000 0.0000 -1.0000
vn -0.5000 0.0000 -0.8660
vn 0.5000 0.0000 -0.8660
vn 0.5000 0.0000 -0.8660
vn -0.8660 -0.0000 -0.5000
vn -0.8660 0.0000 -0.5000
vn -1.0000 -0.0000 0.0000
vn -0.5000 0.0000 -0.8660
vn -1.0000 0.0000 0.0000
vn -0.8660 0.0000 0.5000
vn -0.8660 0.0000 0.5000
vn -0.5000 0.0000 0.8660
vn 0.8660 0.0000 -0.5000
vn 0.8660 0.0000 -0.5000
vn -0.5000 0.0000 0.8660
vn 0.0000 0.0000 1.0000
vn -0.0000 0.0000 1.0000
vn 0.5000 0.0000 0.8660
vn 0.5000 0.0000 0.8660
vn 0.8660 0.0000 0.5000
vn 0.0000 1.0000 0.0000
vn 0.0000 1.0000 0.0000
vn 0.0000 1.0000 0.0000
vn 0.0000 1.0000 0.0000
vn 0.0000 1.0000 0.0000
vn 0.8660 -0.0000 0.5000
vn 0.0000 1.0000 0.0000
vn 0.0000 1.0000 0.0000
vn 0.0000 1.0000 0.0000
vn 0.0000 1.0000 0.0000
vn 0.0000 1.0000 0.0000
vn 0.0000 1.0000 0.0000
vn 1.0000 0.0000 0.0000
vn 1.0000 -0.0000 0.0000
vn 0.0000 1.0000 0.0000
vn -0.5000 0.0000 -0.8660
vn -0.5000 0.0000 -0.8660
vn -0.8660 0.0000 -0.5000
vn 0.0000 0.0000 -1.0000
vn 0.0000 -0.0000 -1.0000
vn -1.0000 0.0000 -0.0000
vn -1.0000 0.0000 0.0000
vn -0.8660 0.0000 0.5000
vn -0.8660 0.0000 -0.5000
vn -0.8660 0.0000 0.5000
vn -0.5000 0.0000 0.8660
vn -0.5000 -0.0000 0.8660
vn 0.0000 -0.0000 1.0000
vn 0.0000 1.0000 0.0000
vn 0.0000 1.0000 0.0000
vn 0.0000 1.0000 0.0000
vn 0.0000 1.0000 0.0000
vn 0.0000 1.0000 0.0000
vn 0.0000 1.0000 0.0000
vn 0.0000 1.0000 0.0000
vn 0.0000 0.0000 1.0000
vn 0.5000 -0.0000 -0.8660
vn 0.5000 0.0000 -0.8660
vn 0.8660 0.0000 -0.5000
vn 0.8660 0.0000 -0.5000
vn 1.0000 0.0000 0.0000
vn 1.0000 0.0000 -0.0000
vn 0.8660 0.0000 0.5000
vn 0.8660 0.0000 0.5000
vn 0.5000 0.0000 0.8660
vn 0.5000 0.0000 0.8660
vn 0.0000 1.0000 0.0000
vn 0.0000 1.0000 0.0000
vn 0.0000 1.0000 0.0000
vn 0.0000 1.0000 0.0000
vn 0.0000 1.0000 0.0000
vn -0.8660 0.0000 -0.5000
vn -0.8660 0.0000 -0.5000
vn -1.0000 0.0000 0.0000
vn -0.5000 0.0000 -0.8660
vn -0.5000 0.0000 -0.8660
vn -0.0000 0.0000 -1.0000
vn 0.0000 -0.0000 -1.0000
vn -1.0000 0.0000 -0.0000
vn 0.0000 1.0000 0.0000
vn 0.0000 1.0000 0.0000
vn 0.0000 1.0000 0.0000
vn 0.0000 1.0000 0.0000
vn 0.0000 1.0000 0.0000
vn 0.0000 1.0000 0.0000
vn -0.8660 0.0000 0.5000
vn -0.8660 0.0000 0.5000
vn -0.5000 0.0000 0.8660
vn -0.5000 -0.0000 0.8660
vn -0.0000 -0.0000 1.0000
vn 0.0000 0.0000 1.0000
vn 0.0000 1.0000 0.0000
vn 0.5000 -0.0000 -0.8660
vn 0.5000 0.0000 -0.8660
vn 0.8660 0.0000 -0.5000
vn 0.8660 0.0000 -0.5000
vn 1.0000 0.0000 0.0000
vn 1.0000 0.0000 -0.0000
vn 0.0000 1.0000 0.0000
vn 0.0000 1.0000 0.0000
vn 0.0000 1.0000 0.0000
vn 0.0000 1.0000 0.0000
vn 0.0000 1.0000 0.0000
vn 0.5000 0.0000 0.8660
vn 0.8660 0.0000 0.5000
vn 0.8660 0.0000 0.5000
vn 0.5000 0.0000 0.8660
vn 0.0000 0.0000 -1.0000
vn 0.0000 -0.0000 -1.0000
vn -0.5000 0.0000 -0.8660
vn -0.8660 0.0000 -0.5000
vn -0.8660 0.0000 -0.5000
vn -1.0000 0.0000 0.0000
vn -1.0000 0.0000 -0.0000
vn -0.8660 0.0000 0.5000
vn -0.5000 0.0000 -0.8660
vn -0.8660 0.0000 0.5000
vn -0.5000 0.0000 0.8660
vn -0.5000 -0.0000 0.8660
vn 0.0000 -0.0000 1.0000
vn 0.0000 0.0000 1.0000
vn 0.0000 1.0000 0.0000
vn 0.0000 1.0000 0.0000
vn 0.0000 1.0000 0.0000
vn 0.0000 1.0000 0.0000
vn 0.0000 1.0000 0.0000
vn 0.0000 1.0000 0.0000
vn 0.0000 1.0000 0.0000
vn 0.5000 -0.0000 -0.8660
vn 0.5000 0.0000 -0.8660
vn 0.8660 0.0000 -0.5000
vn 0.8660 0.0000 -0.5000
vn 0.8660 0.0000 0.5000
vn 0.8660 0.0000 0.5000
vn 1.0000 0.0000 -0.0000
vn 1.0000 0.0000 0.0000
vn 0.5000 0.0000 0.8660
vn 0.5000 0.0000 0.8660
vn 0.0000 1.0000 0.0000
vn 0.0000 1.0000 0.0000
vn 0.0000 1.0000 0.0000
vn 0.0000 1.0000 0.0000
vn 0.0000 1.0000 0.0000
vn -0.5000 0.0000 -0.8660
vn -0.5000 0.0000 -0.8660
vn -0.8660 0.0000 -0.5000
vn 0.0000 0.0000 -1.0000
vn 0.0000 -0.0000 -1.0000
vn -1.0000 0.0000 -0.0000
vn -1.0000 0.0000 0.0000
vn -0.8660 0.0000 0.5000
vn -0.8660 0.0000 -0.5000
vn -0.8660 0.0000 0.5000
vn -0.5000 0.0000 0.8660
vn -0.5000 -0.0000 0.8660
vn 0.0000 -0.0000 1.0000
vn 0.0000 1.0000 0.0000
vn 0.0000 1.0000 0.0000
vn 0.0000 1.0000 0.0000
vn 0.0000 1.0000 0.0000
vn 0.0000 1.0000 0.0000
vn 0.0000 1.0000 0.0000
vn 0.0000 1.0000 0.0000
vn 0.0000 0.0000 1.0000
vn 0.5000 -0.0000 -0.8660
vn 0.5000 0.0000 -0.8660
vn 0.8660 0.0000 -0.5000
vn 0.8660 0.0000 -0.5000
vn 1.0000 0.0000 0.0000
vn 1.0000 0.0000 -0.0000
vn 0.8660 0.0000 0.5000
vn 0.8660 0.0000 0.5000
vn 0.5000 0.0000 0.8660
vn 0.5000 0.0000 0.8660
vn 0.0000 1.0000 0.0000
vn 0.0000 1.0000 0.0000
vn 0.0000 1.0000 0.0000
vn 0.0000 1.0000 0.0000
vn 0.0000 1.0000 0.0000
vn -0.8660 0.0000 -0.5000
vn -0.8660 0.0000 -0.5000
vn -1.0000 0.0000 0.0000
vn -0.5000 0.0000 -0.8660
vn -0.5000 0.0000 -0.8660
vn 0.0000 0.0000 -1.0000
vn 0.0000 0.0000 -1.0000
vn -1.0000 0.0000 0.0000
vn 0.0000 1.0000 0.0000
vn 0.0000 1.0000 0.0000
vn 0.0000 1.0000 0.0000
vn 0.0000 1.0000 0.0000
vn 0.0000 1.0000 0.0000
vn -0.8660 0.0000 0.5000
vn -0.8660 0.0000 0.5000
vn -0.5000 0.0000 0.8660
vn -0.5000 0.0000 0.8660
vn 0.0000 0.0000 1.0000
vn 0.0000 0.0000 1.0000
vn 0.0000 1.0000 0.0000
vn 0.0000 1.0000 0.0000
vn 0.5000 0.0000 -0.8660
vn 0.5000 0.0000 -0.8660
vn 0.8660 0.0000 -0.5000
vn 0.8660 0.0000 -0.5000
vn 1.0000 0.0000 0.0000
vn 1.0000 0.0000 0.0000
vn 0.0000 1.0000 0.0000
vn 0.0000 1.0000 0.0000
vn 0.0000 1.0000 0.0000
vn 0.5000 0.0000 0.8660
vn 0.8660 0.0000 0.5000
vn 0.8660 0.0000 0.5000
vn 0.5000 0.0000 0.8660
vn 0.0000 1.0000 0.0000
vn 0.0000 1.0000 0.0000
vn 0.0000 0.0000 -1.0000
vn 0.0000 0.0000 -1.0000
vn -0.5000 0.0000 -0.8660
vn -0.8660 0.0000 -0.5000
vn -0.8660 0.0000 -0.5000
vn -1.0000 0.0000 0.0000
vn -1.0000 0.0000 0.0000
vn -0.8660 0.0000 0.5000
vn -0.5000 0.0000 -0.8660
vn -0.8660 0.0000 0.5000
vn -0.5000 0.0000 0.8660
vn -0.5000 0.0000 0.8660
vn 0.0000 0.0000 1.0000
vn 0.0000 0.0000 1.0000
vn 0.0000 1.0000 0.0000
vn 0.0000 1.0000 0.0000
vn 0.0000 1.0000 0.0000
vn 0.0000 1.0000 0.0000
vn 0.0000 1.0000 0.0000
vn 0.0000 1.0000 0.0000
vn 0.0000 1.0000 0.0000
vn 0.5000 0.0000 -0.8660
vn 0.5000 0.0000 -0.8660
vn 0.8660 0.0000 -0.5000
vn 0.8660 0.0000 -0.5000
vn 0.8660 0.0000 0.5000
vn 0.8660 0.0000 0.5000
vn 1.0000 0.0000 0.0000
vn 1.0000 0.0000 0.0000
vn 0.5000 0.0000 0.8660
vn 0.5000 0.0000 0.8660
vn 0.0000 1.0000 0.0000
vn 0.0000 1.0000 0.0000
vn 0.0000 1.0000 0.0000
vn 0.0000 1.0000 0.0000
vn 0.0000 1.0000 0.0000
vn -0.8660 0.0000 -0.5000
vn -0.8660 0.0000 -0.5000
vn -1.0000 0.0000 0.0000
vn -1.0000 0.0000 -0.0000
vn -0.8660 0.0000 0.5000
vn -0.8660 0.0000 0.5000
vn 0.0000 1.0000 0.0000
vn 0.0000 1.0000 0.0000
vn 0.0000 1.0000 0.0000
vn -0.5000 0.0000 -0.8660
vn -0.5000 0.0000 -0.8660
vn 0.0000 0.0000 -1.0000
vn 0.0000 -0.0000 -1.0000
vn 0.5000 -0.0000 -0.8660
vn 0.5000 0.0000 -0.8660
vn -0.5000 0.0000 0.8660
vn 0.8660 0.0000 -0.5000
vn 0.8660 0.0000 -0.5000
vn 1.0000 0.0000 0.0000
vn 1.0000 0.0000 -0.0000
vn 0.5000 0.0000 0.8660
vn 0.5000 0.0000 0.8660
vn 0.8660 0.0000 0.5000
vn 0.8660 0.0000 0.5000
vn -0.5000 -0.0000 0.8660
vn 0.0000 -0.0000 1.0000
vn 0.0000 0.0000 1.0000
vn 0.0000 1.0000 0.0000
vn 0.0000 1.0000 0.0000
vn 0.0000 1.0000 0.0000
vn 0.0000 1.0000 0.0000
vn 0.0000 1.0000 0.0000
vn 0.0000 1.0000 0.0000
vn 0.0000 1.0000 0.0000
vn 0.0000 1.0000 0.0000
vn 0.0000 1.0000 0.0000
vn -0.8660 0.0000 -0.5000
vn -0.8660 0.0000 -0.5000
vn -1.0000 0.0000 0.0000
vn -1.0000 0.0000 -0.0000
vn 0.0000 1.0000 0.0000
vn 0.0000 1.0000 0.0000
vn 0.0000 1.0000 0.0000
vn -0.5000 0.0000 -0.8660
vn -0.5000 0.0000 -0.8660
vn -0.0000 0.0000 -1.0000
vn 0.0000 -0.0000 -1.0000
vn 0.5000 -0.0000 -0.8660
vn 0.5000 0.0000 -0.8660
vn 0.8660 0.0000 -0.5000
vn 0.8660 0.0000 -0.5000
vn 1.0000 0.0000 0.0000
vn 1.0000 0.0000 -0.0000
vn 0.0000 1.0000 0.0000
vn 0.0000 1.0000 0.0000
vn 0.0000 1.0000 0.0000
vn 0.0000 1.0000 0.0000
vn 0.0000 1.0000 0.0000
vn 0.0000 1.0000 0.0000
vn 0.0000 1.0000 0.0000
vn 0.0000 1.0000 0.0000
vn 0.0000 1.0000 0.0000
vn -0.8660 0.0000 0.5000
vn -0.8660 0.0000 0.5000
vn -0.5000 0.0000 0.8660
vn -0.5000 -0.0000 0.8660
vn -0.0000 -0.0000 1.0000
vn 0.0000 0.0000 1.0000
vn 0.5000 0.0000 0.8660
vn 0.8660 0.0000 0.5000
vn 0.8660 0.0000 0.5000
vn 0.5000 0.0000 0.8660
vn -0.8660 0.0000 -0.5000
vn -0.8660 0.0000 -0.5000
vn -1.0000 0.0000 0.0000
vn -1.0000 0.0000 -0.0000
vn -0.8660 0.0000 0.5000
vn -0.8660 0.0000 0.5000
vn 0.0000 1.0000 0.0000
vn 0.0000 1.0000 0.0000
vn 0.0000 1.0000 0.0000
vn 0.0000 0.0000 -1.0000
vn 0.0000 -0.0000 -1.0000
vn -0.5000 0.0000 -0.8660
vn 0.5000 -0.0000 -0.8660
vn 0.5000 0.0000 -0.8660
vn -0.5000 0.0000 -0.8660
vn -0.5000 0.0000 0.8660
vn -0.5000 -0.0000 0.8660
vn 0.0000 -0.0000 1.0000
vn 0.0000 0.0000 1.0000
vn 0.5000 0.0000 0.8660
vn 0.8660 0.0000 -0.5000
vn 0.8660 0.0000 -0.5000
vn 1.0000 0.0000 0.0000
vn 1.0000 0.0000 -0.0000
vn 0.8660 0.0000 0.5000
vn 0.8660 0.0000 0.5000
vn 0.5000 0.0000 0.8660
vn 0.0000 1.0000 0.0000
vn 0.0000 1.0000 0.0000
vn 0.0000 1.0000 0.0000
vn 0.0000 1.0000 0.0000
vn 0.0000 1.0000 0.0000
vn 0.0000 1.0000 0.0000
vn 0.0000 1.0000 0.0000
vn 0.0000 1.0000 0.0000
vn 0.0000 1.0000 0.0000
vn -0.8660 0.0000 -0.5000
vn -0.8660 0.0000 -0.5000
vn -1.0000 0.0000 0.0000
vn -1.0000 0.0000 -0.0000
vn -0.8660 0.0000 0.5000
vn -0.8660 0.0000 0.5000
vn 0.0000 1.0000 0.0000
vn 0.0000 1.0000 0.0000
vn 0.0000 1.0000 0.0000
vn -0.5000 0.0000 -0.8660
vn -0.5000 0.0000 -0.8660
vn 0.0000 0.0000 -1.0000
vn 0.0000 -0.0000 -1.0000
vn 0.5000 -0.0000 -0.8660
vn 0.5000 0.0000 -0.8660
vn -0.5000 0.0000 0.8660
vn 0.8660 0.0000 -0.5000
vn 0.8660 0.0000 -0.5000
vn 1.0000 0.0000 0.0000
vn 1.0000 0.0000 -0.0000
vn 0.5000 0.0000 0.8660
vn 0.5000 0.0000 0.8660
vn 0.8660 0.0000 0.5000
vn 0.8660 0.0000 0.5000
vn -0.5000 -0.0000 0.8660
vn 0.0000 -0.0000 1.0000
vn 0.0000 0.0000 1.0000
vn 0.0000 1.0000 0.0000
vn 0.0000 1.0000 0.0000
vn 0.0000 1.0000 0.0000
vn 0.0000 1.0000 0.0000
vn 0.0000 1.0000 0.0000
vn 0.0000 1.0000 0.0000
vn 0.0000 1.0000 0.0000
vn 0.0000 1.0000 0.0000
vn 0.0000 1.0000 0.0000
vn -0.8660 0.0000 -0.5000
vn -0.8660 0.0000 -0.5000
vn -1.0000 0.0000 0.0000
vn -1.0000 0.0000 0.0000
vn -0.5000 0.0000 -0.8660
vn -0.5000 0.0000 -0.8660
vn 0.0000 0.0000 -1.0000
vn 0.0000 0.0000 -1.0000
vn 0.5000 0.0000 -0.8660
vn 0.5000 0.0000 -0.8660
vn 0.8660 0.0000 -0.5000
vn 0.8660 0.0000 -0.5000
vn 1.0000 0.0000 0.0000
vn 1.0000 0.0000 0.0000
vn 0.0000 1.0000 0.0000
vn 0.0000 1.0000 0.0000
vn 0.0000 1.0000 0.0000
vn 0.0000 1.0000 0.0000
vn 0.0000 1.0000 0.0000
vn 0.0000 1.0000 0.0000
vn 0.0000 1.0000 0.0000
vn 0.0000 1.0000 0.0000
vn 0.0000 1.0000 0.0000
vn -0.8660 0.0000 0.5000
vn -0.8660 0.0000 0.5000
vn 0.0000 1.0000 0.0000
vn -0.5000 0.0000 0.8660
vn -0.5000 0.0000 0.8660
vn 0.0000 0.0000 1.0000
vn 0.0000 0.0000 1.0000
vn 0.5000 0.0000 0.8660
vn 0.8660 0.0000 0.5000
vn 0.8660 0.0000 0.5000
vn 0.5000 0.0000 0.8660
vn 0.0000 1.0000 0.0000
vn 0.0000 1.0000 0.0000
vn -0.8660 0.0000 -0.5000
vn -0.8660 0.0000 -0.5000
vn -1.0000 0.0000 0.0000
vn -1.0000 0.0000 0.0000
vn -0.8660 0.0000 0.5000
vn -0.8660 0.0000 0.5000
vn 0.0000 1.0000 0.0000
vn 0.0000 1.0000 0.0000
vn 0.0000 1.0000 0.0000
vn 0.0000 0.0000 -1.0000
vn 0.0000 0.0000 -1.0000
vn -0.5000 0.0000 -0.8660
vn 0.5000 0.0000 -0.8660
vn 0.5000 0.0000 -0.8660
vn -0.5000 0.0000 -0.8660
vn -0.5000 0.0000 0.8660
vn -0.5000 0.0000 0.8660
vn 0.0000 0.0000 1.0000
vn 0.0000 0.0000 1.0000
vn 0.5000 0.0000 0.8660
vn 0.8660 0.0000 -0.5000
vn 0.8660 0.0000 -0.5000
vn 1.0000 0.0000 0.0000
vn 1.0000 0.0000 0.0000
vn 0.8660 0.0000 0.5000
vn 0.8660 0.0000 0.5000
vn 0.5000 0.0000 0.8660
vn 0.0000 1.0000 0.0000
vn 0.0000 1.0000 0.0000
vn 0.0000 1.0000 0.0000
vn 0.0000 1.0000 0.0000
vn 0.0000 1.0000 0.0000
vn 0.0000 1.0000 0.0000
vn 0.0000 1.0000 0.0000
vn 0.0000 1.0000 0.0000
vn 0.0000 1.0000 0.0000
f 1//1 2//2 3//3
f 2//2 4//4 3//3
f 2//2 5//5 4//4
f 3//3 4//4 6//6
f 4//4 5//5 7//7
f 4//4 7//7 6//6
f 1//1 8//8 2//2
f 2//2 8//8 5//5
f 5//5 9//9 7//7
f 6//6 7//7 10//10
f 5//5 11//11 9//9
f 1//1 3//3 12//12
f 3//3 6//6 13//13
f 6//6 10//10 14//14
f 1//1 15//15 8//8
f 5//5 8//8 16//16
f 5//5 16//16 11//11
f 15//15 17//17 8//8
f 8//8 17//17 18//18
f 8//8 18//18 16//16
f 17//17 19//19 18//18
f 16//16 18//18 20//20
f 18//18 19//19 20//20
f 16//16 20//20 11//11
f 19//19 21//21 20//20
f 1//1 22//22 15//15
f 15//15 22//22 17//17
f 17//17 23//23 19//19
f 19//19 23//23 21//21
f 7//7 9//9 24//24
f 7//7 25//25 10//10
f 7//7 24//24 25//25
f 24//24 26//26 25//25
f 26//26 27//27 28//28
f 26//26 29//29 30//30
f 26//26 28//28 29//29
f 26//26 31//31 27//27
f 26//26 30//30 32//32
f 27//27 31//31 33//33
f 33//33 34//34 35//35
f 35//35 34//34 36//36
f 26//26 37//37 31//31
f 33//33 31//31 34//34
f 35//35 38//38 39//39
f 39//39 38//38 40//40
f 35//35 36//36 38//38
f 40//40 38//38 41//41
f 40//40 41//41 42//42
f 30//30 43//43 44//44
f 43//43 45//45 44//44
f 30//30 44//44 32//32
f 45//45 46//46 44//44
f 45//45 47//47 48//48
f 49//49 48//48 47//47
f 45//45 48//48 46//46
f 49//49 50//50 48//48
f 49//49 51//51 50//50
f 26//26 32//32 52//52
f 40//40 53//53 49//49
f 49//49 53//53 54//54
f 40//40 42//42 53//53
f 42//42 55//55 56//56
f 42//42 56//56 53//53
f 49//49 54//54 51//51
f 51//51 57//57 58//58
f 51//51 54//54 57//57
f 9//9 11//11 24//24
f 24//24 59//59 26//26
f 26//26 60//60 37//37
f 31//31 37//37 61//61
f 61//61 62//62 63//63
f 61//61 37//37 62//62
f 63//63 62//62 64//64
f 63//63 64//64 65//65
f 65//65 64//64 66//66
f 65//65 66//66 67//67
f 65//65 67//67 68//68
f 68//68 67//67 69//69
f 69//69 67//67 70//70
f 26//26 71//71 60//60
f 37//37 60//60 72//72
f 72//72 73//73 74//74
f 74//74 75//75 76//76
f 76//76 77//77 78//78
f 78//78 79//79 80//80
f 56//56 55//55 69//69
f 56//56 69//69 81//81
f 81//81 69//69 82//82
f 69//69 70//70 83//83
f 69//69 83//83 84//84
f 69//69 84//84 82//82
f 82//82 84//84 85//85
f 85//85 84//84 86//86
f 70//70 87//87 88//88
f 87//87 80//80 88//88
f 70//70 88//88 83//83
f 80//80 89//89 88//88
f 80//80 90//90 89//89
f 80//80 91//91 90//90
f 90//90 91//91 92//92
f 10//10 25//25 14//14
f 32//32 93//93 94//94
f 25//25 26//26 95//95
f 26//26 52//52 96//96
f 93//93 97//97 98//98
f 93//93 98//98 94//94
f 32//32 94//94 52//52
f 97//97 99//99 98//98
f 100//100 101//101 99//99
f 99//99 102//102 98//98
f 99//99 101//101 102//102
f 100//100 103//103 101//101
f 58//58 57//57 104//104
f 104//104 57//57 105//105
f 104//104 105//105 106//106
f 104//104 107//107 100//100
f 100//100 107//107 103//103
f 104//104 108//108 107//107
f 104//104 106//106 108//108
f 106//106 109//109 108//108
f 110//110 108//108 109//109
f 26//26 96//96 111//111
f 52//52 112//112 113//113
f 112//112 114//114 115//115
f 114//114 116//116 117//117
f 118//118 119//119 116//116
f 103//103 107//107 120//120
f 103//103 120//120 121//121
f 121//121 120//120 122//122
f 122//122 120//120 123//123
f 122//122 123//123 124//124
f 122//122 125//125 118//118
f 122//122 124//124 126//126
f 124//124 127//127 128//128
f 85//85 129//129 130//130
f 130//130 129//129 131//131
f 85//85 86//86 129//129
f 131//131 129//129 132//132
f 133//133 109//109 131//131
f 110//110 109//109 133//133
f 133//133 131//131 134//134
f 131//131 132//132 135//135
f 131//131 136//136 134//134
f 131//131 135//135 136//136
f 92//92 137//137 138//138
f 138//138 139//139 140//140
f 141//141 135//135 132//132
f 141//141 140//140 142//142
f 141//141 143//143 135//135
f 141//141 142//142 143//143
f 140//140 144//144 142//142
f 140//140 145//145 144//144
f 134//134 136//136 146//146
f 146//146 147//147 148//148
f 146//146 136//136 149//149
f 146//146 149//149 147//147
f 150//150 151//151 127//127
f 148//148 147//147 150//150
f 150//150 147//147 152//152
f 150//150 152//152 153//153
f 144//144 145//145 154//154
f 154//154 155//155 156//156
f 152//152 157//157 158//158
f 157//157 159//159 160//160
f 156//156 160//160 159//159
f 156//156 161//161 160//160
f 72//72 60//60 73//73
f 74//74 73//73 75//75
f 26//26 59//59 71//71
f 76//76 75//75 77//77
f 78//78 77//77 79//79
f 80//80 79//79 162//162
f 24//24 11//11 163//163
f 24//24 163//163 59//59
f 60//60 164//164 165//165
f 165//165 164//164 166//166
f 60//60 71//71 164//164
f 166//166 164//164 167//167
f 166//166 167//167 168//168
f 168//168 167//167 169//169
f 168//168 169//169 170//170
f 168//168 170//170 171//171
f 171//171 170//170 172//172
f 172//172 170//170 173//173
f 80//80 162//162 174//174
f 80//80 174//174 91//91
f 162//162 175//175 176//176
f 175//175 172//172 176//176
f 162//162 176//176 174//174
f 172//172 177//177 176//176
f 172//172 178//178 177//177
f 92//92 91//91 137//137
f 172//172 173//173 179//179
f 172//172 179//179 180//180
f 181//181 173//173 182//182
f 181//181 179//179 173//173
f 172//172 180//180 178//178
f 178//178 180//180 183//183
f 183//183 180//180 184//184
f 11//11 20//20 163//163
f 20//20 21//21 185//185
f 71//71 186//186 187//187
f 187//187 188//188 189//189
f 187//187 186//186 188//188
f 189//189 188//188 190//190
f 189//189 190//190 191//191
f 191//191 192//192 193//193
f 191//191 190//190 192//192
f 193//193 192//192 194//194
f 59//59 186//186 71//71
f 20//20 185//185 163//163
f 163//163 185//185 59//59
f 59//59 195//195 186//186
f 59//59 196//196 195//195
f 59//59 197//197 196//196
f 59//59 198//198 197//197
f 181//181 182//182 199//199
f 193//193 200//200 199//199
f 181//181 199//199 200//200
f 193//193 194//194 200//200
f 201//201 200//200 194//194
f 200//200 201//201 202//202
f 201//201 203//203 202//202
f 201//201 204//204 203//203
f 203//203 204//204 205//205
f 203//203 205//205 206//206
f 201//201 207//207 208//208
f 209//209 208//208 207//207
f 201//201 208//208 204//204
f 209//209 210//210 208//208
f 197//197 198//198 211//211
f 211//211 212//212 209//209
f 209//209 212//212 210//210
f 211//211 198//198 212//212
f 59//59 213//213 198//198
f 138//138 137//137 139//139
f 140//140 139//139 214//214
f 140//140 214//214 215//215
f 140//140 215//215 145//145
f 216//216 215//215 214//214
f 216//216 217//217 218//218
f 219//219 218//218 217//217
f 216//216 220//220 215//215
f 216//216 218//218 220//220
f 183//183 221//221 219//219
f 183//183 184//184 221//221
f 219//219 221//221 218//218
f 222//222 218//218 221//221
f 218//218 222//222 223//223
f 223//223 222//222 224//224
f 225//225 222//222 226//226
f 224//224 222//222 225//225
f 227//227 225//225 226//226
f 154//154 145//145 155//155
f 156//156 155//155 161//161
f 228//228 160//160 161//161
f 224//224 229//229 230//230
f 224//224 231//231 232//232
f 224//224 232//232 229//229
f 224//224 225//225 231//231
f 230//230 229//229 233//233
f 233//233 229//229 234//234
f 233//233 234//234 235//235
f 233//233 235//235 236//236
f 21//21 237//237 185//185
f 238//238 206//206 239//239
f 203//203 206//206 238//238
f 239//239 206//206 240//240
f 241//241 239//239 226//226
f 238//238 239//239 241//241
f 227//227 226//226 239//239
f 239//239 240//240 242//242
f 239//239 242//242 243//243
f 198//198 244//244 245//245
f 246//246 243//243 242//242
f 246//246 247//247 248//248
f 246//246 249//249 243//243
f 246//246 248//248 249//249
f 245//245 244//244 247//247
f 59//59 250//250 213//213
f 185//185 251//251 59//59
f 247//247 244//244 248//248
f 198//198 213//213 244//244
f 239//239 243//243 252//252
f 252//252 253//253 254//254
f 252//252 243//243 253//253
f 254//254 255//255 256//256
f 254//254 253//253 255//255
f 256//256 255//255 257//257
f 258//258 259//259 235//235
f 256//256 257//257 258//258
f 258//258 257//257 259//259
f 235//235 259//259 260//260
f 235//235 260//260 261//261
f 260//260 262//262 263//263
f 213//213 250//250 264//264
f 264//264 265//265 262//262
f 3//3 266//266 12//12
f 3//3 13//13 266//266
f 6//6 14//14 13//13
f 1//1 12//12 22//22
f 12//12 266//266 267//267
f 266//266 268//268 267//267
f 266//266 13//13 268//268
f 267//267 268//268 269//269
f 13//13 270//270 268//268
f 268//268 270//270 269//269
f 12//12 267//267 271//271
f 267//267 269//269 271//271
f 269//269 272//272 273//273
f 13//13 14//14 270//270
f 269//269 270//270 272//272
f 17//17 22//22 274//274
f 17//17 274//274 23//23
f 21//21 23//23 237//237
f 12//12 271//271 22//22
f 269//269 273//273 271//271
f 22//22 271//271 274//274
f 274//274 271//271 275//275
f 274//274 275//275 23//23
f 271//271 273//273 275//275
f 23//23 275//275 237//237
f 273//273 276//276 275//275
f 273//273 272//272 276//276
f 275//275 277//277 237//237
f 275//275 276//276 277//277
f 112//112 115//115 113//113
f 52//52 113//113 96//96
f 114//114 117//117 115//115
f 116//116 119//119 117//117
f 118//118 278//278 119//119
f 26//26 111//111 95//95
f 118//118 125//125 278//278
f 122//122 126//126 125//125
f 124//124 128//128 126//126
f 278//278 279//279 280//280
f 280//280 279//279 281//281
f 278//278 125//125 279//279
f 281//281 279//279 282//282
f 96//96 283//283 284//284
f 283//283 285//285 286//286
f 25//25 287//287 14//14
f 25//25 95//95 287//287
f 96//96 284//284 111//111
f 283//283 286//286 284//284
f 285//285 288//288 286//286
f 289//289 290//290 288//288
f 289//289 281//281 290//290
f 288//288 291//291 286//286
f 288//288 290//290 291//291
f 281//281 282//282 290//290
f 292//292 282//282 293//293
f 290//290 282//282 292//292
f 293//293 294//294 295//295
f 292//292 293//293 295//295
f 296//296 295//295 294//294
f 292//292 297//297 298//298
f 292//292 295//295 299//299
f 292//292 299//299 297//297
f 127//127 151//151 128//128
f 150//150 300//300 151//151
f 150//150 301//301 300//300
f 150//150 153//153 301//301
f 300//300 301//301 302//302
f 302//302 301//301 303//303
f 302//302 303//303 304//304
f 302//302 304//304 305//305
f 152//152 158//158 153//153
f 157//157 160//160 158//158
f 228//228 306//306 160//160
f 228//228 307//307 306//306
f 308//308 309//309 310//310
f 311//311 309//309 312//312
f 313//313 314//314 305//305
f 313//313 294//294 314//314
f 313//313 296//296 294//294
f 313//313 305//305 304//304
f 313//313 304//304 315//315
f 313//313 315//315 316//316
f 316//316 315//315 317//317
f 316//316 317//317 318//318
f 310//310 319//319 320//320
f 318//318 317//317 320//320
f 310//310 320//320 317//317
f 310//310 311//311 319//319
f 310//310 309//309 311//311
f 311//311 312//312 321//321
f 322//322 321//321 312//312
f 322//322 323//323 324//324
f 324//324 325//325 326//326
f 111//111 327//327 328//328
f 327//327 329//329 330//330
f 327//327 330//330 328//328
f 111//111 328//328 331//331
f 329//329 332//332 333//333
f 334//334 335//335 332//332
f 336//336 335//335 334//334
f 329//329 333//333 330//330
f 332//332 335//335 333//333
f 298//298 297//297 336//336
f 336//336 297//297 337//337
f 336//336 337//337 335//335
f 338//338 335//335 337//337
f 338//338 339//339 335//335
f 339//339 340//340 341//341
f 338//338 340//340 339//339
f 342//342 340//340 343//343
f 344//344 345//345 343//343
f 14//14 287//287 270//270
f 270//270 346//346 272//272
f 95//95 111//111 331//331
f 95//95 331//331 347//347
f 95//95 347//347 348//348
f 270//270 287//287 346//346
f 287//287 95//95 346//346
f 95//95 348//348 349//349
f 95//95 349//349 350//350
f 341//341 340//340 342//342
f 342//342 345//345 351//351
f 342//342 351//351 352//352
f 342//342 343//343 345//345
f 342//342 353//353 354//354
f 354//354 350//350 349//349
f 342//342 352//352 353//353
f 354//354 353//353 350//350
f 95//95 350//350 355//355
f 344//344 343//343 319//319
f 320//320 319//319 343//343
f 356//356 319//319 357//357
f 356//356 357//357 358//358
f 356//356 344//344 319//319
f 356//356 358//358 359//359
f 359//359 358//358 360//360
f 359//359 360//360 361//361
f 326//326 362//362 363//363
f 363//363 364//364 365//365
f 360//360 366//366 367//367
f 365//365 368//368 366//366
f 360//360 367//367 361//361
f 366//366 368//368 367//367
f 365//365 369//369 368//368
f 272//272 346//346 276//276
f 359//359 361//361 370//370
f 370//370 371//371 372//372
f 370//370 361//361 371//371
f 372//372 373//373 374//374
f 372//372 371//371 375//375
f 372//372 375//375 373//373
f 376//376 377//377 350//350
f 374//374 373//373 376//376
f 376//376 373//373 377//377
f 350//350 377//377 355//355
f 95//95 355//355 378//378
f 346//346 95//95 251//251
f 368//368 369//369 379//379
f 379//379 380//380 381//381
f 381//381 382//382 383//383
f 383//383 384//384 385//385
f 355//355 385//385 386//386
f 95//95 378//378 387//387
f 228//228 388//388 307//307
f 388//388 233//233 308//308
f 388//388 308//308 307//307
f 233//233 309//309 308//308
f 233//233 389//389 390//390
f 233//233 390//390 309//309
f 233//233 236//236 389//389
f 389//389 391//391 392//392
f 392//392 391//391 393//393
f 389//389 236//236 391//391
f 393//393 391//391 394//394
f 393//393 394//394 395//395
f 395//395 394//394 396//396
f 395//395 396//396 397//397
f 395//395 397//397 398//398
f 398//398 397//397 399//399
f 399//399 397//397 400//400
f 322//322 312//312 401//401
f 322//322 401//401 402//402
f 322//322 402//402 323//323
f 402//402 403//403 323//323
f 399//399 404//404 403//403
f 403//403 405//405 323//323
f 403//403 404//404 405//405
f 324//324 323//323 325//325
f 326//326 325//325 362//362
f 399//399 400//400 406//406
f 399//399 406//406 404//404
f 406//406 400//400 407//407
f 408//408 406//406 407//407
f 404//404 406//406 409//409
f 409//409 410//410 411//411
f 409//409 406//406 410//410
f 411//411 410//410 412//412
f 235//235 261//261 236//236
f 236//236 261//261 413//413
f 413//413 414//414 415//415
f 413//413 261//261 414//414
f 415//415 414//414 416//416
f 415//415 416//416 417//417
f 417//417 418//418 419//419
f 417//417 416//416 418//418
f 420//420 419//419 421//421
f 419//419 418//418 421//421
f 420//420 421//421 422//422
f 260//260 263//263 261//261
f 262//262 265//265 263//263
f 264//264 250//250 265//265
f 59//59 251//251 250//250
f 420//420 423//423 407//407
f 408//408 407//407 423//423
f 420//420 422//422 423//423
f 423//423 422//422 424//424
f 423//423 424//424 425//425
f 425//425 426//426 427//427
f 425//425 424//424 426//426
f 427//427 426//426 428//428
f 422//422 429//429 424//424
f 430//430 431//431 429//429
f 429//429 432//432 424//424
f 429//429 431//431 432//432
f 250//250 433//433 434//434
f 434//434 431//431 430//430
f 185//185 237//237 435//435
f 185//185 435//435 251//251
f 434//434 433//433 431//431
f 250//250 436//436 433//433
f 363//363 362//362 364//364
f 365//365 364//364 437//437
f 365//365 437//437 369//369
f 437//437 438//438 439//439
f 438//438 440//440 441//441
f 437//437 439//439 369//369
f 438//438 441//441 439//439
f 411//411 442//442 443//443
f 411//411 412//412 442//442
f 443//443 442//442 440//440
f 440//440 442//442 444//444
f 440//440 444//444 445//445
f 440//440 445//445 441//441
f 446//446 444//444 447//447
f 446//446 445//445 444//444
f 379//379 369//369 380//380
f 381//381 380//380 382//382
f 383//383 382//382 384//384
f 385//385 384//384 386//386
f 355//355 386//386 378//378
f 95//95 387//387 251//251
f 441//441 445//445 448//448
f 448//448 449//449 450//450
f 448//448 445//445 449//449
f 450//450 451//451 452//452
f 450//450 449//449 453//453
f 450//450 453//453 451//451
f 452//452 451//451 454//454
f 378//378 454//454 455//455
f 454//454 451//451 455//455
f 378//378 455//455 387//387
f 346//346 456//456 276//276
f 346//346 251//251 456//456
f 427//427 428//428 457//457
f 457//457 428//428 458//458
f 459//459 457//457 458//458
f 459//459 458//458 460//460
f 459//459 461//461 447//447
f 446//446 447//447 461//461
f 459//459 460//460 462//462
f 459//459 462//462 461//461
f 251//251 436//436 250//250
f 460//460 463//463 464//464
f 465//465 466//466 463//463
f 460//460 464//464 462//462
f 463//463 466//466 464//464
f 436//436 467//467 468//468
f 468//468 469//469 465//465
f 465//465 469//469 466//466
f 468//468 467//467 469//469
f 237//237 277//277 435//435
f 276//276 456//456 277//277
f 461//461 462//462 470//470
f 470//470 471//471 472//472
f 470//470 462//462 471//471
f 472//472 473//473 474//474
f 472//472 471//471 473//473
f 474//474 473//473 475//475
f 476//476 477//477 387//387
f 476//476 474//474 475//475
f 476//476 475//475 477//477
f 387//387 477//477 478//478
f 251//251 467//467 436//436
f 251//251 387//387 478//478
f 251//251 479//479 480//480
f 251//251 480//480 467//467
f 277//277 456//456 435//435
f 435//435 456//456 251//251
f 251//251 478//478 479//479
f 481//481 482//482 483//483
f 484//484 483//483 485//485
f 486//486 485//485 487//487
f 488//488 487//487 489//489
f 490//490 491//491 482//482
f 492//492 493//493 491//491
f 494//494 495//495 493//493
f 496//496 497//497 498//498
f 499//499 489//489 500//500
f 501//501 500//500 497//497
f 484//484 481//481 483//483
f 484//484 485//485 486//486
f 486//486 487//487 488//488
f 488//488 489//489 499//499
f 502//502 503//503 504//504
f 502//502 505//505 503//503
f 504//504 503//503 506//506
f 481//481 490//490 482//482
f 490//490 492//492 491//491
f 492//492 494//494 493//493
f 496//496 498//498 507//507
f 504//504 506//506 508//508
f 508//508 509//509 510//510
f 508//508 506//506 509//509
f 510//510 511//511 512//512
f 509//509 511//511 510//510
f 512//512 511//511 513//513
f 499//499 500//500 501//501
f 501//501 497//497 496//496
f 514//514 515//515 495//495
f 507//507 498//498 515//515
f 494//494 514//514 495//495
f 514//514 507//507 515//515
f 512//512 513//513 516//516
f 517//517 518//518 519//519
f 520//520 519//519 521//521
f 522//522 523//523 518//518
f 524//524 525//525 523//523
f 526//526 527//527 525//525
f 517//517 519//519 520//520
f 520//520 521//521 528//528
f 529//529 530//530 531//531
f 532//532 529//529 531//531
f 517//517 522//522 518//518
f 522//522 524//524 523//523
f 524//524 526//526 525//525
f 532//532 533//533 534//534
f 534//534 535//535 536//536
f 536//536 537//537 538//538
f 539//539 540//540 527//527
f 526//526 539//539 527//527
f 538//538 541//541 542//542
f 528//528 521//521 543//543
f 544//544 543//543 545//545
f 546//546 545//545 547//547
f 548//548 547//547 549//549
f 550//550 549//549 551//551
f 528//528 543//543 544//544
f 544//544 545//545 546//546
f 532//532 531//531 533//533
f 546//546 547//547 548//548
f 550//550 551//551 552//552
f 548//548 549//549 550//550
f 534//534 533//533 535//535
f 536//536 535//535 537//537
f 538//538 537//537 541//541
f 552//552 551//551 540//540
f 539//539 552//552 540//540
f 553//553 554//554 555//555
f 556//556 557//557 554//554
f 558//558 559//559 560//560
f 561//561 555//555 559//559
f 562//562 560//560 563//563
f 564//564 563//563 565//565
f 566//566 567//567 557//557
f 568//568 565//565 569//569
f 570//570 569//569 571//571
f 572//572 571//571 573//573
f 561//561 553//553 555//555
f 553//553 556//556 554//554
f 561//561 559//559 558//558
f 558//558 560//560 562//562
f 562//562 563//563 564//564
f 564//564 565//565 568//568
f 574//574 575//575 576//576
f 575//575 577//577 576//576
f 574//574 576//576 578//578
f 556//556 566//566 557//557
f 568//568 569//569 570//570
f 570//570 571//571 572//572
f 572//572 573//573 579//579
f 574//574 578//578 580//580
f 580//580 581//581 582//582
f 580//580 578//578 581//581
f 582//582 581//581 583//583
f 582//582 583//583 584//584
f 584//584 583//583 585//585
f 586//586 587//587 567//567
f 579//579 573//573 587//587
f 566//566 586//586 567//567
f 586//586 579//579 587//587
f 584//584 585//585 588//588
f 589//589 590//590 591//591
f 592//592 591//591 593//593
f 594//594 593//593 595//595
f 596//596 595//595 597//597
f 598//598 599//599 590//590
f 600//600 601//601 599//599
f 602//602 603//603 601//601
f 604//604 605//605 606//606
f 607//607 597//597 608//608
f 609//609 608//608 605//605
f 589//589 591//591 592//592
f 592//592 593//593 594//594
f 594//594 595//595 596//596
f 596//596 597//597 607//607
f 610//610 611//611 612//612
f 611//611 613//613 612//612
f 610//610 612//612 614//614
f 589//589 598//598 590//590
f 598//598 600//600 599//599
f 600//600 602//602 601//601
f 615//615 604//604 606//606
f 610//610 614//614 616//616
f 616//616 617//617 618//618
f 616//616 614//614 617//617
f 618//618 619//619 620//620
f 618//618 617//617 619//619
f 620//620 619//619 621//621
f 607//607 608//608 609//609
f 609//609 605//605 604//604
f 622//622 623//623 603//603
f 615//615 606//606 623//623
f 602//602 622//622 603//603
f 622//622 615//615 623//623
f 620//620 621//621 624//624
f 625//625 626//626 627//627
f 628//628 627//627 629//629
f 630//630 631//631 626//626
f 632//632 633//633 631//631
f 634//634 635//635 633//633
f 628//628 625//625 627//627
f 628//628 629//629 636//636
f 637//637 638//638 639//639
f 625//625 630//630 626//626
f 630//630 632//632 631//631
f 632//632 634//634 633//633
f 639//639 640//640 641//641
f 641//641 642//642 643//643
f 643//643 644//644 645//645
f 646//646 647//647 635//635
f 634//634 646//646 635//635
f 636//636 629//629 648//648
f 649//649 648//648 650//650
f 651//651 650//650 652//652
f 653//653 652//652 654//654
f 655//655 654//654 656//656
f 636//636 648//648 649//649
f 649//649 650//650 651//651
f 637//637 657//657 638//638
f 639//639 638//638 640//640
f 651//651 652//652 653//653
f 653//653 654//654 655//655
f 658//658 655//655 656//656
f 641//641 640//640 642//642
f 643//643 642//642 644//644
f 645//645 644//644 659//659
f 658//658 656//656 647//647
f 646//646 658//658 647//647
f 645//645 659//659 660//660
f 661//661 662//662 663//663
f 664//664 665//665 662//662
f 666//666 667//667 668//668
f 669//669 663//663 667//667
f 670//670 668//668 671//671
f 672//672 671//671 673//673
f 674//674 675//675 665//665
f 676//676 673//673 677//677
f 678//678 677//677 679//679
f 680//680 679//679 681//681
f 669//669 661//661 663//663
f 661//661 664//664 662//662
f 669//669 667//667 666//666
f 666//666 668//668 670//670
f 670//670 671//671 672//672
f 672//672 673//673 676//676
f 682//682 683//683 684//684
f 683//683 685//685 684//684
f 682//682 684//684 686//686
f 664//664 674//674 665//665
f 676//676 677//677 678//678
f 678//678 679//679 680//680
f 680//680 681//681 687//687
f 682//682 686//686 688//688
f 688//688 689//689 690//690
f 688//688 686//686 689//689
f 689//689 691//691 690//690
f 690//690 691//691 692//692
f 692//692 691//691 693//693
f 694//694 695//695 675//675
f 687//687 681//681 695//695
f 674//674 694//694 675//675
f 694//694 687//687 695//695
f 692//692 693//693 696//696
f 697//697 698//698 699//699
f 700//700 701//701 698//698
f 702//702 703//703 704//704
f 705//705 699//699 703//703
f 706//706 704//704 707//707
f 708//708 707//707 709//709
f 705//705 697//697 699//699
f 697//697 700//700 698//698
f 705//705 703//703 702//702
f 702//702 704//704 706//706
f 706//706 707//707 708//708
f 710//710 711//711 712//712
f 710//710 713//713 711//711
f 711//711 714//714 712//712
f 712//712 714//714 715//715
f 715//715 714//714 716//716
f 708//708 709//709 717//717
f 718//718 719//719 701//701
f 720//720 721//721 719//719
f 722//722 723//723 724//724
f 725//725 726//726 721//721
f 727//727 724//724 726//726
f 717//717 709//709 723//723
f 700//700 718//718 701//701
f 718//718 720//720 719//719
f 720//720 725//725 721//721
f 725//725 727//727 726//726
f 727//727 722//722 724//724
f 715//715 716//716 728//728
f 728//728 729//729 730//730
f 716//716 729//729 728//728
f 730//730 731//731 732//732
f 730//730 729//729 731//731
f 717//717 723//723 722//722
f 733//733 734//734 735//735
f 736//736 735//735 737//737
f 738//738 739//739 734//734
f 736//736 733//733 735//735
f 736//736 737//737 740//740
f 733//733 738//738 734//734
f 741//741 742//742 743//743
f 741//741 743//743 744//744
f 744//744 745//745 746//746
f 740//740 737//737 747//747
f 748//748 747//747 749//749
f 750//750 749//749 751//751
f 740//740 747//747 748//748
f 748//748 749//749 750//750
f 750//750 751//751 752//752
f 744//744 743//743 745//745
f 746//746 745//745 753//753
f 754//754 755//755 739//739
f 756//756 757//757 755//755
f 758//758 759//759 757//757
f 738//738 754//754 739//739
f 754//754 756//756 755//755
f 756//756 758//758 757//757
f 746//746 753//753 760//760
f 760//760 761//761 762//762
f 762//762 763//763 764//764
f 752//752 751//751 765//765
f 766//766 765//765 767//767
f 768//768 767//767 759//759
f 752//752 765//765 766//766
f 766//766 767//767 768//768
f 758//758 768//768 759//759
f 753//753 761//761 760//760
f 762//762 761//761 763//763
f 769//769 770//770 771//771
f 772//772 771//771 773//773
f 774//774 773//773 775//775
f 776//776 775//775 777//777
f 778//778 777//777 779//779
f 780//780 779//779 781//781
f 772//772 769//769 771//771
f 772//772 773//773 774//774
f 774//774 775//775 776//776
f 776//776 777//777 778//778
f 778//778 779//779 780//780
f 780//780 781//781 782//782
f 783//783 784//784 785//785
f 784//784 786//786 785//785
f 783//783 785//785 787//787
f 783//783 787//787 788//788
f 788//788 787//787 789//789
f 790//790 791//791 770//770
f 792//792 793//793 791//791
f 794//794 795//795 796//796
f 797//797 796//796 793//793
f 782//782 781//781 798//798
f 799//799 798//798 795//795
f 769//769 790//790 770//770
f 790//790 792//792 791//791
f 792//792 797//797 793//793
f 797//797 794//794 796//796
f 782//782 798//798 799//799
f 799//799 795//795 794//794
f 788//788 789//789 800//800
f 800//800 801//801 802//802
f 789//789 801//801 800//800
f 802//802 803//803 804//804
f 802//802 801//801 803//803
f 805//805 806//806 807//807
f 808//808 809//809 806//806
f 810//810 811//811 812//812
f 813//813 807//807 811//811
f 814//814 812//812 815//815
f 816//816 815//815 817//817
f 813//813 805//805 807//807
f 805//805 808//808 806//806
f 813//813 811//811 810//810
f 810//810 812//812 814//814
f 814//814 815//815 816//816
f 818//818 819//819 820//820
f 818//818 821//821 819//819
f 819//819 822//822 820//820
f 820//820 822//822 823//823
f 823//823 822//822 824//824
f 816//816 817//817 825//825
f 826//826 827//827 809//809
f 828//828 829//829 827//827
f 830//830 831//831 832//832
f 833//833 834//834 829//829
f 835//835 832//832 834//834
f 825//825 817//817 831//831
f 808//808 826//826 809//809
f 826//826 828//828 827//827
f 828//828 833//833 829//829
f 835//835 834//834 833//833
f 835//835 830//830 832//832
f 823//823 824//824 836//836
f 836//836 837//837 838//838
f 824//824 837//837 836//836
f 838//838 839//839 840//840
f 838//838 837//837 839//839
f 825//825 831//831 830//830
f 841//841 842//842 843//843
f 844//844 843//843 845//845
f 846//846 847//847 842//842
f 844//844 845//845 848//848
f 844//844 841//841 843//843
f 841//841 846//846 842//842
f 849//849 850//850 851//851
f 851//851 852//852 853//853
f 848//848 845//845 854//854
f 855//855 854//854 856//856
f 857//857 856//856 858//858
f 848//848 854//854 855//855
f 855//855 856//856 857//857
f 857//857 858//858 859//859
f 849//849 860//860 850//850
f 851//851 850//850 852//852
f 853//853 852//852 861//861
f 862//862 863//863 847//847
f 864//864 865//865 863//863
f 866//866 867//867 865//865
f 846//846 862//862 847//847
f 862//862 864//864 863//863
f 864//864 866//866 865//865
f 853//853 861//861 868//868
f 868//868 869//869 870//870
f 859//859 858//858 871//871
f 872//872 871//871 873//873
f 874//874 873//873 867//867
f 859//859 871//871 872//872
f 874//874 867//867 866//866
f 874//874 872//872 873//873
f 861//861 869//869 868//868
f 870//870 869//869 875//875
f 870//870 875//875 876//876
f 877//877 878//878 879//879
f 880//880 879//879 881//881
f 882//882 881//881 883//883
f 884//884 883//883 885//885
f 886//886 885//885 887//887
f 888//888 887//887 889//889
f 880//880 877//877 879//879
f 882//882 880//880 881//881
f 882//882 883//883 884//884
f 884//884 885//885 886//886
f 886//886 887//887 888//888
f 888//888 889//889 890//890
f 891//891 892//892 893//893
f 891//891 894//894 892//892
f 892//892 895//895 893//893
f 893//893 895//895 896//896
f 896//896 895//895 897//897
f 898//898 899//899 878//878
f 900//900 901//901 899//899
f 902//902 903//903 904//904
f 905//905 904//904 901//901
f 890//890 889//889 906//906
f 907//907 906//906 903//903
f 877//877 898//898 878//878
f 898//898 900//900 899//899
f 900//900 905//905 901//901
f 902//902 904//904 905//905
f 890//890 906//906 907//907
f 907//907 903//903 902//902
f 896//896 897//897 908//908
f 908//908 909//909 910//910
f 897//897 909//909 908//908
f 910//910 911//911 912//912
f 910//910 909//909 911//911
f 913//913 914//914 915//915
f 916//916 915//915 917//917
f 913//913 915//915 916//916
f 916//916 917//917 918//918
f 919//919 920//920 921//921
f 922//922 923//923 914//914
f 924//924 925//925 923//923
f 926//926 927//927 925//925
f 918//918 917//917 928//928
f 929//929 930//930 927//927
f 931//931 932//932 930//930
f 933//933 934//934 935//935
f 936//936 935//935 932//932
f 937//937 928//928 938//938
f 939//939 938//938 934//934
f 913//913 922//922 914//914
f 922//922 924//924 923//923
f 924//924 926//926 925//925
f 918//918 928//928 937//937
f 919//919 921//921 940//940
f 921//921 941//941 940//940
f 940//940 941//941 942//942
f 942//942 943//943 944//944
f 942//942 941//941 943//943
f 943//943 945//945 944//944
f 926//926 929//929 927//927
f 929//929 931//931 930//930
f 931//931 936//936 932//932
f 936//936 933//933 935//935
f 944//944 945//945 946//946
f 946//946 947//947 948//948
f 946//946 945//945 947//947
f 937//937 938//938 939//939
f 939//939 934//934 933//933
f 949//949 950//950 951//951
f 949//949 951//951 952//952
f 953//953 954//954 955//955
f 956//956 957//957 950//950
f 958//958 959//959 957//957
f 960//960 961//961 959//959
f 962//962 963//963 961//961
f 964//964 965//965 963//963
f 949//949 956//956 950//950
f 956//956 958//958 957//957
f 958//958 960//960 959//959
f 953//953 955//955 966//966
f 966//966 967//967 968//968
f 968//968 969//969 970//970
f 960//960 962//962 961//961
f 962//962 964//964 963//963
f 970//970 971//971 972//972
f 972//972 973//973 974//974
f 952//952 951//951 975//975
f 952//952 975//975 976//976
f 976//976 975//975 977//977
f 978//978 977//977 979//979
f 980//980 979//979 981//981
f 982//982 983//983 965//965
f 984//984 981//981 983//983
f 976//976 977//977 978//978
f 978//978 979//979 980//980
f 980//980 981//981 984//984
f 966//966 955//955 967//967
f 968//968 967//967 969//969
f 970//970 969//969 971//971
f 964//964 982//982 965//965
f 984//984 983//983 982//982
f 972//972 971//971 973//973
f 985//985 986//986 987//987
f 988//988 987//987 989//989
f 985//985 987//987 988//988
f 988//988 989//989 990//990
f 991//991 992//992 993//993
f 994//994 995//995 996//996
f 997//997 998//998 995//995
f 999//999 996//996 986//986
f 990//990 989//989 1000//1000
f 1001//1001 1000//1000 1002//1002
f 1003//1003 1002//1002 1004//1004
f 1005//1005 1006//1006 998//998
f 1007//1007 1008//1008 1006//1006
f 1009//1009 1010//1010 1008//1008
f 1011//1011 1004//1004 1010//1010
f 999//999 994//994 996//996
f 994//994 997//997 995//995
f 985//985 999//999 986//986
f 990//990 1000//1000 1001//1001
f 1001//1001 1002//1002 1003//1003
f 1003//1003 1004//1004 1011//1011
f 991//991 993//993 1012//1012
f 1012//1012 1013//1013 1014//1014
f 993//993 1013//1013 1012//1012
f 1014//1014 1015//1015 1016//1016
f 1014//1014 1013//1013 1015//1015
f 1016//1016 1015//1015 1017//1017
f 997//997 1005//1005 998//998
f 1005//1005 1007//1007 1006//1006
f 1007//1007 1009//1009 1008//1008
f 1011//1011 1010//1010 1009//1009
f 1016//1016 1017//1017 1018//1018
f 1018//1018 1019//1019 1020//1020
f 1018//1018 1017//1017 1019//1019
f 1021//1021 1022//1022 1023//1023
f 1024//1024 1023//1023 1025//1025
f 1024//1024 1021//1021 1023//1023
f 1024//1024 1025//1025 1026//1026
f 1027//1027 1028//1028 1029//1029
f 1030//1030 1031//1031 1022//1022
f 1032//1032 1033//1033 1031//1031
f 1034//1034 1035//1035 1033//1033
f 1026//1026 1025//1025 1036//1036
f 1037//1037 1038//1038 1035//1035
f 1039//1039 1040//1040 1038//1038
f 1041//1041 1042//1042 1043//1043
f 1044//1044 1043//1043 1040//1040
f 1045//1045 1036//1036 1046//1046
f 1047//1047 1046//1046 1042//1042
f 1021//1021 1030//1030 1022//1022
f 1030//1030 1032//1032 1031//1031
f 1032//1032 1034//1034 1033//1033
f 1026//1026 1036//1036 1045//1045
f 1029//1029 1028//1028 1048//1048
f 1028//1028 1049//1049 1048//1048
f 1048//1048 1049//1049 1050//1050
f 1050//1050 1051//1051 1052//1052
f 1050//1050 1049//1049 1051//1051
f 1052//1052 1051//1051 1053//1053
f 1034//1034 1037//1037 1035//1035
f 1037//1037 1039//1039 1038//1038
f 1039//1039 1044//1044 1040//1040
f 1044//1044 1041//1041 1043//1043
f 1052//1052 1053//1053 1054//1054
f 1054//1054 1055//1055 1056//1056
f 1054//1054 1053//1053 1055//1055
f 1045//1045 1046//1046 1047//1047
f 1047//1047 1042//1042 1041//1041
f 1057//1057 1058//1058 1059//1059
f 1057//1057 1059//1059 1060//1060
f 1061//1061 1062//1062 1058//1058
f 1063//1063 1064//1064 1062//1062
f 1065//1065 1066//1066 1064//1064
f 1067//1067 1068//1068 1066//1066
f 1069//1069 1070//1070 1068//1068
f 1061//1061 1063//1063 1062//1062
f 1057//1057 1061//1061 1058//1058
f 1063//1063 1065//1065 1064//1064
f 1071//1071 1072//1072 1073//1073
f 1073//1073 1074//1074 1075//1075
f 1075//1075 1076//1076 1077//1077
f 1065//1065 1067//1067 1066//1066
f 1067//1067 1069//1069 1068//1068
f 1077//1077 1078//1078 1079//1079
f 1060//1060 1059//1059 1080//1080
f 1060//1060 1080//1080 1081//1081
f 1071//1071 1082//1082 1072//1072
f 1081//1081 1080//1080 1083//1083
f 1084//1084 1083//1083 1085//1085
f 1086//1086 1085//1085 1087//1087
f 1088//1088 1089//1089 1070//1070
f 1090//1090 1087//1087 1089//1089
f 1081//1081 1083//1083 1084//1084
f 1084//1084 1085//1085 1086//1086
f 1086//1086 1087//1087 1090//1090
f 1073//1073 1072//1072 1074//1074
f 1075//1075 1074//1074 1076//1076
f 1077//1077 1076//1076 1078//1078
f 1069//1069 1088//1088 1070//1070
f 1088//1088 1090//1090 1089//1089
f 1079//1079 1078//1078 1091//1091
f 1079//1079 1091//1091 1092//1092
f 1093//1093 1094//1094 1095//1095
f 1096//1096 1095//1095 1097//1097
f 1093//1093 1095//1095 1096//1096
f 1096//1096 1097//1097 1098//1098
f 1099//1099 1100//1100 1101//1101
f 1102//1102 1103//1103 1104//1104
f 1105//1105 1106//1106 1103//1103
f 1107//1107 1104//1104 1094//1094
f 1098//1098 1097//1097 1108//1108
f 1109//1109 1108//1108 1110//1110
f 1111//1111 1110//1110 1112//1112
f 1113//1113 1114//1114 1106//1106
f 1115//1115 1116//1116 1114//1114
f 1117//1117 1118//1118 1116//1116
f 1119//1119 1112//1112 1118//1118
f 1107//1107 1102//1102 1104//1104
f 1102//1102 1105//1105 1103//1103
f 1093//1093 1107//1107 1094//1094
f 1098//1098 1108//1108 1109//1109
f 1109//1109 1110//1110 1111//1111
f 1111//1111 1112//1112 1119//1119
f 1099//1099 1101//1101 1120//1120
f 1120//1120 1121//1121 1122//1122
f 1101//1101 1121//1121 1120//1120
f 1122//1122 1123//1123 1124//1124
f 1122//1122 1121//1121 1123//1123
f 1123//1123 1125//1125 1124//1124
f 1105//1105 1113//1113 1106//1106
f 1113//1113 1115//1115 1114//1114
f 1115//1115 1117//1117 1116//1116
f 1119//1119 1118//1118 1117//1117
f 1124//1124 1125//1125 1126//1126
f 1126//1126 1127//1127 1128//1128
f 1126//1126 1125//1125 1127//1127
f 1129//1129 1130//1130 1131//1131
f 1132//1132 1131//1131 1133//1133
f 1134//1134 1133//1133 1135//1135
f 1136//1136 1135//1135 1137//1137
f 1138//1138 1139//1139 1130//1130
f 1140//1140 1141//1141 1139//1139
f 1142//1142 1143//1143 1141//1141
f 1144//1144 1145//1145 1146//1146
f 1147//1147 1137//1137 1148//1148
f 1149//1149 1148//1148 1145//1145
f 1132//1132 1129//1129 1131//1131
f 1132//1132 1133//1133 1134//1134
f 1134//1134 1135//1135 1136//1136
f 1136//1136 1137//1137 1147//1147
f 1150//1150 1151//1151 1152//1152
f 1150//1150 1153//1153 1151//1151
f 1151//1151 1154//1154 1152//1152
f 1129//1129 1138//1138 1130//1130
f 1138//1138 1140//1140 1139//1139
f 1140//1140 1142//1142 1141//1141
f 1144//1144 1146//1146 1155//1155
f 1152//1152 1154//1154 1156//1156
f 1156//1156 1157//1157 1158//1158
f 1156//1156 1154//1154 1157//1157
f 1158//1158 1159//1159 1160//1160
f 1158//1158 1157//1157 1159//1159
f 1159//1159 1161//1161 1160//1160
f 1147//1147 1148//1148 1149//1149
f 1149//1149 1145//1145 1144//1144
f 1162//1162 1163//1163 1143//1143
f 1155//1155 1146//1146 1163//1163
f 1142//1142 1162//1162 1143//1143
f 1162//1162 1155//1155 1163//1163
f 1160//1160 1161//1161 1164//1164
f 1165//1165 1166//1166 1167//1167
f 1168//1168 1167//1167 1169//1169
f 1170//1170 1171//1171 1166//1166
f 1172//1172 1173//1173 1171//1171
f 1174//1174 1175//1175 1173//1173
f 1168//1168 1165//1165 1167//1167
f 1168//1168 1169//1169 1176//1176
f 1177//1177 1178//1178 1179//1179
f 1177//1177 1179//1179 1180//1180
f 1165//1165 1170//1170 1166//1166
f 1170//1170 1172//1172 1171//1171
f 1172//1172 1174//1174 1173//1173
f 1180//1180 1181//1181 1182//1182
f 1182//1182 1183//1183 1184//1184
f 1184//1184 1185//1185 1186//1186
f 1187//1187 1188//1188 1175//1175
f 1174//1174 1187//1187 1175//1175
f 1186//1186 1189//1189 1190//1190
f 1176//1176 1169//1169 1191//1191
f 1192//1192 1191//1191 1193//1193
f 1194//1194 1193//1193 1195//1195
f 1196//1196 1195//1195 1197//1197
f 1198//1198 1197//1197 1199//1199
f 1176//1176 1191//1191 1192//1192
f 1192//1192 1193//1193 1194//1194
f 1180//1180 1179//1179 1181//1181
f 1194//1194 1195//1195 1196//1196
f 1198//1198 1199//1199 1200//1200
f 1196//1196 1197//1197 1198//1198
f 1182//1182 1181//1181 1183//1183
f 1184//1184 1183//1183 1185//1185
f 1186//1186 1185//1185 1189//1189
f 1200//1200 1199//1199 1188//1188
f 1187//1187 1200//1200 1188//1188
f 1201//1201 1202//1202 1203//1203
f 1204//1204 1205//1205 1202//1202
f 1206//1206 1207//1207 1208//1208
f 1209//1209 1203//1203 1207//1207
f 1210//1210 1208//1208 1211//1211
f 1212//1212 1211//1211 1213//1213
f 1214//1214 1215//1215 1205//1205
f 1216//1216 1213//1213 1217//1217
f 1218//1218 1217//1217 1219//1219
f 1220//1220 1219//1219 1221//1221
f 1209//1209 1201//1201 1203//1203
f 1201//1201 1204//1204 1202//1202
f 1209//1209 1207//1207 1206//1206
f 1206//1206 1208//1208 1210//1210
f 1210//1210 1211//1211 1212//1212
f 1212//1212 1213//1213 1216//1216
f 1222//1222 1223//1223 1224//1224
f 1223//1223 1225//1225 1224//1224
f 1222//1222 1224//1224 1226//1226
f 1204//1204 1214//1214 1205//1205
f 1216//1216 1217//1217 1218//1218
f 1218//1218 1219//1219 1220//1220
f 1220//1220 1221//1221 1227//1227
f 1222//1222 1226//1226 1228//1228
f 1228//1228 1229//1229 1230//1230
f 1228//1228 1226//1226 1229//1229
f 1230//1230 1229//1229 1231//1231
f 1230//1230 1231//1231 1232//1232
f 1231//1231 1233//1233 1232//1232
f 1234//1234 1235//1235 1215//1215
f 1227//1227 1221//1221 1235//1235
f 1214//1214 1234//1234 1215//1215
f 1234//1234 1227//1227 1235//1235
f 1232//1232 1233//1233 1236//1236
f 1237//1237 1238//1238 1239//1239
f 1240//1240 1239//1239 1241//1241
f 1242//1242 1241//1241 1243//1243
f 1244//1244 1243//1243 1245//1245
f 1246//1246 1247//1247 1238//1238
f 1248//1248 1249//1249 1247//1247
f 1250//1250 1251//1251 1249//1249
f 1252//1252 1253//1253 1254//1254
f 1255//1255 1245//1245 1256//1256
f 1257//1257 1256//1256 1253//1253
f 1240//1240 1237//1237 1239//1239
f 1240//1240 1241//1241 1242//1242
f 1242//1242 1243//1243 1244//1244
f 1244//1244 1245//1245 1255//1255
f 1258//1258 1259//1259 1260//1260
f 1258//1258 1261//1261 1259//1259
f 1259//1259 1262//1262 1260//1260
f 1237//1237 1246//1246 1238//1238
f 1246//1246 1248//1248 1247//1247
f 1248//1248 1250//1250 1249//1249
f 1252//1252 1254//1254 1263//1263
f 1260//1260 1262//1262 1264//1264
f 1264//1264 1265//1265 1266//1266
f 1264//1264 1262//1262 1265//1265
f 1266//1266 1267//1267 1268//1268
f 1266//1266 1265//1265 1267//1267
f 1267//1267 1269//1269 1268//1268
f 1255//1255 1256//1256 1257//1257
f 1257//1257 1253//1253 1252//1252
f 1270//1270 1271//1271 1251//1251
f 1263//1263 1254//1254 1271//1271
f 1250//1250 1270//1270 1251//1251
f 1270//1270 1263//1263 1271//1271
f 1268//1268 1269//1269 1272//1272
f 1273//1273 1274//1274 1275//1275
f 1276//1276 1275//1275 1277//1277
f 1278//1278 1279//1279 1274//1274
f 1280//1280 1281//1281 1279//1279
f 1282//1282 1283//1283 1281//1281
f 1276//1276 1273//1273 1275//1275
f 1276//1276 1277//1277 1284//1284
f 1285//1285 1286//1286 1287//1287
f 1278//1278 1274//1274 1273//1273
f 1278//1278 1280//1280 1279//1279
f 1280//1280 1282//1282 1281//1281
f 1288//1288 1287//1287 1289//1289
f 1288//1288 1290//1290 1291//1291
f 1291//1291 1292//1292 1293//1293
f 1294//1294 1295//1295 1283//1283
f 1282//1282 1294//1294 1283//1283
f 1284//1284 1277//1277 1296//1296
f 1297//1297 1296//1296 1298//1298
f 1299//1299 1298//1298 1300//1300
f 1301//1301 1300//1300 1302//1302
f 1303//1303 1302//1302 1304//1304
f 1284//1284 1296//1296 1297//1297
f 1297//1297 1298//1298 1299//1299
f 1285//1285 1305//1305 1286//1286
f 1287//1287 1286//1286 1289//1289
f 1299//1299 1300//1300 1301//1301
f 1301//1301 1302//1302 1303//1303
f 1303//1303 1304//1304 1306//1306
f 1288//1288 1289//1289 1290//1290
f 1291//1291 1290//1290 1292//1292
f 1293//1293 1292//1292 1307//1307
f 1306//1306 1304//1304 1295//1295
f 1294//1294 1306//1306 1295//1295
f 1293//1293 1307//1307 1308//1308
f 1309//1309 1310//1310 1311//1311
f 1312//1312 1313//1313 1310//1310
f 1314//1314 1315//1315 1316//1316
f 1317//1317 1311//1311 1315//1315
f 1318//1318 1316//1316 1319//1319
f 1320//1320 1319//1319 1321//1321
f 1322//1322 1323//1323 1313//1313
f 1324//1324 1321//1321 1325//1325
f 1326//1326 1325//1325 1327//1327
f 1328//1328 1327//1327 1329//1329
f 1317//1317 1309//1309 1311//1311
f 1309//1309 1312//1312 1310//1310
f 1314//1314 1317//1317 1315//1315
f 1314//1314 1316//1316 1318//1318
f 1318//1318 1319//1319 1320//1320
f 1320//1320 1321//1321 1324//1324
f 1330//1330 1331//1331 1332//1332
f 1330//1330 1333//1333 1331//1331
f 1331//1331 1334//1334 1332//1332
f 1312//1312 1322//1322 1313//1313
f 1324//1324 1325//1325 1326//1326
f 1326//1326 1327//1327 1328//1328
f 1328//1328 1329//1329 1335//1335
f 1332//1332 1334//1334 1336//1336
f 1336//1336 1337//1337 1338//1338
f 1336//1336 1334//1334 1337//1337
f 1338//1338 1337//1337 1339//1339
f 1338//1338 1339//1339 1340//1340
f 1339//1339 1341//1341 1340//1340
f 1342//1342 1343//1343 1323//1323
f 1335//1335 1329//1329 1343//1343
f 1322//1322 1342//1342 1323//1323
f 1342//1342 1335//1335 1343//1343
f 1340//1340 1341//1341 1344//1344
f 1345//1345 1346//1346 1347//1347
f 1348//1348 1349//1349 1346//1346
f 1350//1350 1351//1351 1352//1352
f 1353//1353 1347//1347 1351//1351
f 1354//1354 1352//1352 1355//1355
f 1356//1356 1355//1355 1357//1357
f 1353//1353 1345//1345 1347//1347
f 1345//1345 1348//1348 1346//1346
f 1350//1350 1353//1353 1351//1351
f 1350//1350 1352//1352 1354//1354
f 1354//1354 1355//1355 1356//1356
f 1358//1358 1359//1359 1360//1360
f 1361//1361 1359//1359 1358//1358
f 1360//1360 1362//1362 1363//1363
f 1360//1360 1359//1359 1362//1362
f 1362//1362 1364//1364 1363//1363
f 1356//1356 1357//1357 1365//1365
f 1366//1366 1367//1367 1349//1349
f 1368//1368 1369//1369 1367//1367
f 1370//1370 1371//1371 1369//1369
f 1372//1372 1373//1373 1371//1371
f 1374//1374 1375//1375 1373//1373
f 1365//1365 1357//1357 1375//1375
f 1348//1348 1366//1366 1349//1349
f 1366//1366 1368//1368 1367//1367
f 1368//1368 1370//1370 1369//1369
f 1370//1370 1372//1372 1371//1371
f 1374//1374 1373//1373 1372//1372
f 1363//1363 1364//1364 1376//1376
f 1376//1376 1364//1364 1377//1377
f 1376//1376 1377//1377 1378//1378
f 1378//1378 1379//1379 1380//1380
f 1377//1377 1379//1379 1378//1378
f 1365//1365 1375//1375 1374//1374
f 1381//1381 1382//1382 1383//1383
f 1384//1384 1385//1385 1382//1382
f 1386//1386 1387//1387 1385//1385
f 1384//1384 1382//1382 1381//1381
f 1388//1388 1381//1381 1383//1383
f 1384//1384 1386//1386 1385//1385
f 1389//1389 1390//1390 1391//1391
f 1392//1392 1391//1391 1390//1390
f 1392//1392 1393//1393 1394//1394
f 1388//1388 1383//1383 1395//1395
f 1396//1396 1395//1395 1397//1397
f 1398//1398 1397//1397 1399//1399
f 1388//1388 1395//1395 1396//1396
f 1396//1396 1397//1397 1398//1398
f 1398//1398 1399//1399 1400//1400
f 1392//1392 1390//1390 1393//1393
f 1393//1393 1401//1401 1394//1394
f 1402//1402 1403//1403 1387//1387
f 1404//1404 1405//1405 1403//1403
f 1406//1406 1407//1407 1405//1405
f 1386//1386 1402//1402 1387//1387
f 1402//1402 1404//1404 1403//1403
f 1404//1404 1406//1406 1405//1405
f 1394//1394 1401//1401 1408//1408
f 1408//1408 1409//1409 1410//1410
f 1410//1410 1411//1411 1412//1412
f 1400//1400 1399//1399 1413//1413
f 1414//1414 1415//1415 1407//1407
f 1416//1416 1413//1413 1415//1415
f 1400//1400 1413//1413 1416//1416
f 1416//1416 1415//1415 1414//1414
f 1406//1406 1414//1414 1407//1407
f 1408//1408 1401//1401 1409//1409
f 1410//1410 1409//1409 1411//1411
f 1417//1417 1418//1418 1419//1419
f 1420//1420 1421//1421 1422//1422
f 1423//1423 1422//1422 1424//1424
f 1425//1425 1419//1419 1421//1421
f 1426//1426 1424//1424 1427//1427
f 1428//1428 1427//1427 1429//1429
f 1425//1425 1417//1417 1419//1419
f 1425//1425 1421//1421 1420//1420
f 1423//1423 1420//1420 1422//1422
f 1423//1423 1424//1424 1426//1426
f 1426//1426 1427//1427 1428//1428
f 1428//1428 1429//1429 1430//1430
f 1431//1431 1432//1432 1433//1433
f 1434//1434 1433//1433 1432//1432
f 1431//1431 1435//1435 1436//1436
f 1431//1431 1433//1433 1435//1435
f 1435//1435 1437//1437 1436//1436
f 1438//1438 1439//1439 1418//1418
f 1440//1440 1441//1441 1439//1439
f 1442//1442 1443//1443 1444//1444
f 1445//1445 1444//1444 1441//1441
f 1430//1430 1429//1429 1446//1446
f 1447//1447 1446//1446 1443//1443
f 1417//1417 1438//1438 1418//1418
f 1438//1438 1440//1440 1439//1439
f 1440//1440 1445//1445 1441//1441
f 1445//1445 1442//1442 1444//1444
f 1430//1430 1446//1446 1447//1447
f 1447//1447 1443//1443 1442//1442
f 1436//1436 1437//1437 1448//1448
f 1448//1448 1437//1437 1449//1449
f 1448//1448 1449//1449 1450//1450
f 1450//1450 1451//1451 1452//1452
f 1449//1449 1451//1451 1450//1450
f 1453//1453 1454//1454 1455//1455
f 1456//1456 1457//1457 1454//1454
f 1458//1458 1459//1459 1460//1460
f 1461//1461 1455//1455 1459//1459
f 1462//1462 1460//1460 1463//1463
f 1464//1464 1463//1463 1465//1465
f 1453//1453 1455//1455 1461//1461
f 1453//1453 1456//1456 1454//1454
f 1458//1458 1461//1461 1459//1459
f 1458//1458 1460//1460 1462//1462
f 1462//1462 1463//1463 1464//1464
f 1466//1466 1467//1467 1468//1468
f 1469//1469 1468//1468 1467//1467
f 1466//1466 1470//1470 1471//1471
f 1466//1466 1468//1468 1470//1470
f 1470//1470 1472//1472 1471//1471
f 1464//1464 1465//1465 1473//1473
f 1474//1474 1475//1475 1457//1457
f 1476//1476 1477//1477 1475//1475
f 1478//1478 1479//1479 1477//1477
f 1480//1480 1481//1481 1479//1479
f 1482//1482 1483//1483 1481//1481
f 1473//1473 1465//1465 1483//1483
f 1456//1456 1474//1474 1457//1457
f 1474//1474 1476//1476 1475//1475
f 1476//1476 1478//1478 1477//1477
f 1478//1478 1480//1480 1479//1479
f 1480//1480 1482//1482 1481//1481
f 1471//1471 1472//1472 1484//1484
f 1484//1484 1472//1472 1485//1485
f 1484//1484 1485//1485 1486//1486
f 1486//1486 1487//1487 1488//1488
f 1486//1486 1485//1485 1487//1487
f 1473//1473 1483//1483 1482//1482
f 1489//1489 1490//1490 1491//1491
f 1492//1492 1493//1493 1490//1490
f 1494//1494 1495//1495 1493//1493
f 1489//1489 1491//1491 1496//1496
f 1489//1489 1492//1492 1490//1490
f 1492//1492 1494//1494 1493//1493
f 1497//1497 1498//1498 1499//1499
f 1499//1499 1500//1500 1501//1501
f 1496//1496 1491//1491 1502//1502
f 1503//1503 1502//1502 1504//1504
f 1505//1505 1504//1504 1506//1506
f 1496//1496 1502//1502 1503//1503
f 1503//1503 1504//1504 1505//1505
f 1505//1505 1506//1506 1507//1507
f 1497//1497 1508//1508 1498//1498
f 1499//1499 1498//1498 1500//1500
f 1500//1500 1509//1509 1501//1501
f 1510//1510 1511//1511 1495//1495
f 1512//1512 1513//1513 1511//1511
f 1514//1514 1515//1515 1513//1513
f 1494//1494 1510//1510 1495//1495
f 1510//1510 1512//1512 1511//1511
f 1512//1512 1514//1514 1513//1513
f 1501//1501 1509//1509 1516//1516
f 1516//1516 1517//1517 1518//1518
f 1507//1507 1506//1506 1519//1519
f 1520//1520 1521//1521 1515//1515
f 1522//1522 1519//1519 1521//1521
f 1507//1507 1519//1519 1522//1522
f 1514//1514 1520//1520 1515//1515
f 1522//1522 1521//1521 1520//1520
f 1516//1516 1509//1509 1517//1517
f 1518//1518 1517//1517 1523//1523
f 1518//1518 1523//1523 1524//1524
f 1525//1525 1526//1526 1527//1527
f 1528//1528 1529//1529 1530//1530
f 1531//1531 1530//1530 1532//1532
f 1533//1533 1527//1527 1529//1529
f 1534//1534 1532//1532 1535//1535
f 1536//1536 1535//1535 1537//1537
f 1533//1533 1525//1525 1527//1527
f 1533//1533 1529//1529 1528//1528
f 1528//1528 1530//1530 1531//1531
f 1531//1531 1532//1532 1534//1534
f 1534//1534 1535//1535 1536//1536
f 1536//1536 1537//1537 1538//1538
f 1539//1539 1540//1540 1541//1541
f 1540//1540 1542//1542 1541//1541
f 1539//1539 1543//1543 1544//1544
f 1539//1539 1541//1541 1543//1543
f 1543//1543 1545//1545 1544//1544
f 1546//1546 1547//1547 1526//1526
f 1548//1548 1549//1549 1547//1547
f 1550//1550 1551//1551 1552//1552
f 1553//1553 1552//1552 1549//1549
f 1538//1538 1537//1537 1554//1554
f 1555//1555 1554//1554 1551//1551
f 1525//1525 1546//1546 1526//1526
f 1546//1546 1548//1548 1547//1547
f 1548//1548 1553//1553 1549//1549
f 1553//1553 1550//1550 1552//1552
f 1538//1538 1554//1554 1555//1555
f 1555//1555 1551//1551 1550//1550
f 1544//1544 1545//1545 1556//1556
f 1556//1556 1545//1545 1557//1557
f 1556//1556 1557//1557 1558//1558
f 1558//1558 1559//1559 1560//1560
f 1557//1557 1559//1559 1558//1558
f 1561//1561 1562//1562 1563//1563
f 1564//1564 1563//1563 1565//1565
f 1561//1561 1563//1563 1564//1564
f 1564//1564 1565//1565 1566//1566
f 1567//1567 1568//1568 1569//1569
f 1570//1570 1571//1571 1562//1562
f 1572//1572 1573//1573 1571//1571
f 1574//1574 1575//1575 1573//1573
f 1566//1566 1565//1565 1576//1576
f 1577//1577 1578//1578 1575//1575
f 1579//1579 1580//1580 1578//1578
f 1581//1581 1582//1582 1583//1583
f 1584//1584 1583//1583 1580//1580
f 1585//1585 1576//1576 1586//1586
f 1587//1587 1586//1586 1582//1582
f 1561//1561 1570//1570 1562//1562
f 1570//1570 1572//1572 1571//1571
f 1572//1572 1574//1574 1573//1573
f 1566//1566 1576//1576 1585//1585
f 1567//1567 1569//1569 1588//1588
f 1588//1588 1569//1569 1589//1589
f 1588//1588 1589//1589 1590//1590
f 1590//1590 1591//1591 1592//1592
f 1589//1589 1591//1591 1590//1590
f 1592//1592 1591//1591 1593//1593
f 1574//1574 1577//1577 1575//1575
f 1577//1577 1579//1579 1578//1578
f 1579//1579 1584//1584 1580//1580
f 1584//1584 1581//1581 1583//1583
f 1592//1592 1593//1593 1594//1594
f 1594//1594 1595//1595 1596//1596
f 1594//1594 1593//1593 1595//1595
f 1585//1585 1586//1586 1587//1587
f 1587//1587 1582//1582 1581//1581
f 1597//1597 1598//1598 1599//1599
f 1597//1597 1599//1599 1600//1600
f 1601//1601 1602//1602 1603//1603
f 1604//1604 1605//1605 1598//1598
f 1606//1606 1607//1607 1605//1605
f 1608//1608 1609//1609 1607//1607
f 1610//1610 1611//1611 1609//1609
f 1612//1612 1613//1613 1611//1611
f 1604//1604 1598//1598 1597//1597
f 1604//1604 1606//1606 1605//1605
f 1606//1606 1608//1608 1607//1607
f 1614//1614 1601//1601 1603//1603
f 1614//1614 1615//1615 1616//1616
f 1616//1616 1617//1617 1618//1618
f 1608//1608 1610//1610 1609//1609
f 1610//1610 1612//1612 1611//1611
f 1618//1618 1619//1619 1620//1620
f 1620//1620 1621//1621 1622//1622
f 1600//1600 1599//1599 1623//1623
f 1600//1600 1623//1623 1624//1624
f 1624//1624 1623//1623 1625//1625
f 1626//1626 1625//1625 1627//1627
f 1628//1628 1627//1627 1629//1629
f 1630//1630 1631//1631 1613//1613
f 1632//1632 1629//1629 1631//1631
f 1624//1624 1625//1625 1626//1626
f 1626//1626 1627//1627 1628//1628
f 1628//1628 1629//1629 1632//1632
f 1614//1614 1603//1603 1615//1615
f 1616//1616 1615//1615 1617//1617
f 1618//1618 1617//1617 1619//1619
f 1612//1612 1630//1630 1613//1613
f 1632//1632 1631//1631 1630//1630
f 1620//1620 1619//1619 1621//1621
f 1633//1633 1634//1634 1635//1635
f 1636//1636 1635//1635 1637//1637
f 1633//1633 1635//1635 1636//1636
f 1636//1636 1637//1637 1638//1638
f 1639//1639 1640//1640 1641//1641
f 1642//1642 1643//1643 1644//1644
f 1645//1645 1646//1646 1643//1643
f 1647//1647 1644//1644 1634//1634
f 1638//1638 1637//1637 1648//1648
f 1649//1649 1648//1648 1650//1650
f 1651//1651 1650//1650 1652//1652
f 1653//1653 1654//1654 1646//1646
f 1655//1655 1656//1656 1654//1654
f 1657//1657 1658//1658 1656//1656
f 1659//1659 1652//1652 1658//1658
f 1647//1647 1642//1642 1644//1644
f 1642//1642 1645//1645 1643//1643
f 1647//1647 1634//1634 1633//1633
f 1638//1638 1648//1648 1649//1649
f 1649//1649 1650//1650 1651//1651
f 1651//1651 1652//1652 1659//1659
f 1660//1660 1639//1639 1641//1641
f 1660//1660 1661//1661 1662//1662
f 1660//1660 1641//1641 1661//1661
f 1662//1662 1663//1663 1664//1664
f 1662//1662 1661//1661 1663//1663
f 1664//1664 1663//1663 1665//1665
f 1645//1645 1653//1653 1646//1646
f 1653//1653 1655//1655 1654//1654
f 1655//1655 1657//1657 1656//1656
f 1659//1659 1658//1658 1657//1657
f 1664//1664 1665//1665 1666//1666
f 1666//1666 1667//1667 1668//1668
f 1666//1666 1665//1665 1667//1667
f 1669//1669 1670//1670 1671//1671
f 1672//1672 1671//1671 1673//1673
f 1669//1669 1671//1671 1672//1672
f 1672//1672 1673//1673 1674//1674
f 1675//1675 1676//1676 1677//1677
f 1678//1678 1679//1679 1670//1670
f 1680//1680 1681//1681 1679//1679
f 1682//1682 1683//1683 1681//1681
f 1674//1674 1673//1673 1684//1684
f 1685//1685 1686//1686 1683//1683
f 1687//1687 1688//1688 1686//1686
f 1689//1689 1690//1690 1691//1691
f 1692//1692 1691//1691 1688//1688
f 1693//1693 1684//1684 1694//1694
f 1695//1695 1694//1694 1690//1690
f 1678//1678 1670//1670 1669//1669
f 1678//1678 1680//1680 1679//1679
f 1680//1680 1682//1682 1681//1681
f 1674//1674 1684//1684 1693//1693
f 1696//1696 1675//1675 1677//1677
f 1696//1696 1677//1677 1697//1697
f 1696//1696 1697//1697 1698//1698
f 1698//1698 1699//1699 1700//1700
f 1698//1698 1697//1697 1699//1699
f 1700//1700 1699//1699 1701//1701
f 1682//1682 1685//1685 1683//1683
f 1685//1685 1687//1687 1686//1686
f 1687//1687 1692//1692 1688//1688
f 1692//1692 1689//1689 1691//1691
f 1700//1700 1701//1701 1702//1702
f 1702//1702 1703//1703 1704//1704
f 1702//1702 1701//1701 1703//1703
f 1693//1693 1694//1694 1695//1695
f 1695//1695 1690//1690 1689//1689
f 1705//1705 1706//1706 1707//1707
f 1705//1705 1707//1707 1708//1708
f 1709//1709 1710//1710 1706//1706
f 1711//1711 1712//1712 1710//1710
f 1713//1713 1714//1714 1712//1712
f 1715//1715 1716//1716 1714//1714
f 1717//1717 1718//1718 1716//1716
f 1709//1709 1711//1711 1710//1710
f 1705//1705 1709//1709 1706//1706
f 1711//1711 1713//1713 1712//1712
f 1719//1719 1720//1720 1721//1721
f 1721//1721 1722//1722 1723//1723
f 1723//1723 1724//1724 1725//1725
f 1713//1713 1715//1715 1714//1714
f 1715//1715 1717//1717 1716//1716
f 1725//1725 1726//1726 1727//1727
f 1708//1708 1707//1707 1728//1728
f 1708//1708 1728//1728 1729//1729
f 1719//1719 1730//1730 1720//1720
f 1729//1729 1728//1728 1731//1731
f 1732//1732 1731//1731 1733//1733
f 1734//1734 1733//1733 1735//1735
f 1736//1736 1737//1737 1718//1718
f 1738//1738 1735//1735 1737//1737
f 1729//1729 1731//1731 1732//1732
f 1732//1732 1733//1733 1734//1734
f 1734//1734 1735//1735 1738//1738
f 1721//1721 1720//1720 1722//1722
f 1723//1723 1722//1722 1724//1724
f 1725//1725 1724//1724 1726//1726
f 1717//1717 1736//1736 1718//1718
f 1736//1736 1738//1738 1737//1737
f 1727//1727 1726//1726 1739//1739
f 1727//1727 1739//1739 1740//1740
f 1741//1741 1742//1742 1743//1743
f 1744//1744 1743//1743 1745//1745
f 1741//1741 1743//1743 1744//1744
f 1744//1744 1745//1745 1746//1746
f 1747//1747 1748//1748 1749//1749
f 1750//1750 1751//1751 1752//1752
f 1753//1753 1754//1754 1751//1751
f 1755//1755 1752//1752 1742//1742
f 1746//1746 1745//1745 1756//1756
f 1757//1757 1756//1756 1758//1758
f 1759//1759 1758//1758 1760//1760
f 1761//1761 1762//1762 1754//1754
f 1763//1763 1764//1764 1762//1762
f 1765//1765 1766//1766 1764//1764
f 1767//1767 1760//1760 1766//1766
f 1755//1755 1750//1750 1752//1752
f 1750//1750 1753//1753 1751//1751
f 1741//1741 1755//1755 1742//1742
f 1746//1746 1756//1756 1757//1757
f 1757//1757 1758//1758 1759//1759
f 1759//1759 1760//1760 1767//1767
f 1747//1747 1749//1749 1768//1768
f 1768//1768 1769//1769 1770//1770
f 1768//1768 1749//1749 1769//1769
f 1770//1770 1771//1771 1772//1772
f 1769//1769 1771//1771 1770//1770
f 1772//1772 1771//1771 1773//1773
f 1753//1753 1761//1761 1754//1754
f 1761//1761 1763//1763 1762//1762
f 1763//1763 1765//1765 1764//1764
f 1767//1767 1766//1766 1765//1765
f 1772//1772 1773//1773 1774//1774
f 1774//1774 1775//1775 1776//1776
f 1774//1774 1773//1773 1775//1775
