v -0.74000 -0.04900 -0.99000
v -0.74566 -0.04666 -0.99000
v -0.74000 -0.04666 -0.99566
v -0.74566 -0.04100 -0.99566
v -0.74800 -0.04100 -0.99000
v -0.74000 -0.04100 -0.99800
v -0.74566 0.04100 -0.99566
v -0.74566 -0.04666 0.99000
v -0.74800 0.04100 -0.99000
v -0.74000 0.04100 -0.99800
v -0.74800 0.04100 0.99000
v 0.74000 -0.04900 -0.99000
v 0.74000 -0.04100 -0.99800
v 0.74000 0.04100 -0.99800
v -0.74000 -0.04900 0.99000
v -0.74800 -0.04100 0.99000
v -0.74000 -0.04666 0.99566
v -0.74566 -0.04100 0.99566
v -0.74000 -0.04100 0.99800
v -0.74566 0.04100 0.99566
v -0.74000 0.04100 0.99800
v 0.74000 -0.04900 0.99000
v 0.74000 -0.04666 0.99566
v 0.74000 -0.04100 0.99800
v -0.74566 0.04666 -0.99000
v -0.74000 0.04666 -0.99566
v -0.74000 0.04900 -0.99000
v -0.70000 0.04900 -0.87500
v -0.68995 0.04900 -0.91250
v -0.66250 0.04900 -0.93995
v -0.62500 0.04900 -0.95000
v -0.70000 0.04900 -0.62500
v -0.68995 0.04900 -0.83750
v -0.68995 0.04900 -0.66250
v -0.66250 0.04900 -0.81005
v -0.37500 0.04900 -0.95000
v -0.62500 0.04900 -0.70000
v -0.62500 0.04900 -0.80000
v -0.58750 0.04900 -0.81005
v -0.56005 0.04900 -0.66250
v -0.56005 0.04900 -0.83750
v -0.70000 0.04900 -0.37500
v -0.66250 0.04900 -0.68995
v -0.68995 0.04900 -0.58750
v -0.68995 0.04900 -0.41250
v -0.66250 0.04900 -0.56005
v -0.58750 0.04900 -0.68995
v -0.66250 0.04900 -0.43995
v -0.62500 0.04900 -0.55000
v -0.58750 0.04900 -0.43995
v -0.58750 0.04900 -0.56005
v -0.56005 0.04900 -0.58750
v -0.58750 0.04900 -0.93995
v -0.41250 0.04900 -0.93995
v -0.56005 0.04900 -0.91250
v -0.55000 0.04900 -0.87500
v -0.45000 0.04900 -0.87500
v -0.43995 0.04900 -0.91250
v -0.43995 0.04900 -0.83750
v -0.43995 0.04900 -0.66250
v -0.41250 0.04900 -0.81005
v -0.37500 0.04900 -0.70000
v -0.37500 0.04900 -0.80000
v -0.55000 0.04900 -0.62500
v -0.45000 0.04900 -0.62500
v -0.43995 0.04900 -0.58750
v -0.43995 0.04900 -0.41250
v -0.41250 0.04900 -0.68995
v -0.41250 0.04900 -0.56005
v -0.41250 0.04900 -0.43995
v -0.37500 0.04900 -0.55000
v -0.70000 0.04900 -0.12500
v -0.74000 0.04900 0.99000
v -0.70000 0.04900 0.12500
v -0.68995 0.04900 -0.33750
v -0.68995 0.04900 -0.16250
v -0.66250 0.04900 -0.31005
v -0.62500 0.04900 -0.45000
v -0.56005 0.04900 -0.41250
v -0.66250 0.04900 -0.18995
v -0.62500 0.04900 -0.30000
v -0.62500 0.04900 -0.20000
v -0.58750 0.04900 -0.31005
v -0.58750 0.04900 -0.18995
v -0.56005 0.04900 -0.33750
v -0.70000 0.04900 0.37500
v -0.68995 0.04900 0.08750
v -0.68995 0.04900 -0.08750
v -0.66250 0.04900 -0.06005
v -0.56005 0.04900 -0.16250
v -0.66250 0.04900 0.06005
v -0.62500 0.04900 -0.05000
v -0.58750 0.04900 0.06005
v -0.58750 0.04900 -0.06005
v -0.56005 0.04900 -0.08750
v -0.55000 0.04900 -0.37500
v -0.45000 0.04900 -0.37500
v -0.43995 0.04900 -0.33750
v -0.43995 0.04900 -0.16250
v -0.37500 0.04900 -0.45000
v -0.41250 0.04900 -0.31005
v -0.41250 0.04900 -0.18995
v -0.37500 0.04900 -0.30000
v -0.55000 0.04900 -0.12500
v -0.45000 0.04900 -0.12500
v -0.43995 0.04900 -0.08750
v -0.43995 0.04900 0.08750
v -0.37500 0.04900 -0.20000
v -0.41250 0.04900 -0.06005
v -0.41250 0.04900 0.06005
v -0.37500 0.04900 -0.05000
v -0.33750 0.04900 -0.93995
v -0.16250 0.04900 -0.93995
v -0.33750 0.04900 -0.81005
v -0.30000 0.04900 -0.87500
v -0.31005 0.04900 -0.83750
v -0.31005 0.04900 -0.66250
v 0.74000 0.04900 -0.99000
v -0.31005 0.04900 -0.91250
v -0.18995 0.04900 -0.91250
v -0.12500 0.04900 -0.95000
v -0.20000 0.04900 -0.87500
v -0.20000 0.04900 -0.62500
v -0.18995 0.04900 -0.83750
v -0.33750 0.04900 -0.68995
v -0.30000 0.04900 -0.62500
v -0.33750 0.04900 -0.43995
v -0.33750 0.04900 -0.56005
v -0.31005 0.04900 -0.58750
v -0.31005 0.04900 -0.41250
v -0.18995 0.04900 -0.66250
v -0.20000 0.04900 -0.37500
v -0.18995 0.04900 -0.58750
v -0.16250 0.04900 -0.81005
v -0.12500 0.04900 -0.70000
v -0.12500 0.04900 -0.80000
v -0.08750 0.04900 -0.81005
v -0.08750 0.04900 -0.93995
v 0.08750 0.04900 -0.93995
v -0.06005 0.04900 -0.91250
v 0.06005 0.04900 -0.91250
v -0.05000 0.04900 -0.87500
v 0.05000 0.04900 -0.87500
v -0.06005 0.04900 -0.83750
v 0.06005 0.04900 -0.83750
v 0.08750 0.04900 -0.68995
v -0.16250 0.04900 -0.68995
v -0.08750 0.04900 -0.68995
v -0.18995 0.04900 -0.41250
v -0.16250 0.04900 -0.56005
v -0.16250 0.04900 -0.43995
v -0.12500 0.04900 -0.55000
v -0.08750 0.04900 -0.43995
v -0.08750 0.04900 -0.56005
v -0.06005 0.04900 -0.66250
v 0.06005 0.04900 -0.66250
v -0.05000 0.04900 -0.62500
v 0.05000 0.04900 -0.62500
v -0.06005 0.04900 -0.58750
v 0.06005 0.04900 -0.58750
v -0.30000 0.04900 -0.37500
v -0.33750 0.04900 -0.31005
v -0.33750 0.04900 -0.18995
v -0.31005 0.04900 -0.33750
v -0.31005 0.04900 -0.16250
v -0.20000 0.04900 -0.12500
v -0.18995 0.04900 -0.33750
v -0.30000 0.04900 -0.12500
v -0.33750 0.04900 0.06005
v -0.33750 0.04900 -0.06005
v -0.31005 0.04900 -0.08750
v -0.31005 0.04900 0.08750
v -0.18995 0.04900 -0.16250
v -0.20000 0.04900 0.12500
v -0.18995 0.04900 0.08750
v -0.18995 0.04900 -0.08750
v -0.12500 0.04900 -0.45000
v -0.16250 0.04900 -0.31005
v -0.16250 0.04900 -0.18995
v -0.12500 0.04900 -0.30000
v -0.12500 0.04900 -0.20000
v -0.08750 0.04900 -0.31005
v -0.06005 0.04900 -0.41250
v 0.06005 0.04900 -0.41250
v -0.05000 0.04900 -0.37500
v 0.05000 0.04900 -0.37500
v -0.08750 0.04900 -0.18995
v -0.06005 0.04900 -0.33750
v 0.06005 0.04900 -0.33750
v -0.16250 0.04900 -0.06005
v -0.16250 0.04900 0.06005
v -0.12500 0.04900 -0.05000
v -0.08750 0.04900 0.06005
v -0.08750 0.04900 -0.06005
v -0.06005 0.04900 -0.16250
v 0.06005 0.04900 -0.16250
v -0.05000 0.04900 -0.12500
v 0.05000 0.04900 -0.12500
v 0.06005 0.04900 -0.08750
v -0.06005 0.04900 -0.08750
v -0.68995 0.04900 0.16250
v -0.68995 0.04900 0.33750
v -0.66250 0.04900 0.18995
v -0.62500 0.04900 0.05000
v -0.56005 0.04900 0.08750
v -0.66250 0.04900 0.31005
v -0.62500 0.04900 0.20000
v -0.62500 0.04900 0.30000
v -0.58750 0.04900 0.18995
v -0.58750 0.04900 0.31005
v -0.56005 0.04900 0.16250
v -0.74566 0.04666 0.99000
v -0.70000 0.04900 0.62500
v -0.68995 0.04900 0.41250
v -0.68995 0.04900 0.58750
v -0.66250 0.04900 0.43995
v -0.56005 0.04900 0.33750
v -0.66250 0.04900 0.56005
v -0.62500 0.04900 0.45000
v -0.62500 0.04900 0.55000
v -0.58750 0.04900 0.43995
v -0.58750 0.04900 0.56005
v -0.56005 0.04900 0.41250
v -0.55000 0.04900 0.12500
v -0.45000 0.04900 0.12500
v -0.43995 0.04900 0.16250
v -0.43995 0.04900 0.33750
v -0.37500 0.04900 0.05000
v -0.41250 0.04900 0.18995
v -0.41250 0.04900 0.31005
v -0.37500 0.04900 0.20000
v -0.55000 0.04900 0.37500
v -0.45000 0.04900 0.37500
v -0.43995 0.04900 0.41250
v -0.43995 0.04900 0.58750
v -0.37500 0.04900 0.30000
v -0.41250 0.04900 0.56005
v -0.41250 0.04900 0.43995
v -0.37500 0.04900 0.45000
v -0.33750 0.04900 0.43995
v -0.74000 0.04666 0.99566
v -0.70000 0.04900 0.87500
v -0.68995 0.04900 0.66250
v -0.68995 0.04900 0.83750
v -0.66250 0.04900 0.68995
v -0.56005 0.04900 0.58750
v -0.66250 0.04900 0.81005
v -0.62500 0.04900 0.70000
v -0.62500 0.04900 0.80000
v -0.58750 0.04900 0.68995
v -0.58750 0.04900 0.81005
v -0.56005 0.04900 0.66250
v -0.68995 0.04900 0.91250
v -0.66250 0.04900 0.93995
v -0.62500 0.04900 0.95000
v -0.37500 0.04900 0.95000
v -0.55000 0.04900 0.62500
v -0.45000 0.04900 0.62500
v -0.43995 0.04900 0.66250
v -0.56005 0.04900 0.83750
v -0.41250 0.04900 0.68995
v -0.37500 0.04900 0.70000
v -0.55000 0.04900 0.87500
v -0.45000 0.04900 0.87500
v -0.43995 0.04900 0.83750
v -0.56005 0.04900 0.91250
v -0.58750 0.04900 0.93995
v -0.41250 0.04900 0.93995
v -0.43995 0.04900 0.91250
v -0.41250 0.04900 0.81005
v -0.37500 0.04900 0.80000
v -0.12500 0.04900 0.95000
v -0.30000 0.04900 0.12500
v -0.33750 0.04900 0.18995
v -0.33750 0.04900 0.31005
v -0.31005 0.04900 0.16250
v -0.31005 0.04900 0.33750
v -0.30000 0.04900 0.37500
v -0.18995 0.04900 0.16250
v -0.16250 0.04900 0.18995
v -0.31005 0.04900 0.41250
v -0.37500 0.04900 0.55000
v -0.20000 0.04900 0.37500
v -0.12500 0.04900 0.20000
v -0.33750 0.04900 0.56005
v -0.18995 0.04900 0.33750
v -0.18995 0.04900 0.41250
v -0.12500 0.04900 0.05000
v -0.12500 0.04900 0.30000
v -0.08750 0.04900 0.18995
v -0.06005 0.04900 0.08750
v -0.08750 0.04900 0.31005
v -0.06005 0.04900 0.16250
v -0.16250 0.04900 0.31005
v -0.18995 0.04900 0.58750
v -0.16250 0.04900 0.43995
v -0.16250 0.04900 0.56005
v -0.12500 0.04900 0.45000
v -0.12500 0.04900 0.55000
v -0.08750 0.04900 0.43995
v -0.06005 0.04900 0.33750
v -0.05000 0.04900 0.37500
v 0.05000 0.04900 0.37500
v -0.08750 0.04900 0.56005
v -0.06005 0.04900 0.41250
v -0.06005 0.04900 0.58750
v 0.74000 0.04100 0.99800
v -0.33750 0.04900 0.68995
v -0.18995 0.04900 0.66250
v -0.31005 0.04900 0.58750
v -0.30000 0.04900 0.62500
v -0.20000 0.04900 0.62500
v -0.31005 0.04900 0.66250
v -0.33750 0.04900 0.81005
v -0.16250 0.04900 0.93995
v -0.33750 0.04900 0.93995
v -0.31005 0.04900 0.83750
v -0.30000 0.04900 0.87500
v -0.18995 0.04900 0.83750
v -0.20000 0.04900 0.87500
v -0.31005 0.04900 0.91250
v -0.18995 0.04900 0.91250
v 0.12500 0.04900 0.95000
v 0.74000 0.04900 0.99000
v -0.16250 0.04900 0.68995
v -0.16250 0.04900 0.81005
v -0.12500 0.04900 0.70000
v -0.12500 0.04900 0.80000
v -0.08750 0.04900 0.68995
v -0.05000 0.04900 0.62500
v 0.05000 0.04900 0.62500
v -0.08750 0.04900 0.81005
v -0.06005 0.04900 0.66250
v -0.06005 0.04900 0.83750
v -0.05000 0.04900 0.87500
v 0.05000 0.04900 0.87500
v -0.06005 0.04900 0.91250
v 0.06005 0.04900 0.91250
v -0.08750 0.04900 0.93995
v 0.08750 0.04900 0.93995
v 0.74000 -0.04666 -0.99566
v 0.74566 -0.04666 -0.99000
v 0.74566 -0.04100 -0.99566
v 0.74800 -0.04100 -0.99000
v 0.74566 0.04100 -0.99566
v 0.74566 -0.04666 0.99000
v 0.74800 0.04100 -0.99000
v 0.74800 -0.04100 0.99000
v 0.74566 -0.04100 0.99566
v 0.74800 0.04100 0.99000
v 0.74566 0.04100 0.99566
v 0.12500 0.04900 -0.95000
v 0.08750 0.04900 -0.81005
v 0.12500 0.04900 -0.70000
v 0.12500 0.04900 -0.80000
v 0.16250 0.04900 -0.81005
v 0.18995 0.04900 -0.66250
v 0.18995 0.04900 -0.83750
v 0.08750 0.04900 -0.56005
v 0.08750 0.04900 -0.43995
v 0.16250 0.04900 -0.68995
v 0.12500 0.04900 -0.55000
v 0.16250 0.04900 -0.43995
v 0.16250 0.04900 -0.56005
v 0.18995 0.04900 -0.58750
v 0.16250 0.04900 -0.93995
v 0.33750 0.04900 -0.93995
v 0.18995 0.04900 -0.91250
v 0.31005 0.04900 -0.91250
v 0.20000 0.04900 -0.87500
v 0.74000 0.04666 -0.99566
v 0.37500 0.04900 -0.95000
v 0.30000 0.04900 -0.87500
v 0.31005 0.04900 -0.83750
v 0.31005 0.04900 -0.66250
v 0.33750 0.04900 -0.81005
v 0.37500 0.04900 -0.70000
v 0.37500 0.04900 -0.80000
v 0.20000 0.04900 -0.62500
v 0.30000 0.04900 -0.62500
v 0.31005 0.04900 -0.58750
v 0.18995 0.04900 -0.41250
v 0.33750 0.04900 -0.56005
v 0.33750 0.04900 -0.68995
v 0.37500 0.04900 -0.55000
v 0.08750 0.04900 -0.31005
v 0.08750 0.04900 -0.18995
v 0.12500 0.04900 -0.45000
v 0.12500 0.04900 -0.30000
v 0.12500 0.04900 -0.20000
v 0.16250 0.04900 -0.31005
v 0.18995 0.04900 -0.33750
v 0.08750 0.04900 -0.06005
v 0.12500 0.04900 -0.05000
v 0.16250 0.04900 -0.06005
v 0.08750 0.04900 0.06005
v 0.31005 0.04900 -0.16250
v 0.30000 0.04900 -0.12500
v 0.12500 0.04900 0.05000
v 0.20000 0.04900 -0.37500
v 0.16250 0.04900 -0.18995
v 0.30000 0.04900 -0.37500
v 0.41250 0.04900 -0.56005
v 0.31005 0.04900 -0.41250
v 0.33750 0.04900 -0.43995
v 0.31005 0.04900 -0.33750
v 0.33750 0.04900 -0.31005
v 0.33750 0.04900 -0.18995
v 0.37500 0.04900 -0.30000
v 0.18995 0.04900 -0.16250
v 0.20000 0.04900 -0.12500
v 0.18995 0.04900 -0.08750
v 0.31005 0.04900 -0.08750
v 0.37500 0.04900 -0.20000
v 0.31005 0.04900 0.08750
v 0.33750 0.04900 -0.06005
v 0.33750 0.04900 0.06005
v 0.37500 0.04900 -0.05000
v 0.41250 0.04900 -0.93995
v 0.58750 0.04900 -0.93995
v 0.41250 0.04900 -0.81005
v 0.41250 0.04900 -0.68995
v 0.56005 0.04900 -0.83750
v 0.43995 0.04900 -0.91250
v 0.56005 0.04900 -0.91250
v 0.45000 0.04900 -0.87500
v 0.55000 0.04900 -0.87500
v 0.62500 0.04900 -0.95000
v 0.43995 0.04900 -0.83750
v 0.58750 0.04900 -0.81005
v 0.56005 0.04900 -0.66250
v 0.55000 0.04900 -0.62500
v 0.37500 0.04900 -0.45000
v 0.43995 0.04900 -0.66250
v 0.45000 0.04900 -0.62500
v 0.43995 0.04900 -0.58750
v 0.62500 0.04900 -0.80000
v 0.66250 0.04900 -0.81005
v 0.56005 0.04900 -0.58750
v 0.74566 0.04666 -0.99000
v 0.66250 0.04900 -0.93995
v 0.68995 0.04900 -0.91250
v 0.70000 0.04900 -0.87500
v 0.68995 0.04900 -0.83750
v 0.68995 0.04900 -0.66250
v 0.70000 0.04900 -0.62500
v 0.58750 0.04900 -0.68995
v 0.62500 0.04900 -0.70000
v 0.66250 0.04900 -0.68995
v 0.56005 0.04900 -0.41250
v 0.58750 0.04900 -0.56005
v 0.58750 0.04900 -0.43995
v 0.62500 0.04900 -0.55000
v 0.66250 0.04900 -0.43995
v 0.66250 0.04900 -0.56005
v 0.70000 0.04900 -0.37500
v 0.68995 0.04900 -0.58750
v 0.68995 0.04900 -0.41250
v 0.41250 0.04900 -0.43995
v 0.41250 0.04900 -0.31005
v 0.41250 0.04900 -0.18995
v 0.43995 0.04900 -0.33750
v 0.43995 0.04900 -0.41250
v 0.45000 0.04900 -0.37500
v 0.55000 0.04900 -0.37500
v 0.56005 0.04900 -0.33750
v 0.56005 0.04900 -0.16250
v 0.43995 0.04900 -0.16250
v 0.41250 0.04900 0.06005
v 0.41250 0.04900 -0.06005
v 0.43995 0.04900 -0.08750
v 0.45000 0.04900 -0.12500
v 0.55000 0.04900 -0.12500
v 0.56005 0.04900 -0.08750
v 0.56005 0.04900 0.08750
v 0.62500 0.04900 -0.45000
v 0.58750 0.04900 -0.31005
v 0.58750 0.04900 -0.18995
v 0.62500 0.04900 -0.30000
v 0.62500 0.04900 -0.20000
v 0.66250 0.04900 -0.31005
v 0.70000 0.04900 -0.12500
v 0.66250 0.04900 -0.18995
v 0.68995 0.04900 -0.33750
v 0.68995 0.04900 -0.16250
v 0.70000 0.04900 0.12500
v 0.58750 0.04900 -0.06005
v 0.58750 0.04900 0.06005
v 0.62500 0.04900 -0.05000
v 0.66250 0.04900 0.06005
v 0.66250 0.04900 -0.06005
v 0.70000 0.04900 0.37500
v 0.68995 0.04900 -0.08750
v 0.68995 0.04900 0.08750
v -0.05000 0.04900 0.12500
v 0.06005 0.04900 0.08750
v 0.05000 0.04900 0.12500
v 0.06005 0.04900 0.16250
v 0.06005 0.04900 0.33750
v 0.08750 0.04900 0.18995
v 0.08750 0.04900 0.31005
v 0.12500 0.04900 0.20000
v 0.12500 0.04900 0.30000
v 0.16250 0.04900 0.18995
v 0.16250 0.04900 0.31005
v 0.18995 0.04900 0.16250
v 0.06005 0.04900 0.41250
v 0.06005 0.04900 0.58750
v 0.08750 0.04900 0.43995
v 0.18995 0.04900 0.33750
v 0.08750 0.04900 0.56005
v 0.12500 0.04900 0.45000
v 0.12500 0.04900 0.55000
v 0.16250 0.04900 0.43995
v 0.16250 0.04900 0.56005
v 0.18995 0.04900 0.41250
v 0.16250 0.04900 0.06005
v 0.18995 0.04900 0.08750
v 0.20000 0.04900 0.12500
v 0.30000 0.04900 0.12500
v 0.31005 0.04900 0.16250
v 0.37500 0.04900 0.05000
v 0.31005 0.04900 0.33750
v 0.33750 0.04900 0.18995
v 0.33750 0.04900 0.31005
v 0.37500 0.04900 0.20000
v 0.20000 0.04900 0.37500
v 0.30000 0.04900 0.37500
v 0.31005 0.04900 0.41250
v 0.18995 0.04900 0.58750
v 0.37500 0.04900 0.30000
v 0.31005 0.04900 0.58750
v 0.33750 0.04900 0.43995
v 0.33750 0.04900 0.56005
v 0.37500 0.04900 0.45000
v 0.06005 0.04900 0.66250
v 0.06005 0.04900 0.83750
v 0.08750 0.04900 0.68995
v 0.08750 0.04900 0.81005
v 0.12500 0.04900 0.70000
v 0.12500 0.04900 0.80000
v 0.16250 0.04900 0.68995
v 0.16250 0.04900 0.81005
v 0.18995 0.04900 0.66250
v 0.18995 0.04900 0.83750
v 0.20000 0.04900 0.62500
v 0.30000 0.04900 0.62500
v 0.31005 0.04900 0.66250
v 0.37500 0.04900 0.55000
v 0.31005 0.04900 0.83750
v 0.33750 0.04900 0.68995
v 0.33750 0.04900 0.81005
v 0.37500 0.04900 0.70000
v 0.20000 0.04900 0.87500
v 0.30000 0.04900 0.87500
v 0.18995 0.04900 0.91250
v 0.31005 0.04900 0.91250
v 0.16250 0.04900 0.93995
v 0.33750 0.04900 0.93995
v 0.74000 0.04666 0.99566
v 0.37500 0.04900 0.95000
v 0.37500 0.04900 0.80000
v 0.43995 0.04900 0.08750
v 0.41250 0.04900 0.18995
v 0.41250 0.04900 0.31005
v 0.43995 0.04900 0.16250
v 0.45000 0.04900 0.12500
v 0.55000 0.04900 0.12500
v 0.56005 0.04900 0.16250
v 0.56005 0.04900 0.33750
v 0.43995 0.04900 0.33750
v 0.41250 0.04900 0.43995
v 0.41250 0.04900 0.56005
v 0.43995 0.04900 0.41250
v 0.45000 0.04900 0.37500
v 0.55000 0.04900 0.37500
v 0.56005 0.04900 0.41250
v 0.56005 0.04900 0.58750
v 0.62500 0.04900 0.05000
v 0.58750 0.04900 0.18995
v 0.58750 0.04900 0.31005
v 0.62500 0.04900 0.20000
v 0.62500 0.04900 0.30000
v 0.66250 0.04900 0.18995
v 0.66250 0.04900 0.31005
v 0.68995 0.04900 0.16250
v 0.68995 0.04900 0.33750
v 0.58750 0.04900 0.43995
v 0.58750 0.04900 0.56005
v 0.62500 0.04900 0.45000
v 0.62500 0.04900 0.55000
v 0.66250 0.04900 0.43995
v 0.74566 0.04666 0.99000
v 0.66250 0.04900 0.56005
v 0.68995 0.04900 0.41250
v 0.68995 0.04900 0.58750
v 0.43995 0.04900 0.58750
v 0.41250 0.04900 0.68995
v 0.41250 0.04900 0.81005
v 0.43995 0.04900 0.66250
v 0.45000 0.04900 0.62500
v 0.55000 0.04900 0.62500
v 0.56005 0.04900 0.66250
v 0.56005 0.04900 0.83750
v 0.43995 0.04900 0.83750
v 0.45000 0.04900 0.87500
v 0.55000 0.04900 0.87500
v 0.43995 0.04900 0.91250
v 0.56005 0.04900 0.91250
v 0.41250 0.04900 0.93995
v 0.58750 0.04900 0.93995
v 0.62500 0.04900 0.95000
v 0.58750 0.04900 0.68995
v 0.58750 0.04900 0.81005
v 0.62500 0.04900 0.70000
v 0.62500 0.04900 0.80000
v 0.66250 0.04900 0.68995
v 0.70000 0.04900 0.62500
v 0.66250 0.04900 0.81005
v 0.68995 0.04900 0.66250
v 0.68995 0.04900 0.83750
v 0.70000 0.04900 0.87500
v 0.66250 0.04900 0.93995
v 0.68995 0.04900 0.91250
v -0.68995 0.09900 -0.91250
v -0.68995 0.04900 -0.91250
v -0.70000 0.04900 -0.87500
v -0.66250 0.09900 -0.93995
v -0.66250 0.04900 -0.93995
v -0.70000 0.09900 -0.87500
v -0.68995 0.04900 -0.83750
v -0.68995 0.09900 -0.83750
v -0.66250 0.04900 -0.81005
v -0.62500 0.09900 -0.95000
v -0.62500 0.04900 -0.95000
v -0.58750 0.09900 -0.93995
v -0.58750 0.04900 -0.93995
v -0.56005 0.09900 -0.91250
v -0.56005 0.04900 -0.91250
v -0.66250 0.09900 -0.81005
v -0.62500 0.04900 -0.80000
v -0.62500 0.09900 -0.80000
v -0.58750 0.04900 -0.81005
v -0.58750 0.09900 -0.81005
v -0.56005 0.04900 -0.83750
v -0.68995 0.09900 -0.91250
v -0.70000 0.09900 -0.87500
v -0.68995 0.09900 -0.83750
v -0.66250 0.09900 -0.93995
v -0.66250 0.09900 -0.81005
v -0.56005 0.09900 -0.83750
v -0.62500 0.09900 -0.95000
v -0.62500 0.09900 -0.80000
v -0.58750 0.09900 -0.93995
v -0.58750 0.09900 -0.81005
v -0.56005 0.09900 -0.91250
v -0.56005 0.09900 -0.83750
v -0.55000 0.09900 -0.87500
v -0.55000 0.04900 -0.87500
v -0.55000 0.09900 -0.87500
v -0.68995 0.09900 -0.66250
v -0.68995 0.04900 -0.66250
v -0.70000 0.04900 -0.62500
v -0.66250 0.09900 -0.68995
v -0.66250 0.04900 -0.68995
v -0.70000 0.09900 -0.62500
v -0.68995 0.04900 -0.58750
v -0.68995 0.09900 -0.58750
v -0.66250 0.04900 -0.56005
v -0.62500 0.09900 -0.70000
v -0.62500 0.04900 -0.70000
v -0.58750 0.09900 -0.68995
v -0.58750 0.04900 -0.68995
v -0.56005 0.09900 -0.66250
v -0.56005 0.04900 -0.66250
v -0.66250 0.09900 -0.56005
v -0.62500 0.04900 -0.55000
v -0.62500 0.09900 -0.55000
v -0.58750 0.04900 -0.56005
v -0.58750 0.09900 -0.56005
v -0.56005 0.04900 -0.58750
v -0.68995 0.09900 -0.66250
v -0.70000 0.09900 -0.62500
v -0.68995 0.09900 -0.58750
v -0.66250 0.09900 -0.68995
v -0.66250 0.09900 -0.56005
v -0.56005 0.09900 -0.58750
v -0.62500 0.09900 -0.70000
v -0.62500 0.09900 -0.55000
v -0.58750 0.09900 -0.68995
v -0.58750 0.09900 -0.56005
v -0.56005 0.09900 -0.66250
v -0.56005 0.09900 -0.58750
v -0.55000 0.09900 -0.62500
v -0.55000 0.04900 -0.62500
v -0.55000 0.09900 -0.62500
v -0.68995 0.09900 -0.41250
v -0.68995 0.04900 -0.41250
v -0.70000 0.04900 -0.37500
v -0.66250 0.09900 -0.43995
v -0.66250 0.04900 -0.43995
v -0.70000 0.09900 -0.37500
v -0.68995 0.04900 -0.33750
v -0.68995 0.09900 -0.33750
v -0.66250 0.04900 -0.31005
v -0.62500 0.09900 -0.45000
v -0.62500 0.04900 -0.45000
v -0.58750 0.09900 -0.43995
v -0.58750 0.04900 -0.43995
v -0.56005 0.09900 -0.41250
v -0.56005 0.04900 -0.41250
v -0.66250 0.09900 -0.31005
v -0.62500 0.04900 -0.30000
v -0.62500 0.09900 -0.30000
v -0.58750 0.04900 -0.31005
v -0.58750 0.09900 -0.31005
v -0.56005 0.04900 -0.33750
v -0.68995 0.09900 -0.41250
v -0.70000 0.09900 -0.37500
v -0.68995 0.09900 -0.33750
v -0.66250 0.09900 -0.43995
v -0.66250 0.09900 -0.31005
v -0.56005 0.09900 -0.33750
v -0.62500 0.09900 -0.45000
v -0.62500 0.09900 -0.30000
v -0.58750 0.09900 -0.43995
v -0.58750 0.09900 -0.31005
v -0.56005 0.09900 -0.41250
v -0.56005 0.09900 -0.33750
v -0.55000 0.09900 -0.37500
v -0.55000 0.04900 -0.37500
v -0.55000 0.09900 -0.37500
v -0.68995 0.09900 -0.16250
v -0.68995 0.04900 -0.16250
v -0.70000 0.04900 -0.12500
v -0.66250 0.09900 -0.18995
v -0.66250 0.04900 -0.18995
v -0.70000 0.09900 -0.12500
v -0.68995 0.04900 -0.08750
v -0.68995 0.09900 -0.08750
v -0.66250 0.04900 -0.06005
v -0.62500 0.09900 -0.20000
v -0.62500 0.04900 -0.20000
v -0.58750 0.09900 -0.18995
v -0.58750 0.04900 -0.18995
v -0.56005 0.09900 -0.16250
v -0.56005 0.04900 -0.16250
v -0.66250 0.09900 -0.06005
v -0.62500 0.04900 -0.05000
v -0.62500 0.09900 -0.05000
v -0.58750 0.04900 -0.06005
v -0.58750 0.09900 -0.06005
v -0.56005 0.04900 -0.08750
v -0.68995 0.09900 -0.16250
v -0.70000 0.09900 -0.12500
v -0.68995 0.09900 -0.08750
v -0.66250 0.09900 -0.18995
v -0.66250 0.09900 -0.06005
v -0.56005 0.09900 -0.08750
v -0.62500 0.09900 -0.20000
v -0.62500 0.09900 -0.05000
v -0.58750 0.09900 -0.18995
v -0.58750 0.09900 -0.06005
v -0.56005 0.09900 -0.16250
v -0.56005 0.09900 -0.08750
v -0.55000 0.09900 -0.12500
v -0.55000 0.04900 -0.12500
v -0.55000 0.09900 -0.12500
v -0.68995 0.09900 0.08750
v -0.68995 0.04900 0.08750
v -0.70000 0.04900 0.12500
v -0.66250 0.09900 0.06005
v -0.66250 0.04900 0.06005
v -0.70000 0.09900 0.12500
v -0.68995 0.04900 0.16250
v -0.68995 0.09900 0.16250
v -0.66250 0.04900 0.18995
v -0.62500 0.09900 0.05000
v -0.62500 0.04900 0.05000
v -0.58750 0.09900 0.06005
v -0.58750 0.04900 0.06005
v -0.56005 0.09900 0.08750
v -0.56005 0.04900 0.08750
v -0.66250 0.09900 0.18995
v -0.62500 0.04900 0.20000
v -0.62500 0.09900 0.20000
v -0.58750 0.04900 0.18995
v -0.58750 0.09900 0.18995
v -0.56005 0.04900 0.16250
v -0.68995 0.09900 0.08750
v -0.68995 0.09900 0.16250
v -0.66250 0.09900 0.06005
v -0.70000 0.09900 0.12500
v -0.66250 0.09900 0.18995
v -0.56005 0.09900 0.16250
v -0.62500 0.09900 0.05000
v -0.62500 0.09900 0.20000
v -0.58750 0.09900 0.06005
v -0.58750 0.09900 0.18995
v -0.56005 0.09900 0.08750
v -0.56005 0.09900 0.16250
v -0.55000 0.09900 0.12500
v -0.55000 0.04900 0.12500
v -0.55000 0.09900 0.12500
v -0.68995 0.09900 0.33750
v -0.68995 0.04900 0.33750
v -0.70000 0.04900 0.37500
v -0.66250 0.09900 0.31005
v -0.66250 0.04900 0.31005
v -0.70000 0.09900 0.37500
v -0.68995 0.04900 0.41250
v -0.68995 0.09900 0.41250
v -0.66250 0.04900 0.43995
v -0.62500 0.09900 0.30000
v -0.62500 0.04900 0.30000
v -0.58750 0.09900 0.31005
v -0.58750 0.04900 0.31005
v -0.56005 0.09900 0.33750
v -0.56005 0.04900 0.33750
v -0.66250 0.09900 0.43995
v -0.62500 0.04900 0.45000
v -0.62500 0.09900 0.45000
v -0.58750 0.04900 0.43995
v -0.58750 0.09900 0.43995
v -0.56005 0.04900 0.41250
v -0.68995 0.09900 0.33750
v -0.68995 0.09900 0.41250
v -0.66250 0.09900 0.31005
v -0.70000 0.09900 0.37500
v -0.66250 0.09900 0.43995
v -0.56005 0.09900 0.41250
v -0.62500 0.09900 0.30000
v -0.62500 0.09900 0.45000
v -0.58750 0.09900 0.31005
v -0.58750 0.09900 0.43995
v -0.56005 0.09900 0.33750
v -0.56005 0.09900 0.41250
v -0.55000 0.09900 0.37500
v -0.55000 0.04900 0.37500
v -0.55000 0.09900 0.37500
v -0.68995 0.09900 0.58750
v -0.68995 0.04900 0.58750
v -0.70000 0.04900 0.62500
v -0.66250 0.09900 0.56005
v -0.66250 0.04900 0.56005
v -0.70000 0.09900 0.62500
v -0.68995 0.04900 0.66250
v -0.68995 0.09900 0.66250
v -0.66250 0.04900 0.68995
v -0.62500 0.09900 0.55000
v -0.62500 0.04900 0.55000
v -0.58750 0.09900 0.56005
v -0.58750 0.04900 0.56005
v -0.56005 0.09900 0.58750
v -0.56005 0.04900 0.58750
v -0.66250 0.09900 0.68995
v -0.62500 0.04900 0.70000
v -0.62500 0.09900 0.70000
v -0.58750 0.04900 0.68995
v -0.58750 0.09900 0.68995
v -0.56005 0.04900 0.66250
v -0.68995 0.09900 0.58750
v -0.68995 0.09900 0.66250
v -0.66250 0.09900 0.56005
v -0.70000 0.09900 0.62500
v -0.66250 0.09900 0.68995
v -0.56005 0.09900 0.66250
v -0.62500 0.09900 0.55000
v -0.62500 0.09900 0.70000
v -0.58750 0.09900 0.56005
v -0.58750 0.09900 0.68995
v -0.56005 0.09900 0.58750
v -0.56005 0.09900 0.66250
v -0.55000 0.09900 0.62500
v -0.55000 0.04900 0.62500
v -0.55000 0.09900 0.62500
v -0.68995 0.09900 0.83750
v -0.68995 0.04900 0.83750
v -0.70000 0.04900 0.87500
v -0.66250 0.09900 0.81005
v -0.66250 0.04900 0.81005
v -0.70000 0.09900 0.87500
v -0.68995 0.04900 0.91250
v -0.68995 0.09900 0.91250
v -0.66250 0.04900 0.93995
v -0.62500 0.09900 0.80000
v -0.62500 0.04900 0.80000
v -0.58750 0.09900 0.81005
v -0.58750 0.04900 0.81005
v -0.56005 0.09900 0.83750
v -0.56005 0.04900 0.83750
v -0.66250 0.09900 0.93995
v -0.62500 0.04900 0.95000
v -0.62500 0.09900 0.95000
v -0.58750 0.04900 0.93995
v -0.58750 0.09900 0.93995
v -0.56005 0.04900 0.91250
v -0.66250 0.09900 0.81005
v -0.68995 0.09900 0.83750
v -0.68995 0.09900 0.91250
v -0.70000 0.09900 0.87500
v -0.66250 0.09900 0.93995
v -0.56005 0.09900 0.91250
v -0.62500 0.09900 0.80000
v -0.62500 0.09900 0.95000
v -0.58750 0.09900 0.81005
v -0.58750 0.09900 0.93995
v -0.56005 0.09900 0.83750
v -0.56005 0.09900 0.91250
v -0.55000 0.09900 0.87500
v -0.55000 0.04900 0.87500
v -0.55000 0.09900 0.87500
v -0.41250 0.09900 -0.93995
v -0.41250 0.04900 -0.93995
v -0.43995 0.04900 -0.91250
v -0.43995 0.09900 -0.91250
v -0.45000 0.04900 -0.87500
v -0.37500 0.09900 -0.95000
v -0.37500 0.04900 -0.95000
v -0.45000 0.09900 -0.87500
v -0.43995 0.04900 -0.83750
v -0.43995 0.09900 -0.83750
v -0.41250 0.04900 -0.81005
v -0.41250 0.09900 -0.81005
v -0.37500 0.04900 -0.80000
v -0.37500 0.09900 -0.80000
v -0.43995 0.09900 -0.91250
v -0.45000 0.09900 -0.87500
v -0.43995 0.09900 -0.83750
v -0.41250 0.09900 -0.93995
v -0.41250 0.09900 -0.81005
v -0.37500 0.09900 -0.95000
v -0.37500 0.09900 -0.80000
v -0.33750 0.09900 -0.93995
v -0.33750 0.04900 -0.93995
v -0.31005 0.09900 -0.91250
v -0.31005 0.04900 -0.91250
v -0.30000 0.09900 -0.87500
v -0.30000 0.04900 -0.87500
v -0.33750 0.09900 -0.81005
v -0.33750 0.04900 -0.81005
v -0.31005 0.04900 -0.83750
v -0.31005 0.09900 -0.83750
v -0.33750 0.09900 -0.93995
v -0.33750 0.09900 -0.81005
v -0.31005 0.09900 -0.91250
v -0.31005 0.09900 -0.83750
v -0.30000 0.09900 -0.87500
v -0.41250 0.09900 -0.68995
v -0.41250 0.04900 -0.68995
v -0.43995 0.04900 -0.66250
v -0.43995 0.09900 -0.66250
v -0.45000 0.04900 -0.62500
v -0.37500 0.09900 -0.70000
v -0.37500 0.04900 -0.70000
v -0.45000 0.09900 -0.62500
v -0.43995 0.04900 -0.58750
v -0.43995 0.09900 -0.58750
v -0.41250 0.04900 -0.56005
v -0.41250 0.09900 -0.56005
v -0.37500 0.04900 -0.55000
v -0.37500 0.09900 -0.55000
v -0.43995 0.09900 -0.66250
v -0.45000 0.09900 -0.62500
v -0.43995 0.09900 -0.58750
v -0.41250 0.09900 -0.68995
v -0.41250 0.09900 -0.56005
v -0.37500 0.09900 -0.70000
v -0.37500 0.09900 -0.55000
v -0.33750 0.09900 -0.68995
v -0.33750 0.04900 -0.68995
v -0.31005 0.09900 -0.66250
v -0.31005 0.04900 -0.66250
v -0.30000 0.09900 -0.62500
v -0.30000 0.04900 -0.62500
v -0.33750 0.09900 -0.56005
v -0.33750 0.04900 -0.56005
v -0.31005 0.04900 -0.58750
v -0.31005 0.09900 -0.58750
v -0.33750 0.09900 -0.68995
v -0.33750 0.09900 -0.56005
v -0.31005 0.09900 -0.66250
v -0.31005 0.09900 -0.58750
v -0.30000 0.09900 -0.62500
v -0.41250 0.09900 -0.43995
v -0.41250 0.04900 -0.43995
v -0.43995 0.04900 -0.41250
v -0.43995 0.09900 -0.41250
v -0.45000 0.04900 -0.37500
v -0.37500 0.09900 -0.45000
v -0.37500 0.04900 -0.45000
v -0.45000 0.09900 -0.37500
v -0.43995 0.04900 -0.33750
v -0.43995 0.09900 -0.33750
v -0.41250 0.04900 -0.31005
v -0.41250 0.09900 -0.31005
v -0.37500 0.04900 -0.30000
v -0.37500 0.09900 -0.30000
v -0.43995 0.09900 -0.41250
v -0.45000 0.09900 -0.37500
v -0.43995 0.09900 -0.33750
v -0.41250 0.09900 -0.43995
v -0.41250 0.09900 -0.31005
v -0.37500 0.09900 -0.45000
v -0.37500 0.09900 -0.30000
v -0.33750 0.09900 -0.43995
v -0.33750 0.04900 -0.43995
v -0.31005 0.09900 -0.41250
v -0.31005 0.04900 -0.41250
v -0.30000 0.09900 -0.37500
v -0.30000 0.04900 -0.37500
v -0.33750 0.09900 -0.31005
v -0.33750 0.04900 -0.31005
v -0.31005 0.04900 -0.33750
v -0.31005 0.09900 -0.33750
v -0.33750 0.09900 -0.43995
v -0.33750 0.09900 -0.31005
v -0.31005 0.09900 -0.41250
v -0.31005 0.09900 -0.33750
v -0.30000 0.09900 -0.37500
v -0.41250 0.09900 -0.18995
v -0.41250 0.04900 -0.18995
v -0.43995 0.04900 -0.16250
v -0.43995 0.09900 -0.16250
v -0.45000 0.04900 -0.12500
v -0.37500 0.09900 -0.20000
v -0.37500 0.04900 -0.20000
v -0.45000 0.09900 -0.12500
v -0.43995 0.04900 -0.08750
v -0.43995 0.09900 -0.08750
v -0.41250 0.04900 -0.06005
v -0.41250 0.09900 -0.06005
v -0.37500 0.04900 -0.05000
v -0.37500 0.09900 -0.05000
v -0.43995 0.09900 -0.16250
v -0.45000 0.09900 -0.12500
v -0.43995 0.09900 -0.08750
v -0.41250 0.09900 -0.18995
v -0.41250 0.09900 -0.06005
v -0.37500 0.09900 -0.20000
v -0.37500 0.09900 -0.05000
v -0.33750 0.09900 -0.18995
v -0.33750 0.04900 -0.18995
v -0.31005 0.09900 -0.16250
v -0.31005 0.04900 -0.16250
v -0.30000 0.09900 -0.12500
v -0.30000 0.04900 -0.12500
v -0.33750 0.09900 -0.06005
v -0.33750 0.04900 -0.06005
v -0.31005 0.04900 -0.08750
v -0.31005 0.09900 -0.08750
v -0.33750 0.09900 -0.18995
v -0.33750 0.09900 -0.06005
v -0.31005 0.09900 -0.16250
v -0.31005 0.09900 -0.08750
v -0.30000 0.09900 -0.12500
v -0.41250 0.09900 0.06005
v -0.41250 0.04900 0.06005
v -0.43995 0.04900 0.08750
v -0.43995 0.09900 0.08750
v -0.45000 0.04900 0.12500
v -0.37500 0.09900 0.05000
v -0.37500 0.04900 0.05000
v -0.45000 0.09900 0.12500
v -0.43995 0.04900 0.16250
v -0.43995 0.09900 0.16250
v -0.41250 0.04900 0.18995
v -0.41250 0.09900 0.18995
v -0.37500 0.04900 0.20000
v -0.37500 0.09900 0.20000
v -0.43995 0.09900 0.08750
v -0.43995 0.09900 0.16250
v -0.41250 0.09900 0.06005
v -0.41250 0.09900 0.18995
v -0.37500 0.09900 0.05000
v -0.45000 0.09900 0.12500
v -0.37500 0.09900 0.20000
v -0.33750 0.09900 0.06005
v -0.33750 0.04900 0.06005
v -0.31005 0.09900 0.08750
v -0.31005 0.04900 0.08750
v -0.30000 0.09900 0.12500
v -0.30000 0.04900 0.12500
v -0.33750 0.09900 0.18995
v -0.33750 0.04900 0.18995
v -0.31005 0.04900 0.16250
v -0.31005 0.09900 0.16250
v -0.33750 0.09900 0.06005
v -0.33750 0.09900 0.18995
v -0.31005 0.09900 0.08750
v -0.31005 0.09900 0.16250
v -0.30000 0.09900 0.12500
v -0.41250 0.09900 0.31005
v -0.41250 0.04900 0.31005
v -0.43995 0.04900 0.33750
v -0.43995 0.09900 0.33750
v -0.45000 0.04900 0.37500
v -0.37500 0.09900 0.30000
v -0.37500 0.04900 0.30000
v -0.45000 0.09900 0.37500
v -0.43995 0.04900 0.41250
v -0.43995 0.09900 0.41250
v -0.41250 0.04900 0.43995
v -0.41250 0.09900 0.43995
v -0.37500 0.04900 0.45000
v -0.37500 0.09900 0.45000
v -0.43995 0.09900 0.33750
v -0.43995 0.09900 0.41250
v -0.41250 0.09900 0.31005
v -0.41250 0.09900 0.43995
v -0.37500 0.09900 0.30000
v -0.45000 0.09900 0.37500
v -0.37500 0.09900 0.45000
v -0.33750 0.09900 0.31005
v -0.33750 0.04900 0.31005
v -0.31005 0.09900 0.33750
v -0.31005 0.04900 0.33750
v -0.30000 0.09900 0.37500
v -0.30000 0.04900 0.37500
v -0.33750 0.09900 0.43995
v -0.33750 0.04900 0.43995
v -0.31005 0.04900 0.41250
v -0.31005 0.09900 0.41250
v -0.33750 0.09900 0.31005
v -0.33750 0.09900 0.43995
v -0.31005 0.09900 0.33750
v -0.31005 0.09900 0.41250
v -0.30000 0.09900 0.37500
v -0.41250 0.09900 0.56005
v -0.41250 0.04900 0.56005
v -0.43995 0.04900 0.58750
v -0.43995 0.09900 0.58750
v -0.45000 0.04900 0.62500
v -0.37500 0.09900 0.55000
v -0.37500 0.04900 0.55000
v -0.45000 0.09900 0.62500
v -0.43995 0.04900 0.66250
v -0.43995 0.09900 0.66250
v -0.41250 0.04900 0.68995
v -0.41250 0.09900 0.68995
v -0.37500 0.04900 0.70000
v -0.37500 0.09900 0.70000
v -0.43995 0.09900 0.58750
v -0.43995 0.09900 0.66250
v -0.41250 0.09900 0.56005
v -0.41250 0.09900 0.68995
v -0.37500 0.09900 0.55000
v -0.45000 0.09900 0.62500
v -0.37500 0.09900 0.70000
v -0.33750 0.09900 0.56005
v -0.33750 0.04900 0.56005
v -0.31005 0.09900 0.58750
v -0.31005 0.04900 0.58750
v -0.30000 0.09900 0.62500
v -0.30000 0.04900 0.62500
v -0.33750 0.09900 0.68995
v -0.33750 0.04900 0.68995
v -0.31005 0.04900 0.66250
v -0.31005 0.09900 0.66250
v -0.33750 0.09900 0.56005
v -0.33750 0.09900 0.68995
v -0.31005 0.09900 0.58750
v -0.31005 0.09900 0.66250
v -0.30000 0.09900 0.62500
v -0.41250 0.09900 0.81005
v -0.41250 0.04900 0.81005
v -0.43995 0.04900 0.83750
v -0.43995 0.09900 0.83750
v -0.45000 0.04900 0.87500
v -0.37500 0.09900 0.80000
v -0.37500 0.04900 0.80000
v -0.45000 0.09900 0.87500
v -0.43995 0.04900 0.91250
v -0.43995 0.09900 0.91250
v -0.41250 0.04900 0.93995
v -0.41250 0.09900 0.93995
v -0.37500 0.04900 0.95000
v -0.37500 0.09900 0.95000
v -0.43995 0.09900 0.83750
v -0.43995 0.09900 0.91250
v -0.41250 0.09900 0.81005
v -0.41250 0.09900 0.93995
v -0.37500 0.09900 0.80000
v -0.45000 0.09900 0.87500
v -0.37500 0.09900 0.95000
v -0.33750 0.09900 0.81005
v -0.33750 0.04900 0.81005
v -0.31005 0.09900 0.83750
v -0.31005 0.04900 0.83750
v -0.30000 0.09900 0.87500
v -0.30000 0.04900 0.87500
v -0.33750 0.09900 0.93995
v -0.33750 0.04900 0.93995
v -0.31005 0.04900 0.91250
v -0.31005 0.09900 0.91250
v -0.33750 0.09900 0.81005
v -0.33750 0.09900 0.93995
v -0.31005 0.09900 0.83750
v -0.31005 0.09900 0.91250
v -0.30000 0.09900 0.87500
v -0.18995 0.09900 -0.91250
v -0.18995 0.04900 -0.91250
v -0.20000 0.04900 -0.87500
v -0.20000 0.09900 -0.87500
v -0.18995 0.04900 -0.83750
v -0.18995 0.09900 -0.83750
v -0.18995 0.09900 -0.91250
v -0.20000 0.09900 -0.87500
v -0.18995 0.09900 -0.83750
v -0.16250 0.09900 -0.93995
v -0.16250 0.04900 -0.93995
v -0.12500 0.09900 -0.95000
v -0.12500 0.04900 -0.95000
v -0.08750 0.09900 -0.93995
v -0.08750 0.04900 -0.93995
v -0.16250 0.04900 -0.81005
v -0.16250 0.09900 -0.81005
v -0.12500 0.04900 -0.80000
v -0.12500 0.09900 -0.80000
v -0.08750 0.04900 -0.81005
v -0.06005 0.09900 -0.91250
v -0.06005 0.04900 -0.91250
v -0.05000 0.09900 -0.87500
v -0.05000 0.04900 -0.87500
v -0.08750 0.09900 -0.81005
v -0.06005 0.04900 -0.83750
v -0.06005 0.09900 -0.83750
v -0.16250 0.09900 -0.93995
v -0.16250 0.09900 -0.81005
v -0.12500 0.09900 -0.95000
v -0.12500 0.09900 -0.80000
v -0.08750 0.09900 -0.93995
v -0.08750 0.09900 -0.81005
v -0.06005 0.09900 -0.91250
v -0.06005 0.09900 -0.83750
v -0.05000 0.09900 -0.87500
v -0.18995 0.09900 -0.66250
v -0.18995 0.04900 -0.66250
v -0.20000 0.04900 -0.62500
v -0.20000 0.09900 -0.62500
v -0.18995 0.04900 -0.58750
v -0.18995 0.09900 -0.58750
v -0.18995 0.09900 -0.66250
v -0.20000 0.09900 -0.62500
v -0.18995 0.09900 -0.58750
v -0.16250 0.09900 -0.68995
v -0.16250 0.04900 -0.68995
v -0.12500 0.09900 -0.70000
v -0.12500 0.04900 -0.70000
v -0.08750 0.09900 -0.68995
v -0.08750 0.04900 -0.68995
v -0.16250 0.04900 -0.56005
v -0.16250 0.09900 -0.56005
v -0.12500 0.04900 -0.55000
v -0.12500 0.09900 -0.55000
v -0.08750 0.04900 -0.56005
v -0.06005 0.09900 -0.66250
v -0.06005 0.04900 -0.66250
v -0.05000 0.09900 -0.62500
v -0.05000 0.04900 -0.62500
v -0.08750 0.09900 -0.56005
v -0.06005 0.04900 -0.58750
v -0.06005 0.09900 -0.58750
v -0.16250 0.09900 -0.68995
v -0.16250 0.09900 -0.56005
v -0.12500 0.09900 -0.70000
v -0.12500 0.09900 -0.55000
v -0.08750 0.09900 -0.68995
v -0.08750 0.09900 -0.56005
v -0.06005 0.09900 -0.66250
v -0.06005 0.09900 -0.58750
v -0.05000 0.09900 -0.62500
v -0.18995 0.09900 -0.41250
v -0.18995 0.04900 -0.41250
v -0.20000 0.04900 -0.37500
v -0.20000 0.09900 -0.37500
v -0.18995 0.04900 -0.33750
v -0.18995 0.09900 -0.33750
v -0.20000 0.09900 -0.37500
v -0.18995 0.09900 -0.33750
v -0.18995 0.09900 -0.41250
v -0.16250 0.09900 -0.43995
v -0.16250 0.04900 -0.43995
v -0.12500 0.09900 -0.45000
v -0.12500 0.04900 -0.45000
v -0.08750 0.09900 -0.43995
v -0.08750 0.04900 -0.43995
v -0.16250 0.04900 -0.31005
v -0.16250 0.09900 -0.31005
v -0.12500 0.04900 -0.30000
v -0.12500 0.09900 -0.30000
v -0.08750 0.04900 -0.31005
v -0.06005 0.09900 -0.41250
v -0.06005 0.04900 -0.41250
v -0.05000 0.09900 -0.37500
v -0.05000 0.04900 -0.37500
v -0.08750 0.09900 -0.31005
v -0.06005 0.04900 -0.33750
v -0.06005 0.09900 -0.33750
v -0.16250 0.09900 -0.43995
v -0.16250 0.09900 -0.31005
v -0.12500 0.09900 -0.45000
v -0.12500 0.09900 -0.30000
v -0.08750 0.09900 -0.43995
v -0.08750 0.09900 -0.31005
v -0.06005 0.09900 -0.41250
v -0.06005 0.09900 -0.33750
v -0.05000 0.09900 -0.37500
v -0.18995 0.09900 -0.16250
v -0.18995 0.04900 -0.16250
v -0.20000 0.04900 -0.12500
v -0.20000 0.09900 -0.12500
v -0.18995 0.04900 -0.08750
v -0.18995 0.09900 -0.08750
v -0.20000 0.09900 -0.12500
v -0.18995 0.09900 -0.08750
v -0.18995 0.09900 -0.16250
v -0.16250 0.09900 -0.18995
v -0.16250 0.04900 -0.18995
v -0.12500 0.09900 -0.20000
v -0.12500 0.04900 -0.20000
v -0.08750 0.09900 -0.18995
v -0.08750 0.04900 -0.18995
v -0.16250 0.04900 -0.06005
v -0.16250 0.09900 -0.06005
v -0.12500 0.04900 -0.05000
v -0.12500 0.09900 -0.05000
v -0.08750 0.04900 -0.06005
v -0.06005 0.09900 -0.16250
v -0.06005 0.04900 -0.16250
v -0.05000 0.09900 -0.12500
v -0.05000 0.04900 -0.12500
v -0.08750 0.09900 -0.06005
v -0.06005 0.04900 -0.08750
v -0.06005 0.09900 -0.08750
v -0.16250 0.09900 -0.18995
v -0.16250 0.09900 -0.06005
v -0.12500 0.09900 -0.20000
v -0.12500 0.09900 -0.05000
v -0.08750 0.09900 -0.18995
v -0.08750 0.09900 -0.06005
v -0.06005 0.09900 -0.16250
v -0.06005 0.09900 -0.08750
v -0.05000 0.09900 -0.12500
v -0.18995 0.09900 0.08750
v -0.18995 0.04900 0.08750
v -0.20000 0.04900 0.12500
v -0.20000 0.09900 0.12500
v -0.18995 0.04900 0.16250
v -0.18995 0.09900 0.16250
v -0.18995 0.09900 0.08750
v -0.20000 0.09900 0.12500
v -0.18995 0.09900 0.16250
v -0.16250 0.09900 0.06005
v -0.16250 0.04900 0.06005
v -0.12500 0.09900 0.05000
v -0.12500 0.04900 0.05000
v -0.08750 0.09900 0.06005
v -0.08750 0.04900 0.06005
v -0.16250 0.04900 0.18995
v -0.16250 0.09900 0.18995
v -0.12500 0.04900 0.20000
v -0.12500 0.09900 0.20000
v -0.08750 0.04900 0.18995
v -0.06005 0.09900 0.08750
v -0.06005 0.04900 0.08750
v -0.05000 0.09900 0.12500
v -0.05000 0.04900 0.12500
v -0.08750 0.09900 0.18995
v -0.06005 0.04900 0.16250
v -0.06005 0.09900 0.16250
v -0.16250 0.09900 0.06005
v -0.16250 0.09900 0.18995
v -0.12500 0.09900 0.05000
v -0.12500 0.09900 0.20000
v -0.08750 0.09900 0.06005
v -0.08750 0.09900 0.18995
v -0.06005 0.09900 0.08750
v -0.06005 0.09900 0.16250
v -0.05000 0.09900 0.12500
v -0.18995 0.09900 0.33750
v -0.18995 0.04900 0.33750
v -0.20000 0.04900 0.37500
v -0.20000 0.09900 0.37500
v -0.18995 0.04900 0.41250
v -0.18995 0.09900 0.41250
v -0.18995 0.09900 0.33750
v -0.20000 0.09900 0.37500
v -0.18995 0.09900 0.41250
v -0.16250 0.09900 0.31005
v -0.16250 0.04900 0.31005
v -0.12500 0.09900 0.30000
v -0.12500 0.04900 0.30000
v -0.08750 0.09900 0.31005
v -0.08750 0.04900 0.31005
v -0.16250 0.04900 0.43995
v -0.16250 0.09900 0.43995
v -0.12500 0.04900 0.45000
v -0.12500 0.09900 0.45000
v -0.08750 0.04900 0.43995
v -0.06005 0.09900 0.33750
v -0.06005 0.04900 0.33750
v -0.05000 0.09900 0.37500
v -0.05000 0.04900 0.37500
v -0.08750 0.09900 0.43995
v -0.06005 0.04900 0.41250
v -0.06005 0.09900 0.41250
v -0.16250 0.09900 0.31005
v -0.16250 0.09900 0.43995
v -0.12500 0.09900 0.30000
v -0.12500 0.09900 0.45000
v -0.08750 0.09900 0.31005
v -0.08750 0.09900 0.43995
v -0.06005 0.09900 0.33750
v -0.06005 0.09900 0.41250
v -0.05000 0.09900 0.37500
v -0.18995 0.09900 0.58750
v -0.18995 0.04900 0.58750
v -0.20000 0.04900 0.62500
v -0.20000 0.09900 0.62500
v -0.18995 0.04900 0.66250
v -0.18995 0.09900 0.66250
v -0.18995 0.09900 0.58750
v -0.20000 0.09900 0.62500
v -0.18995 0.09900 0.66250
v -0.16250 0.09900 0.56005
v -0.16250 0.04900 0.56005
v -0.12500 0.09900 0.55000
v -0.12500 0.04900 0.55000
v -0.08750 0.09900 0.56005
v -0.08750 0.04900 0.56005
v -0.16250 0.04900 0.68995
v -0.16250 0.09900 0.68995
v -0.12500 0.04900 0.70000
v -0.12500 0.09900 0.70000
v -0.08750 0.04900 0.68995
v -0.06005 0.09900 0.58750
v -0.06005 0.04900 0.58750
v -0.05000 0.09900 0.62500
v -0.05000 0.04900 0.62500
v -0.08750 0.09900 0.68995
v -0.06005 0.04900 0.66250
v -0.06005 0.09900 0.66250
v -0.16250 0.09900 0.56005
v -0.16250 0.09900 0.68995
v -0.12500 0.09900 0.55000
v -0.12500 0.09900 0.70000
v -0.08750 0.09900 0.56005
v -0.08750 0.09900 0.68995
v -0.06005 0.09900 0.58750
v -0.06005 0.09900 0.66250
v -0.05000 0.09900 0.62500
v -0.18995 0.09900 0.83750
v -0.18995 0.04900 0.83750
v -0.20000 0.04900 0.87500
v -0.20000 0.09900 0.87500
v -0.18995 0.04900 0.91250
v -0.18995 0.09900 0.91250
v -0.20000 0.09900 0.87500
v -0.18995 0.09900 0.91250
v -0.18995 0.09900 0.83750
v -0.16250 0.09900 0.81005
v -0.16250 0.04900 0.81005
v -0.12500 0.09900 0.80000
v -0.12500 0.04900 0.80000
v -0.08750 0.09900 0.81005
v -0.08750 0.04900 0.81005
v -0.16250 0.04900 0.93995
v -0.16250 0.09900 0.93995
v -0.12500 0.04900 0.95000
v -0.12500 0.09900 0.95000
v -0.08750 0.04900 0.93995
v -0.06005 0.09900 0.83750
v -0.06005 0.04900 0.83750
v -0.05000 0.09900 0.87500
v -0.05000 0.04900 0.87500
v -0.08750 0.09900 0.93995
v -0.06005 0.04900 0.91250
v -0.06005 0.09900 0.91250
v -0.16250 0.09900 0.81005
v -0.16250 0.09900 0.93995
v -0.12500 0.09900 0.80000
v -0.12500 0.09900 0.95000
v -0.08750 0.09900 0.81005
v -0.08750 0.09900 0.93995
v -0.06005 0.09900 0.83750
v -0.06005 0.09900 0.91250
v -0.05000 0.09900 0.87500
v 0.06005 0.09900 -0.91250
v 0.06005 0.04900 -0.91250
v 0.05000 0.04900 -0.87500
v 0.08750 0.09900 -0.93995
v 0.08750 0.04900 -0.93995
v 0.05000 0.09900 -0.87500
v 0.06005 0.04900 -0.83750
v 0.06005 0.09900 -0.83750
v 0.08750 0.04900 -0.81005
v 0.12500 0.09900 -0.95000
v 0.12500 0.04900 -0.95000
v 0.16250 0.09900 -0.93995
v 0.16250 0.04900 -0.93995
v 0.18995 0.09900 -0.91250
v 0.18995 0.04900 -0.91250
v 0.08750 0.09900 -0.81005
v 0.12500 0.04900 -0.80000
v 0.12500 0.09900 -0.80000
v 0.16250 0.04900 -0.81005
v 0.16250 0.09900 -0.81005
v 0.18995 0.04900 -0.83750
v 0.06005 0.09900 -0.91250
v 0.05000 0.09900 -0.87500
v 0.06005 0.09900 -0.83750
v 0.08750 0.09900 -0.93995
v 0.08750 0.09900 -0.81005
v 0.18995 0.09900 -0.83750
v 0.12500 0.09900 -0.95000
v 0.12500 0.09900 -0.80000
v 0.16250 0.09900 -0.93995
v 0.16250 0.09900 -0.81005
v 0.18995 0.09900 -0.91250
v 0.18995 0.09900 -0.83750
v 0.20000 0.09900 -0.87500
v 0.20000 0.04900 -0.87500
v 0.20000 0.09900 -0.87500
v 0.06005 0.09900 -0.66250
v 0.06005 0.04900 -0.66250
v 0.05000 0.04900 -0.62500
v 0.08750 0.09900 -0.68995
v 0.08750 0.04900 -0.68995
v 0.05000 0.09900 -0.62500
v 0.06005 0.04900 -0.58750
v 0.06005 0.09900 -0.58750
v 0.08750 0.04900 -0.56005
v 0.12500 0.09900 -0.70000
v 0.12500 0.04900 -0.70000
v 0.16250 0.09900 -0.68995
v 0.16250 0.04900 -0.68995
v 0.18995 0.09900 -0.66250
v 0.18995 0.04900 -0.66250
v 0.08750 0.09900 -0.56005
v 0.12500 0.04900 -0.55000
v 0.12500 0.09900 -0.55000
v 0.16250 0.04900 -0.56005
v 0.16250 0.09900 -0.56005
v 0.18995 0.04900 -0.58750
v 0.06005 0.09900 -0.66250
v 0.05000 0.09900 -0.62500
v 0.06005 0.09900 -0.58750
v 0.08750 0.09900 -0.68995
v 0.08750 0.09900 -0.56005
v 0.18995 0.09900 -0.58750
v 0.12500 0.09900 -0.70000
v 0.12500 0.09900 -0.55000
v 0.16250 0.09900 -0.68995
v 0.16250 0.09900 -0.56005
v 0.18995 0.09900 -0.66250
v 0.18995 0.09900 -0.58750
v 0.20000 0.09900 -0.62500
v 0.20000 0.04900 -0.62500
v 0.20000 0.09900 -0.62500
v 0.06005 0.09900 -0.41250
v 0.06005 0.04900 -0.41250
v 0.05000 0.04900 -0.37500
v 0.08750 0.09900 -0.43995
v 0.08750 0.04900 -0.43995
v 0.05000 0.09900 -0.37500
v 0.06005 0.04900 -0.33750
v 0.06005 0.09900 -0.33750
v 0.08750 0.04900 -0.31005
v 0.12500 0.09900 -0.45000
v 0.12500 0.04900 -0.45000
v 0.16250 0.09900 -0.43995
v 0.16250 0.04900 -0.43995
v 0.18995 0.09900 -0.41250
v 0.18995 0.04900 -0.41250
v 0.08750 0.09900 -0.31005
v 0.12500 0.04900 -0.30000
v 0.12500 0.09900 -0.30000
v 0.16250 0.04900 -0.31005
v 0.16250 0.09900 -0.31005
v 0.18995 0.04900 -0.33750
v 0.06005 0.09900 -0.41250
v 0.05000 0.09900 -0.37500
v 0.06005 0.09900 -0.33750
v 0.08750 0.09900 -0.43995
v 0.08750 0.09900 -0.31005
v 0.18995 0.09900 -0.33750
v 0.12500 0.09900 -0.45000
v 0.12500 0.09900 -0.30000
v 0.16250 0.09900 -0.43995
v 0.16250 0.09900 -0.31005
v 0.18995 0.09900 -0.41250
v 0.18995 0.09900 -0.33750
v 0.20000 0.09900 -0.37500
v 0.20000 0.04900 -0.37500
v 0.20000 0.09900 -0.37500
v 0.06005 0.09900 -0.16250
v 0.06005 0.04900 -0.16250
v 0.05000 0.04900 -0.12500
v 0.08750 0.09900 -0.18995
v 0.08750 0.04900 -0.18995
v 0.05000 0.09900 -0.12500
v 0.06005 0.04900 -0.08750
v 0.06005 0.09900 -0.08750
v 0.08750 0.04900 -0.06005
v 0.12500 0.09900 -0.20000
v 0.12500 0.04900 -0.20000
v 0.16250 0.09900 -0.18995
v 0.16250 0.04900 -0.18995
v 0.18995 0.09900 -0.16250
v 0.18995 0.04900 -0.16250
v 0.08750 0.09900 -0.06005
v 0.12500 0.04900 -0.05000
v 0.12500 0.09900 -0.05000
v 0.16250 0.04900 -0.06005
v 0.16250 0.09900 -0.06005
v 0.18995 0.04900 -0.08750
v 0.06005 0.09900 -0.16250
v 0.05000 0.09900 -0.12500
v 0.06005 0.09900 -0.08750
v 0.08750 0.09900 -0.18995
v 0.08750 0.09900 -0.06005
v 0.18995 0.09900 -0.08750
v 0.12500 0.09900 -0.20000
v 0.12500 0.09900 -0.05000
v 0.16250 0.09900 -0.18995
v 0.16250 0.09900 -0.06005
v 0.18995 0.09900 -0.16250
v 0.18995 0.09900 -0.08750
v 0.20000 0.09900 -0.12500
v 0.20000 0.04900 -0.12500
v 0.20000 0.09900 -0.12500
v 0.06005 0.09900 0.08750
v 0.06005 0.04900 0.08750
v 0.05000 0.04900 0.12500
v 0.08750 0.09900 0.06005
v 0.08750 0.04900 0.06005
v 0.05000 0.09900 0.12500
v 0.06005 0.04900 0.16250
v 0.06005 0.09900 0.16250
v 0.08750 0.04900 0.18995
v 0.12500 0.09900 0.05000
v 0.12500 0.04900 0.05000
v 0.16250 0.09900 0.06005
v 0.16250 0.04900 0.06005
v 0.18995 0.09900 0.08750
v 0.18995 0.04900 0.08750
v 0.08750 0.09900 0.18995
v 0.12500 0.04900 0.20000
v 0.12500 0.09900 0.20000
v 0.16250 0.04900 0.18995
v 0.16250 0.09900 0.18995
v 0.18995 0.04900 0.16250
v 0.06005 0.09900 0.08750
v 0.06005 0.09900 0.16250
v 0.08750 0.09900 0.06005
v 0.05000 0.09900 0.12500
v 0.08750 0.09900 0.18995
v 0.18995 0.09900 0.16250
v 0.12500 0.09900 0.05000
v 0.12500 0.09900 0.20000
v 0.16250 0.09900 0.06005
v 0.16250 0.09900 0.18995
v 0.18995 0.09900 0.08750
v 0.18995 0.09900 0.16250
v 0.20000 0.09900 0.12500
v 0.20000 0.04900 0.12500
v 0.20000 0.09900 0.12500
v 0.06005 0.09900 0.33750
v 0.06005 0.04900 0.33750
v 0.05000 0.04900 0.37500
v 0.08750 0.09900 0.31005
v 0.08750 0.04900 0.31005
v 0.05000 0.09900 0.37500
v 0.06005 0.04900 0.41250
v 0.06005 0.09900 0.41250
v 0.08750 0.04900 0.43995
v 0.12500 0.09900 0.30000
v 0.12500 0.04900 0.30000
v 0.16250 0.09900 0.31005
v 0.16250 0.04900 0.31005
v 0.18995 0.09900 0.33750
v 0.18995 0.04900 0.33750
v 0.08750 0.09900 0.43995
v 0.12500 0.04900 0.45000
v 0.12500 0.09900 0.45000
v 0.16250 0.04900 0.43995
v 0.16250 0.09900 0.43995
v 0.18995 0.04900 0.41250
v 0.06005 0.09900 0.33750
v 0.06005 0.09900 0.41250
v 0.08750 0.09900 0.31005
v 0.05000 0.09900 0.37500
v 0.08750 0.09900 0.43995
v 0.18995 0.09900 0.41250
v 0.12500 0.09900 0.30000
v 0.12500 0.09900 0.45000
v 0.16250 0.09900 0.31005
v 0.16250 0.09900 0.43995
v 0.18995 0.09900 0.33750
v 0.18995 0.09900 0.41250
v 0.20000 0.09900 0.37500
v 0.20000 0.04900 0.37500
v 0.20000 0.09900 0.37500
v 0.06005 0.09900 0.58750
v 0.06005 0.04900 0.58750
v 0.05000 0.04900 0.62500
v 0.08750 0.09900 0.56005
v 0.08750 0.04900 0.56005
v 0.05000 0.09900 0.62500
v 0.06005 0.04900 0.66250
v 0.06005 0.09900 0.66250
v 0.08750 0.04900 0.68995
v 0.12500 0.09900 0.55000
v 0.12500 0.04900 0.55000
v 0.16250 0.09900 0.56005
v 0.16250 0.04900 0.56005
v 0.18995 0.09900 0.58750
v 0.18995 0.04900 0.58750
v 0.08750 0.09900 0.68995
v 0.12500 0.04900 0.70000
v 0.12500 0.09900 0.70000
v 0.16250 0.04900 0.68995
v 0.16250 0.09900 0.68995
v 0.18995 0.04900 0.66250
v 0.06005 0.09900 0.58750
v 0.06005 0.09900 0.66250
v 0.08750 0.09900 0.56005
v 0.05000 0.09900 0.62500
v 0.08750 0.09900 0.68995
v 0.18995 0.09900 0.66250
v 0.12500 0.09900 0.55000
v 0.12500 0.09900 0.70000
v 0.16250 0.09900 0.56005
v 0.16250 0.09900 0.68995
v 0.18995 0.09900 0.58750
v 0.18995 0.09900 0.66250
v 0.20000 0.09900 0.62500
v 0.20000 0.04900 0.62500
v 0.20000 0.09900 0.62500
v 0.06005 0.09900 0.83750
v 0.06005 0.04900 0.83750
v 0.05000 0.04900 0.87500
v 0.08750 0.09900 0.81005
v 0.08750 0.04900 0.81005
v 0.05000 0.09900 0.87500
v 0.06005 0.04900 0.91250
v 0.06005 0.09900 0.91250
v 0.08750 0.04900 0.93995
v 0.12500 0.09900 0.80000
v 0.12500 0.04900 0.80000
v 0.16250 0.09900 0.81005
v 0.16250 0.04900 0.81005
v 0.18995 0.09900 0.83750
v 0.18995 0.04900 0.83750
v 0.08750 0.09900 0.93995
v 0.12500 0.04900 0.95000
v 0.12500 0.09900 0.95000
v 0.16250 0.04900 0.93995
v 0.16250 0.09900 0.93995
v 0.18995 0.04900 0.91250
v 0.06005 0.09900 0.83750
v 0.06005 0.09900 0.91250
v 0.08750 0.09900 0.81005
v 0.05000 0.09900 0.87500
v 0.08750 0.09900 0.93995
v 0.18995 0.09900 0.91250
v 0.12500 0.09900 0.80000
v 0.12500 0.09900 0.95000
v 0.16250 0.09900 0.81005
v 0.16250 0.09900 0.93995
v 0.18995 0.09900 0.83750
v 0.18995 0.09900 0.91250
v 0.20000 0.09900 0.87500
v 0.20000 0.04900 0.87500
v 0.20000 0.09900 0.87500
v 0.31005 0.09900 -0.91250
v 0.31005 0.04900 -0.91250
v 0.30000 0.04900 -0.87500
v 0.37500 0.09900 -0.95000
v 0.37500 0.04900 -0.95000
v 0.33750 0.04900 -0.93995
v 0.33750 0.09900 -0.93995
v 0.30000 0.09900 -0.87500
v 0.31005 0.04900 -0.83750
v 0.31005 0.09900 -0.83750
v 0.33750 0.04900 -0.81005
v 0.33750 0.09900 -0.81005
v 0.37500 0.04900 -0.80000
v 0.37500 0.09900 -0.80000
v 0.30000 0.09900 -0.87500
v 0.31005 0.09900 -0.83750
v 0.31005 0.09900 -0.91250
v 0.33750 0.09900 -0.93995
v 0.33750 0.09900 -0.81005
v 0.37500 0.09900 -0.95000
v 0.37500 0.09900 -0.80000
v 0.41250 0.09900 -0.93995
v 0.41250 0.04900 -0.93995
v 0.43995 0.09900 -0.91250
v 0.43995 0.04900 -0.91250
v 0.45000 0.09900 -0.87500
v 0.45000 0.04900 -0.87500
v 0.41250 0.04900 -0.81005
v 0.43995 0.09900 -0.83750
v 0.43995 0.04900 -0.83750
v 0.41250 0.09900 -0.81005
v 0.41250 0.09900 -0.93995
v 0.41250 0.09900 -0.81005
v 0.43995 0.09900 -0.91250
v 0.43995 0.09900 -0.83750
v 0.45000 0.09900 -0.87500
v 0.31005 0.09900 -0.66250
v 0.31005 0.04900 -0.66250
v 0.30000 0.04900 -0.62500
v 0.37500 0.09900 -0.70000
v 0.37500 0.04900 -0.70000
v 0.33750 0.04900 -0.68995
v 0.33750 0.09900 -0.68995
v 0.30000 0.09900 -0.62500
v 0.31005 0.04900 -0.58750
v 0.31005 0.09900 -0.58750
v 0.33750 0.04900 -0.56005
v 0.33750 0.09900 -0.56005
v 0.37500 0.04900 -0.55000
v 0.37500 0.09900 -0.55000
v 0.30000 0.09900 -0.62500
v 0.31005 0.09900 -0.58750
v 0.31005 0.09900 -0.66250
v 0.33750 0.09900 -0.68995
v 0.33750 0.09900 -0.56005
v 0.37500 0.09900 -0.70000
v 0.37500 0.09900 -0.55000
v 0.41250 0.09900 -0.68995
v 0.41250 0.04900 -0.68995
v 0.43995 0.09900 -0.66250
v 0.43995 0.04900 -0.66250
v 0.45000 0.09900 -0.62500
v 0.45000 0.04900 -0.62500
v 0.41250 0.04900 -0.56005
v 0.43995 0.09900 -0.58750
v 0.43995 0.04900 -0.58750
v 0.41250 0.09900 -0.56005
v 0.41250 0.09900 -0.68995
v 0.41250 0.09900 -0.56005
v 0.43995 0.09900 -0.66250
v 0.43995 0.09900 -0.58750
v 0.45000 0.09900 -0.62500
v 0.31005 0.09900 -0.41250
v 0.31005 0.04900 -0.41250
v 0.30000 0.04900 -0.37500
v 0.37500 0.09900 -0.45000
v 0.37500 0.04900 -0.45000
v 0.33750 0.04900 -0.43995
v 0.33750 0.09900 -0.43995
v 0.30000 0.09900 -0.37500
v 0.31005 0.04900 -0.33750
v 0.31005 0.09900 -0.33750
v 0.33750 0.04900 -0.31005
v 0.33750 0.09900 -0.31005
v 0.37500 0.04900 -0.30000
v 0.37500 0.09900 -0.30000
v 0.30000 0.09900 -0.37500
v 0.31005 0.09900 -0.33750
v 0.31005 0.09900 -0.41250
v 0.33750 0.09900 -0.43995
v 0.33750 0.09900 -0.31005
v 0.37500 0.09900 -0.45000
v 0.37500 0.09900 -0.30000
v 0.41250 0.09900 -0.43995
v 0.41250 0.04900 -0.43995
v 0.43995 0.09900 -0.41250
v 0.43995 0.04900 -0.41250
v 0.45000 0.09900 -0.37500
v 0.45000 0.04900 -0.37500
v 0.41250 0.04900 -0.31005
v 0.43995 0.09900 -0.33750
v 0.43995 0.04900 -0.33750
v 0.41250 0.09900 -0.31005
v 0.41250 0.09900 -0.43995
v 0.41250 0.09900 -0.31005
v 0.43995 0.09900 -0.41250
v 0.43995 0.09900 -0.33750
v 0.45000 0.09900 -0.37500
v 0.31005 0.09900 -0.16250
v 0.31005 0.04900 -0.16250
v 0.30000 0.04900 -0.12500
v 0.37500 0.09900 -0.20000
v 0.37500 0.04900 -0.20000
v 0.33750 0.04900 -0.18995
v 0.33750 0.09900 -0.18995
v 0.30000 0.09900 -0.12500
v 0.31005 0.04900 -0.08750
v 0.31005 0.09900 -0.08750
v 0.33750 0.04900 -0.06005
v 0.33750 0.09900 -0.06005
v 0.37500 0.04900 -0.05000
v 0.37500 0.09900 -0.05000
v 0.30000 0.09900 -0.12500
v 0.31005 0.09900 -0.08750
v 0.31005 0.09900 -0.16250
v 0.33750 0.09900 -0.18995
v 0.33750 0.09900 -0.06005
v 0.37500 0.09900 -0.20000
v 0.37500 0.09900 -0.05000
v 0.41250 0.09900 -0.18995
v 0.41250 0.04900 -0.18995
v 0.43995 0.09900 -0.16250
v 0.43995 0.04900 -0.16250
v 0.45000 0.09900 -0.12500
v 0.45000 0.04900 -0.12500
v 0.41250 0.04900 -0.06005
v 0.43995 0.09900 -0.08750
v 0.43995 0.04900 -0.08750
v 0.41250 0.09900 -0.06005
v 0.41250 0.09900 -0.18995
v 0.41250 0.09900 -0.06005
v 0.43995 0.09900 -0.16250
v 0.43995 0.09900 -0.08750
v 0.45000 0.09900 -0.12500
v 0.31005 0.09900 0.08750
v 0.31005 0.04900 0.08750
v 0.30000 0.04900 0.12500
v 0.37500 0.09900 0.05000
v 0.37500 0.04900 0.05000
v 0.33750 0.04900 0.06005
v 0.33750 0.09900 0.06005
v 0.30000 0.09900 0.12500
v 0.31005 0.04900 0.16250
v 0.31005 0.09900 0.16250
v 0.33750 0.04900 0.18995
v 0.33750 0.09900 0.18995
v 0.37500 0.04900 0.20000
v 0.37500 0.09900 0.20000
v 0.31005 0.09900 0.08750
v 0.31005 0.09900 0.16250
v 0.33750 0.09900 0.06005
v 0.33750 0.09900 0.18995
v 0.37500 0.09900 0.05000
v 0.30000 0.09900 0.12500
v 0.37500 0.09900 0.20000
v 0.41250 0.09900 0.06005
v 0.41250 0.04900 0.06005
v 0.43995 0.09900 0.08750
v 0.43995 0.04900 0.08750
v 0.45000 0.09900 0.12500
v 0.45000 0.04900 0.12500
v 0.41250 0.04900 0.18995
v 0.43995 0.09900 0.16250
v 0.43995 0.04900 0.16250
v 0.41250 0.09900 0.18995
v 0.41250 0.09900 0.06005
v 0.41250 0.09900 0.18995
v 0.43995 0.09900 0.08750
v 0.43995 0.09900 0.16250
v 0.45000 0.09900 0.12500
v 0.31005 0.09900 0.33750
v 0.31005 0.04900 0.33750
v 0.30000 0.04900 0.37500
v 0.37500 0.09900 0.30000
v 0.37500 0.04900 0.30000
v 0.33750 0.04900 0.31005
v 0.33750 0.09900 0.31005
v 0.30000 0.09900 0.37500
v 0.31005 0.04900 0.41250
v 0.31005 0.09900 0.41250
v 0.33750 0.04900 0.43995
v 0.33750 0.09900 0.43995
v 0.37500 0.04900 0.45000
v 0.37500 0.09900 0.45000
v 0.31005 0.09900 0.33750
v 0.31005 0.09900 0.41250
v 0.33750 0.09900 0.31005
v 0.33750 0.09900 0.43995
v 0.37500 0.09900 0.30000
v 0.30000 0.09900 0.37500
v 0.37500 0.09900 0.45000
v 0.41250 0.09900 0.31005
v 0.41250 0.04900 0.31005
v 0.43995 0.09900 0.33750
v 0.43995 0.04900 0.33750
v 0.45000 0.09900 0.37500
v 0.45000 0.04900 0.37500
v 0.41250 0.04900 0.43995
v 0.43995 0.09900 0.41250
v 0.43995 0.04900 0.41250
v 0.41250 0.09900 0.43995
v 0.41250 0.09900 0.31005
v 0.41250 0.09900 0.43995
v 0.43995 0.09900 0.33750
v 0.43995 0.09900 0.41250
v 0.45000 0.09900 0.37500
v 0.31005 0.09900 0.58750
v 0.31005 0.04900 0.58750
v 0.30000 0.04900 0.62500
v 0.37500 0.09900 0.55000
v 0.37500 0.04900 0.55000
v 0.33750 0.04900 0.56005
v 0.33750 0.09900 0.56005
v 0.30000 0.09900 0.62500
v 0.31005 0.04900 0.66250
v 0.31005 0.09900 0.66250
v 0.33750 0.04900 0.68995
v 0.33750 0.09900 0.68995
v 0.37500 0.04900 0.70000
v 0.37500 0.09900 0.70000
v 0.31005 0.09900 0.58750
v 0.31005 0.09900 0.66250
v 0.33750 0.09900 0.56005
v 0.33750 0.09900 0.68995
v 0.37500 0.09900 0.55000
v 0.30000 0.09900 0.62500
v 0.37500 0.09900 0.70000
v 0.41250 0.09900 0.56005
v 0.41250 0.04900 0.56005
v 0.43995 0.09900 0.58750
v 0.43995 0.04900 0.58750
v 0.45000 0.09900 0.62500
v 0.45000 0.04900 0.62500
v 0.41250 0.04900 0.68995
v 0.43995 0.09900 0.66250
v 0.43995 0.04900 0.66250
v 0.41250 0.09900 0.68995
v 0.41250 0.09900 0.56005
v 0.41250 0.09900 0.68995
v 0.43995 0.09900 0.58750
v 0.43995 0.09900 0.66250
v 0.45000 0.09900 0.62500
v 0.31005 0.09900 0.83750
v 0.31005 0.04900 0.83750
v 0.30000 0.04900 0.87500
v 0.37500 0.09900 0.80000
v 0.37500 0.04900 0.80000
v 0.33750 0.04900 0.81005
v 0.33750 0.09900 0.81005
v 0.30000 0.09900 0.87500
v 0.31005 0.04900 0.91250
v 0.31005 0.09900 0.91250
v 0.33750 0.04900 0.93995
v 0.33750 0.09900 0.93995
v 0.37500 0.04900 0.95000
v 0.37500 0.09900 0.95000
v 0.33750 0.09900 0.81005
v 0.31005 0.09900 0.83750
v 0.31005 0.09900 0.91250
v 0.33750 0.09900 0.93995
v 0.37500 0.09900 0.80000
v 0.30000 0.09900 0.87500
v 0.37500 0.09900 0.95000
v 0.41250 0.09900 0.81005
v 0.41250 0.04900 0.81005
v 0.43995 0.09900 0.83750
v 0.43995 0.04900 0.83750
v 0.45000 0.09900 0.87500
v 0.45000 0.04900 0.87500
v 0.41250 0.04900 0.93995
v 0.43995 0.09900 0.91250
v 0.43995 0.04900 0.91250
v 0.41250 0.09900 0.93995
v 0.41250 0.09900 0.81005
v 0.41250 0.09900 0.93995
v 0.43995 0.09900 0.83750
v 0.43995 0.09900 0.91250
v 0.45000 0.09900 0.87500
v 0.56005 0.09900 -0.91250
v 0.56005 0.04900 -0.91250
v 0.55000 0.04900 -0.87500
v 0.55000 0.09900 -0.87500
v 0.56005 0.04900 -0.83750
v 0.56005 0.09900 -0.83750
v 0.56005 0.09900 -0.91250
v 0.55000 0.09900 -0.87500
v 0.56005 0.09900 -0.83750
v 0.58750 0.09900 -0.93995
v 0.58750 0.04900 -0.93995
v 0.62500 0.09900 -0.95000
v 0.62500 0.04900 -0.95000
v 0.66250 0.09900 -0.93995
v 0.66250 0.04900 -0.93995
v 0.58750 0.04900 -0.81005
v 0.58750 0.09900 -0.81005
v 0.62500 0.04900 -0.80000
v 0.62500 0.09900 -0.80000
v 0.66250 0.04900 -0.81005
v 0.68995 0.09900 -0.91250
v 0.68995 0.04900 -0.91250
v 0.70000 0.09900 -0.87500
v 0.70000 0.04900 -0.87500
v 0.66250 0.09900 -0.81005
v 0.68995 0.04900 -0.83750
v 0.68995 0.09900 -0.83750
v 0.58750 0.09900 -0.93995
v 0.58750 0.09900 -0.81005
v 0.62500 0.09900 -0.95000
v 0.62500 0.09900 -0.80000
v 0.66250 0.09900 -0.93995
v 0.66250 0.09900 -0.81005
v 0.68995 0.09900 -0.91250
v 0.68995 0.09900 -0.83750
v 0.70000 0.09900 -0.87500
v 0.56005 0.09900 -0.66250
v 0.56005 0.04900 -0.66250
v 0.55000 0.04900 -0.62500
v 0.55000 0.09900 -0.62500
v 0.56005 0.04900 -0.58750
v 0.56005 0.09900 -0.58750
v 0.56005 0.09900 -0.66250
v 0.55000 0.09900 -0.62500
v 0.56005 0.09900 -0.58750
v 0.58750 0.09900 -0.68995
v 0.58750 0.04900 -0.68995
v 0.62500 0.09900 -0.70000
v 0.62500 0.04900 -0.70000
v 0.66250 0.09900 -0.68995
v 0.66250 0.04900 -0.68995
v 0.58750 0.04900 -0.56005
v 0.58750 0.09900 -0.56005
v 0.62500 0.04900 -0.55000
v 0.62500 0.09900 -0.55000
v 0.66250 0.04900 -0.56005
v 0.68995 0.09900 -0.66250
v 0.68995 0.04900 -0.66250
v 0.70000 0.09900 -0.62500
v 0.70000 0.04900 -0.62500
v 0.66250 0.09900 -0.56005
v 0.68995 0.04900 -0.58750
v 0.68995 0.09900 -0.58750
v 0.58750 0.09900 -0.68995
v 0.58750 0.09900 -0.56005
v 0.62500 0.09900 -0.70000
v 0.62500 0.09900 -0.55000
v 0.66250 0.09900 -0.68995
v 0.66250 0.09900 -0.56005
v 0.68995 0.09900 -0.66250
v 0.68995 0.09900 -0.58750
v 0.70000 0.09900 -0.62500
v 0.56005 0.09900 -0.41250
v 0.56005 0.04900 -0.41250
v 0.55000 0.04900 -0.37500
v 0.55000 0.09900 -0.37500
v 0.56005 0.04900 -0.33750
v 0.56005 0.09900 -0.33750
v 0.56005 0.09900 -0.41250
v 0.55000 0.09900 -0.37500
v 0.56005 0.09900 -0.33750
v 0.58750 0.09900 -0.43995
v 0.58750 0.04900 -0.43995
v 0.62500 0.09900 -0.45000
v 0.62500 0.04900 -0.45000
v 0.66250 0.09900 -0.43995
v 0.66250 0.04900 -0.43995
v 0.58750 0.04900 -0.31005
v 0.58750 0.09900 -0.31005
v 0.62500 0.04900 -0.30000
v 0.62500 0.09900 -0.30000
v 0.66250 0.04900 -0.31005
v 0.68995 0.09900 -0.41250
v 0.68995 0.04900 -0.41250
v 0.70000 0.09900 -0.37500
v 0.70000 0.04900 -0.37500
v 0.66250 0.09900 -0.31005
v 0.68995 0.04900 -0.33750
v 0.68995 0.09900 -0.33750
v 0.58750 0.09900 -0.43995
v 0.58750 0.09900 -0.31005
v 0.62500 0.09900 -0.45000
v 0.62500 0.09900 -0.30000
v 0.66250 0.09900 -0.43995
v 0.66250 0.09900 -0.31005
v 0.68995 0.09900 -0.41250
v 0.68995 0.09900 -0.33750
v 0.70000 0.09900 -0.37500
v 0.56005 0.09900 -0.16250
v 0.56005 0.04900 -0.16250
v 0.55000 0.04900 -0.12500
v 0.55000 0.09900 -0.12500
v 0.56005 0.04900 -0.08750
v 0.56005 0.09900 -0.08750
v 0.56005 0.09900 -0.16250
v 0.55000 0.09900 -0.12500
v 0.56005 0.09900 -0.08750
v 0.58750 0.09900 -0.18995
v 0.58750 0.04900 -0.18995
v 0.62500 0.09900 -0.20000
v 0.62500 0.04900 -0.20000
v 0.66250 0.09900 -0.18995
v 0.66250 0.04900 -0.18995
v 0.58750 0.04900 -0.06005
v 0.58750 0.09900 -0.06005
v 0.62500 0.04900 -0.05000
v 0.62500 0.09900 -0.05000
v 0.66250 0.04900 -0.06005
v 0.68995 0.09900 -0.16250
v 0.68995 0.04900 -0.16250
v 0.70000 0.09900 -0.12500
v 0.70000 0.04900 -0.12500
v 0.66250 0.09900 -0.06005
v 0.68995 0.04900 -0.08750
v 0.68995 0.09900 -0.08750
v 0.58750 0.09900 -0.18995
v 0.58750 0.09900 -0.06005
v 0.62500 0.09900 -0.20000
v 0.62500 0.09900 -0.05000
v 0.66250 0.09900 -0.18995
v 0.66250 0.09900 -0.06005
v 0.68995 0.09900 -0.16250
v 0.68995 0.09900 -0.08750
v 0.70000 0.09900 -0.12500
v 0.56005 0.09900 0.08750
v 0.56005 0.04900 0.08750
v 0.55000 0.04900 0.12500
v 0.55000 0.09900 0.12500
v 0.56005 0.04900 0.16250
v 0.56005 0.09900 0.16250
v 0.56005 0.09900 0.08750
v 0.55000 0.09900 0.12500
v 0.56005 0.09900 0.16250
v 0.58750 0.09900 0.06005
v 0.58750 0.04900 0.06005
v 0.62500 0.09900 0.05000
v 0.62500 0.04900 0.05000
v 0.66250 0.09900 0.06005
v 0.66250 0.04900 0.06005
v 0.58750 0.04900 0.18995
v 0.58750 0.09900 0.18995
v 0.62500 0.04900 0.20000
v 0.62500 0.09900 0.20000
v 0.66250 0.04900 0.18995
v 0.68995 0.09900 0.08750
v 0.68995 0.04900 0.08750
v 0.70000 0.09900 0.12500
v 0.70000 0.04900 0.12500
v 0.66250 0.09900 0.18995
v 0.68995 0.04900 0.16250
v 0.68995 0.09900 0.16250
v 0.58750 0.09900 0.06005
v 0.58750 0.09900 0.18995
v 0.62500 0.09900 0.05000
v 0.62500 0.09900 0.20000
v 0.66250 0.09900 0.06005
v 0.66250 0.09900 0.18995
v 0.68995 0.09900 0.08750
v 0.68995 0.09900 0.16250
v 0.70000 0.09900 0.12500
v 0.56005 0.09900 0.33750
v 0.56005 0.04900 0.33750
v 0.55000 0.04900 0.37500
v 0.55000 0.09900 0.37500
v 0.56005 0.04900 0.41250
v 0.56005 0.09900 0.41250
v 0.56005 0.09900 0.33750
v 0.55000 0.09900 0.37500
v 0.56005 0.09900 0.41250
v 0.58750 0.09900 0.31005
v 0.58750 0.04900 0.31005
v 0.62500 0.09900 0.30000
v 0.62500 0.04900 0.30000
v 0.66250 0.09900 0.31005
v 0.66250 0.04900 0.31005
v 0.58750 0.04900 0.43995
v 0.58750 0.09900 0.43995
v 0.62500 0.04900 0.45000
v 0.62500 0.09900 0.45000
v 0.66250 0.04900 0.43995
v 0.68995 0.09900 0.33750
v 0.68995 0.04900 0.33750
v 0.70000 0.09900 0.37500
v 0.70000 0.04900 0.37500
v 0.66250 0.09900 0.43995
v 0.68995 0.04900 0.41250
v 0.68995 0.09900 0.41250
v 0.58750 0.09900 0.31005
v 0.58750 0.09900 0.43995
v 0.62500 0.09900 0.30000
v 0.62500 0.09900 0.45000
v 0.66250 0.09900 0.31005
v 0.66250 0.09900 0.43995
v 0.68995 0.09900 0.33750
v 0.68995 0.09900 0.41250
v 0.70000 0.09900 0.37500
v 0.56005 0.09900 0.58750
v 0.56005 0.04900 0.58750
v 0.55000 0.04900 0.62500
v 0.55000 0.09900 0.62500
v 0.56005 0.04900 0.66250
v 0.56005 0.09900 0.66250
v 0.56005 0.09900 0.58750
v 0.55000 0.09900 0.62500
v 0.56005 0.09900 0.66250
v 0.58750 0.09900 0.56005
v 0.58750 0.04900 0.56005
v 0.62500 0.09900 0.55000
v 0.62500 0.04900 0.55000
v 0.66250 0.09900 0.56005
v 0.66250 0.04900 0.56005
v 0.58750 0.04900 0.68995
v 0.58750 0.09900 0.68995
v 0.62500 0.04900 0.70000
v 0.62500 0.09900 0.70000
v 0.66250 0.04900 0.68995
v 0.68995 0.09900 0.58750
v 0.68995 0.04900 0.58750
v 0.70000 0.09900 0.62500
v 0.70000 0.04900 0.62500
v 0.66250 0.09900 0.68995
v 0.68995 0.04900 0.66250
v 0.68995 0.09900 0.66250
v 0.58750 0.09900 0.56005
v 0.58750 0.09900 0.68995
v 0.62500 0.09900 0.55000
v 0.62500 0.09900 0.70000
v 0.66250 0.09900 0.56005
v 0.66250 0.09900 0.68995
v 0.68995 0.09900 0.58750
v 0.68995 0.09900 0.66250
v 0.70000 0.09900 0.62500
v 0.56005 0.09900 0.83750
v 0.56005 0.04900 0.83750
v 0.55000 0.04900 0.87500
v 0.55000 0.09900 0.87500
v 0.56005 0.04900 0.91250
v 0.56005 0.09900 0.91250
v 0.56005 0.09900 0.83750
v 0.55000 0.09900 0.87500
v 0.56005 0.09900 0.91250
v 0.58750 0.09900 0.81005
v 0.58750 0.04900 0.81005
v 0.62500 0.09900 0.80000
v 0.62500 0.04900 0.80000
v 0.66250 0.09900 0.81005
v 0.66250 0.04900 0.81005
v 0.58750 0.04900 0.93995
v 0.58750 0.09900 0.93995
v 0.62500 0.04900 0.95000
v 0.62500 0.09900 0.95000
v 0.66250 0.04900 0.93995
v 0.68995 0.09900 0.83750
v 0.68995 0.04900 0.83750
v 0.70000 0.09900 0.87500
v 0.70000 0.04900 0.87500
v 0.66250 0.09900 0.93995
v 0.68995 0.04900 0.91250
v 0.68995 0.09900 0.91250
v 0.58750 0.09900 0.81005
v 0.58750 0.09900 0.93995
v 0.62500 0.09900 0.80000
v 0.62500 0.09900 0.95000
v 0.66250 0.09900 0.81005
v 0.66250 0.09900 0.93995
v 0.68995 0.09900 0.83750
v 0.68995 0.09900 0.91250
v 0.70000 0.09900 0.87500
vn -0.1877 -0.9641 -0.1877
vn -0.6887 -0.6887 -0.2265
vn -0.2265 -0.6887 -0.6887
vn -0.6887 -0.2265 -0.6887
vn -0.9641 -0.1877 -0.1877
vn -0.1877 -0.1877 -0.9641
vn -0.6887 0.2265 -0.6887
vn -0.6887 -0.6887 0.2265
vn -0.9641 0.1877 -0.1877
vn -0.1877 0.1877 -0.9641
vn -0.9641 0.1877 0.1877
vn 0.1877 -0.9641 -0.1877
vn 0.1877 -0.1877 -0.9641
vn 0.1877 0.1877 -0.9641
vn -0.1877 -0.9641 0.1877
vn -0.9641 -0.1877 0.1877
vn -0.2265 -0.6887 0.6887
vn -0.6887 -0.2265 0.6887
vn -0.1877 -0.1877 0.9641
vn -0.6887 0.2265 0.6887
vn -0.1877 0.1877 0.9641
vn 0.1877 -0.9641 0.1877
vn 0.2265 -0.6887 0.6887
vn 0.1877 -0.1877 0.9641
vn -0.6887 0.6887 -0.2265
vn -0.2265 0.6887 -0.6887
vn -0.1877 0.9641 -0.1877
vn 0.0000 1.0000 0.0000
vn 0.0000 1.0000 0.0000
vn 0.0000 1.0000 0.0000
vn 0.0000 1.0000 0.0000
vn 0.0000 1.0000 0.0000
vn 0.0000 1.0000 0.0000
vn 0.0000 1.0000 0.0000
vn 0.0000 1.0000 0.0000
vn 0.0000 1.0000 0.0000
vn 0.0000 1.0000 0.0000
vn 0.0000 1.0000 0.0000
vn 0.0000 1.0000 0.0000
vn 0.0000 1.0000 0.0000
vn 0.0000 1.0000 0.0000
vn 0.0000 1.0000 0.0000
vn 0.0000 1.0000 0.0000
vn 0.0000 1.0000 0.0000
vn 0.0000 1.0000 0.0000
vn 0.0000 1.0000 0.0000
vn 0.0000 1.0000 0.0000
vn 0.0000 1.0000 0.0000
vn 0.0000 1.0000 0.0000
vn 0.0000 1.0000 0.0000
vn 0.0000 1.0000 0.0000
vn 0.0000 1.0000 0.0000
vn 0.0000 1.0000 0.0000
vn 0.0000 1.0000 0.0000
vn 0.0000 1.0000 0.0000
vn 0.0000 1.0000 0.0000
vn 0.0000 1.0000 0.0000
vn 0.0000 1.0000 0.0000
vn 0.0000 1.0000 0.0000
vn 0.0000 1.0000 0.0000
vn 0.0000 1.0000 0.0000
vn 0.0000 1.0000 0.0000
vn 0.0000 1.0000 0.0000
vn 0.0000 1.0000 0.0000
vn 0.0000 1.0000 0.0000
vn 0.0000 1.0000 0.0000
vn 0.0000 1.0000 0.0000
vn 0.0000 1.0000 0.0000
vn 0.0000 1.0000 0.0000
vn 0.0000 1.0000 0.0000
vn 0.0000 1.0000 0.0000
vn 0.0000 1.0000 0.0000
vn -0.1877 0.9641 0.1877
vn 0.0000 1.0000 0.0000
vn 0.0000 1.0000 0.0000
vn 0.0000 1.0000 0.0000
vn 0.0000 1.0000 0.0000
vn 0.0000 1.0000 0.0000
vn 0.0000 1.0000 0.0000
vn 0.0000 1.0000 0.0000
vn 0.0000 1.0000 0.0000
vn 0.0000 1.0000 0.0000
vn 0.0000 1.0000 0.0000
vn 0.0000 1.0000 0.0000
vn 0.0000 1.0000 0.0000
vn 0.0000 1.0000 0.0000
vn 0.0000 1.0000 0.0000
vn 0.0000 1.0000 0.0000
vn 0.0000 1.0000 0.0000
vn 0.0000 1.0000 0.0000
vn 0.0000 1.0000 0.0000
vn 0.0000 1.0000 0.0000
vn 0.0000 1.0000 0.0000
vn 0.0000 1.0000 0.0000
vn 0.0000 1.0000 0.0000
vn 0.0000 1.0000 0.0000
vn 0.0000 1.0000 0.0000
vn 0.0000 1.0000 0.0000
vn 0.0000 1.0000 0.0000
vn 0.0000 1.0000 0.0000
vn 0.0000 1.0000 0.0000
vn 0.0000 1.0000 0.0000
vn 0.0000 1.0000 0.0000
vn 0.0000 1.0000 0.0000
vn 0.0000 1.0000 0.0000
vn 0.0000 1.0000 0.0000
vn 0.0000 1.0000 0.0000
vn 0.0000 1.0000 0.0000
vn 0.0000 1.0000 0.0000
vn 0.0000 1.0000 0.0000
vn 0.0000 1.0000 0.0000
vn 0.0000 1.0000 0.0000
vn 0.0000 1.0000 0.0000
vn 0.0000 1.0000 0.0000
vn 0.0000 1.0000 0.0000
vn 0.0000 1.0000 0.0000
vn 0.0000 1.0000 0.0000
vn 0.1877 0.9641 -0.1877
vn 0.0000 1.0000 0.0000
vn 0.0000 1.0000 0.0000
vn 0.0000 1.0000 0.0000
vn 0.0000 1.0000 0.0000
vn 0.0000 1.0000 0.0000
vn 0.0000 1.0000 0.0000
vn 0.0000 1.0000 0.0000
vn 0.0000 1.0000 0.0000
vn 0.0000 1.0000 0.0000
vn 0.0000 1.0000 0.0000
vn 0.0000 1.0000 0.0000
vn 0.0000 1.0000 0.0000
vn 0.0000 1.0000 0.0000
vn 0.0000 1.0000 0.0000
vn 0.0000 1.0000 0.0000
vn 0.0000 1.0000 0.0000
vn 0.0000 1.0000 0.0000
vn 0.0000 1.0000 0.0000
vn 0.0000 1.0000 0.0000
vn 0.0000 1.0000 0.0000
vn 0.0000 1.0000 0.0000
vn 0.0000 1.0000 0.0000
vn 0.0000 1.0000 0.0000
vn 0.0000 1.0000 0.0000
vn 0.0000 1.0000 0.0000
vn 0.0000 1.0000 0.0000
vn 0.0000 1.0000 0.0000
vn 0.0000 1.0000 0.0000
vn 0.0000 1.0000 0.0000
vn 0.0000 1.0000 0.0000
vn 0.0000 1.0000 0.0000
vn 0.0000 1.0000 0.0000
vn 0.0000 1.0000 0.0000
vn 0.0000 1.0000 0.0000
vn 0.0000 1.0000 0.0000
vn 0.0000 1.0000 0.0000
vn 0.0000 1.0000 0.0000
vn 0.0000 1.0000 0.0000
vn 0.0000 1.0000 0.0000
vn 0.0000 1.0000 0.0000
vn 0.0000 1.0000 0.0000
vn 0.0000 1.0000 0.0000
vn 0.0000 1.0000 0.0000
vn 0.0000 1.0000 0.0000
vn 0.0000 1.0000 0.0000
vn 0.0000 1.0000 0.0000
vn 0.0000 1.0000 0.0000
vn 0.0000 1.0000 0.0000
vn 0.0000 1.0000 0.0000
vn 0.0000 1.0000 0.0000
vn 0.0000 1.0000 0.0000
vn 0.0000 1.0000 0.0000
vn 0.0000 1.0000 0.0000
vn 0.0000 1.0000 0.0000
vn 0.0000 1.0000 0.0000
vn 0.0000 1.0000 0.0000
vn 0.0000 1.0000 0.0000
vn 0.0000 1.0000 0.0000
vn 0.0000 1.0000 0.0000
vn 0.0000 1.0000 0.0000
vn 0.0000 1.0000 0.0000
vn 0.0000 1.0000 0.0000
vn 0.0000 1.0000 0.0000
vn 0.0000 1.0000 0.0000
vn 0.0000 1.0000 0.0000
vn 0.0000 1.0000 0.0000
vn 0.0000 1.0000 0.0000
vn 0.0000 1.0000 0.0000
vn 0.0000 1.0000 0.0000
vn 0.0000 1.0000 0.0000
vn 0.0000 1.0000 0.0000
vn 0.0000 1.0000 0.0000
vn 0.0000 1.0000 0.0000
vn 0.0000 1.0000 0.0000
vn 0.0000 1.0000 0.0000
vn 0.0000 1.0000 0.0000
vn 0.0000 1.0000 0.0000
vn 0.0000 1.0000 0.0000
vn 0.0000 1.0000 0.0000
vn 0.0000 1.0000 0.0000
vn 0.0000 1.0000 0.0000
vn 0.0000 1.0000 0.0000
vn 0.0000 1.0000 0.0000
vn 0.0000 1.0000 0.0000
vn 0.0000 1.0000 0.0000
vn 0.0000 1.0000 0.0000
vn 0.0000 1.0000 0.0000
vn 0.0000 1.0000 0.0000
vn 0.0000 1.0000 0.0000
vn 0.0000 1.0000 0.0000
vn 0.0000 1.0000 0.0000
vn 0.0000 1.0000 0.0000
vn 0.0000 1.0000 0.0000
vn -0.6887 0.6887 0.2265
vn 0.0000 1.0000 0.0000
vn 0.0000 1.0000 0.0000
vn 0.0000 1.0000 0.0000
vn 0.0000 1.0000 0.0000
vn 0.0000 1.0000 0.0000
vn 0.0000 1.0000 0.0000
vn 0.0000 1.0000 0.0000
vn 0.0000 1.0000 0.0000
vn 0.0000 1.0000 0.0000
vn 0.0000 1.0000 0.0000
vn 0.0000 1.0000 0.0000
vn 0.0000 1.0000 0.0000
vn 0.0000 1.0000 0.0000
vn 0.0000 1.0000 0.0000
vn 0.0000 1.0000 0.0000
vn 0.0000 1.0000 0.0000
vn 0.0000 1.0000 0.0000
vn 0.0000 1.0000 0.0000
vn 0.0000 1.0000 0.0000
vn 0.0000 1.0000 0.0000
vn 0.0000 1.0000 0.0000
vn 0.0000 1.0000 0.0000
vn 0.0000 1.0000 0.0000
vn 0.0000 1.0000 0.0000
vn 0.0000 1.0000 0.0000
vn 0.0000 1.0000 0.0000
vn 0.0000 1.0000 0.0000
vn 0.0000 1.0000 0.0000
vn -0.2265 0.6887 0.6887
vn 0.0000 1.0000 0.0000
vn 0.0000 1.0000 0.0000
vn 0.0000 1.0000 0.0000
vn 0.0000 1.0000 0.0000
vn 0.0000 1.0000 0.0000
vn 0.0000 1.0000 0.0000
vn 0.0000 1.0000 0.0000
vn 0.0000 1.0000 0.0000
vn 0.0000 1.0000 0.0000
vn 0.0000 1.0000 0.0000
vn 0.0000 1.0000 0.0000
vn 0.0000 1.0000 0.0000
vn 0.0000 1.0000 0.0000
vn 0.0000 1.0000 0.0000
vn 0.0000 1.0000 0.0000
vn 0.0000 1.0000 0.0000
vn 0.0000 1.0000 0.0000
vn 0.0000 1.0000 0.0000
vn 0.0000 1.0000 0.0000
vn 0.0000 1.0000 0.0000
vn 0.0000 1.0000 0.0000
vn 0.0000 1.0000 0.0000
vn 0.0000 1.0000 0.0000
vn 0.0000 1.0000 0.0000
vn 0.0000 1.0000 0.0000
vn 0.0000 1.0000 0.0000
vn 0.0000 1.0000 0.0000
vn 0.0000 1.0000 0.0000
vn 0.0000 1.0000 0.0000
vn 0.0000 1.0000 0.0000
vn 0.0000 1.0000 0.0000
vn 0.0000 1.0000 0.0000
vn 0.0000 1.0000 0.0000
vn 0.0000 1.0000 0.0000
vn 0.0000 1.0000 0.0000
vn 0.0000 1.0000 0.0000
vn 0.0000 1.0000 0.0000
vn 0.0000 1.0000 0.0000
vn 0.0000 1.0000 0.0000
vn 0.0000 1.0000 0.0000
vn 0.0000 1.0000 0.0000
vn 0.0000 1.0000 0.0000
vn 0.0000 1.0000 0.0000
vn 0.0000 1.0000 0.0000
vn 0.0000 1.0000 0.0000
vn 0.0000 1.0000 0.0000
vn 0.0000 1.0000 0.0000
vn 0.0000 1.0000 0.0000
vn 0.0000 1.0000 0.0000
vn 0.0000 1.0000 0.0000
vn 0.0000 1.0000 0.0000
vn 0.0000 1.0000 0.0000
vn 0.0000 1.0000 0.0000
vn 0.0000 1.0000 0.0000
vn 0.0000 1.0000 0.0000
vn 0.0000 1.0000 0.0000
vn 0.0000 1.0000 0.0000
vn 0.0000 1.0000 0.0000
vn 0.0000 1.0000 0.0000
vn 0.0000 1.0000 0.0000
vn 0.0000 1.0000 0.0000
vn 0.0000 1.0000 0.0000
vn 0.0000 1.0000 0.0000
vn 0.0000 1.0000 0.0000
vn 0.0000 1.0000 0.0000
vn 0.1877 0.1877 0.9641
vn 0.0000 1.0000 0.0000
vn 0.0000 1.0000 0.0000
vn 0.0000 1.0000 0.0000
vn 0.0000 1.0000 0.0000
vn 0.0000 1.0000 0.0000
vn 0.0000 1.0000 0.0000
vn 0.0000 1.0000 0.0000
vn 0.0000 1.0000 0.0000
vn 0.0000 1.0000 0.0000
vn 0.0000 1.0000 0.0000
vn 0.0000 1.0000 0.0000
vn 0.0000 1.0000 0.0000
vn 0.0000 1.0000 0.0000
vn 0.0000 1.0000 0.0000
vn 0.0000 1.0000 0.0000
vn 0.0000 1.0000 0.0000
vn 0.1877 0.9641 0.1877
vn 0.0000 1.0000 0.0000
vn 0.0000 1.0000 0.0000
vn 0.0000 1.0000 0.0000
vn 0.0000 1.0000 0.0000
vn 0.0000 1.0000 0.0000
vn 0.0000 1.0000 0.0000
vn 0.0000 1.0000 0.0000
vn 0.0000 1.0000 0.0000
vn 0.0000 1.0000 0.0000
vn 0.0000 1.0000 0.0000
vn 0.0000 1.0000 0.0000
vn 0.0000 1.0000 0.0000
vn 0.0000 1.0000 0.0000
vn 0.0000 1.0000 0.0000
vn 0.0000 1.0000 0.0000
vn 0.0000 1.0000 0.0000
vn 0.2265 -0.6887 -0.6887
vn 0.6887 -0.6887 -0.2265
vn 0.6887 -0.2265 -0.6887
vn 0.9641 -0.1877 -0.1877
vn 0.6887 0.2265 -0.6887
vn 0.6887 -0.6887 0.2265
vn 0.9641 0.1877 -0.1877
vn 0.9641 -0.1877 0.1877
vn 0.6887 -0.2265 0.6887
vn 0.9641 0.1877 0.1877
vn 0.6887 0.2265 0.6887
vn 0.0000 1.0000 0.0000
vn 0.0000 1.0000 0.0000
vn 0.0000 1.0000 0.0000
vn 0.0000 1.0000 0.0000
vn 0.0000 1.0000 0.0000
vn 0.0000 1.0000 0.0000
vn 0.0000 1.0000 0.0000
vn 0.0000 1.0000 0.0000
vn 0.0000 1.0000 0.0000
vn 0.0000 1.0000 0.0000
vn 0.0000 1.0000 0.0000
vn 0.0000 1.0000 0.0000
vn 0.0000 1.0000 0.0000
vn 0.0000 1.0000 0.0000
vn 0.0000 1.0000 0.0000
vn 0.0000 1.0000 0.0000
vn 0.0000 1.0000 0.0000
vn 0.0000 1.0000 0.0000
vn 0.0000 1.0000 0.0000
vn 0.2265 0.6887 -0.6887
vn 0.0000 1.0000 0.0000
vn 0.0000 1.0000 0.0000
vn 0.0000 1.0000 0.0000
vn 0.0000 1.0000 0.0000
vn 0.0000 1.0000 0.0000
vn 0.0000 1.0000 0.0000
vn 0.0000 1.0000 0.0000
vn 0.0000 1.0000 0.0000
vn 0.0000 1.0000 0.0000
vn 0.0000 1.0000 0.0000
vn 0.0000 1.0000 0.0000
vn 0.0000 1.0000 0.0000
vn 0.0000 1.0000 0.0000
vn 0.0000 1.0000 0.0000
vn 0.0000 1.0000 0.0000
vn 0.0000 1.0000 0.0000
vn 0.0000 1.0000 0.0000
vn 0.0000 1.0000 0.0000
vn 0.0000 1.0000 0.0000
vn 0.0000 1.0000 0.0000
vn 0.0000 1.0000 0.0000
vn 0.0000 1.0000 0.0000
vn 0.0000 1.0000 0.0000
vn 0.0000 1.0000 0.0000
vn 0.0000 1.0000 0.0000
vn 0.0000 1.0000 0.0000
vn 0.0000 1.0000 0.0000
vn 0.0000 1.0000 0.0000
vn 0.0000 1.0000 0.0000
vn 0.0000 1.0000 0.0000
vn 0.0000 1.0000 0.0000
vn 0.0000 1.0000 0.0000
vn 0.0000 1.0000 0.0000
vn 0.0000 1.0000 0.0000
vn 0.0000 1.0000 0.0000
vn 0.0000 1.0000 0.0000
vn 0.0000 1.0000 0.0000
vn 0.0000 1.0000 0.0000
vn 0.0000 1.0000 0.0000
vn 0.0000 1.0000 0.0000
vn 0.0000 1.0000 0.0000
vn 0.0000 1.0000 0.0000
vn 0.0000 1.0000 0.0000
vn 0.0000 1.0000 0.0000
vn 0.0000 1.0000 0.0000
vn 0.0000 1.0000 0.0000
vn 0.0000 1.0000 0.0000
vn 0.0000 1.0000 0.0000
vn 0.0000 1.0000 0.0000
vn 0.0000 1.0000 0.0000
vn 0.0000 1.0000 0.0000
vn 0.0000 1.0000 0.0000
vn 0.0000 1.0000 0.0000
vn 0.0000 1.0000 0.0000
vn 0.0000 1.0000 0.0000
vn 0.0000 1.0000 0.0000
vn 0.0000 1.0000 0.0000
vn 0.0000 1.0000 0.0000
vn 0.0000 1.0000 0.0000
vn 0.0000 1.0000 0.0000
vn 0.0000 1.0000 0.0000
vn 0.0000 1.0000 0.0000
vn 0.0000 1.0000 0.0000
vn 0.0000 1.0000 0.0000
vn 0.0000 1.0000 0.0000
vn 0.0000 1.0000 0.0000
vn 0.0000 1.0000 0.0000
vn 0.0000 1.0000 0.0000
vn 0.6887 0.6887 -0.2265
vn 0.0000 1.0000 0.0000
vn 0.0000 1.0000 0.0000
vn 0.0000 1.0000 0.0000
vn 0.0000 1.0000 0.0000
vn 0.0000 1.0000 0.0000
vn 0.0000 1.0000 0.0000
vn 0.0000 1.0000 0.0000
vn 0.0000 1.0000 0.0000
vn 0.0000 1.0000 0.0000
vn 0.0000 1.0000 0.0000
vn 0.0000 1.0000 0.0000
vn 0.0000 1.0000 0.0000
vn 0.0000 1.0000 0.0000
vn 0.0000 1.0000 0.0000
vn 0.0000 1.0000 0.0000
vn 0.0000 1.0000 0.0000
vn 0.0000 1.0000 0.0000
vn 0.0000 1.0000 0.0000
vn 0.0000 1.0000 0.0000
vn 0.0000 1.0000 0.0000
vn 0.0000 1.0000 0.0000
vn 0.0000 1.0000 0.0000
vn 0.0000 1.0000 0.0000
vn 0.0000 1.0000 0.0000
vn 0.0000 1.0000 0.0000
vn 0.0000 1.0000 0.0000
vn 0.0000 1.0000 0.0000
vn 0.0000 1.0000 0.0000
vn 0.0000 1.0000 0.0000
vn 0.0000 1.0000 0.0000
vn 0.0000 1.0000 0.0000
vn 0.0000 1.0000 0.0000
vn 0.0000 1.0000 0.0000
vn 0.0000 1.0000 0.0000
vn 0.0000 1.0000 0.0000
vn 0.0000 1.0000 0.0000
vn 0.0000 1.0000 0.0000
vn 0.0000 1.0000 0.0000
vn 0.0000 1.0000 0.0000
vn 0.0000 1.0000 0.0000
vn 0.0000 1.0000 0.0000
vn 0.0000 1.0000 0.0000
vn 0.0000 1.0000 0.0000
vn 0.0000 1.0000 0.0000
vn 0.0000 1.0000 0.0000
vn 0.0000 1.0000 0.0000
vn 0.0000 1.0000 0.0000
vn 0.0000 1.0000 0.0000
vn 0.0000 1.0000 0.0000
vn 0.0000 1.0000 0.0000
vn 0.0000 1.0000 0.0000
vn 0.0000 1.0000 0.0000
vn 0.0000 1.0000 0.0000
vn 0.0000 1.0000 0.0000
vn 0.0000 1.0000 0.0000
vn 0.0000 1.0000 0.0000
vn 0.0000 1.0000 0.0000
vn 0.0000 1.0000 0.0000
vn 0.0000 1.0000 0.0000
vn 0.0000 1.0000 0.0000
vn 0.0000 1.0000 0.0000
vn 0.0000 1.0000 0.0000
vn 0.0000 1.0000 0.0000
vn 0.0000 1.0000 0.0000
vn 0.0000 1.0000 0.0000
vn 0.0000 1.0000 0.0000
vn 0.0000 1.0000 0.0000
vn 0.0000 1.0000 0.0000
vn 0.0000 1.0000 0.0000
vn 0.0000 1.0000 0.0000
vn 0.0000 1.0000 0.0000
vn 0.0000 1.0000 0.0000
vn 0.0000 1.0000 0.0000
vn 0.0000 1.0000 0.0000
vn 0.0000 1.0000 0.0000
vn 0.0000 1.0000 0.0000
vn 0.0000 1.0000 0.0000
vn 0.0000 1.0000 0.0000
vn 0.0000 1.0000 0.0000
vn 0.0000 1.0000 0.0000
vn 0.0000 1.0000 0.0000
vn 0.0000 1.0000 0.0000
vn 0.0000 1.0000 0.0000
vn 0.0000 1.0000 0.0000
vn 0.0000 1.0000 0.0000
vn 0.0000 1.0000 0.0000
vn 0.0000 1.0000 0.0000
vn 0.0000 1.0000 0.0000
vn 0.0000 1.0000 0.0000
vn 0.0000 1.0000 0.0000
vn 0.0000 1.0000 0.0000
vn 0.0000 1.0000 0.0000
vn 0.0000 1.0000 0.0000
vn 0.0000 1.0000 0.0000
vn 0.0000 1.0000 0.0000
vn 0.0000 1.0000 0.0000
vn 0.0000 1.0000 0.0000
vn 0.0000 1.0000 0.0000
vn 0.0000 1.0000 0.0000
vn 0.0000 1.0000 0.0000
vn 0.0000 1.0000 0.0000
vn 0.0000 1.0000 0.0000
vn 0.0000 1.0000 0.0000
vn 0.0000 1.0000 0.0000
vn 0.0000 1.0000 0.0000
vn 0.0000 1.0000 0.0000
vn 0.0000 1.0000 0.0000
vn 0.0000 1.0000 0.0000
vn 0.0000 1.0000 0.0000
vn 0.0000 1.0000 0.0000
vn 0.0000 1.0000 0.0000
vn 0.0000 1.0000 0.0000
vn 0.0000 1.0000 0.0000
vn 0.0000 1.0000 0.0000
vn 0.0000 1.0000 0.0000
vn 0.0000 1.0000 0.0000
vn 0.0000 1.0000 0.0000
vn 0.0000 1.0000 0.0000
vn 0.0000 1.0000 0.0000
vn 0.2265 0.6887 0.6887
vn 0.0000 1.0000 0.0000
vn 0.0000 1.0000 0.0000
vn 0.0000 1.0000 0.0000
vn 0.0000 1.0000 0.0000
vn 0.0000 1.0000 0.0000
vn 0.0000 1.0000 0.0000
vn 0.0000 1.0000 0.0000
vn 0.0000 1.0000 0.0000
vn 0.0000 1.0000 0.0000
vn 0.0000 1.0000 0.0000
vn 0.0000 1.0000 0.0000
vn 0.0000 1.0000 0.0000
vn 0.0000 1.0000 0.0000
vn 0.0000 1.0000 0.0000
vn 0.0000 1.0000 0.0000
vn 0.0000 1.0000 0.0000
vn 0.0000 1.0000 0.0000
vn 0.0000 1.0000 0.0000
vn 0.0000 1.0000 0.0000
vn 0.0000 1.0000 0.0000
vn 0.0000 1.0000 0.0000
vn 0.0000 1.0000 0.0000
vn 0.0000 1.0000 0.0000
vn 0.0000 1.0000 0.0000
vn 0.0000 1.0000 0.0000
vn 0.0000 1.0000 0.0000
vn 0.0000 1.0000 0.0000
vn 0.0000 1.0000 0.0000
vn 0.0000 1.0000 0.0000
vn 0.0000 1.0000 0.0000
vn 0.0000 1.0000 0.0000
vn 0.0000 1.0000 0.0000
vn 0.6887 0.6887 0.2265
vn 0.0000 1.0000 0.0000
vn 0.0000 1.0000 0.0000
vn 0.0000 1.0000 0.0000
vn 0.0000 1.0000 0.0000
vn 0.0000 1.0000 0.0000
vn 0.0000 1.0000 0.0000
vn 0.0000 1.0000 0.0000
vn 0.0000 1.0000 0.0000
vn 0.0000 1.0000 0.0000
vn 0.0000 1.0000 0.0000
vn 0.0000 1.0000 0.0000
vn 0.0000 1.0000 0.0000
vn 0.0000 1.0000 0.0000
vn 0.0000 1.0000 0.0000
vn 0.0000 1.0000 0.0000
vn 0.0000 1.0000 0.0000
vn 0.0000 1.0000 0.0000
vn 0.0000 1.0000 0.0000
vn 0.0000 1.0000 0.0000
vn 0.0000 1.0000 0.0000
vn 0.0000 1.0000 0.0000
vn 0.0000 1.0000 0.0000
vn 0.0000 1.0000 0.0000
vn 0.0000 1.0000 0.0000
vn 0.0000 1.0000 0.0000
vn 0.0000 1.0000 0.0000
vn 0.0000 1.0000 0.0000
vn 0.0000 1.0000 0.0000
vn 0.0000 1.0000 0.0000
vn 0.0000 1.0000 0.0000
vn 0.0000 1.0000 0.0000
vn -0.8660 0.0000 -0.5000
vn -0.8660 0.0000 -0.5000
vn -1.0000 0.0000 0.0000
vn -0.5000 0.0000 -0.8660
vn -0.5000 0.0000 -0.8660
vn -1.0000 -0.0000 0.0000
vn -0.8660 -0.0000 0.5000
vn -0.8660 0.0000 0.5000
vn -0.5000 0.0000 0.8660
vn 0.0000 0.0000 -1.0000
vn -0.0000 0.0000 -1.0000
vn 0.5000 0.0000 -0.8660
vn 0.5000 0.0000 -0.8660
vn 0.8660 0.0000 -0.5000
vn 0.8660 -0.0000 -0.5000
vn -0.5000 0.0000 0.8660
vn 0.0000 0.0000 1.0000
vn -0.0000 0.0000 1.0000
vn 0.5000 0.0000 0.8660
vn 0.5000 0.0000 0.8660
vn 0.8660 0.0000 0.5000
vn 0.0000 1.0000 0.0000
vn 0.0000 1.0000 0.0000
vn 0.0000 1.0000 0.0000
vn 0.0000 1.0000 0.0000
vn 0.0000 1.0000 0.0000
vn 0.8660 0.0000 0.5000
vn 0.0000 1.0000 0.0000
vn 0.0000 1.0000 0.0000
vn 0.0000 1.0000 0.0000
vn 0.0000 1.0000 0.0000
vn 0.0000 1.0000 0.0000
vn 0.0000 1.0000 0.0000
vn 1.0000 -0.0000 0.0000
vn 1.0000 0.0000 0.0000
vn 0.0000 1.0000 0.0000
vn -0.8660 0.0000 -0.5000
vn -0.8660 0.0000 -0.5000
vn -1.0000 0.0000 0.0000
vn -0.5000 0.0000 -0.8660
vn -0.5000 0.0000 -0.8660
vn -1.0000 -0.0000 0.0000
vn -0.8660 -0.0000 0.5000
vn -0.8660 0.0000 0.5000
vn -0.5000 0.0000 0.8660
vn 0.0000 0.0000 -1.0000
vn -0.0000 0.0000 -1.0000
vn 0.5000 0.0000 -0.8660
vn 0.5000 0.0000 -0.8660
vn 0.8660 0.0000 -0.5000
vn 0.8660 -0.0000 -0.5000
vn -0.5000 0.0000 0.8660
vn 0.0000 0.0000 1.0000
vn -0.0000 0.0000 1.0000
vn 0.5000 0.0000 0.8660
vn 0.5000 0.0000 0.8660
vn 0.8660 0.0000 0.5000
vn 0.0000 1.0000 0.0000
vn 0.0000 1.0000 0.0000
vn 0.0000 1.0000 0.0000
vn 0.0000 1.0000 0.0000
vn 0.0000 1.0000 0.0000
vn 0.8660 0.0000 0.5000
vn 0.0000 1.0000 0.0000
vn 0.0000 1.0000 0.0000
vn 0.0000 1.0000 0.0000
vn 0.0000 1.0000 0.0000
vn 0.0000 1.0000 0.0000
vn 0.0000 1.0000 0.0000
vn 1.0000 -0.0000 0.0000
vn 1.0000 0.0000 0.0000
vn 0.0000 1.0000 0.0000
vn -0.8660 0.0000 -0.5000
vn -0.8660 0.0000 -0.5000
vn -1.0000 0.0000 0.0000
vn -0.5000 0.0000 -0.8660
vn -0.5000 0.0000 -0.8660
vn -1.0000 -0.0000 0.0000
vn -0.8660 -0.0000 0.5000
vn -0.8660 0.0000 0.5000
vn -0.5000 0.0000 0.8660
vn 0.0000 0.0000 -1.0000
vn -0.0000 0.0000 -1.0000
vn 0.5000 0.0000 -0.8660
vn 0.5000 0.0000 -0.8660
vn 0.8660 0.0000 -0.5000
vn 0.8660 -0.0000 -0.5000
vn -0.5000 0.0000 0.8660
vn 0.0000 0.0000 1.0000
vn -0.0000 0.0000 1.0000
vn 0.5000 0.0000 0.8660
vn 0.5000 0.0000 0.8660
vn 0.8660 0.0000 0.5000
vn 0.0000 1.0000 0.0000
vn 0.0000 1.0000 0.0000
vn 0.0000 1.0000 0.0000
vn 0.0000 1.0000 0.0000
vn 0.0000 1.0000 0.0000
vn 0.8660 0.0000 0.5000
vn 0.0000 1.0000 0.0000
vn 0.0000 1.0000 0.0000
vn 0.0000 1.0000 0.0000
vn 0.0000 1.0000 0.0000
vn 0.0000 1.0000 0.0000
vn 0.0000 1.0000 0.0000
vn 1.0000 -0.0000 0.0000
vn 1.0000 0.0000 0.0000
vn 0.0000 1.0000 0.0000
vn -0.8660 0.0000 -0.5000
vn -0.8660 0.0000 -0.5000
vn -1.0000 0.0000 0.0000
vn -0.5000 0.0000 -0.8660
vn -0.5000 0.0000 -0.8660
vn -1.0000 -0.0000 0.0000
vn -0.8660 -0.0000 0.5000
vn -0.8660 0.0000 0.5000
vn -0.5000 0.0000 0.8660
vn 0.0000 0.0000 -1.0000
vn -0.0000 0.0000 -1.0000
vn 0.5000 0.0000 -0.8660
vn 0.5000 0.0000 -0.8660
vn 0.8660 0.0000 -0.5000
vn 0.8660 -0.0000 -0.5000
vn -0.5000 0.0000 0.8660
vn 0.0000 0.0000 1.0000
vn -0.0000 0.0000 1.0000
vn 0.5000 0.0000 0.8660
vn 0.5000 0.0000 0.8660
vn 0.8660 0.0000 0.5000
vn 0.0000 1.0000 0.0000
vn 0.0000 1.0000 0.0000
vn 0.0000 1.0000 0.0000
vn 0.0000 1.0000 0.0000
vn 0.0000 1.0000 0.0000
vn 0.8660 0.0000 0.5000
vn 0.0000 1.0000 0.0000
vn 0.0000 1.0000 0.0000
vn 0.0000 1.0000 0.0000
vn 0.0000 1.0000 0.0000
vn 0.0000 1.0000 0.0000
vn 0.0000 1.0000 0.0000
vn 1.0000 -0.0000 0.0000
vn 1.0000 0.0000 0.0000
vn 0.0000 1.0000 0.0000
vn -0.8660 -0.0000 -0.5000
vn -0.8660 0.0000 -0.5000
vn -1.0000 -0.0000 0.0000
vn -0.5000 0.0000 -0.8660
vn -0.5000 0.0000 -0.8660
vn -1.0000 0.0000 0.0000
vn -0.8660 0.0000 0.5000
vn -0.8660 0.0000 0.5000
vn -0.5000 0.0000 0.8660
vn 0.0000 0.0000 -1.0000
vn -0.0000 0.0000 -1.0000
vn 0.5000 0.0000 -0.8660
vn 0.5000 0.0000 -0.8660
vn 0.8660 0.0000 -0.5000
vn 0.8660 0.0000 -0.5000
vn -0.5000 0.0000 0.8660
vn 0.0000 0.0000 1.0000
vn -0.0000 0.0000 1.0000
vn 0.5000 0.0000 0.8660
vn 0.5000 0.0000 0.8660
vn 0.8660 0.0000 0.5000
vn 0.0000 1.0000 0.0000
vn 0.0000 1.0000 0.0000
vn 0.0000 1.0000 0.0000
vn 0.0000 1.0000 0.0000
vn 0.0000 1.0000 0.0000
vn 0.8660 -0.0000 0.5000
vn 0.0000 1.0000 0.0000
vn 0.0000 1.0000 0.0000
vn 0.0000 1.0000 0.0000
vn 0.0000 1.0000 0.0000
vn 0.0000 1.0000 0.0000
vn 0.0000 1.0000 0.0000
vn 1.0000 0.0000 0.0000
vn 1.0000 -0.0000 0.0000
vn 0.0000 1.0000 0.0000
vn -0.8660 -0.0000 -0.5000
vn -0.8660 0.0000 -0.5000
vn -1.0000 -0.0000 0.0000
vn -0.5000 0.0000 -0.8660
vn -0.5000 0.0000 -0.8660
vn -1.0000 0.0000 0.0000
vn -0.8660 0.0000 0.5000
vn -0.8660 0.0000 0.5000
vn -0.5000 0.0000 0.8660
vn 0.0000 0.0000 -1.0000
vn -0.0000 0.0000 -1.0000
vn 0.5000 0.0000 -0.8660
vn 0.5000 0.0000 -0.8660
vn 0.8660 0.0000 -0.5000
vn 0.8660 0.0000 -0.5000
vn -0.5000 0.0000 0.8660
vn 0.0000 0.0000 1.0000
vn -0.0000 0.0000 1.0000
vn 0.5000 0.0000 0.8660
vn 0.5000 0.0000 0.8660
vn 0.8660 0.0000 0.5000
vn 0.0000 1.0000 0.0000
vn 0.0000 1.0000 0.0000
vn 0.0000 1.0000 0.0000
vn 0.0000 1.0000 0.0000
vn 0.0000 1.0000 0.0000
vn 0.8660 -0.0000 0.5000
vn 0.0000 1.0000 0.0000
vn 0.0000 1.0000 0.0000
vn 0.0000 1.0000 0.0000
vn 0.0000 1.0000 0.0000
vn 0.0000 1.0000 0.0000
vn 0.0000 1.0000 0.0000
vn 1.0000 0.0000 0.0000
vn 1.0000 -0.0000 0.0000
vn 0.0000 1.0000 0.0000
vn -0.8660 -0.0000 -0.5000
vn -0.8660 0.0000 -0.5000
vn -1.0000 -0.0000 0.0000
vn -0.5000 0.0000 -0.8660
vn -0.5000 0.0000 -0.8660
vn -1.0000 0.0000 0.0000
vn -0.8660 0.0000 0.5000
vn -0.8660 0.0000 0.5000
vn -0.5000 0.0000 0.8660
vn 0.0000 0.0000 -1.0000
vn -0.0000 0.0000 -1.0000
vn 0.5000 0.0000 -0.8660
vn 0.5000 0.0000 -0.8660
vn 0.8660 0.0000 -0.5000
vn 0.8660 0.0000 -0.5000
vn -0.5000 0.0000 0.8660
vn 0.0000 0.0000 1.0000
vn -0.0000 0.0000 1.0000
vn 0.5000 0.0000 0.8660
vn 0.5000 0.0000 0.8660
vn 0.8660 0.0000 0.5000
vn 0.0000 1.0000 0.0000
vn 0.0000 1.0000 0.0000
vn 0.0000 1.0000 0.0000
vn 0.0000 1.0000 0.0000
vn 0.0000 1.0000 0.0000
vn 0.8660 -0.0000 0.5000
vn 0.0000 1.0000 0.0000
vn 0.0000 1.0000 0.0000
vn 0.0000 1.0000 0.0000
vn 0.0000 1.0000 0.0000
vn 0.0000 1.0000 0.0000
vn 0.0000 1.0000 0.0000
vn 1.0000 0.0000 0.0000
vn 1.0000 -0.0000 0.0000
vn 0.0000 1.0000 0.0000
vn -0.8660 -0.0000 -0.5000
vn -0.8660 0.0000 -0.5000
vn -1.0000 -0.0000 0.0000
vn -0.5000 0.0000 -0.8660
vn -0.5000 0.0000 -0.8660
vn -1.0000 0.0000 0.0000
vn -0.8660 0.0000 0.5000
vn -0.8660 0.0000 0.5000
vn -0.5000 0.0000 0.8660
vn 0.0000 0.0000 -1.0000
vn -0.0000 0.0000 -1.0000
vn 0.5000 0.0000 -0.8660
vn 0.5000 0.0000 -0.8660
vn 0.8660 0.0000 -0.5000
vn 0.8660 0.0000 -0.5000
vn -0.5000 0.0000 0.8660
vn 0.0000 0.0000 1.0000
vn -0.0000 0.0000 1.0000
vn 0.5000 0.0000 0.8660
vn 0.5000 0.0000 0.8660
vn 0.8660 0.0000 0.5000
vn 0.0000 1.0000 0.0000
vn 0.0000 1.0000 0.0000
vn 0.0000 1.0000 0.0000
vn 0.0000 1.0000 0.0000
vn 0.0000 1.0000 0.0000
vn 0.8660 -0.0000 0.5000
vn 0.0000 1.0000 0.0000
vn 0.0000 1.0000 0.0000
vn 0.0000 1.0000 0.0000
vn 0.0000 1.0000 0.0000
vn 0.0000 1.0000 0.0000
vn 0.0000 1.0000 0.0000
vn 1.0000 0.0000 0.0000
vn 1.0000 -0.0000 0.0000
vn 0.0000 1.0000 0.0000
vn -0.5000 0.0000 -0.8660
vn -0.5000 0.0000 -0.8660
vn -0.8660 0.0000 -0.5000
vn -0.8660 0.0000 -0.5000
vn -1.0000 0.0000 0.0000
vn 0.0000 0.0000 -1.0000
vn -0.0000 0.0000 -1.0000
vn -1.0000 0.0000 -0.0000
vn -0.8660 0.0000 0.5000
vn -0.8660 0.0000 0.5000
vn -0.5000 0.0000 0.8660
vn -0.5000 0.0000 0.8660
vn 0.0000 0.0000 1.0000
vn -0.0000 0.0000 1.0000
vn 0.0000 1.0000 0.0000
vn 0.0000 1.0000 0.0000
vn 0.0000 1.0000 0.0000
vn 0.0000 1.0000 0.0000
vn 0.0000 1.0000 0.0000
vn 0.0000 1.0000 0.0000
vn 0.0000 1.0000 0.0000
vn 0.5000 0.0000 -0.8660
vn 0.5000 0.0000 -0.8660
vn 0.8660 0.0000 -0.5000
vn 0.8660 0.0000 -0.5000
vn 1.0000 0.0000 0.0000
vn 1.0000 0.0000 -0.0000
vn 0.5000 0.0000 0.8660
vn 0.5000 0.0000 0.8660
vn 0.8660 0.0000 0.5000
vn 0.8660 0.0000 0.5000
vn 0.0000 1.0000 0.0000
vn 0.0000 1.0000 0.0000
vn 0.0000 1.0000 0.0000
vn 0.0000 1.0000 0.0000
vn 0.0000 1.0000 0.0000
vn -0.5000 0.0000 -0.8660
vn -0.5000 0.0000 -0.8660
vn -0.8660 0.0000 -0.5000
vn -0.8660 0.0000 -0.5000
vn -1.0000 0.0000 0.0000
vn 0.0000 0.0000 -1.0000
vn -0.0000 0.0000 -1.0000
vn -1.0000 0.0000 -0.0000
vn -0.8660 0.0000 0.5000
vn -0.8660 0.0000 0.5000
vn -0.5000 0.0000 0.8660
vn -0.5000 0.0000 0.8660
vn 0.0000 0.0000 1.0000
vn -0.0000 0.0000 1.0000
vn 0.0000 1.0000 0.0000
vn 0.0000 1.0000 0.0000
vn 0.0000 1.0000 0.0000
vn 0.0000 1.0000 0.0000
vn 0.0000 1.0000 0.0000
vn 0.0000 1.0000 0.0000
vn 0.0000 1.0000 0.0000
vn 0.5000 0.0000 -0.8660
vn 0.5000 0.0000 -0.8660
vn 0.8660 0.0000 -0.5000
vn 0.8660 0.0000 -0.5000
vn 1.0000 0.0000 0.0000
vn 1.0000 0.0000 -0.0000
vn 0.5000 0.0000 0.8660
vn 0.5000 0.0000 0.8660
vn 0.8660 0.0000 0.5000
vn 0.8660 0.0000 0.5000
vn 0.0000 1.0000 0.0000
vn 0.0000 1.0000 0.0000
vn 0.0000 1.0000 0.0000
vn 0.0000 1.0000 0.0000
vn 0.0000 1.0000 0.0000
vn -0.5000 0.0000 -0.8660
vn -0.5000 0.0000 -0.8660
vn -0.8660 0.0000 -0.5000
vn -0.8660 0.0000 -0.5000
vn -1.0000 0.0000 0.0000
vn 0.0000 0.0000 -1.0000
vn -0.0000 0.0000 -1.0000
vn -1.0000 0.0000 -0.0000
vn -0.8660 0.0000 0.5000
vn -0.8660 0.0000 0.5000
vn -0.5000 0.0000 0.8660
vn -0.5000 0.0000 0.8660
vn 0.0000 0.0000 1.0000
vn -0.0000 0.0000 1.0000
vn 0.0000 1.0000 0.0000
vn 0.0000 1.0000 0.0000
vn 0.0000 1.0000 0.0000
vn 0.0000 1.0000 0.0000
vn 0.0000 1.0000 0.0000
vn 0.0000 1.0000 0.0000
vn 0.0000 1.0000 0.0000
vn 0.5000 0.0000 -0.8660
vn 0.5000 0.0000 -0.8660
vn 0.8660 0.0000 -0.5000
vn 0.8660 0.0000 -0.5000
vn 1.0000 0.0000 0.0000
vn 1.0000 0.0000 -0.0000
vn 0.5000 0.0000 0.8660
vn 0.5000 0.0000 0.8660
vn 0.8660 0.0000 0.5000
vn 0.8660 0.0000 0.5000
vn 0.0000 1.0000 0.0000
vn 0.0000 1.0000 0.0000
vn 0.0000 1.0000 0.0000
vn 0.0000 1.0000 0.0000
vn 0.0000 1.0000 0.0000
vn -0.5000 0.0000 -0.8660
vn -0.5000 0.0000 -0.8660
vn -0.8660 0.0000 -0.5000
vn -0.8660 0.0000 -0.5000
vn -1.0000 0.0000 0.0000
vn 0.0000 0.0000 -1.0000
vn -0.0000 0.0000 -1.0000
vn -1.0000 0.0000 -0.0000
vn -0.8660 0.0000 0.5000
vn -0.8660 0.0000 0.5000
vn -0.5000 0.0000 0.8660
vn -0.5000 0.0000 0.8660
vn 0.0000 0.0000 1.0000
vn -0.0000 0.0000 1.0000
vn 0.0000 1.0000 0.0000
vn 0.0000 1.0000 0.0000
vn 0.0000 1.0000 0.0000
vn 0.0000 1.0000 0.0000
vn 0.0000 1.0000 0.0000
vn 0.0000 1.0000 0.0000
vn 0.0000 1.0000 0.0000
vn 0.5000 0.0000 -0.8660
vn 0.5000 0.0000 -0.8660
vn 0.8660 0.0000 -0.5000
vn 0.8660 0.0000 -0.5000
vn 1.0000 0.0000 0.0000
vn 1.0000 0.0000 -0.0000
vn 0.5000 0.0000 0.8660
vn 0.5000 0.0000 0.8660
vn 0.8660 0.0000 0.5000
vn 0.8660 0.0000 0.5000
vn 0.0000 1.0000 0.0000
vn 0.0000 1.0000 0.0000
vn 0.0000 1.0000 0.0000
vn 0.0000 1.0000 0.0000
vn 0.0000 1.0000 0.0000
vn -0.5000 0.0000 -0.8660
vn -0.5000 0.0000 -0.8660
vn -0.8660 0.0000 -0.5000
vn -0.8660 -0.0000 -0.5000
vn -1.0000 -0.0000 -0.0000
vn 0.0000 0.0000 -1.0000
vn -0.0000 0.0000 -1.0000
vn -1.0000 0.0000 0.0000
vn -0.8660 0.0000 0.5000
vn -0.8660 0.0000 0.5000
vn -0.5000 0.0000 0.8660
vn -0.5000 0.0000 0.8660
vn 0.0000 0.0000 1.0000
vn -0.0000 0.0000 1.0000
vn 0.0000 1.0000 0.0000
vn 0.0000 1.0000 0.0000
vn 0.0000 1.0000 0.0000
vn 0.0000 1.0000 0.0000
vn 0.0000 1.0000 0.0000
vn 0.0000 1.0000 0.0000
vn 0.0000 1.0000 0.0000
vn 0.5000 0.0000 -0.8660
vn 0.5000 0.0000 -0.8660
vn 0.8660 0.0000 -0.5000
vn 0.8660 0.0000 -0.5000
vn 1.0000 0.0000 -0.0000
vn 1.0000 -0.0000 0.0000
vn 0.5000 0.0000 0.8660
vn 0.5000 0.0000 0.8660
vn 0.8660 0.0000 0.5000
vn 0.8660 -0.0000 0.5000
vn 0.0000 1.0000 0.0000
vn 0.0000 1.0000 0.0000
vn 0.0000 1.0000 0.0000
vn 0.0000 1.0000 0.0000
vn 0.0000 1.0000 0.0000
vn -0.5000 0.0000 -0.8660
vn -0.5000 0.0000 -0.8660
vn -0.8660 0.0000 -0.5000
vn -0.8660 -0.0000 -0.5000
vn -1.0000 -0.0000 -0.0000
vn 0.0000 0.0000 -1.0000
vn -0.0000 0.0000 -1.0000
vn -1.0000 0.0000 0.0000
vn -0.8660 0.0000 0.5000
vn -0.8660 0.0000 0.5000
vn -0.5000 0.0000 0.8660
vn -0.5000 0.0000 0.8660
vn 0.0000 0.0000 1.0000
vn -0.0000 0.0000 1.0000
vn 0.0000 1.0000 0.0000
vn 0.0000 1.0000 0.0000
vn 0.0000 1.0000 0.0000
vn 0.0000 1.0000 0.0000
vn 0.0000 1.0000 0.0000
vn 0.0000 1.0000 0.0000
vn 0.0000 1.0000 0.0000
vn 0.5000 0.0000 -0.8660
vn 0.5000 0.0000 -0.8660
vn 0.8660 0.0000 -0.5000
vn 0.8660 0.0000 -0.5000
vn 1.0000 0.0000 -0.0000
vn 1.0000 -0.0000 0.0000
vn 0.5000 0.0000 0.8660
vn 0.5000 0.0000 0.8660
vn 0.8660 0.0000 0.5000
vn 0.8660 -0.0000 0.5000
vn 0.0000 1.0000 0.0000
vn 0.0000 1.0000 0.0000
vn 0.0000 1.0000 0.0000
vn 0.0000 1.0000 0.0000
vn 0.0000 1.0000 0.0000
vn -0.5000 0.0000 -0.8660
vn -0.5000 0.0000 -0.8660
vn -0.8660 0.0000 -0.5000
vn -0.8660 -0.0000 -0.5000
vn -1.0000 -0.0000 -0.0000
vn 0.0000 0.0000 -1.0000
vn -0.0000 0.0000 -1.0000
vn -1.0000 0.0000 0.0000
vn -0.8660 0.0000 0.5000
vn -0.8660 0.0000 0.5000
vn -0.5000 0.0000 0.8660
vn -0.5000 0.0000 0.8660
vn 0.0000 0.0000 1.0000
vn -0.0000 0.0000 1.0000
vn 0.0000 1.0000 0.0000
vn 0.0000 1.0000 0.0000
vn 0.0000 1.0000 0.0000
vn 0.0000 1.0000 0.0000
vn 0.0000 1.0000 0.0000
vn 0.0000 1.0000 0.0000
vn 0.0000 1.0000 0.0000
vn 0.5000 0.0000 -0.8660
vn 0.5000 0.0000 -0.8660
vn 0.8660 0.0000 -0.5000
vn 0.8660 0.0000 -0.5000
vn 1.0000 0.0000 -0.0000
vn 1.0000 -0.0000 0.0000
vn 0.5000 0.0000 0.8660
vn 0.5000 0.0000 0.8660
vn 0.8660 0.0000 0.5000
vn 0.8660 -0.0000 0.5000
vn 0.0000 1.0000 0.0000
vn 0.0000 1.0000 0.0000
vn 0.0000 1.0000 0.0000
vn 0.0000 1.0000 0.0000
vn 0.0000 1.0000 0.0000
vn -0.5000 0.0000 -0.8660
vn -0.5000 0.0000 -0.8660
vn -0.8660 0.0000 -0.5000
vn -0.8660 -0.0000 -0.5000
vn -1.0000 -0.0000 -0.0000
vn 0.0000 0.0000 -1.0000
vn -0.0000 0.0000 -1.0000
vn -1.0000 0.0000 0.0000
vn -0.8660 0.0000 0.5000
vn -0.8660 0.0000 0.5000
vn -0.5000 0.0000 0.8660
vn -0.5000 0.0000 0.8660
vn 0.0000 0.0000 1.0000
vn -0.0000 0.0000 1.0000
vn 0.0000 1.0000 0.0000
vn 0.0000 1.0000 0.0000
vn 0.0000 1.0000 0.0000
vn 0.0000 1.0000 0.0000
vn 0.0000 1.0000 0.0000
vn 0.0000 1.0000 0.0000
vn 0.0000 1.0000 0.0000
vn 0.5000 0.0000 -0.8660
vn 0.5000 0.0000 -0.8660
vn 0.8660 0.0000 -0.5000
vn 0.8660 0.0000 -0.5000
vn 1.0000 0.0000 -0.0000
vn 1.0000 -0.0000 0.0000
vn 0.5000 0.0000 0.8660
vn 0.5000 0.0000 0.8660
vn 0.8660 0.0000 0.5000
vn 0.8660 -0.0000 0.5000
vn 0.0000 1.0000 0.0000
vn 0.0000 1.0000 0.0000
vn 0.0000 1.0000 0.0000
vn 0.0000 1.0000 0.0000
vn 0.0000 1.0000 0.0000
vn -0.8660 0.0000 -0.5000
vn -0.8660 0.0000 -0.5000
vn -1.0000 0.0000 0.0000
vn -1.0000 -0.0000 0.0000
vn -0.8660 -0.0000 0.5000
vn -0.8660 0.0000 0.5000
vn 0.0000 1.0000 0.0000
vn 0.0000 1.0000 0.0000
vn 0.0000 1.0000 0.0000
vn -0.5000 0.0000 -0.8660
vn -0.5000 0.0000 -0.8660
vn 0.0000 0.0000 -1.0000
vn -0.0000 0.0000 -1.0000
vn 0.5000 0.0000 -0.8660
vn 0.5000 0.0000 -0.8660
vn -0.5000 0.0000 0.8660
vn -0.5000 0.0000 0.8660
vn 0.0000 0.0000 1.0000
vn -0.0000 0.0000 1.0000
vn 0.5000 0.0000 0.8660
vn 0.8660 0.0000 -0.5000
vn 0.8660 -0.0000 -0.5000
vn 1.0000 -0.0000 0.0000
vn 1.0000 0.0000 0.0000
vn 0.5000 0.0000 0.8660
vn 0.8660 0.0000 0.5000
vn 0.8660 0.0000 0.5000
vn 0.0000 1.0000 0.0000
vn 0.0000 1.0000 0.0000
vn 0.0000 1.0000 0.0000
vn 0.0000 1.0000 0.0000
vn 0.0000 1.0000 0.0000
vn 0.0000 1.0000 0.0000
vn 0.0000 1.0000 0.0000
vn 0.0000 1.0000 0.0000
vn 0.0000 1.0000 0.0000
vn -0.8660 0.0000 -0.5000
vn -0.8660 0.0000 -0.5000
vn -1.0000 0.0000 0.0000
vn -1.0000 -0.0000 0.0000
vn -0.8660 -0.0000 0.5000
vn -0.8660 0.0000 0.5000
vn 0.0000 1.0000 0.0000
vn 0.0000 1.0000 0.0000
vn 0.0000 1.0000 0.0000
vn -0.5000 0.0000 -0.8660
vn -0.5000 0.0000 -0.8660
vn 0.0000 0.0000 -1.0000
vn -0.0000 0.0000 -1.0000
vn 0.5000 0.0000 -0.8660
vn 0.5000 0.0000 -0.8660
vn -0.5000 0.0000 0.8660
vn -0.5000 0.0000 0.8660
vn 0.0000 0.0000 1.0000
vn -0.0000 0.0000 1.0000
vn 0.5000 0.0000 0.8660
vn 0.8660 0.0000 -0.5000
vn 0.8660 -0.0000 -0.5000
vn 1.0000 -0.0000 0.0000
vn 1.0000 0.0000 0.0000
vn 0.5000 0.0000 0.8660
vn 0.8660 0.0000 0.5000
vn 0.8660 0.0000 0.5000
vn 0.0000 1.0000 0.0000
vn 0.0000 1.0000 0.0000
vn 0.0000 1.0000 0.0000
vn 0.0000 1.0000 0.0000
vn 0.0000 1.0000 0.0000
vn 0.0000 1.0000 0.0000
vn 0.0000 1.0000 0.0000
vn 0.0000 1.0000 0.0000
vn 0.0000 1.0000 0.0000
vn -0.8660 0.0000 -0.5000
vn -0.8660 0.0000 -0.5000
vn -1.0000 0.0000 0.0000
vn -1.0000 -0.0000 0.0000
vn -0.8660 -0.0000 0.5000
vn -0.8660 0.0000 0.5000
vn 0.0000 1.0000 0.0000
vn 0.0000 1.0000 0.0000
vn 0.0000 1.0000 0.0000
vn -0.5000 0.0000 -0.8660
vn -0.5000 0.0000 -0.8660
vn 0.0000 0.0000 -1.0000
vn -0.0000 0.0000 -1.0000
vn 0.5000 0.0000 -0.8660
vn 0.5000 0.0000 -0.8660
vn -0.5000 0.0000 0.8660
vn -0.5000 0.0000 0.8660
vn 0.0000 0.0000 1.0000
vn -0.0000 0.0000 1.0000
vn 0.5000 0.0000 0.8660
vn 0.8660 0.0000 -0.5000
vn 0.8660 -0.0000 -0.5000
vn 1.0000 -0.0000 0.0000
vn 1.0000 0.0000 0.0000
vn 0.5000 0.0000 0.8660
vn 0.8660 0.0000 0.5000
vn 0.8660 0.0000 0.5000
vn 0.0000 1.0000 0.0000
vn 0.0000 1.0000 0.0000
vn 0.0000 1.0000 0.0000
vn 0.0000 1.0000 0.0000
vn 0.0000 1.0000 0.0000
vn 0.0000 1.0000 0.0000
vn 0.0000 1.0000 0.0000
vn 0.0000 1.0000 0.0000
vn 0.0000 1.0000 0.0000
vn -0.8660 0.0000 -0.5000
vn -0.8660 0.0000 -0.5000
vn -1.0000 0.0000 0.0000
vn -1.0000 -0.0000 0.0000
vn -0.8660 -0.0000 0.5000
vn -0.8660 0.0000 0.5000
vn 0.0000 1.0000 0.0000
vn 0.0000 1.0000 0.0000
vn 0.0000 1.0000 0.0000
vn -0.5000 0.0000 -0.8660
vn -0.5000 0.0000 -0.8660
vn 0.0000 0.0000 -1.0000
vn -0.0000 0.0000 -1.0000
vn 0.5000 0.0000 -0.8660
vn 0.5000 0.0000 -0.8660
vn -0.5000 0.0000 0.8660
vn -0.5000 0.0000 0.8660
vn 0.0000 0.0000 1.0000
vn -0.0000 0.0000 1.0000
vn 0.5000 0.0000 0.8660
vn 0.8660 0.0000 -0.5000
vn 0.8660 -0.0000 -0.5000
vn 1.0000 -0.0000 0.0000
vn 1.0000 0.0000 0.0000
vn 0.5000 0.0000 0.8660
vn 0.8660 0.0000 0.5000
vn 0.8660 0.0000 0.5000
vn 0.0000 1.0000 0.0000
vn 0.0000 1.0000 0.0000
vn 0.0000 1.0000 0.0000
vn 0.0000 1.0000 0.0000
vn 0.0000 1.0000 0.0000
vn 0.0000 1.0000 0.0000
vn 0.0000 1.0000 0.0000
vn 0.0000 1.0000 0.0000
vn 0.0000 1.0000 0.0000
vn -0.8660 -0.0000 -0.5000
vn -0.8660 0.0000 -0.5000
vn -1.0000 -0.0000 0.0000
vn -1.0000 0.0000 0.0000
vn -0.8660 0.0000 0.5000
vn -0.8660 0.0000 0.5000
vn 0.0000 1.0000 0.0000
vn 0.0000 1.0000 0.0000
vn 0.0000 1.0000 0.0000
vn -0.5000 0.0000 -0.8660
vn -0.5000 0.0000 -0.8660
vn 0.0000 0.0000 -1.0000
vn -0.0000 0.0000 -1.0000
vn 0.5000 0.0000 -0.8660
vn 0.5000 0.0000 -0.8660
vn -0.5000 0.0000 0.8660
vn -0.5000 0.0000 0.8660
vn 0.0000 0.0000 1.0000
vn -0.0000 0.0000 1.0000
vn 0.5000 0.0000 0.8660
vn 0.8660 0.0000 -0.5000
vn 0.8660 0.0000 -0.5000
vn 1.0000 0.0000 0.0000
vn 1.0000 -0.0000 0.0000
vn 0.5000 0.0000 0.8660
vn 0.8660 0.0000 0.5000
vn 0.8660 -0.0000 0.5000
vn 0.0000 1.0000 0.0000
vn 0.0000 1.0000 0.0000
vn 0.0000 1.0000 0.0000
vn 0.0000 1.0000 0.0000
vn 0.0000 1.0000 0.0000
vn 0.0000 1.0000 0.0000
vn 0.0000 1.0000 0.0000
vn 0.0000 1.0000 0.0000
vn 0.0000 1.0000 0.0000
vn -0.8660 -0.0000 -0.5000
vn -0.8660 0.0000 -0.5000
vn -1.0000 -0.0000 0.0000
vn -1.0000 0.0000 0.0000
vn -0.8660 0.0000 0.5000
vn -0.8660 0.0000 0.5000
vn 0.0000 1.0000 0.0000
vn 0.0000 1.0000 0.0000
vn 0.0000 1.0000 0.0000
vn -0.5000 0.0000 -0.8660
vn -0.5000 0.0000 -0.8660
vn 0.0000 0.0000 -1.0000
vn -0.0000 0.0000 -1.0000
vn 0.5000 0.0000 -0.8660
vn 0.5000 0.0000 -0.8660
vn -0.5000 0.0000 0.8660
vn -0.5000 0.0000 0.8660
vn 0.0000 0.0000 1.0000
vn -0.0000 0.0000 1.0000
vn 0.5000 0.0000 0.8660
vn 0.8660 0.0000 -0.5000
vn 0.8660 0.0000 -0.5000
vn 1.0000 0.0000 0.0000
vn 1.0000 -0.0000 0.0000
vn 0.5000 0.0000 0.8660
vn 0.8660 0.0000 0.5000
vn 0.8660 -0.0000 0.5000
vn 0.0000 1.0000 0.0000
vn 0.0000 1.0000 0.0000
vn 0.0000 1.0000 0.0000
vn 0.0000 1.0000 0.0000
vn 0.0000 1.0000 0.0000
vn 0.0000 1.0000 0.0000
vn 0.0000 1.0000 0.0000
vn 0.0000 1.0000 0.0000
vn 0.0000 1.0000 0.0000
vn -0.8660 -0.0000 -0.5000
vn -0.8660 0.0000 -0.5000
vn -1.0000 -0.0000 0.0000
vn -1.0000 0.0000 0.0000
vn -0.8660 0.0000 0.5000
vn -0.8660 0.0000 0.5000
vn 0.0000 1.0000 0.0000
vn 0.0000 1.0000 0.0000
vn 0.0000 1.0000 0.0000
vn -0.5000 0.0000 -0.8660
vn -0.5000 0.0000 -0.8660
vn 0.0000 0.0000 -1.0000
vn -0.0000 0.0000 -1.0000
vn 0.5000 0.0000 -0.8660
vn 0.5000 0.0000 -0.8660
vn -0.5000 0.0000 0.8660
vn -0.5000 0.0000 0.8660
vn 0.0000 0.0000 1.0000
vn -0.0000 0.0000 1.0000
vn 0.5000 0.0000 0.8660
vn 0.8660 0.0000 -0.5000
vn 0.8660 0.0000 -0.5000
vn 1.0000 0.0000 0.0000
vn 1.0000 -0.0000 0.0000
vn 0.5000 0.0000 0.8660
vn 0.8660 0.0000 0.5000
vn 0.8660 -0.0000 0.5000
vn 0.0000 1.0000 0.0000
vn 0.0000 1.0000 0.0000
vn 0.0000 1.0000 0.0000
vn 0.0000 1.0000 0.0000
vn 0.0000 1.0000 0.0000
vn 0.0000 1.0000 0.0000
vn 0.0000 1.0000 0.0000
vn 0.0000 1.0000 0.0000
vn 0.0000 1.0000 0.0000
vn -0.8660 -0.0000 -0.5000
vn -0.8660 0.0000 -0.5000
vn -1.0000 -0.0000 0.0000
vn -1.0000 0.0000 0.0000
vn -0.8660 0.0000 0.5000
vn -0.8660 0.0000 0.5000
vn 0.0000 1.0000 0.0000
vn 0.0000 1.0000 0.0000
vn 0.0000 1.0000 0.0000
vn -0.5000 0.0000 -0.8660
vn -0.5000 0.0000 -0.8660
vn 0.0000 0.0000 -1.0000
vn -0.0000 0.0000 -1.0000
vn 0.5000 0.0000 -0.8660
vn 0.5000 0.0000 -0.8660
vn -0.5000 0.0000 0.8660
vn -0.5000 0.0000 0.8660
vn 0.0000 0.0000 1.0000
vn -0.0000 0.0000 1.0000
vn 0.5000 0.0000 0.8660
vn 0.8660 0.0000 -0.5000
vn 0.8660 0.0000 -0.5000
vn 1.0000 0.0000 0.0000
vn 1.0000 -0.0000 0.0000
vn 0.5000 0.0000 0.8660
vn 0.8660 0.0000 0.5000
vn 0.8660 -0.0000 0.5000
vn 0.0000 1.0000 0.0000
vn 0.0000 1.0000 0.0000
vn 0.0000 1.0000 0.0000
vn 0.0000 1.0000 0.0000
vn 0.0000 1.0000 0.0000
vn 0.0000 1.0000 0.0000
vn 0.0000 1.0000 0.0000
vn 0.0000 1.0000 0.0000
vn 0.0000 1.0000 0.0000
vn -0.8660 0.0000 -0.5000
vn -0.8660 0.0000 -0.5000
vn -1.0000 0.0000 0.0000
vn -0.5000 0.0000 -0.8660
vn -0.5000 0.0000 -0.8660
vn -1.0000 -0.0000 0.0000
vn -0.8660 -0.0000 0.5000
vn -0.8660 0.0000 0.5000
vn -0.5000 0.0000 0.8660
vn 0.0000 0.0000 -1.0000
vn -0.0000 0.0000 -1.0000
vn 0.5000 0.0000 -0.8660
vn 0.5000 0.0000 -0.8660
vn 0.8660 0.0000 -0.5000
vn 0.8660 -0.0000 -0.5000
vn -0.5000 0.0000 0.8660
vn 0.0000 0.0000 1.0000
vn -0.0000 0.0000 1.0000
vn 0.5000 0.0000 0.8660
vn 0.5000 0.0000 0.8660
vn 0.8660 0.0000 0.5000
vn 0.0000 1.0000 0.0000
vn 0.0000 1.0000 0.0000
vn 0.0000 1.0000 0.0000
vn 0.0000 1.0000 0.0000
vn 0.0000 1.0000 0.0000
vn 0.8660 0.0000 0.5000
vn 0.0000 1.0000 0.0000
vn 0.0000 1.0000 0.0000
vn 0.0000 1.0000 0.0000
vn 0.0000 1.0000 0.0000
vn 0.0000 1.0000 0.0000
vn 0.0000 1.0000 0.0000
vn 1.0000 -0.0000 0.0000
vn 1.0000 0.0000 0.0000
vn 0.0000 1.0000 0.0000
vn -0.8660 0.0000 -0.5000
vn -0.8660 0.0000 -0.5000
vn -1.0000 0.0000 0.0000
vn -0.5000 0.0000 -0.8660
vn -0.5000 0.0000 -0.8660
vn -1.0000 -0.0000 0.0000
vn -0.8660 -0.0000 0.5000
vn -0.8660 0.0000 0.5000
vn -0.5000 0.0000 0.8660
vn 0.0000 0.0000 -1.0000
vn -0.0000 0.0000 -1.0000
vn 0.5000 0.0000 -0.8660
vn 0.5000 0.0000 -0.8660
vn 0.8660 0.0000 -0.5000
vn 0.8660 -0.0000 -0.5000
vn -0.5000 0.0000 0.8660
vn 0.0000 0.0000 1.0000
vn -0.0000 0.0000 1.0000
vn 0.5000 0.0000 0.8660
vn 0.5000 0.0000 0.8660
vn 0.8660 0.0000 0.5000
vn 0.0000 1.0000 0.0000
vn 0.0000 1.0000 0.0000
vn 0.0000 1.0000 0.0000
vn 0.0000 1.0000 0.0000
vn 0.0000 1.0000 0.0000
vn 0.8660 0.0000 0.5000
vn 0.0000 1.0000 0.0000
vn 0.0000 1.0000 0.0000
vn 0.0000 1.0000 0.0000
vn 0.0000 1.0000 0.0000
vn 0.0000 1.0000 0.0000
vn 0.0000 1.0000 0.0000
vn 1.0000 -0.0000 0.0000
vn 1.0000 0.0000 0.0000
vn 0.0000 1.0000 0.0000
vn -0.8660 0.0000 -0.5000
vn -0.8660 0.0000 -0.5000
vn -1.0000 0.0000 0.0000
vn -0.5000 0.0000 -0.8660
vn -0.5000 0.0000 -0.8660
vn -1.0000 -0.0000 0.0000
vn -0.8660 -0.0000 0.5000
vn -0.8660 0.0000 0.5000
vn -0.5000 0.0000 0.8660
vn 0.0000 0.0000 -1.0000
vn -0.0000 0.0000 -1.0000
vn 0.5000 0.0000 -0.8660
vn 0.5000 0.0000 -0.8660
vn 0.8660 0.0000 -0.5000
vn 0.8660 -0.0000 -0.5000
vn -0.5000 0.0000 0.8660
vn 0.0000 0.0000 1.0000
vn -0.0000 0.0000 1.0000
vn 0.5000 0.0000 0.8660
vn 0.5000 0.0000 0.8660
vn 0.8660 0.0000 0.5000
vn 0.0000 1.0000 0.0000
vn 0.0000 1.0000 0.0000
vn 0.0000 1.0000 0.0000
vn 0.0000 1.0000 0.0000
vn 0.0000 1.0000 0.0000
vn 0.8660 0.0000 0.5000
vn 0.0000 1.0000 0.0000
vn 0.0000 1.0000 0.0000
vn 0.0000 1.0000 0.0000
vn 0.0000 1.0000 0.0000
vn 0.0000 1.0000 0.0000
vn 0.0000 1.0000 0.0000
vn 1.0000 -0.0000 0.0000
vn 1.0000 0.0000 0.0000
vn 0.0000 1.0000 0.0000
vn -0.8660 0.0000 -0.5000
vn -0.8660 0.0000 -0.5000
vn -1.0000 0.0000 0.0000
vn -0.5000 0.0000 -0.8660
vn -0.5000 0.0000 -0.8660
vn -1.0000 -0.0000 0.0000
vn -0.8660 -0.0000 0.5000
vn -0.8660 0.0000 0.5000
vn -0.5000 0.0000 0.8660
vn 0.0000 0.0000 -1.0000
vn -0.0000 0.0000 -1.0000
vn 0.5000 0.0000 -0.8660
vn 0.5000 0.0000 -0.8660
vn 0.8660 0.0000 -0.5000
vn 0.8660 -0.0000 -0.5000
vn -0.5000 0.0000 0.8660
vn 0.0000 0.0000 1.0000
vn -0.0000 0.0000 1.0000
vn 0.5000 0.0000 0.8660
vn 0.5000 0.0000 0.8660
vn 0.8660 0.0000 0.5000
vn 0.0000 1.0000 0.0000
vn 0.0000 1.0000 0.0000
vn 0.0000 1.0000 0.0000
vn 0.0000 1.0000 0.0000
vn 0.0000 1.0000 0.0000
vn 0.8660 0.0000 0.5000
vn 0.0000 1.0000 0.0000
vn 0.0000 1.0000 0.0000
vn 0.0000 1.0000 0.0000
vn 0.0000 1.0000 0.0000
vn 0.0000 1.0000 0.0000
vn 0.0000 1.0000 0.0000
vn 1.0000 -0.0000 0.0000
vn 1.0000 0.0000 0.0000
vn 0.0000 1.0000 0.0000
vn -0.8660 -0.0000 -0.5000
vn -0.8660 0.0000 -0.5000
vn -1.0000 -0.0000 0.0000
vn -0.5000 0.0000 -0.8660
vn -0.5000 0.0000 -0.8660
vn -1.0000 0.0000 0.0000
vn -0.8660 0.0000 0.5000
vn -0.8660 0.0000 0.5000
vn -0.5000 0.0000 0.8660
vn 0.0000 0.0000 -1.0000
vn -0.0000 0.0000 -1.0000
vn 0.5000 0.0000 -0.8660
vn 0.5000 0.0000 -0.8660
vn 0.8660 0.0000 -0.5000
vn 0.8660 0.0000 -0.5000
vn -0.5000 0.0000 0.8660
vn 0.0000 0.0000 1.0000
vn -0.0000 0.0000 1.0000
vn 0.5000 0.0000 0.8660
vn 0.5000 0.0000 0.8660
vn 0.8660 0.0000 0.5000
vn 0.0000 1.0000 0.0000
vn 0.0000 1.0000 0.0000
vn 0.0000 1.0000 0.0000
vn 0.0000 1.0000 0.0000
vn 0.0000 1.0000 0.0000
vn 0.8660 -0.0000 0.5000
vn 0.0000 1.0000 0.0000
vn 0.0000 1.0000 0.0000
vn 0.0000 1.0000 0.0000
vn 0.0000 1.0000 0.0000
vn 0.0000 1.0000 0.0000
vn 0.0000 1.0000 0.0000
vn 1.0000 0.0000 0.0000
vn 1.0000 -0.0000 0.0000
vn 0.0000 1.0000 0.0000
vn -0.8660 -0.0000 -0.5000
vn -0.8660 0.0000 -0.5000
vn -1.0000 -0.0000 0.0000
vn -0.5000 0.0000 -0.8660
vn -0.5000 0.0000 -0.8660
vn -1.0000 0.0000 0.0000
vn -0.8660 0.0000 0.5000
vn -0.8660 0.0000 0.5000
vn -0.5000 0.0000 0.8660
vn 0.0000 0.0000 -1.0000
vn -0.0000 0.0000 -1.0000
vn 0.5000 0.0000 -0.8660
vn 0.5000 0.0000 -0.8660
vn 0.8660 0.0000 -0.5000
vn 0.8660 0.0000 -0.5000
vn -0.5000 0.0000 0.8660
vn 0.0000 0.0000 1.0000
vn -0.0000 0.0000 1.0000
vn 0.5000 0.0000 0.8660
vn 0.5000 0.0000 0.8660
vn 0.8660 0.0000 0.5000
vn 0.0000 1.0000 0.0000
vn 0.0000 1.0000 0.0000
vn 0.0000 1.0000 0.0000
vn 0.0000 1.0000 0.0000
vn 0.0000 1.0000 0.0000
vn 0.8660 -0.0000 0.5000
vn 0.0000 1.0000 0.0000
vn 0.0000 1.0000 0.0000
vn 0.0000 1.0000 0.0000
vn 0.0000 1.0000 0.0000
vn 0.0000 1.0000 0.0000
vn 0.0000 1.0000 0.0000
vn 1.0000 0.0000 0.0000
vn 1.0000 -0.0000 0.0000
vn 0.0000 1.0000 0.0000
vn -0.8660 -0.0000 -0.5000
vn -0.8660 0.0000 -0.5000
vn -1.0000 -0.0000 0.0000
vn -0.5000 0.0000 -0.8660
vn -0.5000 0.0000 -0.8660
vn -1.0000 0.0000 0.0000
vn -0.8660 0.0000 0.5000
vn -0.8660 0.0000 0.5000
vn -0.5000 0.0000 0.8660
vn 0.0000 0.0000 -1.0000
vn -0.0000 0.0000 -1.0000
vn 0.5000 0.0000 -0.8660
vn 0.5000 0.0000 -0.8660
vn 0.8660 0.0000 -0.5000
vn 0.8660 0.0000 -0.5000
vn -0.5000 0.0000 0.8660
vn 0.0000 0.0000 1.0000
vn -0.0000 0.0000 1.0000
vn 0.5000 0.0000 0.8660
vn 0.5000 0.0000 0.8660
vn 0.8660 0.0000 0.5000
vn 0.0000 1.0000 0.0000
vn 0.0000 1.0000 0.0000
vn 0.0000 1.0000 0.0000
vn 0.0000 1.0000 0.0000
vn 0.0000 1.0000 0.0000
vn 0.8660 -0.0000 0.5000
vn 0.0000 1.0000 0.0000
vn 0.0000 1.0000 0.0000
vn 0.0000 1.0000 0.0000
vn 0.0000 1.0000 0.0000
vn 0.0000 1.0000 0.0000
vn 0.0000 1.0000 0.0000
vn 1.0000 0.0000 0.0000
vn 1.0000 -0.0000 0.0000
vn 0.0000 1.0000 0.0000
vn -0.8660 -0.0000 -0.5000
vn -0.8660 0.0000 -0.5000
vn -1.0000 -0.0000 0.0000
vn -0.5000 0.0000 -0.8660
vn -0.5000 0.0000 -0.8660
vn -1.0000 0.0000 0.0000
vn -0.8660 0.0000 0.5000
vn -0.8660 0.0000 0.5000
vn -0.5000 0.0000 0.8660
vn 0.0000 0.0000 -1.0000
vn -0.0000 0.0000 -1.0000
vn 0.5000 0.0000 -0.8660
vn 0.5000 0.0000 -0.8660
vn 0.8660 0.0000 -0.5000
vn 0.8660 0.0000 -0.5000
vn -0.5000 0.0000 0.8660
vn 0.0000 0.0000 1.0000
vn -0.0000 0.0000 1.0000
vn 0.5000 0.0000 0.8660
vn 0.5000 0.0000 0.8660
vn 0.8660 0.0000 0.5000
vn 0.0000 1.0000 0.0000
vn 0.0000 1.0000 0.0000
vn 0.0000 1.0000 0.0000
vn 0.0000 1.0000 0.0000
vn 0.0000 1.0000 0.0000
vn 0.8660 -0.0000 0.5000
vn 0.0000 1.0000 0.0000
vn 0.0000 1.0000 0.0000
vn 0.0000 1.0000 0.0000
vn 0.0000 1.0000 0.0000
vn 0.0000 1.0000 0.0000
vn 0.0000 1.0000 0.0000
vn 1.0000 0.0000 0.0000
vn 1.0000 -0.0000 0.0000
vn 0.0000 1.0000 0.0000
vn -0.8660 0.0000 -0.5000
vn -0.8660 0.0000 -0.5000
vn -1.0000 0.0000 0.0000
vn 0.0000 0.0000 -1.0000
vn 0.0000 -0.0000 -1.0000
vn -0.5000 0.0000 -0.8660
vn -0.5000 0.0000 -0.8660
vn -1.0000 0.0000 -0.0000
vn -0.8660 0.0000 0.5000
vn -0.8660 0.0000 0.5000
vn -0.5000 0.0000 0.8660
vn -0.5000 -0.0000 0.8660
vn 0.0000 -0.0000 1.0000
vn 0.0000 0.0000 1.0000
vn 0.0000 1.0000 0.0000
vn 0.0000 1.0000 0.0000
vn 0.0000 1.0000 0.0000
vn 0.0000 1.0000 0.0000
vn 0.0000 1.0000 0.0000
vn 0.0000 1.0000 0.0000
vn 0.0000 1.0000 0.0000
vn 0.5000 -0.0000 -0.8660
vn 0.5000 0.0000 -0.8660
vn 0.8660 0.0000 -0.5000
vn 0.8660 0.0000 -0.5000
vn 1.0000 0.0000 0.0000
vn 1.0000 0.0000 -0.0000
vn 0.5000 0.0000 0.8660
vn 0.8660 0.0000 0.5000
vn 0.8660 0.0000 0.5000
vn 0.5000 0.0000 0.8660
vn 0.0000 1.0000 0.0000
vn 0.0000 1.0000 0.0000
vn 0.0000 1.0000 0.0000
vn 0.0000 1.0000 0.0000
vn 0.0000 1.0000 0.0000
vn -0.8660 0.0000 -0.5000
vn -0.8660 0.0000 -0.5000
vn -1.0000 0.0000 0.0000
vn 0.0000 0.0000 -1.0000
vn 0.0000 -0.0000 -1.0000
vn -0.5000 0.0000 -0.8660
vn -0.5000 0.0000 -0.8660
vn -1.0000 0.0000 -0.0000
vn -0.8660 0.0000 0.5000
vn -0.8660 0.0000 0.5000
vn -0.5000 0.0000 0.8660
vn -0.5000 -0.0000 0.8660
vn 0.0000 -0.0000 1.0000
vn 0.0000 0.0000 1.0000
vn 0.0000 1.0000 0.0000
vn 0.0000 1.0000 0.0000
vn 0.0000 1.0000 0.0000
vn 0.0000 1.0000 0.0000
vn 0.0000 1.0000 0.0000
vn 0.0000 1.0000 0.0000
vn 0.0000 1.0000 0.0000
vn 0.5000 -0.0000 -0.8660
vn 0.5000 0.0000 -0.8660
vn 0.8660 0.0000 -0.5000
vn 0.8660 0.0000 -0.5000
vn 1.0000 0.0000 0.0000
vn 1.0000 0.0000 -0.0000
vn 0.5000 0.0000 0.8660
vn 0.8660 0.0000 0.5000
vn 0.8660 0.0000 0.5000
vn 0.5000 0.0000 0.8660
vn 0.0000 1.0000 0.0000
vn 0.0000 1.0000 0.0000
vn 0.0000 1.0000 0.0000
vn 0.0000 1.0000 0.0000
vn 0.0000 1.0000 0.0000
vn -0.8660 0.0000 -0.5000
vn -0.8660 0.0000 -0.5000
vn -1.0000 0.0000 0.0000
vn 0.0000 0.0000 -1.0000
vn 0.0000 -0.0000 -1.0000
vn -0.5000 0.0000 -0.8660
vn -0.5000 0.0000 -0.8660
vn -1.0000 0.0000 -0.0000
vn -0.8660 0.0000 0.5000
vn -0.8660 0.0000 0.5000
vn -0.5000 0.0000 0.8660
vn -0.5000 -0.0000 0.8660
vn 0.0000 -0.0000 1.0000
vn 0.0000 0.0000 1.0000
vn 0.0000 1.0000 0.0000
vn 0.0000 1.0000 0.0000
vn 0.0000 1.0000 0.0000
vn 0.0000 1.0000 0.0000
vn 0.0000 1.0000 0.0000
vn 0.0000 1.0000 0.0000
vn 0.0000 1.0000 0.0000
vn 0.5000 -0.0000 -0.8660
vn 0.5000 0.0000 -0.8660
vn 0.8660 0.0000 -0.5000
vn 0.8660 0.0000 -0.5000
vn 1.0000 0.0000 0.0000
vn 1.0000 0.0000 -0.0000
vn 0.5000 0.0000 0.8660
vn 0.8660 0.0000 0.5000
vn 0.8660 0.0000 0.5000
vn 0.5000 0.0000 0.8660
vn 0.0000 1.0000 0.0000
vn 0.0000 1.0000 0.0000
vn 0.0000 1.0000 0.0000
vn 0.0000 1.0000 0.0000
vn 0.0000 1.0000 0.0000
vn -0.8660 0.0000 -0.5000
vn -0.8660 0.0000 -0.5000
vn -1.0000 0.0000 0.0000
vn 0.0000 0.0000 -1.0000
vn 0.0000 -0.0000 -1.0000
vn -0.5000 0.0000 -0.8660
vn -0.5000 0.0000 -0.8660
vn -1.0000 0.0000 -0.0000
vn -0.8660 0.0000 0.5000
vn -0.8660 0.0000 0.5000
vn -0.5000 0.0000 0.8660
vn -0.5000 -0.0000 0.8660
vn 0.0000 -0.0000 1.0000
vn 0.0000 0.0000 1.0000
vn 0.0000 1.0000 0.0000
vn 0.0000 1.0000 0.0000
vn 0.0000 1.0000 0.0000
vn 0.0000 1.0000 0.0000
vn 0.0000 1.0000 0.0000
vn 0.0000 1.0000 0.0000
vn 0.0000 1.0000 0.0000
vn 0.5000 -0.0000 -0.8660
vn 0.5000 0.0000 -0.8660
vn 0.8660 0.0000 -0.5000
vn 0.8660 0.0000 -0.5000
vn 1.0000 0.0000 0.0000
vn 1.0000 0.0000 -0.0000
vn 0.5000 0.0000 0.8660
vn 0.8660 0.0000 0.5000
vn 0.8660 0.0000 0.5000
vn 0.5000 0.0000 0.8660
vn 0.0000 1.0000 0.0000
vn 0.0000 1.0000 0.0000
vn 0.0000 1.0000 0.0000
vn 0.0000 1.0000 0.0000
vn 0.0000 1.0000 0.0000
vn -0.8660 0.0000 -0.5000
vn -0.8660 0.0000 -0.5000
vn -1.0000 0.0000 0.0000
vn 0.0000 0.0000 -1.0000
vn 0.0000 0.0000 -1.0000
vn -0.5000 0.0000 -0.8660
vn -0.5000 0.0000 -0.8660
vn -1.0000 0.0000 0.0000
vn -0.8660 0.0000 0.5000
vn -0.8660 0.0000 0.5000
vn -0.5000 0.0000 0.8660
vn -0.5000 0.0000 0.8660
vn 0.0000 0.0000 1.0000
vn 0.0000 0.0000 1.0000
vn 0.0000 1.0000 0.0000
vn 0.0000 1.0000 0.0000
vn 0.0000 1.0000 0.0000
vn 0.0000 1.0000 0.0000
vn 0.0000 1.0000 0.0000
vn 0.0000 1.0000 0.0000
vn 0.0000 1.0000 0.0000
vn 0.5000 0.0000 -0.8660
vn 0.5000 0.0000 -0.8660
vn 0.8660 0.0000 -0.5000
vn 0.8660 0.0000 -0.5000
vn 1.0000 0.0000 0.0000
vn 1.0000 0.0000 0.0000
vn 0.5000 0.0000 0.8660
vn 0.8660 0.0000 0.5000
vn 0.8660 0.0000 0.5000
vn 0.5000 0.0000 0.8660
vn 0.0000 1.0000 0.0000
vn 0.0000 1.0000 0.0000
vn 0.0000 1.0000 0.0000
vn 0.0000 1.0000 0.0000
vn 0.0000 1.0000 0.0000
vn -0.8660 0.0000 -0.5000
vn -0.8660 0.0000 -0.5000
vn -1.0000 0.0000 0.0000
vn 0.0000 0.0000 -1.0000
vn 0.0000 0.0000 -1.0000
vn -0.5000 0.0000 -0.8660
vn -0.5000 0.0000 -0.8660
vn -1.0000 0.0000 0.0000
vn -0.8660 0.0000 0.5000
vn -0.8660 0.0000 0.5000
vn -0.5000 0.0000 0.8660
vn -0.5000 0.0000 0.8660
vn 0.0000 0.0000 1.0000
vn 0.0000 0.0000 1.0000
vn 0.0000 1.0000 0.0000
vn 0.0000 1.0000 0.0000
vn 0.0000 1.0000 0.0000
vn 0.0000 1.0000 0.0000
vn 0.0000 1.0000 0.0000
vn 0.0000 1.0000 0.0000
vn 0.0000 1.0000 0.0000
vn 0.5000 0.0000 -0.8660
vn 0.5000 0.0000 -0.8660
vn 0.8660 0.0000 -0.5000
vn 0.8660 0.0000 -0.5000
vn 1.0000 0.0000 0.0000
vn 1.0000 0.0000 0.0000
vn 0.5000 0.0000 0.8660
vn 0.8660 0.0000 0.5000
vn 0.8660 0.0000 0.5000
vn 0.5000 0.0000 0.8660
vn 0.0000 1.0000 0.0000
vn 0.0000 1.0000 0.0000
vn 0.0000 1.0000 0.0000
vn 0.0000 1.0000 0.0000
vn 0.0000 1.0000 0.0000
vn -0.8660 0.0000 -0.5000
vn -0.8660 0.0000 -0.5000
vn -1.0000 0.0000 0.0000
vn 0.0000 0.0000 -1.0000
vn 0.0000 0.0000 -1.0000
vn -0.5000 0.0000 -0.8660
vn -0.5000 0.0000 -0.8660
vn -1.0000 0.0000 0.0000
vn -0.8660 0.0000 0.5000
vn -0.8660 0.0000 0.5000
vn -0.5000 0.0000 0.8660
vn -0.5000 0.0000 0.8660
vn 0.0000 0.0000 1.0000
vn 0.0000 0.0000 1.0000
vn 0.0000 1.0000 0.0000
vn 0.0000 1.0000 0.0000
vn 0.0000 1.0000 0.0000
vn 0.0000 1.0000 0.0000
vn 0.0000 1.0000 0.0000
vn 0.0000 1.0000 0.0000
vn 0.0000 1.0000 0.0000
vn 0.5000 0.0000 -0.8660
vn 0.5000 0.0000 -0.8660
vn 0.8660 0.0000 -0.5000
vn 0.8660 0.0000 -0.5000
vn 1.0000 0.0000 0.0000
vn 1.0000 0.0000 0.0000
vn 0.5000 0.0000 0.8660
vn 0.8660 0.0000 0.5000
vn 0.8660 0.0000 0.5000
vn 0.5000 0.0000 0.8660
vn 0.0000 1.0000 0.0000
vn 0.0000 1.0000 0.0000
vn 0.0000 1.0000 0.0000
vn 0.0000 1.0000 0.0000
vn 0.0000 1.0000 0.0000
vn -0.8660 0.0000 -0.5000
vn -0.8660 0.0000 -0.5000
vn -1.0000 0.0000 0.0000
vn 0.0000 0.0000 -1.0000
vn 0.0000 0.0000 -1.0000
vn -0.5000 0.0000 -0.8660
vn -0.5000 0.0000 -0.8660
vn -1.0000 0.0000 0.0000
vn -0.8660 0.0000 0.5000
vn -0.8660 0.0000 0.5000
vn -0.5000 0.0000 0.8660
vn -0.5000 0.0000 0.8660
vn 0.0000 0.0000 1.0000
vn 0.0000 0.0000 1.0000
vn 0.0000 1.0000 0.0000
vn 0.0000 1.0000 0.0000
vn 0.0000 1.0000 0.0000
vn 0.0000 1.0000 0.0000
vn 0.0000 1.0000 0.0000
vn 0.0000 1.0000 0.0000
vn 0.0000 1.0000 0.0000
vn 0.5000 0.0000 -0.8660
vn 0.5000 0.0000 -0.8660
vn 0.8660 0.0000 -0.5000
vn 0.8660 0.0000 -0.5000
vn 1.0000 0.0000 0.0000
vn 1.0000 0.0000 0.0000
vn 0.5000 0.0000 0.8660
vn 0.8660 0.0000 0.5000
vn 0.8660 0.0000 0.5000
vn 0.5000 0.0000 0.8660
vn 0.0000 1.0000 0.0000
vn 0.0000 1.0000 0.0000
vn 0.0000 1.0000 0.0000
vn 0.0000 1.0000 0.0000
vn 0.0000 1.0000 0.0000
vn -0.8660 0.0000 -0.5000
vn -0.8660 0.0000 -0.5000
vn -1.0000 0.0000 0.0000
vn -1.0000 0.0000 -0.0000
vn -0.8660 0.0000 0.5000
vn -0.8660 0.0000 0.5000
vn 0.0000 1.0000 0.0000
vn 0.0000 1.0000 0.0000
vn 0.0000 1.0000 0.0000
vn -0.5000 0.0000 -0.8660
vn -0.5000 0.0000 -0.8660
vn 0.0000 0.0000 -1.0000
vn 0.0000 -0.0000 -1.0000
vn 0.5000 -0.0000 -0.8660
vn 0.5000 0.0000 -0.8660
vn -0.5000 0.0000 0.8660
vn -0.5000 -0.0000 0.8660
vn 0.0000 -0.0000 1.0000
vn 0.0000 0.0000 1.0000
vn 0.5000 0.0000 0.8660
vn 0.8660 0.0000 -0.5000
vn 0.8660 0.0000 -0.5000
vn 1.0000 0.0000 0.0000
vn 1.0000 0.0000 -0.0000
vn 0.5000 0.0000 0.8660
vn 0.8660 0.0000 0.5000
vn 0.8660 0.0000 0.5000
vn 0.0000 1.0000 0.0000
vn 0.0000 1.0000 0.0000
vn 0.0000 1.0000 0.0000
vn 0.0000 1.0000 0.0000
vn 0.0000 1.0000 0.0000
vn 0.0000 1.0000 0.0000
vn 0.0000 1.0000 0.0000
vn 0.0000 1.0000 0.0000
vn 0.0000 1.0000 0.0000
vn -0.8660 0.0000 -0.5000
vn -0.8660 0.0000 -0.5000
vn -1.0000 0.0000 0.0000
vn -1.0000 0.0000 -0.0000
vn -0.8660 0.0000 0.5000
vn -0.8660 0.0000 0.5000
vn 0.0000 1.0000 0.0000
vn 0.0000 1.0000 0.0000
vn 0.0000 1.0000 0.0000
vn -0.5000 0.0000 -0.8660
vn -0.5000 0.0000 -0.8660
vn 0.0000 0.0000 -1.0000
vn 0.0000 -0.0000 -1.0000
vn 0.5000 -0.0000 -0.8660
vn 0.5000 0.0000 -0.8660
vn -0.5000 0.0000 0.8660
vn -0.5000 -0.0000 0.8660
vn 0.0000 -0.0000 1.0000
vn 0.0000 0.0000 1.0000
vn 0.5000 0.0000 0.8660
vn 0.8660 0.0000 -0.5000
vn 0.8660 0.0000 -0.5000
vn 1.0000 0.0000 0.0000
vn 1.0000 0.0000 -0.0000
vn 0.5000 0.0000 0.8660
vn 0.8660 0.0000 0.5000
vn 0.8660 0.0000 0.5000
vn 0.0000 1.0000 0.0000
vn 0.0000 1.0000 0.0000
vn 0.0000 1.0000 0.0000
vn 0.0000 1.0000 0.0000
vn 0.0000 1.0000 0.0000
vn 0.0000 1.0000 0.0000
vn 0.0000 1.0000 0.0000
vn 0.0000 1.0000 0.0000
vn 0.0000 1.0000 0.0000
vn -0.8660 0.0000 -0.5000
vn -0.8660 0.0000 -0.5000
vn -1.0000 0.0000 0.0000
vn -1.0000 0.0000 -0.0000
vn -0.8660 0.0000 0.5000
vn -0.8660 0.0000 0.5000
vn 0.0000 1.0000 0.0000
vn 0.0000 1.0000 0.0000
vn 0.0000 1.0000 0.0000
vn -0.5000 0.0000 -0.8660
vn -0.5000 0.0000 -0.8660
vn 0.0000 0.0000 -1.0000
vn 0.0000 -0.0000 -1.0000
vn 0.5000 -0.0000 -0.8660
vn 0.5000 0.0000 -0.8660
vn -0.5000 0.0000 0.8660
vn -0.5000 -0.0000 0.8660
vn 0.0000 -0.0000 1.0000
vn 0.0000 0.0000 1.0000
vn 0.5000 0.0000 0.8660
vn 0.8660 0.0000 -0.5000
vn 0.8660 0.0000 -0.5000
vn 1.0000 0.0000 0.0000
vn 1.0000 0.0000 -0.0000
vn 0.5000 0.0000 0.8660
vn 0.8660 0.0000 0.5000
vn 0.8660 0.0000 0.5000
vn 0.0000 1.0000 0.0000
vn 0.0000 1.0000 0.0000
vn 0.0000 1.0000 0.0000
vn 0.0000 1.0000 0.0000
vn 0.0000 1.0000 0.0000
vn 0.0000 1.0000 0.0000
vn 0.0000 1.0000 0.0000
vn 0.0000 1.0000 0.0000
vn 0.0000 1.0000 0.0000
vn -0.8660 0.0000 -0.5000
vn -0.8660 0.0000 -0.5000
vn -1.0000 0.0000 0.0000
vn -1.0000 0.0000 -0.0000
vn -0.8660 0.0000 0.5000
vn -0.8660 0.0000 0.5000
vn 0.0000 1.0000 0.0000
vn 0.0000 1.0000 0.0000
vn 0.0000 1.0000 0.0000
vn -0.5000 0.0000 -0.8660
vn -0.5000 0.0000 -0.8660
vn 0.0000 0.0000 -1.0000
vn 0.0000 -0.0000 -1.0000
vn 0.5000 -0.0000 -0.8660
vn 0.5000 0.0000 -0.8660
vn -0.5000 0.0000 0.8660
vn -0.5000 -0.0000 0.8660
vn 0.0000 -0.0000 1.0000
vn 0.0000 0.0000 1.0000
vn 0.5000 0.0000 0.8660
vn 0.8660 0.0000 -0.5000
vn 0.8660 0.0000 -0.5000
vn 1.0000 0.0000 0.0000
vn 1.0000 0.0000 -0.0000
vn 0.5000 0.0000 0.8660
vn 0.8660 0.0000 0.5000
vn 0.8660 0.0000 0.5000
vn 0.0000 1.0000 0.0000
vn 0.0000 1.0000 0.0000
vn 0.0000 1.0000 0.0000
vn 0.0000 1.0000 0.0000
vn 0.0000 1.0000 0.0000
vn 0.0000 1.0000 0.0000
vn 0.0000 1.0000 0.0000
vn 0.0000 1.0000 0.0000
vn 0.0000 1.0000 0.0000
vn -0.8660 0.0000 -0.5000
vn -0.8660 0.0000 -0.5000
vn -1.0000 0.0000 0.0000
vn -1.0000 0.0000 0.0000
vn -0.8660 0.0000 0.5000
vn -0.8660 0.0000 0.5000
vn 0.0000 1.0000 0.0000
vn 0.0000 1.0000 0.0000
vn 0.0000 1.0000 0.0000
vn -0.5000 0.0000 -0.8660
vn -0.5000 0.0000 -0.8660
vn 0.0000 0.0000 -1.0000
vn 0.0000 0.0000 -1.0000
vn 0.5000 0.0000 -0.8660
vn 0.5000 0.0000 -0.8660
vn -0.5000 0.0000 0.8660
vn -0.5000 0.0000 0.8660
vn 0.0000 0.0000 1.0000
vn 0.0000 0.0000 1.0000
vn 0.5000 0.0000 0.8660
vn 0.8660 0.0000 -0.5000
vn 0.8660 0.0000 -0.5000
vn 1.0000 0.0000 0.0000
vn 1.0000 0.0000 0.0000
vn 0.5000 0.0000 0.8660
vn 0.8660 0.0000 0.5000
vn 0.8660 0.0000 0.5000
vn 0.0000 1.0000 0.0000
vn 0.0000 1.0000 0.0000
vn 0.0000 1.0000 0.0000
vn 0.0000 1.0000 0.0000
vn 0.0000 1.0000 0.0000
vn 0.0000 1.0000 0.0000
vn 0.0000 1.0000 0.0000
vn 0.0000 1.0000 0.0000
vn 0.0000 1.0000 0.0000
vn -0.8660 0.0000 -0.5000
vn -0.8660 0.0000 -0.5000
vn -1.0000 0.0000 0.0000
vn -1.0000 0.0000 0.0000
vn -0.8660 0.0000 0.5000
vn -0.8660 0.0000 0.5000
vn 0.0000 1.0000 0.0000
vn 0.0000 1.0000 0.0000
vn 0.0000 1.0000 0.0000
vn -0.5000 0.0000 -0.8660
vn -0.5000 0.0000 -0.8660
vn 0.0000 0.0000 -1.0000
vn 0.0000 0.0000 -1.0000
vn 0.5000 0.0000 -0.8660
vn 0.5000 0.0000 -0.8660
vn -0.5000 0.0000 0.8660
vn -0.5000 0.0000 0.8660
vn 0.0000 0.0000 1.0000
vn 0.0000 0.0000 1.0000
vn 0.5000 0.0000 0.8660
vn 0.8660 0.0000 -0.5000
vn 0.8660 0.0000 -0.5000
vn 1.0000 0.0000 0.0000
vn 1.0000 0.0000 0.0000
vn 0.5000 0.0000 0.8660
vn 0.8660 0.0000 0.5000
vn 0.8660 0.0000 0.5000
vn 0.0000 1.0000 0.0000
vn 0.0000 1.0000 0.0000
vn 0.0000 1.0000 0.0000
vn 0.0000 1.0000 0.0000
vn 0.0000 1.0000 0.0000
vn 0.0000 1.0000 0.0000
vn 0.0000 1.0000 0.0000
vn 0.0000 1.0000 0.0000
vn 0.0000 1.0000 0.0000
vn -0.8660 0.0000 -0.5000
vn -0.8660 0.0000 -0.5000
vn -1.0000 0.0000 0.0000
vn -1.0000 0.0000 0.0000
vn -0.8660 0.0000 0.5000
vn -0.8660 0.0000 0.5000
vn 0.0000 1.0000 0.0000
vn 0.0000 1.0000 0.0000
vn 0.0000 1.0000 0.0000
vn -0.5000 0.0000 -0.8660
vn -0.5000 0.0000 -0.8660
vn 0.0000 0.0000 -1.0000
vn 0.0000 0.0000 -1.0000
vn 0.5000 0.0000 -0.8660
vn 0.5000 0.0000 -0.8660
vn -0.5000 0.0000 0.8660
vn -0.5000 0.0000 0.8660
vn 0.0000 0.0000 1.0000
vn 0.0000 0.0000 1.0000
vn 0.5000 0.0000 0.8660
vn 0.8660 0.0000 -0.5000
vn 0.8660 0.0000 -0.5000
vn 1.0000 0.0000 0.0000
vn 1.0000 0.0000 0.0000
vn 0.5000 0.0000 0.8660
vn 0.8660 0.0000 0.5000
vn 0.8660 0.0000 0.5000
vn 0.0000 1.0000 0.0000
vn 0.0000 1.0000 0.0000
vn 0.0000 1.0000 0.0000
vn 0.0000 1.0000 0.0000
vn 0.0000 1.0000 0.0000
vn 0.0000 1.0000 0.0000
vn 0.0000 1.0000 0.0000
vn 0.0000 1.0000 0.0000
vn 0.0000 1.0000 0.0000
vn -0.8660 0.0000 -0.5000
vn -0.8660 0.0000 -0.5000
vn -1.0000 0.0000 0.0000
vn -1.0000 0.0000 0.0000
vn -0.8660 0.0000 0.5000
vn -0.8660 0.0000 0.5000
vn 0.0000 1.0000 0.0000
vn 0.0000 1.0000 0.0000
vn 0.0000 1.0000 0.0000
vn -0.5000 0.0000 -0.8660
vn -0.5000 0.0000 -0.8660
vn 0.0000 0.0000 -1.0000
vn 0.0000 0.0000 -1.0000
vn 0.5000 0.0000 -0.8660
vn 0.5000 0.0000 -0.8660
vn -0.5000 0.0000 0.8660
vn -0.5000 0.0000 0.8660
vn 0.0000 0.0000 1.0000
vn 0.0000 0.0000 1.0000
vn 0.5000 0.0000 0.8660
vn 0.8660 0.0000 -0.5000
vn 0.8660 0.0000 -0.5000
vn 1.0000 0.0000 0.0000
vn 1.0000 0.0000 0.0000
vn 0.5000 0.0000 0.8660
vn 0.8660 0.0000 0.5000
vn 0.8660 0.0000 0.5000
vn 0.0000 1.0000 0.0000
vn 0.0000 1.0000 0.0000
vn 0.0000 1.0000 0.0000
vn 0.0000 1.0000 0.0000
vn 0.0000 1.0000 0.0000
vn 0.0000 1.0000 0.0000
vn 0.0000 1.0000 0.0000
vn 0.0000 1.0000 0.0000
vn 0.0000 1.0000 0.0000
f 1//1 2//2 3//3
f 2//2 4//4 3//3
f 2//2 5//5 4//4
f 3//3 4//4 6//6
f 4//4 5//5 7//7
f 4//4 7//7 6//6
f 1//1 8//8 2//2
f 2//2 8//8 5//5
f 5//5 9//9 7//7
f 6//6 7//7 10//10
f 5//5 11//11 9//9
f 1//1 3//3 12//12
f 3//3 6//6 13//13
f 6//6 10//10 14//14
f 1//1 15//15 8//8
f 5//5 8//8 16//16
f 5//5 16//16 11//11
f 15//15 17//17 8//8
f 8//8 17//17 18//18
f 8//8 18//18 16//16
f 17//17 19//19 18//18
f 16//16 18//18 20//20
f 18//18 19//19 20//20
f 16//16 20//20 11//11
f 19//19 21//21 20//20
f 1//1 22//22 15//15
f 15//15 23//23 17//17
f 17//17 23//23 19//19
f 19//19 24//24 21//21
f 7//7 9//9 25//25
f 7//7 26//26 10//10
f 7//7 25//25 26//26
f 25//25 27//27 26//26
f 27//27 28//28 29//29
f 27//27 29//29 30//30
f 27//27 30//30 31//31
f 27//27 32//32 28//28
f 28//28 32//32 33//33
f 33//33 34//34 35//35
f 27//27 31//31 36//36
f 35//35 37//37 38//38
f 38//38 37//37 39//39
f 39//39 40//40 41//41
f 27//27 42//42 32//32
f 33//33 32//32 34//34
f 35//35 34//34 43//43
f 32//32 42//42 44//44
f 44//44 45//45 46//46
f 35//35 43//43 37//37
f 39//39 37//37 47//47
f 39//39 47//47 40//40
f 46//46 48//48 49//49
f 49//49 50//50 51//51
f 51//51 50//50 52//52
f 31//31 53//53 54//54
f 53//53 55//55 54//54
f 55//55 56//56 57//57
f 31//31 54//54 36//36
f 55//55 58//58 54//54
f 55//55 57//57 58//58
f 56//56 41//41 57//57
f 41//41 59//59 57//57
f 41//41 60//60 59//59
f 59//59 60//60 61//61
f 61//61 62//62 63//63
f 41//41 40//40 60//60
f 40//40 64//64 65//65
f 40//40 65//65 60//60
f 64//64 52//52 65//65
f 52//52 66//66 65//65
f 52//52 67//67 66//66
f 61//61 60//60 68//68
f 61//61 68//68 62//62
f 66//66 67//67 69//69
f 69//69 70//70 71//71
f 9//9 11//11 25//25
f 27//27 72//72 42//42
f 44//44 42//42 45//45
f 46//46 45//45 48//48
f 25//25 73//73 27//27
f 27//27 74//74 72//72
f 42//42 72//72 75//75
f 75//75 76//76 77//77
f 49//49 48//48 78//78
f 49//49 78//78 50//50
f 52//52 50//50 79//79
f 77//77 80//80 81//81
f 81//81 82//82 83//83
f 83//83 84//84 85//85
f 27//27 86//86 74//74
f 75//75 72//72 76//76
f 77//77 76//76 80//80
f 72//72 87//87 88//88
f 88//88 87//87 89//89
f 81//81 80//80 82//82
f 83//83 82//82 84//84
f 85//85 84//84 90//90
f 89//89 91//91 92//92
f 92//92 93//93 94//94
f 94//94 93//93 95//95
f 52//52 79//79 67//67
f 79//79 96//96 97//97
f 79//79 97//97 67//67
f 85//85 97//97 96//96
f 85//85 98//98 97//97
f 85//85 99//99 98//98
f 69//69 67//67 70//70
f 71//71 70//70 100//100
f 98//98 99//99 101//101
f 101//101 102//102 103//103
f 85//85 90//90 99//99
f 90//90 104//104 105//105
f 90//90 105//105 99//99
f 95//95 105//105 104//104
f 95//95 106//106 105//105
f 95//95 107//107 106//106
f 101//101 99//99 102//102
f 103//103 102//102 108//108
f 106//106 107//107 109//109
f 109//109 110//110 111//111
f 10//10 26//26 14//14
f 36//36 112//112 113//113
f 63//63 62//62 114//114
f 115//115 116//116 117//117
f 114//114 117//117 116//116
f 26//26 27//27 118//118
f 112//112 119//119 120//120
f 115//115 120//120 119//119
f 36//36 113//113 121//121
f 112//112 120//120 113//113
f 115//115 122//122 120//120
f 115//115 123//123 122//122
f 122//122 123//123 124//124
f 114//114 62//62 125//125
f 114//114 125//125 117//117
f 115//115 117//117 126//126
f 71//71 127//127 128//128
f 128//128 127//127 129//129
f 126//126 129//129 130//130
f 115//115 126//126 123//123
f 124//124 123//123 131//131
f 126//126 132//132 123//123
f 123//123 132//132 133//133
f 27//27 36//36 118//118
f 124//124 131//131 134//134
f 134//134 135//135 136//136
f 136//136 135//135 137//137
f 121//121 138//138 139//139
f 138//138 140//140 141//141
f 140//140 142//142 143//143
f 142//142 144//144 145//145
f 137//137 146//146 144//144
f 134//134 131//131 147//147
f 134//134 147//147 135//135
f 137//137 135//135 148//148
f 133//133 149//149 150//150
f 150//150 151//151 152//152
f 152//152 153//153 154//154
f 137//137 148//148 155//155
f 137//137 155//155 156//156
f 155//155 157//157 158//158
f 154//154 153//153 159//159
f 157//157 159//159 160//160
f 71//71 100//100 127//127
f 129//129 127//127 130//130
f 126//126 130//130 161//161
f 103//103 108//108 162//162
f 162//162 163//163 164//164
f 164//164 165//165 161//161
f 126//126 161//161 132//132
f 133//133 132//132 149//149
f 161//161 166//166 132//132
f 132//132 166//166 167//167
f 162//162 108//108 163//163
f 164//164 163//163 165//165
f 161//161 165//165 168//168
f 111//111 169//169 170//170
f 170//170 169//169 171//171
f 171//171 172//172 168//168
f 161//161 168//168 166//166
f 167//167 166//166 173//173
f 168//168 174//174 166//166
f 166//166 175//175 176//176
f 150//150 149//149 151//151
f 152//152 151//151 177//177
f 152//152 177//177 153//153
f 167//167 173//173 178//178
f 178//178 179//179 180//180
f 180//180 181//181 182//182
f 159//159 153//153 183//183
f 159//159 183//183 184//184
f 183//183 185//185 186//186
f 182//182 187//187 188//188
f 188//188 189//189 185//185
f 178//178 173//173 179//179
f 180//180 179//179 181//181
f 182//182 181//181 187//187
f 176//176 175//175 190//190
f 190//190 191//191 192//192
f 192//192 193//193 194//194
f 188//188 187//187 195//195
f 188//188 195//195 196//196
f 195//195 197//197 198//198
f 194//194 199//199 200//200
f 200//200 199//199 197//197
f 194//194 193//193 199//199
f 72//72 74//74 87//87
f 89//89 87//87 91//91
f 27//27 73//73 86//86
f 74//74 86//86 201//201
f 201//201 202//202 203//203
f 92//92 91//91 204//204
f 92//92 204//204 93//93
f 95//95 93//93 205//205
f 203//203 206//206 207//207
f 207//207 208//208 209//209
f 209//209 210//210 211//211
f 25//25 11//11 212//212
f 25//25 212//212 73//73
f 201//201 86//86 202//202
f 203//203 202//202 206//206
f 86//86 213//213 214//214
f 214//214 215//215 216//216
f 207//207 206//206 208//208
f 209//209 208//208 210//210
f 211//211 210//210 217//217
f 216//216 218//218 219//219
f 219//219 220//220 221//221
f 221//221 222//222 223//223
f 95//95 205//205 107//107
f 205//205 224//224 225//225
f 205//205 225//225 107//107
f 211//211 225//225 224//224
f 211//211 226//226 225//225
f 211//211 227//227 226//226
f 109//109 107//107 110//110
f 111//111 110//110 228//228
f 226//226 227//227 229//229
f 229//229 230//230 231//231
f 211//211 217//217 227//227
f 217//217 232//232 233//233
f 217//217 233//233 227//227
f 223//223 233//233 232//232
f 223//223 234//234 233//233
f 223//223 235//235 234//234
f 229//229 227//227 230//230
f 231//231 230//230 236//236
f 237//237 238//238 234//234
f 237//237 239//239 238//238
f 237//237 240//240 239//239
f 11//11 20//20 212//212
f 20//20 21//21 241//241
f 214//214 213//213 215//215
f 216//216 215//215 218//218
f 73//73 213//213 86//86
f 213//213 242//242 243//243
f 243//243 244//244 245//245
f 219//219 218//218 220//220
f 221//221 220//220 222//222
f 223//223 222//222 246//246
f 245//245 247//247 248//248
f 248//248 249//249 250//250
f 251//251 252//252 250//250
f 73//73 242//242 213//213
f 243//243 242//242 244//244
f 245//245 244//244 247//247
f 20//20 241//241 212//212
f 212//212 241//241 73//73
f 73//73 253//253 242//242
f 73//73 254//254 253//253
f 73//73 255//255 254//254
f 248//248 247//247 249//249
f 251//251 250//250 249//249
f 73//73 256//256 255//255
f 235//235 223//223 246//246
f 235//235 246//246 257//257
f 235//235 257//257 252//252
f 251//251 235//235 252//252
f 251//251 258//258 235//235
f 251//251 259//259 258//258
f 260//260 261//261 259//259
f 237//237 234//234 235//235
f 260//260 262//262 261//261
f 251//251 260//260 259//259
f 260//260 263//263 264//264
f 260//260 264//264 265//265
f 266//266 264//264 263//263
f 267//267 268//268 266//266
f 255//255 256//256 267//267
f 266//266 269//269 264//264
f 266//266 268//268 269//269
f 260//260 265//265 262//262
f 262//262 265//265 270//270
f 262//262 270//270 271//271
f 267//267 256//256 268//268
f 73//73 272//272 256//256
f 111//111 228//228 169//169
f 171//171 169//169 172//172
f 168//168 172//172 273//273
f 231//231 236//236 274//274
f 274//274 275//275 276//276
f 273//273 276//276 277//277
f 168//168 273//273 174//174
f 166//166 174//174 175//175
f 273//273 278//278 279//279
f 273//273 279//279 174//174
f 279//279 278//278 280//280
f 274//274 236//236 275//275
f 276//276 275//275 277//277
f 273//273 277//277 278//278
f 237//237 281//281 240//240
f 237//237 282//282 283//283
f 237//237 284//284 281//281
f 283//283 282//282 285//285
f 284//284 278//278 281//281
f 284//284 237//237 286//286
f 284//284 280//280 278//278
f 237//237 283//283 286//286
f 283//283 285//285 287//287
f 190//190 175//175 191//191
f 192//192 191//191 288//288
f 192//192 288//288 193//193
f 284//284 289//289 290//290
f 291//291 199//199 193//193
f 290//290 292//292 293//293
f 284//284 286//286 294//294
f 284//284 294//294 289//289
f 290//290 289//289 292//292
f 287//287 295//295 296//296
f 296//296 297//297 298//298
f 298//298 299//299 300//300
f 293//293 292//292 301//301
f 293//293 301//301 302//302
f 293//293 302//302 303//303
f 300//300 304//304 305//305
f 302//302 305//305 306//306
f 21//21 307//307 241//241
f 262//262 271//271 308//308
f 308//308 271//271 309//309
f 287//287 285//285 310//310
f 311//311 295//295 310//310
f 287//287 310//310 295//295
f 311//311 312//312 295//295
f 311//311 313//313 309//309
f 308//308 309//309 313//313
f 311//311 309//309 312//312
f 309//309 271//271 314//314
f 256//256 315//315 316//316
f 309//309 314//314 317//317
f 318//318 319//319 317//317
f 309//309 317//317 319//319
f 318//318 320//320 319//319
f 321//321 322//322 318//318
f 316//316 315//315 321//321
f 73//73 323//323 272//272
f 241//241 324//324 73//73
f 318//318 322//322 320//320
f 321//321 315//315 322//322
f 256//256 272//272 315//315
f 296//296 295//295 297//297
f 298//298 297//297 299//299
f 300//300 299//299 304//304
f 309//309 319//319 325//325
f 325//325 326//326 327//327
f 327//327 328//328 329//329
f 305//305 304//304 306//306
f 302//302 306//306 330//330
f 302//302 330//330 331//331
f 329//329 332//332 333//333
f 330//330 333//333 334//334
f 325//325 319//319 326//326
f 327//327 326//326 328//328
f 329//329 328//328 332//332
f 333//333 332//332 334//334
f 330//330 334//334 335//335
f 330//330 335//335 336//336
f 337//337 338//338 335//335
f 339//339 340//340 337//337
f 272//272 323//323 339//339
f 3//3 341//341 12//12
f 3//3 13//13 341//341
f 6//6 14//14 13//13
f 1//1 12//12 22//22
f 12//12 341//341 342//342
f 341//341 343//343 342//342
f 341//341 13//13 343//343
f 342//342 343//343 344//344
f 13//13 345//345 343//343
f 343//343 345//345 344//344
f 12//12 342//342 346//346
f 342//342 344//344 346//346
f 344//344 347//347 348//348
f 13//13 14//14 345//345
f 344//344 345//345 347//347
f 15//15 22//22 23//23
f 19//19 23//23 24//24
f 21//21 24//24 307//307
f 12//12 346//346 22//22
f 344//344 348//348 346//346
f 22//22 346//346 23//23
f 23//23 346//346 349//349
f 23//23 349//349 24//24
f 346//346 348//348 349//349
f 24//24 349//349 307//307
f 348//348 350//350 349//349
f 348//348 347//347 350//350
f 349//349 351//351 307//307
f 349//349 350//350 351//351
f 121//121 139//139 352//352
f 138//138 141//141 139//139
f 140//140 143//143 141//141
f 118//118 36//36 121//121
f 142//142 145//145 143//143
f 144//144 353//353 145//145
f 144//144 146//146 353//353
f 353//353 354//354 355//355
f 355//355 354//354 356//356
f 356//356 357//357 358//358
f 137//137 156//156 146//146
f 155//155 158//158 156//156
f 157//157 160//160 158//158
f 159//159 359//359 160//160
f 159//159 360//360 359//359
f 353//353 146//146 354//354
f 356//356 354//354 361//361
f 356//356 361//361 357//357
f 359//359 360//360 362//362
f 362//362 363//363 364//364
f 364//364 363//363 365//365
f 352//352 366//366 367//367
f 366//366 368//368 369//369
f 368//368 370//370 369//369
f 26//26 371//371 14//14
f 26//26 118//118 371//371
f 118//118 121//121 352//352
f 352//352 367//367 372//372
f 366//366 369//369 367//367
f 370//370 373//373 369//369
f 358//358 374//374 370//370
f 358//358 357//357 374//374
f 370//370 374//374 373//373
f 374//374 375//375 376//376
f 376//376 377//377 378//378
f 357//357 379//379 375//375
f 374//374 357//357 375//375
f 379//379 380//380 375//375
f 365//365 381//381 379//379
f 365//365 382//382 381//381
f 379//379 381//381 380//380
f 381//381 382//382 383//383
f 376//376 375//375 384//384
f 376//376 384//384 377//377
f 383//383 382//382 385//385
f 159//159 184//184 360//360
f 183//183 186//186 184//184
f 185//185 189//189 186//186
f 188//188 386//386 189//189
f 188//188 387//387 386//386
f 362//362 360//360 388//388
f 362//362 388//388 363//363
f 365//365 363//363 382//382
f 386//386 387//387 389//389
f 390//390 391//391 389//389
f 390//390 392//392 391//391
f 188//188 196//196 387//387
f 195//195 198//198 196//196
f 197//197 199//199 198//198
f 199//199 291//291 393//393
f 291//291 394//394 393//393
f 389//389 387//387 390//390
f 395//395 396//396 397//397
f 398//398 396//396 399//399
f 385//385 382//382 400//400
f 385//385 400//400 392//392
f 390//390 401//401 402//402
f 390//390 403//403 392//392
f 390//390 402//402 404//404
f 385//385 392//392 403//403
f 390//390 404//404 403//403
f 403//403 404//404 405//405
f 406//406 402//402 397//397
f 406//406 397//397 407//407
f 407//407 408//408 409//409
f 402//402 401//401 410//410
f 410//410 411//411 397//397
f 412//412 397//397 411//411
f 402//402 410//410 397//397
f 412//412 395//395 397//397
f 397//397 396//396 398//398
f 398//398 399//399 413//413
f 407//407 397//397 408//408
f 409//409 408//408 414//414
f 413//413 415//415 416//416
f 416//416 417//417 418//418
f 118//118 352//352 372//372
f 372//372 419//419 420//420
f 378//378 377//377 421//421
f 421//421 422//422 423//423
f 419//419 424//424 425//425
f 424//424 426//426 427//427
f 372//372 420//420 428//428
f 419//419 425//425 420//420
f 424//424 427//427 425//425
f 429//429 423//423 426//426
f 421//421 423//423 429//429
f 426//426 423//423 427//427
f 422//422 430//430 423//423
f 421//421 377//377 422//422
f 403//403 405//405 431//431
f 432//432 405//405 433//433
f 422//422 434//434 430//430
f 430//430 434//434 435//435
f 436//436 430//430 435//435
f 436//436 437//437 430//430
f 436//436 431//431 438//438
f 403//403 431//431 436//436
f 432//432 431//431 405//405
f 432//432 433//433 439//439
f 14//14 371//371 345//345
f 345//345 440//440 347//347
f 118//118 372//372 428//428
f 118//118 428//428 441//441
f 118//118 441//441 442//442
f 345//345 371//371 440//440
f 371//371 118//118 440//440
f 118//118 442//442 443//443
f 443//443 444//444 445//445
f 438//438 445//445 444//444
f 118//118 443//443 446//446
f 436//436 438//438 437//437
f 438//438 431//431 447//447
f 438//438 447//447 448//448
f 438//438 448//448 449//449
f 439//439 450//450 451//451
f 451//451 452//452 453//453
f 453//453 454//454 455//455
f 438//438 449//449 445//445
f 443//443 445//445 446//446
f 118//118 446//446 456//456
f 455//455 454//454 457//457
f 446//446 457//457 458//458
f 439//439 433//433 459//459
f 409//409 414//414 460//460
f 460//460 461//461 462//462
f 439//439 459//459 463//463
f 463//463 464//464 465//465
f 439//439 463//463 450//450
f 463//463 465//465 450//450
f 462//462 466//466 464//464
f 464//464 466//466 465//465
f 462//462 467//467 466//466
f 460//460 414//414 461//461
f 462//462 461//461 468//468
f 418//418 469//469 470//470
f 470//470 469//469 471//471
f 462//462 468//468 467//467
f 468//468 472//472 473//473
f 468//468 473//473 467//467
f 471//471 474//474 472//472
f 472//472 474//474 473//473
f 471//471 475//475 474//474
f 347//347 440//440 350//350
f 451//451 450//450 452//452
f 453//453 452//452 476//476
f 453//453 476//476 454//454
f 466//466 467//467 477//477
f 477//477 478//478 479//479
f 479//479 480//480 481//481
f 457//457 454//454 458//458
f 446//446 458//458 456//456
f 118//118 456//456 482//482
f 481//481 483//483 484//484
f 484//484 485//485 456//456
f 118//118 482//482 486//486
f 440//440 118//118 324//324
f 477//477 467//467 478//478
f 479//479 478//478 480//480
f 481//481 480//480 483//483
f 474//474 475//475 487//487
f 487//487 488//488 489//489
f 489//489 490//490 491//491
f 484//484 483//483 485//485
f 456//456 485//485 482//482
f 118//118 486//486 492//492
f 491//491 490//490 493//493
f 493//493 494//494 482//482
f 291//291 495//495 394//394
f 495//495 293//293 395//395
f 495//495 395//395 394//394
f 293//293 496//496 395//395
f 293//293 497//497 496//496
f 293//293 303//303 497//497
f 497//497 303//303 498//498
f 498//498 499//499 500//500
f 395//395 496//496 396//396
f 500//500 501//501 502//502
f 502//502 503//503 504//504
f 504//504 505//505 506//506
f 498//498 303//303 499//499
f 500//500 499//499 501//501
f 302//302 331//331 303//303
f 303//303 331//331 507//507
f 507//507 508//508 509//509
f 502//502 501//501 503//503
f 504//504 503//503 505//505
f 506//506 505//505 510//510
f 509//509 511//511 512//512
f 512//512 513//513 514//514
f 514//514 515//515 516//516
f 413//413 399//399 517//517
f 413//413 517//517 518//518
f 518//518 519//519 415//415
f 413//413 518//518 415//415
f 519//519 520//520 415//415
f 506//506 521//521 519//519
f 506//506 510//510 521//521
f 519//519 521//521 520//520
f 416//416 415//415 417//417
f 418//418 417//417 522//522
f 521//521 523//523 524//524
f 524//524 525//525 526//526
f 510//510 527//527 523//523
f 521//521 510//510 523//523
f 527//527 528//528 523//523
f 516//516 529//529 527//527
f 516//516 530//530 529//529
f 527//527 529//529 528//528
f 524//524 523//523 525//525
f 526//526 525//525 531//531
f 529//529 532//532 533//533
f 533//533 534//534 535//535
f 507//507 331//331 508//508
f 509//509 508//508 511//511
f 330//330 336//336 331//331
f 331//331 336//336 536//536
f 536//536 537//537 538//538
f 512//512 511//511 513//513
f 514//514 513//513 515//515
f 516//516 515//515 530//530
f 538//538 539//539 540//540
f 540//540 541//541 542//542
f 542//542 543//543 544//544
f 536//536 336//336 537//537
f 538//538 537//537 539//539
f 335//335 338//338 336//336
f 337//337 340//340 338//338
f 339//339 323//323 340//340
f 73//73 324//324 323//323
f 540//540 539//539 541//541
f 542//542 541//541 543//543
f 544//544 543//543 545//545
f 530//530 546//546 532//532
f 529//529 530//530 532//532
f 546//546 547//547 532//532
f 544//544 548//548 546//546
f 544//544 545//545 548//548
f 546//546 548//548 547//547
f 533//533 532//532 534//534
f 535//535 534//534 549//549
f 548//548 550//550 551//551
f 551//551 552//552 553//553
f 545//545 554//554 550//550
f 548//548 545//545 550//550
f 554//554 555//555 550//550
f 556//556 557//557 554//554
f 558//558 557//557 556//556
f 323//323 559//559 558//558
f 241//241 307//307 560//560
f 241//241 560//560 324//324
f 554//554 557//557 555//555
f 558//558 559//559 557//557
f 323//323 561//561 559//559
f 551//551 550//550 552//552
f 553//553 552//552 562//562
f 418//418 522//522 469//469
f 471//471 469//469 563//563
f 526//526 531//531 564//564
f 564//564 565//565 566//566
f 471//471 563//563 475//475
f 563//563 567//567 568//568
f 563//563 568//568 475//475
f 566//566 569//569 567//567
f 567//567 569//569 568//568
f 566//566 570//570 569//569
f 564//564 531//531 565//565
f 566//566 565//565 571//571
f 535//535 549//549 572//572
f 572//572 573//573 574//574
f 566//566 571//571 570//570
f 571//571 575//575 576//576
f 571//571 576//576 570//570
f 574//574 577//577 575//575
f 575//575 577//577 576//576
f 574//574 578//578 577//577
f 487//487 475//475 488//488
f 489//489 488//488 579//579
f 489//489 579//579 490//490
f 569//569 570//570 580//580
f 580//580 581//581 582//582
f 582//582 583//583 584//584
f 493//493 490//490 494//494
f 482//482 494//494 486//486
f 584//584 585//585 586//586
f 486//486 586//586 587//587
f 118//118 492//492 324//324
f 580//580 570//570 581//581
f 582//582 581//581 583//583
f 584//584 583//583 585//585
f 577//577 578//578 588//588
f 588//588 589//589 590//590
f 590//590 591//591 592//592
f 586//586 585//585 587//587
f 486//486 587//587 492//492
f 440//440 593//593 350//350
f 440//440 324//324 593//593
f 592//592 594//594 595//595
f 492//492 595//595 596//596
f 572//572 549//549 573//573
f 574//574 573//573 597//597
f 553//553 562//562 598//598
f 598//598 599//599 600//600
f 574//574 597//597 578//578
f 597//597 601//601 602//602
f 597//597 602//602 578//578
f 600//600 603//603 601//601
f 601//601 603//603 602//602
f 600//600 604//604 603//603
f 598//598 562//562 599//599
f 600//600 599//599 605//605
f 324//324 561//561 323//323
f 600//600 605//605 604//604
f 605//605 606//606 607//607
f 605//605 607//607 604//604
f 608//608 609//609 606//606
f 610//610 611//611 608//608
f 561//561 612//612 610//610
f 606//606 609//609 607//607
f 608//608 611//611 609//609
f 610//610 612//612 611//611
f 307//307 351//351 560//560
f 350//350 593//593 351//351
f 588//588 578//578 589//589
f 590//590 589//589 591//591
f 592//592 591//591 594//594
f 603//603 604//604 613//613
f 613//613 614//614 615//615
f 615//615 616//616 617//617
f 595//595 594//594 596//596
f 492//492 596//596 618//618
f 617//617 619//619 620//620
f 618//618 620//620 621//621
f 324//324 492//492 618//618
f 613//613 604//604 614//614
f 615//615 614//614 616//616
f 617//617 616//616 619//619
f 324//324 612//612 561//561
f 620//620 619//619 621//621
f 618//618 621//621 622//622
f 324//324 618//618 622//622
f 324//324 623//623 612//612
f 324//324 624//624 623//623
f 351//351 593//593 560//560
f 560//560 593//593 324//324
f 324//324 622//622 624//624
f 625//625 626//626 627//627
f 628//628 629//629 626//626
f 630//630 627//627 631//631
f 632//632 631//631 633//633
f 634//634 635//635 629//629
f 636//636 637//637 635//635
f 638//638 639//639 637//637
f 640//640 633//633 641//641
f 642//642 641//641 643//643
f 644//644 643//643 645//645
f 625//625 628//628 626//626
f 625//625 627//627 630//630
f 630//630 631//631 632//632
f 632//632 633//633 640//640
f 646//646 647//647 648//648
f 646//646 648//648 649//649
f 649//649 648//648 650//650
f 628//628 634//634 629//629
f 634//634 636//636 635//635
f 636//636 638//638 637//637
f 640//640 641//641 642//642
f 651//651 644//644 645//645
f 642//642 643//643 644//644
f 649//649 650//650 652//652
f 652//652 653//653 654//654
f 654//654 655//655 656//656
f 652//652 650//650 653//653
f 653//653 655//655 654//654
f 656//656 655//655 657//657
f 658//658 659//659 639//639
f 651//651 645//645 659//659
f 638//638 658//658 639//639
f 658//658 651//651 659//659
f 656//656 657//657 660//660
f 661//661 662//662 663//663
f 664//664 665//665 662//662
f 666//666 663//663 667//667
f 668//668 667//667 669//669
f 670//670 671//671 665//665
f 672//672 673//673 671//671
f 674//674 675//675 673//673
f 676//676 669//669 677//677
f 678//678 677//677 679//679
f 680//680 679//679 681//681
f 661//661 664//664 662//662
f 661//661 663//663 666//666
f 666//666 667//667 668//668
f 668//668 669//669 676//676
f 682//682 683//683 684//684
f 682//682 684//684 685//685
f 685//685 684//684 686//686
f 664//664 670//670 665//665
f 670//670 672//672 671//671
f 672//672 674//674 673//673
f 676//676 677//677 678//678
f 680//680 681//681 687//687
f 678//678 679//679 680//680
f 685//685 686//686 688//688
f 688//688 689//689 690//690
f 690//690 691//691 692//692
f 688//688 686//686 689//689
f 689//689 691//691 690//690
f 692//692 691//691 693//693
f 694//694 695//695 675//675
f 687//687 681//681 695//695
f 674//674 694//694 675//675
f 694//694 687//687 695//695
f 692//692 693//693 696//696
f 697//697 698//698 699//699
f 700//700 701//701 698//698
f 702//702 699//699 703//703
f 704//704 703//703 705//705
f 706//706 707//707 701//701
f 708//708 709//709 707//707
f 710//710 711//711 709//709
f 712//712 705//705 713//713
f 714//714 713//713 715//715
f 716//716 715//715 717//717
f 700//700 698//698 697//697
f 697//697 699//699 702//702
f 702//702 703//703 704//704
f 704//704 705//705 712//712
f 718//718 719//719 720//720
f 721//721 718//718 720//720
f 721//721 720//720 722//722
f 700//700 706//706 701//701
f 706//706 708//708 707//707
f 708//708 710//710 709//709
f 712//712 713//713 714//714
f 716//716 717//717 723//723
f 714//714 715//715 716//716
f 721//721 722//722 724//724
f 724//724 725//725 726//726
f 726//726 727//727 728//728
f 724//724 722//722 725//725
f 725//725 727//727 726//726
f 728//728 727//727 729//729
f 730//730 731//731 711//711
f 723//723 717//717 731//731
f 710//710 730//730 711//711
f 730//730 723//723 731//731
f 728//728 729//729 732//732
f 733//733 734//734 735//735
f 736//736 737//737 734//734
f 738//738 735//735 739//739
f 740//740 739//739 741//741
f 742//742 743//743 737//737
f 744//744 745//745 743//743
f 746//746 747//747 745//745
f 748//748 741//741 749//749
f 750//750 749//749 751//751
f 752//752 751//751 753//753
f 736//736 734//734 733//733
f 733//733 735//735 738//738
f 738//738 739//739 740//740
f 740//740 741//741 748//748
f 754//754 755//755 756//756
f 757//757 754//754 756//756
f 757//757 756//756 758//758
f 736//736 742//742 737//737
f 742//742 744//744 743//743
f 744//744 746//746 745//745
f 748//748 749//749 750//750
f 752//752 753//753 759//759
f 750//750 751//751 752//752
f 757//757 758//758 760//760
f 760//760 761//761 762//762
f 762//762 763//763 764//764
f 760//760 758//758 761//761
f 761//761 763//763 762//762
f 764//764 763//763 765//765
f 766//766 767//767 747//747
f 759//759 753//753 767//767
f 746//746 766//766 747//747
f 766//766 759//759 767//767
f 764//764 765//765 768//768
f 769//769 770//770 771//771
f 772//772 773//773 770//770
f 774//774 771//771 775//775
f 776//776 775//775 777//777
f 778//778 779//779 773//773
f 780//780 781//781 779//779
f 782//782 783//783 781//781
f 784//784 777//777 785//785
f 786//786 785//785 787//787
f 788//788 787//787 789//789
f 769//769 772//772 770//770
f 769//769 771//771 774//774
f 774//774 775//775 776//776
f 776//776 777//777 784//784
f 790//790 791//791 792//792
f 790//790 793//793 791//791
f 792//792 791//791 794//794
f 772//772 778//778 773//773
f 778//778 780//780 779//779
f 780//780 782//782 781//781
f 784//784 785//785 786//786
f 788//788 789//789 795//795
f 786//786 787//787 788//788
f 792//792 794//794 796//796
f 796//796 797//797 798//798
f 798//798 799//799 800//800
f 796//796 794//794 797//797
f 797//797 799//799 798//798
f 800//800 799//799 801//801
f 802//802 803//803 783//783
f 795//795 789//789 803//803
f 782//782 802//802 783//783
f 802//802 795//795 803//803
f 800//800 801//801 804//804
f 805//805 806//806 807//807
f 808//808 809//809 806//806
f 810//810 807//807 811//811
f 812//812 811//811 813//813
f 814//814 815//815 809//809
f 816//816 817//817 815//815
f 818//818 819//819 817//817
f 820//820 813//813 821//821
f 822//822 821//821 823//823
f 824//824 823//823 825//825
f 805//805 808//808 806//806
f 805//805 807//807 810//810
f 810//810 811//811 812//812
f 812//812 813//813 820//820
f 826//826 827//827 828//828
f 826//826 829//829 827//827
f 828//828 827//827 830//830
f 808//808 814//814 809//809
f 814//814 816//816 815//815
f 816//816 818//818 817//817
f 820//820 821//821 822//822
f 824//824 825//825 831//831
f 822//822 823//823 824//824
f 828//828 830//830 832//832
f 832//832 833//833 834//834
f 834//834 835//835 836//836
f 832//832 830//830 833//833
f 833//833 835//835 834//834
f 836//836 835//835 837//837
f 838//838 839//839 819//819
f 831//831 825//825 839//839
f 818//818 838//838 819//819
f 838//838 831//831 839//839
f 836//836 837//837 840//840
f 841//841 842//842 843//843
f 844//844 845//845 842//842
f 846//846 843//843 847//847
f 848//848 847//847 849//849
f 850//850 851//851 845//845
f 852//852 853//853 851//851
f 854//854 855//855 853//853
f 856//856 849//849 857//857
f 858//858 857//857 859//859
f 860//860 859//859 861//861
f 841//841 844//844 842//842
f 841//841 843//843 846//846
f 846//846 847//847 848//848
f 848//848 849//849 856//856
f 862//862 863//863 864//864
f 862//862 865//865 863//863
f 864//864 863//863 866//866
f 844//844 850//850 845//845
f 850//850 852//852 851//851
f 852//852 854//854 853//853
f 856//856 857//857 858//858
f 860//860 861//861 867//867
f 858//858 859//859 860//860
f 864//864 866//866 868//868
f 868//868 869//869 870//870
f 870//870 871//871 872//872
f 868//868 866//866 869//869
f 869//869 871//871 870//870
f 872//872 871//871 873//873
f 874//874 875//875 855//855
f 867//867 861//861 875//875
f 854//854 874//874 855//855
f 874//874 867//867 875//875
f 872//872 873//873 876//876
f 877//877 878//878 879//879
f 880//880 881//881 878//878
f 882//882 879//879 883//883
f 884//884 883//883 885//885
f 886//886 887//887 881//881
f 888//888 889//889 887//887
f 890//890 891//891 889//889
f 892//892 885//885 893//893
f 894//894 893//893 895//895
f 896//896 895//895 897//897
f 880//880 878//878 877//877
f 877//877 879//879 882//882
f 882//882 883//883 884//884
f 884//884 885//885 892//892
f 898//898 899//899 900//900
f 899//899 901//901 900//900
f 898//898 900//900 902//902
f 880//880 886//886 881//881
f 886//886 888//888 887//887
f 888//888 890//890 889//889
f 892//892 893//893 894//894
f 896//896 897//897 903//903
f 894//894 895//895 896//896
f 898//898 902//902 904//904
f 904//904 905//905 906//906
f 906//906 907//907 908//908
f 904//904 902//902 905//905
f 905//905 907//907 906//906
f 907//907 909//909 908//908
f 910//910 911//911 891//891
f 903//903 897//897 911//911
f 890//890 910//910 891//891
f 910//910 903//903 911//911
f 908//908 909//909 912//912
f 913//913 914//914 915//915
f 916//916 915//915 917//917
f 918//918 919//919 914//914
f 920//920 917//917 921//921
f 922//922 921//921 923//923
f 924//924 923//923 925//925
f 916//916 917//917 920//920
f 916//916 913//913 915//915
f 913//913 918//918 914//914
f 920//920 921//921 922//922
f 922//922 923//923 924//924
f 924//924 925//925 926//926
f 927//927 928//928 929//929
f 927//927 929//929 930//930
f 930//930 931//931 932//932
f 929//929 931//931 930//930
f 932//932 931//931 933//933
f 934//934 935//935 919//919
f 936//936 937//937 935//935
f 938//938 939//939 937//937
f 940//940 941//941 942//942
f 926//926 925//925 941//941
f 943//943 942//942 939//939
f 918//918 934//934 919//919
f 934//934 936//936 935//935
f 936//936 938//938 937//937
f 926//926 941//941 940//940
f 943//943 940//940 942//942
f 943//943 939//939 938//938
f 932//932 933//933 944//944
f 944//944 945//945 946//946
f 946//946 947//947 948//948
f 933//933 945//945 944//944
f 946//946 945//945 947//947
f 949//949 950//950 951//951
f 952//952 951//951 953//953
f 954//954 955//955 950//950
f 956//956 953//953 957//957
f 958//958 957//957 959//959
f 960//960 959//959 961//961
f 952//952 953//953 956//956
f 952//952 949//949 951//951
f 949//949 954//954 950//950
f 956//956 957//957 958//958
f 958//958 959//959 960//960
f 960//960 961//961 962//962
f 963//963 964//964 965//965
f 963//963 965//965 966//966
f 966//966 967//967 968//968
f 965//965 967//967 966//966
f 968//968 967//967 969//969
f 970//970 971//971 955//955
f 972//972 973//973 971//971
f 974//974 975//975 973//973
f 976//976 977//977 978//978
f 962//962 961//961 977//977
f 979//979 978//978 975//975
f 954//954 970//970 955//955
f 970//970 972//972 971//971
f 972//972 974//974 973//973
f 962//962 977//977 976//976
f 976//976 978//978 979//979
f 974//974 979//979 975//975
f 968//968 969//969 980//980
f 980//980 981//981 982//982
f 982//982 983//983 984//984
f 969//969 981//981 980//980
f 982//982 981//981 983//983
f 985//985 986//986 987//987
f 988//988 987//987 989//989
f 990//990 991//991 986//986
f 992//992 989//989 993//993
f 994//994 993//993 995//995
f 996//996 995//995 997//997
f 988//988 989//989 992//992
f 988//988 985//985 987//987
f 985//985 990//990 986//986
f 992//992 993//993 994//994
f 994//994 995//995 996//996
f 996//996 997//997 998//998
f 999//999 1000//1000 1001//1001
f 999//999 1001//1001 1002//1002
f 1002//1002 1003//1003 1004//1004
f 1001//1001 1003//1003 1002//1002
f 1004//1004 1003//1003 1005//1005
f 1006//1006 1007//1007 991//991
f 1008//1008 1009//1009 1007//1007
f 1010//1010 1011//1011 1009//1009
f 1012//1012 1013//1013 1014//1014
f 998//998 997//997 1013//1013
f 1015//1015 1014//1014 1011//1011
f 990//990 1006//1006 991//991
f 1006//1006 1008//1008 1007//1007
f 1008//1008 1010//1010 1009//1009
f 998//998 1013//1013 1012//1012
f 1012//1012 1014//1014 1015//1015
f 1010//1010 1015//1015 1011//1011
f 1004//1004 1005//1005 1016//1016
f 1016//1016 1017//1017 1018//1018
f 1018//1018 1019//1019 1020//1020
f 1005//1005 1017//1017 1016//1016
f 1018//1018 1017//1017 1019//1019
f 1021//1021 1022//1022 1023//1023
f 1024//1024 1023//1023 1025//1025
f 1026//1026 1027//1027 1022//1022
f 1028//1028 1025//1025 1029//1029
f 1030//1030 1029//1029 1031//1031
f 1032//1032 1031//1031 1033//1033
f 1024//1024 1025//1025 1028//1028
f 1024//1024 1021//1021 1023//1023
f 1021//1021 1026//1026 1022//1022
f 1028//1028 1029//1029 1030//1030
f 1030//1030 1031//1031 1032//1032
f 1032//1032 1033//1033 1034//1034
f 1035//1035 1036//1036 1037//1037
f 1035//1035 1037//1037 1038//1038
f 1038//1038 1039//1039 1040//1040
f 1037//1037 1039//1039 1038//1038
f 1040//1040 1039//1039 1041//1041
f 1042//1042 1043//1043 1027//1027
f 1044//1044 1045//1045 1043//1043
f 1046//1046 1047//1047 1045//1045
f 1048//1048 1049//1049 1050//1050
f 1034//1034 1033//1033 1049//1049
f 1051//1051 1050//1050 1047//1047
f 1026//1026 1042//1042 1027//1027
f 1042//1042 1044//1044 1043//1043
f 1044//1044 1046//1046 1045//1045
f 1034//1034 1049//1049 1048//1048
f 1048//1048 1050//1050 1051//1051
f 1046//1046 1051//1051 1047//1047
f 1040//1040 1041//1041 1052//1052
f 1052//1052 1053//1053 1054//1054
f 1054//1054 1055//1055 1056//1056
f 1041//1041 1053//1053 1052//1052
f 1054//1054 1053//1053 1055//1055
f 1057//1057 1058//1058 1059//1059
f 1060//1060 1059//1059 1061//1061
f 1062//1062 1063//1063 1058//1058
f 1064//1064 1061//1061 1065//1065
f 1066//1066 1065//1065 1067//1067
f 1068//1068 1067//1067 1069//1069
f 1060//1060 1061//1061 1064//1064
f 1060//1060 1057//1057 1059//1059
f 1057//1057 1062//1062 1058//1058
f 1064//1064 1065//1065 1066//1066
f 1066//1066 1067//1067 1068//1068
f 1068//1068 1069//1069 1070//1070
f 1071//1071 1072//1072 1073//1073
f 1073//1073 1074//1074 1075//1075
f 1071//1071 1076//1076 1072//1072
f 1072//1072 1074//1074 1073//1073
f 1075//1075 1074//1074 1077//1077
f 1078//1078 1079//1079 1063//1063
f 1080//1080 1081//1081 1079//1079
f 1082//1082 1083//1083 1081//1081
f 1084//1084 1085//1085 1086//1086
f 1070//1070 1069//1069 1085//1085
f 1087//1087 1086//1086 1083//1083
f 1062//1062 1078//1078 1063//1063
f 1078//1078 1080//1080 1079//1079
f 1080//1080 1082//1082 1081//1081
f 1070//1070 1085//1085 1084//1084
f 1087//1087 1084//1084 1086//1086
f 1087//1087 1083//1083 1082//1082
f 1075//1075 1077//1077 1088//1088
f 1088//1088 1089//1089 1090//1090
f 1077//1077 1089//1089 1088//1088
f 1090//1090 1089//1089 1091//1091
f 1090//1090 1091//1091 1092//1092
f 1093//1093 1094//1094 1095//1095
f 1096//1096 1095//1095 1097//1097
f 1098//1098 1099//1099 1094//1094
f 1100//1100 1097//1097 1101//1101
f 1102//1102 1101//1101 1103//1103
f 1104//1104 1103//1103 1105//1105
f 1096//1096 1097//1097 1100//1100
f 1096//1096 1093//1093 1095//1095
f 1093//1093 1098//1098 1094//1094
f 1100//1100 1101//1101 1102//1102
f 1102//1102 1103//1103 1104//1104
f 1104//1104 1105//1105 1106//1106
f 1107//1107 1108//1108 1109//1109
f 1109//1109 1110//1110 1111//1111
f 1107//1107 1112//1112 1108//1108
f 1108//1108 1110//1110 1109//1109
f 1111//1111 1110//1110 1113//1113
f 1114//1114 1115//1115 1099//1099
f 1116//1116 1117//1117 1115//1115
f 1118//1118 1119//1119 1117//1117
f 1120//1120 1121//1121 1122//1122
f 1106//1106 1105//1105 1121//1121
f 1123//1123 1122//1122 1119//1119
f 1098//1098 1114//1114 1099//1099
f 1114//1114 1116//1116 1115//1115
f 1116//1116 1118//1118 1117//1117
f 1106//1106 1121//1121 1120//1120
f 1123//1123 1120//1120 1122//1122
f 1123//1123 1119//1119 1118//1118
f 1111//1111 1113//1113 1124//1124
f 1124//1124 1125//1125 1126//1126
f 1113//1113 1125//1125 1124//1124
f 1126//1126 1125//1125 1127//1127
f 1126//1126 1127//1127 1128//1128
f 1129//1129 1130//1130 1131//1131
f 1132//1132 1131//1131 1133//1133
f 1134//1134 1135//1135 1130//1130
f 1136//1136 1133//1133 1137//1137
f 1138//1138 1137//1137 1139//1139
f 1140//1140 1139//1139 1141//1141
f 1132//1132 1133//1133 1136//1136
f 1132//1132 1129//1129 1131//1131
f 1129//1129 1134//1134 1130//1130
f 1136//1136 1137//1137 1138//1138
f 1138//1138 1139//1139 1140//1140
f 1140//1140 1141//1141 1142//1142
f 1143//1143 1144//1144 1145//1145
f 1145//1145 1146//1146 1147//1147
f 1143//1143 1148//1148 1144//1144
f 1144//1144 1146//1146 1145//1145
f 1147//1147 1146//1146 1149//1149
f 1150//1150 1151//1151 1135//1135
f 1152//1152 1153//1153 1151//1151
f 1154//1154 1155//1155 1153//1153
f 1156//1156 1157//1157 1158//1158
f 1142//1142 1141//1141 1157//1157
f 1159//1159 1158//1158 1155//1155
f 1134//1134 1150//1150 1135//1135
f 1150//1150 1152//1152 1151//1151
f 1152//1152 1154//1154 1153//1153
f 1142//1142 1157//1157 1156//1156
f 1156//1156 1158//1158 1159//1159
f 1159//1159 1155//1155 1154//1154
f 1147//1147 1149//1149 1160//1160
f 1160//1160 1161//1161 1162//1162
f 1149//1149 1161//1161 1160//1160
f 1162//1162 1161//1161 1163//1163
f 1162//1162 1163//1163 1164//1164
f 1165//1165 1166//1166 1167//1167
f 1168//1168 1167//1167 1169//1169
f 1170//1170 1171//1171 1166//1166
f 1172//1172 1169//1169 1173//1173
f 1174//1174 1173//1173 1175//1175
f 1176//1176 1175//1175 1177//1177
f 1168//1168 1169//1169 1172//1172
f 1168//1168 1165//1165 1167//1167
f 1165//1165 1170//1170 1166//1166
f 1172//1172 1173//1173 1174//1174
f 1174//1174 1175//1175 1176//1176
f 1176//1176 1177//1177 1178//1178
f 1179//1179 1180//1180 1181//1181
f 1181//1181 1182//1182 1183//1183
f 1179//1179 1184//1184 1180//1180
f 1180//1180 1182//1182 1181//1181
f 1183//1183 1182//1182 1185//1185
f 1186//1186 1187//1187 1171//1171
f 1188//1188 1189//1189 1187//1187
f 1190//1190 1191//1191 1189//1189
f 1192//1192 1193//1193 1194//1194
f 1178//1178 1177//1177 1193//1193
f 1195//1195 1194//1194 1191//1191
f 1170//1170 1186//1186 1171//1171
f 1186//1186 1188//1188 1187//1187
f 1188//1188 1190//1190 1189//1189
f 1178//1178 1193//1193 1192//1192
f 1192//1192 1194//1194 1195//1195
f 1195//1195 1191//1191 1190//1190
f 1183//1183 1185//1185 1196//1196
f 1196//1196 1197//1197 1198//1198
f 1185//1185 1197//1197 1196//1196
f 1198//1198 1197//1197 1199//1199
f 1198//1198 1199//1199 1200//1200
f 1201//1201 1202//1202 1203//1203
f 1204//1204 1203//1203 1205//1205
f 1201//1201 1203//1203 1204//1204
f 1204//1204 1205//1205 1206//1206
f 1207//1207 1208//1208 1209//1209
f 1210//1210 1211//1211 1202//1202
f 1212//1212 1213//1213 1211//1211
f 1214//1214 1215//1215 1213//1213
f 1206//1206 1205//1205 1216//1216
f 1217//1217 1216//1216 1218//1218
f 1219//1219 1218//1218 1220//1220
f 1221//1221 1222//1222 1215//1215
f 1223//1223 1224//1224 1222//1222
f 1225//1225 1220//1220 1226//1226
f 1227//1227 1226//1226 1224//1224
f 1210//1210 1212//1212 1211//1211
f 1201//1201 1210//1210 1202//1202
f 1212//1212 1214//1214 1213//1213
f 1206//1206 1216//1216 1217//1217
f 1217//1217 1218//1218 1219//1219
f 1219//1219 1220//1220 1225//1225
f 1207//1207 1209//1209 1228//1228
f 1228//1228 1229//1229 1230//1230
f 1230//1230 1231//1231 1232//1232
f 1209//1209 1229//1229 1228//1228
f 1230//1230 1229//1229 1231//1231
f 1231//1231 1233//1233 1232//1232
f 1214//1214 1221//1221 1215//1215
f 1221//1221 1223//1223 1222//1222
f 1223//1223 1227//1227 1224//1224
f 1227//1227 1225//1225 1226//1226
f 1232//1232 1233//1233 1234//1234
f 1234//1234 1235//1235 1236//1236
f 1234//1234 1233//1233 1235//1235
f 1237//1237 1238//1238 1239//1239
f 1240//1240 1239//1239 1241//1241
f 1237//1237 1239//1239 1240//1240
f 1240//1240 1241//1241 1242//1242
f 1243//1243 1244//1244 1245//1245
f 1246//1246 1247//1247 1238//1238
f 1248//1248 1249//1249 1247//1247
f 1250//1250 1251//1251 1249//1249
f 1242//1242 1241//1241 1252//1252
f 1253//1253 1252//1252 1254//1254
f 1255//1255 1254//1254 1256//1256
f 1257//1257 1258//1258 1251//1251
f 1259//1259 1260//1260 1258//1258
f 1261//1261 1256//1256 1262//1262
f 1263//1263 1262//1262 1260//1260
f 1246//1246 1248//1248 1247//1247
f 1237//1237 1246//1246 1238//1238
f 1248//1248 1250//1250 1249//1249
f 1242//1242 1252//1252 1253//1253
f 1253//1253 1254//1254 1255//1255
f 1255//1255 1256//1256 1261//1261
f 1243//1243 1245//1245 1264//1264
f 1264//1264 1265//1265 1266//1266
f 1266//1266 1267//1267 1268//1268
f 1245//1245 1265//1265 1264//1264
f 1266//1266 1265//1265 1267//1267
f 1267//1267 1269//1269 1268//1268
f 1250//1250 1257//1257 1251//1251
f 1257//1257 1259//1259 1258//1258
f 1259//1259 1263//1263 1260//1260
f 1261//1261 1262//1262 1263//1263
f 1268//1268 1269//1269 1270//1270
f 1270//1270 1271//1271 1272//1272
f 1270//1270 1269//1269 1271//1271
f 1273//1273 1274//1274 1275//1275
f 1276//1276 1275//1275 1277//1277
f 1276//1276 1273//1273 1275//1275
f 1276//1276 1277//1277 1278//1278
f 1279//1279 1280//1280 1281//1281
f 1282//1282 1283//1283 1274//1274
f 1284//1284 1285//1285 1283//1283
f 1286//1286 1287//1287 1285//1285
f 1278//1278 1277//1277 1288//1288
f 1289//1289 1288//1288 1290//1290
f 1291//1291 1290//1290 1292//1292
f 1293//1293 1294//1294 1287//1287
f 1295//1295 1296//1296 1294//1294
f 1297//1297 1292//1292 1298//1298
f 1299//1299 1298//1298 1296//1296
f 1282//1282 1284//1284 1283//1283
f 1273//1273 1282//1282 1274//1274
f 1284//1284 1286//1286 1285//1285
f 1278//1278 1288//1288 1289//1289
f 1289//1289 1290//1290 1291//1291
f 1291//1291 1292//1292 1297//1297
f 1281//1281 1280//1280 1300//1300
f 1300//1300 1301//1301 1302//1302
f 1302//1302 1303//1303 1304//1304
f 1280//1280 1301//1301 1300//1300
f 1302//1302 1301//1301 1303//1303
f 1303//1303 1305//1305 1304//1304
f 1286//1286 1293//1293 1287//1287
f 1293//1293 1295//1295 1294//1294
f 1295//1295 1299//1299 1296//1296
f 1297//1297 1298//1298 1299//1299
f 1304//1304 1305//1305 1306//1306
f 1306//1306 1307//1307 1308//1308
f 1306//1306 1305//1305 1307//1307
f 1309//1309 1310//1310 1311//1311
f 1312//1312 1311//1311 1313//1313
f 1312//1312 1309//1309 1311//1311
f 1312//1312 1313//1313 1314//1314
f 1315//1315 1316//1316 1317//1317
f 1318//1318 1319//1319 1310//1310
f 1320//1320 1321//1321 1319//1319
f 1322//1322 1323//1323 1321//1321
f 1314//1314 1313//1313 1324//1324
f 1325//1325 1324//1324 1326//1326
f 1327//1327 1326//1326 1328//1328
f 1329//1329 1330//1330 1323//1323
f 1331//1331 1332//1332 1330//1330
f 1333//1333 1328//1328 1334//1334
f 1335//1335 1334//1334 1332//1332
f 1318//1318 1320//1320 1319//1319
f 1309//1309 1318//1318 1310//1310
f 1320//1320 1322//1322 1321//1321
f 1314//1314 1324//1324 1325//1325
f 1325//1325 1326//1326 1327//1327
f 1327//1327 1328//1328 1333//1333
f 1317//1317 1316//1316 1336//1336
f 1336//1336 1337//1337 1338//1338
f 1338//1338 1339//1339 1340//1340
f 1316//1316 1337//1337 1336//1336
f 1338//1338 1337//1337 1339//1339
f 1339//1339 1341//1341 1340//1340
f 1322//1322 1329//1329 1323//1323
f 1329//1329 1331//1331 1330//1330
f 1331//1331 1335//1335 1332//1332
f 1333//1333 1334//1334 1335//1335
f 1340//1340 1341//1341 1342//1342
f 1342//1342 1343//1343 1344//1344
f 1342//1342 1341//1341 1343//1343
f 1345//1345 1346//1346 1347//1347
f 1348//1348 1347//1347 1349//1349
f 1345//1345 1347//1347 1348//1348
f 1348//1348 1349//1349 1350//1350
f 1351//1351 1352//1352 1353//1353
f 1354//1354 1355//1355 1346//1346
f 1356//1356 1357//1357 1355//1355
f 1358//1358 1359//1359 1357//1357
f 1350//1350 1349//1349 1360//1360
f 1361//1361 1360//1360 1362//1362
f 1363//1363 1362//1362 1364//1364
f 1365//1365 1366//1366 1359//1359
f 1367//1367 1368//1368 1366//1366
f 1369//1369 1364//1364 1370//1370
f 1371//1371 1370//1370 1368//1368
f 1354//1354 1356//1356 1355//1355
f 1345//1345 1354//1354 1346//1346
f 1356//1356 1358//1358 1357//1357
f 1350//1350 1360//1360 1361//1361
f 1361//1361 1362//1362 1363//1363
f 1363//1363 1364//1364 1369//1369
f 1351//1351 1353//1353 1372//1372
f 1372//1372 1373//1373 1374//1374
f 1374//1374 1375//1375 1376//1376
f 1353//1353 1373//1373 1372//1372
f 1374//1374 1373//1373 1375//1375
f 1375//1375 1377//1377 1376//1376
f 1358//1358 1365//1365 1359//1359
f 1365//1365 1367//1367 1366//1366
f 1367//1367 1371//1371 1368//1368
f 1371//1371 1369//1369 1370//1370
f 1376//1376 1377//1377 1378//1378
f 1378//1378 1377//1377 1379//1379
f 1378//1378 1379//1379 1380//1380
f 1381//1381 1382//1382 1383//1383
f 1384//1384 1383//1383 1385//1385
f 1381//1381 1383//1383 1384//1384
f 1384//1384 1385//1385 1386//1386
f 1387//1387 1388//1388 1389//1389
f 1390//1390 1391//1391 1382//1382
f 1392//1392 1393//1393 1391//1391
f 1394//1394 1395//1395 1393//1393
f 1386//1386 1385//1385 1396//1396
f 1397//1397 1396//1396 1398//1398
f 1399//1399 1398//1398 1400//1400
f 1401//1401 1402//1402 1395//1395
f 1403//1403 1404//1404 1402//1402
f 1405//1405 1400//1400 1406//1406
f 1407//1407 1406//1406 1404//1404
f 1390//1390 1392//1392 1391//1391
f 1381//1381 1390//1390 1382//1382
f 1392//1392 1394//1394 1393//1393
f 1386//1386 1396//1396 1397//1397
f 1397//1397 1398//1398 1399//1399
f 1399//1399 1400//1400 1405//1405
f 1387//1387 1389//1389 1408//1408
f 1408//1408 1409//1409 1410//1410
f 1410//1410 1411//1411 1412//1412
f 1389//1389 1409//1409 1408//1408
f 1410//1410 1409//1409 1411//1411
f 1411//1411 1413//1413 1412//1412
f 1394//1394 1401//1401 1395//1395
f 1401//1401 1403//1403 1402//1402
f 1403//1403 1407//1407 1404//1404
f 1407//1407 1405//1405 1406//1406
f 1412//1412 1413//1413 1414//1414
f 1414//1414 1413//1413 1415//1415
f 1414//1414 1415//1415 1416//1416
f 1417//1417 1418//1418 1419//1419
f 1420//1420 1419//1419 1421//1421
f 1417//1417 1419//1419 1420//1420
f 1420//1420 1421//1421 1422//1422
f 1423//1423 1424//1424 1425//1425
f 1426//1426 1427//1427 1418//1418
f 1428//1428 1429//1429 1427//1427
f 1430//1430 1431//1431 1429//1429
f 1422//1422 1421//1421 1432//1432
f 1433//1433 1432//1432 1434//1434
f 1435//1435 1434//1434 1436//1436
f 1437//1437 1438//1438 1431//1431
f 1439//1439 1440//1440 1438//1438
f 1441//1441 1436//1436 1442//1442
f 1443//1443 1442//1442 1440//1440
f 1426//1426 1428//1428 1427//1427
f 1417//1417 1426//1426 1418//1418
f 1428//1428 1430//1430 1429//1429
f 1422//1422 1432//1432 1433//1433
f 1433//1433 1434//1434 1435//1435
f 1435//1435 1436//1436 1441//1441
f 1423//1423 1425//1425 1444//1444
f 1444//1444 1445//1445 1446//1446
f 1446//1446 1447//1447 1448//1448
f 1425//1425 1445//1445 1444//1444
f 1446//1446 1445//1445 1447//1447
f 1447//1447 1449//1449 1448//1448
f 1430//1430 1437//1437 1431//1431
f 1437//1437 1439//1439 1438//1438
f 1439//1439 1443//1443 1440//1440
f 1441//1441 1442//1442 1443//1443
f 1448//1448 1449//1449 1450//1450
f 1450//1450 1449//1449 1451//1451
f 1450//1450 1451//1451 1452//1452
f 1453//1453 1454//1454 1455//1455
f 1456//1456 1455//1455 1457//1457
f 1456//1456 1453//1453 1455//1455
f 1456//1456 1457//1457 1458//1458
f 1459//1459 1460//1460 1461//1461
f 1462//1462 1463//1463 1454//1454
f 1464//1464 1465//1465 1463//1463
f 1466//1466 1467//1467 1465//1465
f 1458//1458 1457//1457 1468//1468
f 1469//1469 1468//1468 1470//1470
f 1471//1471 1470//1470 1472//1472
f 1473//1473 1474//1474 1467//1467
f 1475//1475 1476//1476 1474//1474
f 1477//1477 1472//1472 1478//1478
f 1479//1479 1478//1478 1476//1476
f 1462//1462 1464//1464 1463//1463
f 1453//1453 1462//1462 1454//1454
f 1464//1464 1466//1466 1465//1465
f 1458//1458 1468//1468 1469//1469
f 1469//1469 1470//1470 1471//1471
f 1471//1471 1472//1472 1477//1477
f 1461//1461 1460//1460 1480//1480
f 1480//1480 1481//1481 1482//1482
f 1482//1482 1483//1483 1484//1484
f 1460//1460 1481//1481 1480//1480
f 1482//1482 1481//1481 1483//1483
f 1483//1483 1485//1485 1484//1484
f 1466//1466 1473//1473 1467//1467
f 1473//1473 1475//1475 1474//1474
f 1475//1475 1479//1479 1476//1476
f 1477//1477 1478//1478 1479//1479
f 1484//1484 1485//1485 1486//1486
f 1486//1486 1485//1485 1487//1487
f 1486//1486 1487//1487 1488//1488
f 1489//1489 1490//1490 1491//1491
f 1492//1492 1493//1493 1490//1490
f 1494//1494 1491//1491 1495//1495
f 1496//1496 1495//1495 1497//1497
f 1498//1498 1499//1499 1493//1493
f 1500//1500 1501//1501 1499//1499
f 1502//1502 1503//1503 1501//1501
f 1504//1504 1497//1497 1505//1505
f 1506//1506 1505//1505 1507//1507
f 1508//1508 1507//1507 1509//1509
f 1489//1489 1492//1492 1490//1490
f 1489//1489 1491//1491 1494//1494
f 1494//1494 1495//1495 1496//1496
f 1496//1496 1497//1497 1504//1504
f 1510//1510 1511//1511 1512//1512
f 1510//1510 1512//1512 1513//1513
f 1512//1512 1514//1514 1513//1513
f 1492//1492 1498//1498 1493//1493
f 1498//1498 1500//1500 1499//1499
f 1500//1500 1502//1502 1501//1501
f 1504//1504 1505//1505 1506//1506
f 1508//1508 1509//1509 1515//1515
f 1506//1506 1507//1507 1508//1508
f 1513//1513 1514//1514 1516//1516
f 1516//1516 1517//1517 1518//1518
f 1518//1518 1519//1519 1520//1520
f 1516//1516 1514//1514 1517//1517
f 1518//1518 1517//1517 1519//1519
f 1519//1519 1521//1521 1520//1520
f 1522//1522 1523//1523 1503//1503
f 1515//1515 1509//1509 1523//1523
f 1502//1502 1522//1522 1503//1503
f 1515//1515 1523//1523 1522//1522
f 1520//1520 1521//1521 1524//1524
f 1525//1525 1526//1526 1527//1527
f 1528//1528 1529//1529 1526//1526
f 1530//1530 1527//1527 1531//1531
f 1532//1532 1531//1531 1533//1533
f 1534//1534 1535//1535 1529//1529
f 1536//1536 1537//1537 1535//1535
f 1538//1538 1539//1539 1537//1537
f 1540//1540 1533//1533 1541//1541
f 1542//1542 1541//1541 1543//1543
f 1544//1544 1543//1543 1545//1545
f 1525//1525 1528//1528 1526//1526
f 1525//1525 1527//1527 1530//1530
f 1530//1530 1531//1531 1532//1532
f 1532//1532 1533//1533 1540//1540
f 1546//1546 1547//1547 1548//1548
f 1546//1546 1548//1548 1549//1549
f 1548//1548 1550//1550 1549//1549
f 1528//1528 1534//1534 1529//1529
f 1534//1534 1536//1536 1535//1535
f 1536//1536 1538//1538 1537//1537
f 1540//1540 1541//1541 1542//1542
f 1544//1544 1545//1545 1551//1551
f 1542//1542 1543//1543 1544//1544
f 1549//1549 1550//1550 1552//1552
f 1552//1552 1553//1553 1554//1554
f 1554//1554 1555//1555 1556//1556
f 1552//1552 1550//1550 1553//1553
f 1554//1554 1553//1553 1555//1555
f 1555//1555 1557//1557 1556//1556
f 1558//1558 1559//1559 1539//1539
f 1551//1551 1545//1545 1559//1559
f 1538//1538 1558//1558 1539//1539
f 1558//1558 1551//1551 1559//1559
f 1556//1556 1557//1557 1560//1560
f 1561//1561 1562//1562 1563//1563
f 1564//1564 1565//1565 1562//1562
f 1566//1566 1563//1563 1567//1567
f 1568//1568 1567//1567 1569//1569
f 1570//1570 1571//1571 1565//1565
f 1572//1572 1573//1573 1571//1571
f 1574//1574 1575//1575 1573//1573
f 1576//1576 1569//1569 1577//1577
f 1578//1578 1577//1577 1579//1579
f 1580//1580 1579//1579 1581//1581
f 1561//1561 1564//1564 1562//1562
f 1561//1561 1563//1563 1566//1566
f 1566//1566 1567//1567 1568//1568
f 1568//1568 1569//1569 1576//1576
f 1582//1582 1583//1583 1584//1584
f 1582//1582 1584//1584 1585//1585
f 1584//1584 1586//1586 1585//1585
f 1564//1564 1570//1570 1565//1565
f 1570//1570 1572//1572 1571//1571
f 1572//1572 1574//1574 1573//1573
f 1576//1576 1577//1577 1578//1578
f 1580//1580 1581//1581 1587//1587
f 1578//1578 1579//1579 1580//1580
f 1585//1585 1586//1586 1588//1588
f 1588//1588 1589//1589 1590//1590
f 1590//1590 1591//1591 1592//1592
f 1588//1588 1586//1586 1589//1589
f 1590//1590 1589//1589 1591//1591
f 1591//1591 1593//1593 1592//1592
f 1594//1594 1595//1595 1575//1575
f 1587//1587 1581//1581 1595//1595
f 1574//1574 1594//1594 1575//1575
f 1594//1594 1587//1587 1595//1595
f 1592//1592 1593//1593 1596//1596
f 1597//1597 1598//1598 1599//1599
f 1600//1600 1601//1601 1598//1598
f 1602//1602 1599//1599 1603//1603
f 1604//1604 1603//1603 1605//1605
f 1606//1606 1607//1607 1601//1601
f 1608//1608 1609//1609 1607//1607
f 1610//1610 1611//1611 1609//1609
f 1612//1612 1605//1605 1613//1613
f 1614//1614 1613//1613 1615//1615
f 1616//1616 1615//1615 1617//1617
f 1597//1597 1600//1600 1598//1598
f 1597//1597 1599//1599 1602//1602
f 1602//1602 1603//1603 1604//1604
f 1604//1604 1605//1605 1612//1612
f 1618//1618 1619//1619 1620//1620
f 1618//1618 1620//1620 1621//1621
f 1620//1620 1622//1622 1621//1621
f 1600//1600 1606//1606 1601//1601
f 1606//1606 1608//1608 1607//1607
f 1608//1608 1610//1610 1609//1609
f 1612//1612 1613//1613 1614//1614
f 1616//1616 1617//1617 1623//1623
f 1614//1614 1615//1615 1616//1616
f 1621//1621 1622//1622 1624//1624
f 1624//1624 1625//1625 1626//1626
f 1626//1626 1627//1627 1628//1628
f 1624//1624 1622//1622 1625//1625
f 1626//1626 1625//1625 1627//1627
f 1627//1627 1629//1629 1628//1628
f 1630//1630 1631//1631 1611//1611
f 1623//1623 1617//1617 1631//1631
f 1610//1610 1630//1630 1611//1611
f 1630//1630 1623//1623 1631//1631
f 1628//1628 1629//1629 1632//1632
f 1633//1633 1634//1634 1635//1635
f 1636//1636 1637//1637 1634//1634
f 1638//1638 1635//1635 1639//1639
f 1640//1640 1639//1639 1641//1641
f 1642//1642 1643//1643 1637//1637
f 1644//1644 1645//1645 1643//1643
f 1646//1646 1647//1647 1645//1645
f 1648//1648 1641//1641 1649//1649
f 1650//1650 1649//1649 1651//1651
f 1652//1652 1651//1651 1653//1653
f 1633//1633 1636//1636 1634//1634
f 1633//1633 1635//1635 1638//1638
f 1638//1638 1639//1639 1640//1640
f 1640//1640 1641//1641 1648//1648
f 1654//1654 1655//1655 1656//1656
f 1654//1654 1657//1657 1655//1655
f 1655//1655 1658//1658 1656//1656
f 1642//1642 1637//1637 1636//1636
f 1642//1642 1644//1644 1643//1643
f 1644//1644 1646//1646 1645//1645
f 1648//1648 1649//1649 1650//1650
f 1652//1652 1653//1653 1659//1659
f 1650//1650 1651//1651 1652//1652
f 1660//1660 1656//1656 1658//1658
f 1660//1660 1661//1661 1662//1662
f 1662//1662 1663//1663 1664//1664
f 1660//1660 1658//1658 1661//1661
f 1662//1662 1661//1661 1663//1663
f 1663//1663 1665//1665 1664//1664
f 1666//1666 1667//1667 1647//1647
f 1659//1659 1653//1653 1667//1667
f 1646//1646 1666//1666 1647//1647
f 1659//1659 1667//1667 1666//1666
f 1664//1664 1665//1665 1668//1668
f 1669//1669 1670//1670 1671//1671
f 1672//1672 1673//1673 1670//1670
f 1674//1674 1671//1671 1675//1675
f 1676//1676 1675//1675 1677//1677
f 1678//1678 1679//1679 1673//1673
f 1680//1680 1681//1681 1679//1679
f 1682//1682 1683//1683 1681//1681
f 1684//1684 1677//1677 1685//1685
f 1686//1686 1685//1685 1687//1687
f 1688//1688 1687//1687 1689//1689
f 1669//1669 1672//1672 1670//1670
f 1669//1669 1671//1671 1674//1674
f 1674//1674 1675//1675 1676//1676
f 1676//1676 1677//1677 1684//1684
f 1690//1690 1691//1691 1692//1692
f 1690//1690 1693//1693 1691//1691
f 1691//1691 1694//1694 1692//1692
f 1672//1672 1678//1678 1673//1673
f 1678//1678 1680//1680 1679//1679
f 1680//1680 1682//1682 1681//1681
f 1684//1684 1685//1685 1686//1686
f 1688//1688 1689//1689 1695//1695
f 1686//1686 1687//1687 1688//1688
f 1692//1692 1694//1694 1696//1696
f 1696//1696 1697//1697 1698//1698
f 1698//1698 1699//1699 1700//1700
f 1696//1696 1694//1694 1697//1697
f 1698//1698 1697//1697 1699//1699
f 1699//1699 1701//1701 1700//1700
f 1702//1702 1703//1703 1683//1683
f 1695//1695 1689//1689 1703//1703
f 1682//1682 1702//1702 1683//1683
f 1695//1695 1703//1703 1702//1702
f 1700//1700 1701//1701 1704//1704
f 1705//1705 1706//1706 1707//1707
f 1708//1708 1709//1709 1706//1706
f 1710//1710 1707//1707 1711//1711
f 1712//1712 1711//1711 1713//1713
f 1714//1714 1715//1715 1709//1709
f 1716//1716 1717//1717 1715//1715
f 1718//1718 1719//1719 1717//1717
f 1720//1720 1713//1713 1721//1721
f 1722//1722 1721//1721 1723//1723
f 1724//1724 1723//1723 1725//1725
f 1705//1705 1708//1708 1706//1706
f 1705//1705 1707//1707 1710//1710
f 1710//1710 1711//1711 1712//1712
f 1712//1712 1713//1713 1720//1720
f 1726//1726 1727//1727 1728//1728
f 1726//1726 1729//1729 1727//1727
f 1727//1727 1730//1730 1728//1728
f 1708//1708 1714//1714 1709//1709
f 1714//1714 1716//1716 1715//1715
f 1716//1716 1718//1718 1717//1717
f 1720//1720 1721//1721 1722//1722
f 1724//1724 1725//1725 1731//1731
f 1722//1722 1723//1723 1724//1724
f 1728//1728 1730//1730 1732//1732
f 1732//1732 1733//1733 1734//1734
f 1734//1734 1735//1735 1736//1736
f 1732//1732 1730//1730 1733//1733
f 1734//1734 1733//1733 1735//1735
f 1735//1735 1737//1737 1736//1736
f 1738//1738 1739//1739 1719//1719
f 1731//1731 1725//1725 1739//1739
f 1718//1718 1738//1738 1719//1719
f 1738//1738 1731//1731 1739//1739
f 1736//1736 1737//1737 1740//1740
f 1741//1741 1742//1742 1743//1743
f 1744//1744 1745//1745 1742//1742
f 1746//1746 1743//1743 1747//1747
f 1748//1748 1747//1747 1749//1749
f 1750//1750 1751//1751 1745//1745
f 1752//1752 1753//1753 1751//1751
f 1754//1754 1755//1755 1753//1753
f 1756//1756 1749//1749 1757//1757
f 1758//1758 1757//1757 1759//1759
f 1760//1760 1759//1759 1761//1761
f 1741//1741 1744//1744 1742//1742
f 1741//1741 1743//1743 1746//1746
f 1746//1746 1747//1747 1748//1748
f 1748//1748 1749//1749 1756//1756
f 1762//1762 1763//1763 1764//1764
f 1762//1762 1765//1765 1763//1763
f 1763//1763 1766//1766 1764//1764
f 1744//1744 1750//1750 1745//1745
f 1750//1750 1752//1752 1751//1751
f 1752//1752 1754//1754 1753//1753
f 1756//1756 1757//1757 1758//1758
f 1760//1760 1761//1761 1767//1767
f 1758//1758 1759//1759 1760//1760
f 1764//1764 1766//1766 1768//1768
f 1768//1768 1769//1769 1770//1770
f 1770//1770 1771//1771 1772//1772
f 1768//1768 1766//1766 1769//1769
f 1770//1770 1769//1769 1771//1771
f 1771//1771 1773//1773 1772//1772
f 1774//1774 1775//1775 1755//1755
f 1767//1767 1761//1761 1775//1775
f 1754//1754 1774//1774 1755//1755
f 1774//1774 1767//1767 1775//1775
f 1772//1772 1773//1773 1776//1776
f 1777//1777 1778//1778 1779//1779
f 1780//1780 1781//1781 1782//1782
f 1783//1783 1782//1782 1778//1778
f 1784//1784 1779//1779 1785//1785
f 1786//1786 1785//1785 1787//1787
f 1788//1788 1787//1787 1789//1789
f 1784//1784 1777//1777 1779//1779
f 1777//1777 1783//1783 1778//1778
f 1783//1783 1780//1780 1782//1782
f 1784//1784 1785//1785 1786//1786
f 1786//1786 1787//1787 1788//1788
f 1788//1788 1789//1789 1790//1790
f 1791//1791 1792//1792 1793//1793
f 1793//1793 1792//1792 1794//1794
f 1794//1794 1795//1795 1796//1796
f 1794//1794 1792//1792 1795//1795
f 1795//1795 1797//1797 1796//1796
f 1798//1798 1799//1799 1781//1781
f 1800//1800 1801//1801 1799//1799
f 1802//1802 1803//1803 1801//1801
f 1790//1790 1789//1789 1804//1804
f 1805//1805 1806//1806 1803//1803
f 1807//1807 1804//1804 1806//1806
f 1780//1780 1798//1798 1781//1781
f 1798//1798 1800//1800 1799//1799
f 1800//1800 1802//1802 1801//1801
f 1790//1790 1804//1804 1807//1807
f 1807//1807 1806//1806 1805//1805
f 1802//1802 1805//1805 1803//1803
f 1796//1796 1797//1797 1808//1808
f 1808//1808 1809//1809 1810//1810
f 1810//1810 1811//1811 1812//1812
f 1808//1808 1797//1797 1809//1809
f 1809//1809 1811//1811 1810//1810
f 1813//1813 1814//1814 1815//1815
f 1816//1816 1817//1817 1818//1818
f 1819//1819 1818//1818 1814//1814
f 1820//1820 1815//1815 1821//1821
f 1822//1822 1821//1821 1823//1823
f 1824//1824 1823//1823 1825//1825
f 1820//1820 1813//1813 1815//1815
f 1813//1813 1819//1819 1814//1814
f 1819//1819 1816//1816 1818//1818
f 1820//1820 1821//1821 1822//1822
f 1822//1822 1823//1823 1824//1824
f 1824//1824 1825//1825 1826//1826
f 1827//1827 1828//1828 1829//1829
f 1829//1829 1828//1828 1830//1830
f 1830//1830 1831//1831 1832//1832
f 1830//1830 1828//1828 1831//1831
f 1831//1831 1833//1833 1832//1832
f 1834//1834 1835//1835 1817//1817
f 1836//1836 1837//1837 1835//1835
f 1838//1838 1839//1839 1837//1837
f 1826//1826 1825//1825 1840//1840
f 1841//1841 1842//1842 1839//1839
f 1843//1843 1840//1840 1842//1842
f 1816//1816 1834//1834 1817//1817
f 1834//1834 1836//1836 1835//1835
f 1836//1836 1838//1838 1837//1837
f 1826//1826 1840//1840 1843//1843
f 1843//1843 1842//1842 1841//1841
f 1838//1838 1841//1841 1839//1839
f 1832//1832 1833//1833 1844//1844
f 1844//1844 1845//1845 1846//1846
f 1846//1846 1847//1847 1848//1848
f 1844//1844 1833//1833 1845//1845
f 1845//1845 1847//1847 1846//1846
f 1849//1849 1850//1850 1851//1851
f 1852//1852 1853//1853 1854//1854
f 1855//1855 1854//1854 1850//1850
f 1856//1856 1851//1851 1857//1857
f 1858//1858 1857//1857 1859//1859
f 1860//1860 1859//1859 1861//1861
f 1856//1856 1849//1849 1851//1851
f 1855//1855 1850//1850 1849//1849
f 1855//1855 1852//1852 1854//1854
f 1856//1856 1857//1857 1858//1858
f 1858//1858 1859//1859 1860//1860
f 1860//1860 1861//1861 1862//1862
f 1863//1863 1864//1864 1865//1865
f 1866//1866 1865//1865 1864//1864
f 1866//1866 1867//1867 1868//1868
f 1866//1866 1864//1864 1867//1867
f 1867//1867 1869//1869 1868//1868
f 1870//1870 1871//1871 1853//1853
f 1872//1872 1873//1873 1871//1871
f 1874//1874 1875//1875 1873//1873
f 1862//1862 1861//1861 1876//1876
f 1877//1877 1878//1878 1875//1875
f 1879//1879 1876//1876 1878//1878
f 1852//1852 1870//1870 1853//1853
f 1870//1870 1872//1872 1871//1871
f 1872//1872 1874//1874 1873//1873
f 1862//1862 1876//1876 1879//1879
f 1879//1879 1878//1878 1877//1877
f 1874//1874 1877//1877 1875//1875
f 1868//1868 1869//1869 1880//1880
f 1880//1880 1881//1881 1882//1882
f 1882//1882 1883//1883 1884//1884
f 1880//1880 1869//1869 1881//1881
f 1881//1881 1883//1883 1882//1882
f 1885//1885 1886//1886 1887//1887
f 1888//1888 1889//1889 1890//1890
f 1891//1891 1890//1890 1886//1886
f 1892//1892 1887//1887 1893//1893
f 1894//1894 1893//1893 1895//1895
f 1896//1896 1895//1895 1897//1897
f 1892//1892 1885//1885 1887//1887
f 1891//1891 1886//1886 1885//1885
f 1891//1891 1888//1888 1890//1890
f 1892//1892 1893//1893 1894//1894
f 1894//1894 1895//1895 1896//1896
f 1896//1896 1897//1897 1898//1898
f 1899//1899 1900//1900 1901//1901
f 1902//1902 1901//1901 1900//1900
f 1902//1902 1903//1903 1904//1904
f 1902//1902 1900//1900 1903//1903
f 1903//1903 1905//1905 1904//1904
f 1906//1906 1907//1907 1889//1889
f 1908//1908 1909//1909 1907//1907
f 1910//1910 1911//1911 1909//1909
f 1898//1898 1897//1897 1912//1912
f 1913//1913 1914//1914 1911//1911
f 1915//1915 1912//1912 1914//1914
f 1888//1888 1906//1906 1889//1889
f 1906//1906 1908//1908 1907//1907
f 1908//1908 1910//1910 1909//1909
f 1898//1898 1912//1912 1915//1915
f 1915//1915 1914//1914 1913//1913
f 1910//1910 1913//1913 1911//1911
f 1904//1904 1905//1905 1916//1916
f 1916//1916 1917//1917 1918//1918
f 1918//1918 1919//1919 1920//1920
f 1916//1916 1905//1905 1917//1917
f 1917//1917 1919//1919 1918//1918
f 1921//1921 1922//1922 1923//1923
f 1924//1924 1925//1925 1926//1926
f 1927//1927 1926//1926 1922//1922
f 1928//1928 1923//1923 1929//1929
f 1930//1930 1929//1929 1931//1931
f 1932//1932 1931//1931 1933//1933
f 1921//1921 1923//1923 1928//1928
f 1921//1921 1927//1927 1922//1922
f 1927//1927 1924//1924 1926//1926
f 1928//1928 1929//1929 1930//1930
f 1930//1930 1931//1931 1932//1932
f 1932//1932 1933//1933 1934//1934
f 1935//1935 1936//1936 1937//1937
f 1937//1937 1938//1938 1939//1939
f 1935//1935 1940//1940 1936//1936
f 1937//1937 1936//1936 1938//1938
f 1938//1938 1941//1941 1939//1939
f 1942//1942 1943//1943 1925//1925
f 1944//1944 1945//1945 1943//1943
f 1946//1946 1947//1947 1945//1945
f 1934//1934 1933//1933 1948//1948
f 1949//1949 1950//1950 1947//1947
f 1951//1951 1948//1948 1950//1950
f 1924//1924 1942//1942 1925//1925
f 1942//1942 1944//1944 1943//1943
f 1944//1944 1946//1946 1945//1945
f 1934//1934 1948//1948 1951//1951
f 1951//1951 1950//1950 1949//1949
f 1946//1946 1949//1949 1947//1947
f 1939//1939 1941//1941 1952//1952
f 1952//1952 1953//1953 1954//1954
f 1952//1952 1941//1941 1953//1953
f 1953//1953 1955//1955 1954//1954
f 1954//1954 1955//1955 1956//1956
f 1957//1957 1958//1958 1959//1959
f 1960//1960 1961//1961 1962//1962
f 1963//1963 1962//1962 1958//1958
f 1964//1964 1959//1959 1965//1965
f 1966//1966 1965//1965 1967//1967
f 1968//1968 1967//1967 1969//1969
f 1957//1957 1959//1959 1964//1964
f 1957//1957 1963//1963 1958//1958
f 1963//1963 1960//1960 1962//1962
f 1964//1964 1965//1965 1966//1966
f 1966//1966 1967//1967 1968//1968
f 1968//1968 1969//1969 1970//1970
f 1971//1971 1972//1972 1973//1973
f 1973//1973 1974//1974 1975//1975
f 1971//1971 1976//1976 1972//1972
f 1973//1973 1972//1972 1974//1974
f 1974//1974 1977//1977 1975//1975
f 1978//1978 1979//1979 1961//1961
f 1980//1980 1981//1981 1979//1979
f 1982//1982 1983//1983 1981//1981
f 1970//1970 1969//1969 1984//1984
f 1985//1985 1986//1986 1983//1983
f 1987//1987 1984//1984 1986//1986
f 1960//1960 1978//1978 1961//1961
f 1978//1978 1980//1980 1979//1979
f 1980//1980 1982//1982 1981//1981
f 1970//1970 1984//1984 1987//1987
f 1987//1987 1986//1986 1985//1985
f 1982//1982 1985//1985 1983//1983
f 1975//1975 1977//1977 1988//1988
f 1988//1988 1989//1989 1990//1990
f 1988//1988 1977//1977 1989//1989
f 1989//1989 1991//1991 1990//1990
f 1990//1990 1991//1991 1992//1992
f 1993//1993 1994//1994 1995//1995
f 1996//1996 1997//1997 1998//1998
f 1999//1999 1998//1998 1994//1994
f 2000//2000 1995//1995 2001//2001
f 2002//2002 2001//2001 2003//2003
f 2004//2004 2003//2003 2005//2005
f 1993//1993 1995//1995 2000//2000
f 1993//1993 1999//1999 1994//1994
f 1999//1999 1996//1996 1998//1998
f 2000//2000 2001//2001 2002//2002
f 2002//2002 2003//2003 2004//2004
f 2004//2004 2005//2005 2006//2006
f 2007//2007 2008//2008 2009//2009
f 2009//2009 2010//2010 2011//2011
f 2007//2007 2012//2012 2008//2008
f 2009//2009 2008//2008 2010//2010
f 2010//2010 2013//2013 2011//2011
f 2014//2014 2015//2015 1997//1997
f 2016//2016 2017//2017 2015//2015
f 2018//2018 2019//2019 2017//2017
f 2006//2006 2005//2005 2020//2020
f 2021//2021 2022//2022 2019//2019
f 2023//2023 2020//2020 2022//2022
f 1996//1996 2014//2014 1997//1997
f 2014//2014 2016//2016 2015//2015
f 2016//2016 2018//2018 2017//2017
f 2006//2006 2020//2020 2023//2023
f 2023//2023 2022//2022 2021//2021
f 2018//2018 2021//2021 2019//2019
f 2011//2011 2013//2013 2024//2024
f 2024//2024 2025//2025 2026//2026
f 2024//2024 2013//2013 2025//2025
f 2025//2025 2027//2027 2026//2026
f 2026//2026 2027//2027 2028//2028
f 2029//2029 2030//2030 2031//2031
f 2032//2032 2033//2033 2034//2034
f 2035//2035 2034//2034 2030//2030
f 2036//2036 2031//2031 2037//2037
f 2038//2038 2037//2037 2039//2039
f 2040//2040 2039//2039 2041//2041
f 2036//2036 2029//2029 2031//2031
f 2035//2035 2030//2030 2029//2029
f 2035//2035 2032//2032 2034//2034
f 2036//2036 2037//2037 2038//2038
f 2038//2038 2039//2039 2040//2040
f 2040//2040 2041//2041 2042//2042
f 2043//2043 2044//2044 2045//2045
f 2043//2043 2046//2046 2047//2047
f 2048//2048 2045//2045 2044//2044
f 2043//2043 2045//2045 2046//2046
f 2046//2046 2049//2049 2047//2047
f 2050//2050 2051//2051 2033//2033
f 2052//2052 2053//2053 2051//2051
f 2054//2054 2055//2055 2053//2053
f 2042//2042 2041//2041 2056//2056
f 2057//2057 2058//2058 2055//2055
f 2059//2059 2056//2056 2058//2058
f 2032//2032 2050//2050 2033//2033
f 2050//2050 2052//2052 2051//2051
f 2052//2052 2054//2054 2053//2053
f 2042//2042 2056//2056 2059//2059
f 2059//2059 2058//2058 2057//2057
f 2054//2054 2057//2057 2055//2055
f 2047//2047 2049//2049 2060//2060
f 2060//2060 2061//2061 2062//2062
f 2060//2060 2049//2049 2061//2061
f 2061//2061 2063//2063 2062//2062
f 2062//2062 2063//2063 2064//2064
f 2065//2065 2066//2066 2067//2067
f 2068//2068 2067//2067 2069//2069
f 2065//2065 2067//2067 2068//2068
f 2068//2068 2069//2069 2070//2070
f 2071//2071 2072//2072 2073//2073
f 2074//2074 2075//2075 2066//2066
f 2076//2076 2077//2077 2075//2075
f 2078//2078 2079//2079 2077//2077
f 2070//2070 2069//2069 2080//2080
f 2081//2081 2080//2080 2082//2082
f 2083//2083 2082//2082 2084//2084
f 2085//2085 2086//2086 2079//2079
f 2087//2087 2088//2088 2086//2086
f 2089//2089 2084//2084 2090//2090
f 2091//2091 2090//2090 2088//2088
f 2074//2074 2076//2076 2075//2075
f 2065//2065 2074//2074 2066//2066
f 2076//2076 2078//2078 2077//2077
f 2070//2070 2080//2080 2081//2081
f 2081//2081 2082//2082 2083//2083
f 2083//2083 2084//2084 2089//2089
f 2071//2071 2073//2073 2092//2092
f 2092//2092 2093//2093 2094//2094
f 2094//2094 2095//2095 2096//2096
f 2073//2073 2093//2093 2092//2092
f 2093//2093 2095//2095 2094//2094
f 2096//2096 2095//2095 2097//2097
f 2078//2078 2085//2085 2079//2079
f 2085//2085 2087//2087 2086//2086
f 2087//2087 2091//2091 2088//2088
f 2091//2091 2089//2089 2090//2090
f 2096//2096 2097//2097 2098//2098
f 2098//2098 2099//2099 2100//2100
f 2098//2098 2097//2097 2099//2099
f 2101//2101 2102//2102 2103//2103
f 2104//2104 2103//2103 2105//2105
f 2101//2101 2103//2103 2104//2104
f 2104//2104 2105//2105 2106//2106
f 2107//2107 2108//2108 2109//2109
f 2110//2110 2111//2111 2102//2102
f 2112//2112 2113//2113 2111//2111
f 2114//2114 2115//2115 2113//2113
f 2106//2106 2105//2105 2116//2116
f 2117//2117 2116//2116 2118//2118
f 2119//2119 2118//2118 2120//2120
f 2121//2121 2122//2122 2115//2115
f 2123//2123 2124//2124 2122//2122
f 2125//2125 2120//2120 2126//2126
f 2127//2127 2126//2126 2124//2124
f 2110//2110 2112//2112 2111//2111
f 2101//2101 2110//2110 2102//2102
f 2112//2112 2114//2114 2113//2113
f 2106//2106 2116//2116 2117//2117
f 2117//2117 2118//2118 2119//2119
f 2119//2119 2120//2120 2125//2125
f 2107//2107 2109//2109 2128//2128
f 2128//2128 2129//2129 2130//2130
f 2130//2130 2131//2131 2132//2132
f 2128//2128 2109//2109 2129//2129
f 2129//2129 2131//2131 2130//2130
f 2132//2132 2131//2131 2133//2133
f 2114//2114 2121//2121 2115//2115
f 2121//2121 2123//2123 2122//2122
f 2123//2123 2127//2127 2124//2124
f 2125//2125 2126//2126 2127//2127
f 2132//2132 2133//2133 2134//2134
f 2134//2134 2135//2135 2136//2136
f 2134//2134 2133//2133 2135//2135
f 2137//2137 2138//2138 2139//2139
f 2140//2140 2139//2139 2141//2141
f 2137//2137 2139//2139 2140//2140
f 2140//2140 2141//2141 2142//2142
f 2143//2143 2144//2144 2145//2145
f 2146//2146 2147//2147 2138//2138
f 2148//2148 2149//2149 2147//2147
f 2150//2150 2151//2151 2149//2149
f 2142//2142 2141//2141 2152//2152
f 2153//2153 2152//2152 2154//2154
f 2155//2155 2154//2154 2156//2156
f 2157//2157 2158//2158 2151//2151
f 2159//2159 2160//2160 2158//2158
f 2161//2161 2156//2156 2162//2162
f 2163//2163 2162//2162 2160//2160
f 2146//2146 2148//2148 2147//2147
f 2137//2137 2146//2146 2138//2138
f 2148//2148 2150//2150 2149//2149
f 2142//2142 2152//2152 2153//2153
f 2153//2153 2154//2154 2155//2155
f 2155//2155 2156//2156 2161//2161
f 2143//2143 2145//2145 2164//2164
f 2164//2164 2165//2165 2166//2166
f 2166//2166 2167//2167 2168//2168
f 2164//2164 2145//2145 2165//2165
f 2165//2165 2167//2167 2166//2166
f 2168//2168 2167//2167 2169//2169
f 2150//2150 2157//2157 2151//2151
f 2157//2157 2159//2159 2158//2158
f 2159//2159 2163//2163 2160//2160
f 2161//2161 2162//2162 2163//2163
f 2168//2168 2169//2169 2170//2170
f 2170//2170 2171//2171 2172//2172
f 2170//2170 2169//2169 2171//2171
f 2173//2173 2174//2174 2175//2175
f 2176//2176 2175//2175 2177//2177
f 2173//2173 2175//2175 2176//2176
f 2176//2176 2177//2177 2178//2178
f 2179//2179 2180//2180 2181//2181
f 2182//2182 2183//2183 2174//2174
f 2184//2184 2185//2185 2183//2183
f 2186//2186 2187//2187 2185//2185
f 2178//2178 2177//2177 2188//2188
f 2189//2189 2188//2188 2190//2190
f 2191//2191 2190//2190 2192//2192
f 2193//2193 2194//2194 2187//2187
f 2195//2195 2196//2196 2194//2194
f 2197//2197 2192//2192 2198//2198
f 2199//2199 2198//2198 2196//2196
f 2182//2182 2184//2184 2183//2183
f 2173//2173 2182//2182 2174//2174
f 2184//2184 2186//2186 2185//2185
f 2178//2178 2188//2188 2189//2189
f 2189//2189 2190//2190 2191//2191
f 2191//2191 2192//2192 2197//2197
f 2179//2179 2181//2181 2200//2200
f 2200//2200 2201//2201 2202//2202
f 2202//2202 2203//2203 2204//2204
f 2200//2200 2181//2181 2201//2201
f 2201//2201 2203//2203 2202//2202
f 2204//2204 2203//2203 2205//2205
f 2186//2186 2193//2193 2187//2187
f 2193//2193 2195//2195 2194//2194
f 2195//2195 2199//2199 2196//2196
f 2197//2197 2198//2198 2199//2199
f 2204//2204 2205//2205 2206//2206
f 2206//2206 2207//2207 2208//2208
f 2206//2206 2205//2205 2207//2207
f 2209//2209 2210//2210 2211//2211
f 2212//2212 2211//2211 2213//2213
f 2209//2209 2211//2211 2212//2212
f 2212//2212 2213//2213 2214//2214
f 2215//2215 2216//2216 2217//2217
f 2218//2218 2219//2219 2210//2210
f 2220//2220 2221//2221 2219//2219
f 2222//2222 2223//2223 2221//2221
f 2214//2214 2213//2213 2224//2224
f 2225//2225 2224//2224 2226//2226
f 2227//2227 2226//2226 2228//2228
f 2229//2229 2230//2230 2223//2223
f 2231//2231 2232//2232 2230//2230
f 2233//2233 2228//2228 2234//2234
f 2235//2235 2234//2234 2232//2232
f 2218//2218 2220//2220 2219//2219
f 2209//2209 2218//2218 2210//2210
f 2220//2220 2222//2222 2221//2221
f 2214//2214 2224//2224 2225//2225
f 2225//2225 2226//2226 2227//2227
f 2227//2227 2228//2228 2233//2233
f 2215//2215 2217//2217 2236//2236
f 2236//2236 2237//2237 2238//2238
f 2238//2238 2239//2239 2240//2240
f 2236//2236 2217//2217 2237//2237
f 2237//2237 2239//2239 2238//2238
f 2240//2240 2239//2239 2241//2241
f 2222//2222 2229//2229 2223//2223
f 2229//2229 2231//2231 2230//2230
f 2231//2231 2235//2235 2232//2232
f 2235//2235 2233//2233 2234//2234
f 2240//2240 2241//2241 2242//2242
f 2242//2242 2241//2241 2243//2243
f 2242//2242 2243//2243 2244//2244
f 2245//2245 2246//2246 2247//2247
f 2248//2248 2247//2247 2249//2249
f 2245//2245 2247//2247 2248//2248
f 2248//2248 2249//2249 2250//2250
f 2251//2251 2252//2252 2253//2253
f 2254//2254 2255//2255 2246//2246
f 2256//2256 2257//2257 2255//2255
f 2258//2258 2259//2259 2257//2257
f 2250//2250 2249//2249 2260//2260
f 2261//2261 2260//2260 2262//2262
f 2263//2263 2262//2262 2264//2264
f 2265//2265 2266//2266 2259//2259
f 2267//2267 2268//2268 2266//2266
f 2269//2269 2264//2264 2270//2270
f 2271//2271 2270//2270 2268//2268
f 2254//2254 2256//2256 2255//2255
f 2245//2245 2254//2254 2246//2246
f 2256//2256 2258//2258 2257//2257
f 2250//2250 2260//2260 2261//2261
f 2261//2261 2262//2262 2263//2263
f 2263//2263 2264//2264 2269//2269
f 2251//2251 2253//2253 2272//2272
f 2272//2272 2273//2273 2274//2274
f 2274//2274 2275//2275 2276//2276
f 2272//2272 2253//2253 2273//2273
f 2273//2273 2275//2275 2274//2274
f 2276//2276 2275//2275 2277//2277
f 2258//2258 2265//2265 2259//2259
f 2265//2265 2267//2267 2266//2266
f 2267//2267 2271//2271 2268//2268
f 2271//2271 2269//2269 2270//2270
f 2276//2276 2277//2277 2278//2278
f 2278//2278 2277//2277 2279//2279
f 2278//2278 2279//2279 2280//2280
f 2281//2281 2282//2282 2283//2283
f 2284//2284 2283//2283 2285//2285
f 2281//2281 2283//2283 2284//2284
f 2284//2284 2285//2285 2286//2286
f 2287//2287 2288//2288 2289//2289
f 2290//2290 2291//2291 2282//2282
f 2292//2292 2293//2293 2291//2291
f 2294//2294 2295//2295 2293//2293
f 2286//2286 2285//2285 2296//2296
f 2297//2297 2296//2296 2298//2298
f 2299//2299 2298//2298 2300//2300
f 2301//2301 2302//2302 2295//2295
f 2303//2303 2304//2304 2302//2302
f 2305//2305 2300//2300 2306//2306
f 2307//2307 2306//2306 2304//2304
f 2290//2290 2292//2292 2291//2291
f 2281//2281 2290//2290 2282//2282
f 2292//2292 2294//2294 2293//2293
f 2286//2286 2296//2296 2297//2297
f 2297//2297 2298//2298 2299//2299
f 2299//2299 2300//2300 2305//2305
f 2287//2287 2289//2289 2308//2308
f 2308//2308 2309//2309 2310//2310
f 2310//2310 2311//2311 2312//2312
f 2308//2308 2289//2289 2309//2309
f 2309//2309 2311//2311 2310//2310
f 2312//2312 2311//2311 2313//2313
f 2294//2294 2301//2301 2295//2295
f 2301//2301 2303//2303 2302//2302
f 2303//2303 2307//2307 2304//2304
f 2305//2305 2306//2306 2307//2307
f 2312//2312 2313//2313 2314//2314
f 2314//2314 2313//2313 2315//2315
f 2314//2314 2315//2315 2316//2316
f 2317//2317 2318//2318 2319//2319
f 2320//2320 2319//2319 2321//2321
f 2317//2317 2319//2319 2320//2320
f 2320//2320 2321//2321 2322//2322
f 2323//2323 2324//2324 2325//2325
f 2326//2326 2327//2327 2318//2318
f 2328//2328 2329//2329 2327//2327
f 2330//2330 2331//2331 2329//2329
f 2322//2322 2321//2321 2332//2332
f 2333//2333 2332//2332 2334//2334
f 2335//2335 2334//2334 2336//2336
f 2337//2337 2338//2338 2331//2331
f 2339//2339 2340//2340 2338//2338
f 2341//2341 2336//2336 2342//2342
f 2343//2343 2342//2342 2340//2340
f 2326//2326 2328//2328 2327//2327
f 2326//2326 2318//2318 2317//2317
f 2328//2328 2330//2330 2329//2329
f 2322//2322 2332//2332 2333//2333
f 2333//2333 2334//2334 2335//2335
f 2335//2335 2336//2336 2341//2341
f 2344//2344 2323//2323 2325//2325
f 2344//2344 2345//2345 2346//2346
f 2346//2346 2347//2347 2348//2348
f 2344//2344 2325//2325 2345//2345
f 2345//2345 2347//2347 2346//2346
f 2348//2348 2347//2347 2349//2349
f 2330//2330 2337//2337 2331//2331
f 2337//2337 2339//2339 2338//2338
f 2339//2339 2343//2343 2340//2340
f 2341//2341 2342//2342 2343//2343
f 2348//2348 2349//2349 2350//2350
f 2350//2350 2349//2349 2351//2351
f 2350//2350 2351//2351 2352//2352
