v -0.74000 -0.04900 -1.49000
v -0.74566 -0.04666 -1.49000
v -0.74000 -0.04666 -1.49566
v -0.74566 -0.04100 -1.49566
v -0.74800 -0.04100 -1.49000
v -0.74000 -0.04100 -1.49800
v -0.74566 0.04100 -1.49566
v -0.74566 -0.04666 1.49000
v -0.74800 0.04100 -1.49000
v -0.74000 0.04100 -1.49800
v -0.74800 0.04100 1.49000
v 0.74000 -0.04900 -1.49000
v 0.74000 -0.04100 -1.49800
v 0.74000 0.04100 -1.49800
v -0.74000 -0.04900 1.49000
v -0.74800 -0.04100 1.49000
v -0.74000 -0.04666 1.49566
v -0.74566 -0.04100 1.49566
v -0.74000 -0.04100 1.49800
v -0.74566 0.04100 1.49566
v -0.74000 0.04100 1.49800
v 0.74000 -0.04900 1.49000
v 0.74000 -0.04666 1.49566
v 0.74000 -0.04100 1.49800
v -0.74566 0.04666 -1.49000
v -0.74000 0.04666 -1.49566
v -0.74000 0.04900 -1.49000
v -0.70000 0.04900 -1.37500
v -0.68995 0.04900 -1.41250
v -0.70000 0.04900 -1.12500
v -0.66250 0.04900 -1.43995
v -0.62500 0.04900 -1.45000
v -0.70000 0.04900 -0.87500
v -0.68995 0.04900 -1.33750
v -0.68995 0.04900 -1.16250
v -0.66250 0.04900 -1.31005
v -0.66250 0.04900 -1.18995
v -0.37500 0.04900 -1.45000
v -0.62500 0.04900 -1.20000
v -0.62500 0.04900 -1.30000
v -0.58750 0.04900 -1.31005
v -0.58750 0.04900 -1.18995
v -0.56005 0.04900 -1.16250
v -0.56005 0.04900 -1.33750
v -0.70000 0.04900 -0.62500
v -0.68995 0.04900 -1.08750
v -0.68995 0.04900 -0.91250
v -0.66250 0.04900 -1.06005
v -0.66250 0.04900 -0.93995
v -0.70000 0.04900 -0.37500
v -0.68995 0.04900 -0.83750
v -0.68995 0.04900 -0.66250
v -0.66250 0.04900 -0.81005
v -0.62500 0.04900 -1.05000
v -0.62500 0.04900 -0.95000
v -0.58750 0.04900 -0.93995
v -0.58750 0.04900 -1.06005
v -0.56005 0.04900 -1.08750
v -0.56005 0.04900 -0.91250
v -0.66250 0.04900 -0.68995
v -0.62500 0.04900 -0.80000
v -0.62500 0.04900 -0.70000
v -0.58750 0.04900 -0.81005
v -0.58750 0.04900 -0.68995
v -0.56005 0.04900 -0.83750
v -0.58750 0.04900 -1.43995
v -0.41250 0.04900 -1.43995
v -0.56005 0.04900 -1.41250
v -0.55000 0.04900 -1.37500
v -0.45000 0.04900 -1.37500
v -0.43995 0.04900 -1.41250
v -0.43995 0.04900 -1.33750
v -0.41250 0.04900 -1.31005
v -0.43995 0.04900 -1.16250
v -0.55000 0.04900 -1.12500
v -0.45000 0.04900 -1.12500
v -0.41250 0.04900 -1.18995
v -0.12500 0.04900 -1.45000
v -0.37500 0.04900 -1.20000
v -0.37500 0.04900 -1.30000
v -0.43995 0.04900 -0.91250
v -0.43995 0.04900 -1.08750
v -0.41250 0.04900 -1.06005
v -0.41250 0.04900 -0.93995
v -0.55000 0.04900 -0.87500
v -0.45000 0.04900 -0.87500
v -0.43995 0.04900 -0.83750
v -0.41250 0.04900 -0.81005
v -0.37500 0.04900 -1.05000
v -0.37500 0.04900 -0.95000
v -0.41250 0.04900 -0.68995
v -0.37500 0.04900 -0.80000
v -0.70000 0.04900 -0.12500
v -0.74566 0.04666 1.49000
v -0.74000 0.04900 1.49000
v -0.70000 0.04900 0.12500
v -0.68995 0.04900 -0.41250
v -0.68995 0.04900 -0.58750
v -0.66250 0.04900 -0.56005
v -0.66250 0.04900 -0.43995
v -0.56005 0.04900 -0.66250
v -0.62500 0.04900 -0.55000
v -0.62500 0.04900 -0.45000
v -0.58750 0.04900 -0.43995
v -0.58750 0.04900 -0.56005
v -0.56005 0.04900 -0.58750
v -0.56005 0.04900 -0.41250
v -0.70000 0.04900 0.37500
v -0.68995 0.04900 -0.33750
v -0.68995 0.04900 -0.16250
v -0.66250 0.04900 -0.31005
v -0.66250 0.04900 -0.18995
v -0.70000 0.04900 0.62500
v -0.68995 0.04900 -0.08750
v -0.68995 0.04900 0.08750
v -0.66250 0.04900 -0.06005
v -0.62500 0.04900 -0.30000
v -0.62500 0.04900 -0.20000
v -0.58750 0.04900 -0.31005
v -0.58750 0.04900 -0.18995
v -0.56005 0.04900 -0.33750
v -0.56005 0.04900 -0.16250
v -0.66250 0.04900 0.06005
v -0.62500 0.04900 -0.05000
v -0.62500 0.04900 0.05000
v -0.58750 0.04900 -0.06005
v -0.58750 0.04900 0.06005
v -0.56005 0.04900 -0.08750
v -0.43995 0.04900 -0.66250
v -0.55000 0.04900 -0.62500
v -0.45000 0.04900 -0.62500
v -0.43995 0.04900 -0.58750
v -0.41250 0.04900 -0.56005
v -0.43995 0.04900 -0.41250
v -0.55000 0.04900 -0.37500
v -0.45000 0.04900 -0.37500
v -0.41250 0.04900 -0.43995
v -0.37500 0.04900 -0.70000
v -0.37500 0.04900 -0.55000
v -0.37500 0.04900 -0.45000
v -0.43995 0.04900 -0.16250
v -0.43995 0.04900 -0.33750
v -0.41250 0.04900 -0.31005
v -0.41250 0.04900 -0.18995
v -0.55000 0.04900 -0.12500
v -0.45000 0.04900 -0.12500
v -0.43995 0.04900 -0.08750
v -0.41250 0.04900 -0.06005
v -0.37500 0.04900 -0.30000
v -0.37500 0.04900 -0.20000
v -0.41250 0.04900 0.06005
v -0.37500 0.04900 -0.05000
v -0.33750 0.04900 -1.43995
v -0.16250 0.04900 -1.43995
v -0.33750 0.04900 -1.31005
v -0.33750 0.04900 -1.18995
v -0.31005 0.04900 -1.16250
v -0.31005 0.04900 -1.41250
v -0.18995 0.04900 -1.41250
v 0.74000 0.04900 -1.49000
v 0.12500 0.04900 -1.45000
v -0.30000 0.04900 -1.37500
v -0.31005 0.04900 -1.33750
v -0.18995 0.04900 -1.33750
v -0.20000 0.04900 -1.37500
v -0.16250 0.04900 -1.31005
v -0.16250 0.04900 -1.18995
v -0.18995 0.04900 -1.16250
v -0.30000 0.04900 -1.12500
v -0.20000 0.04900 -1.12500
v -0.33750 0.04900 -0.93995
v -0.33750 0.04900 -1.06005
v -0.31005 0.04900 -1.08750
v -0.31005 0.04900 -0.91250
v -0.33750 0.04900 -0.81005
v -0.33750 0.04900 -0.68995
v -0.31005 0.04900 -0.83750
v -0.18995 0.04900 -1.08750
v -0.18995 0.04900 -0.91250
v -0.16250 0.04900 -1.06005
v -0.16250 0.04900 -0.93995
v -0.30000 0.04900 -0.87500
v -0.18995 0.04900 -0.83750
v -0.20000 0.04900 -0.87500
v -0.16250 0.04900 -0.81005
v -0.16250 0.04900 -0.68995
v -0.12500 0.04900 -1.20000
v -0.12500 0.04900 -1.30000
v -0.08750 0.04900 -1.31005
v -0.08750 0.04900 -1.18995
v 0.37500 0.04900 -1.45000
v -0.08750 0.04900 -1.43995
v 0.08750 0.04900 -1.43995
v -0.06005 0.04900 -1.41250
v 0.06005 0.04900 -1.41250
v -0.05000 0.04900 -1.37500
v 0.05000 0.04900 -1.37500
v -0.06005 0.04900 -1.33750
v 0.06005 0.04900 -1.33750
v -0.06005 0.04900 -1.16250
v 0.08750 0.04900 -1.18995
v 0.06005 0.04900 -1.16250
v -0.05000 0.04900 -1.12500
v 0.05000 0.04900 -1.12500
v -0.12500 0.04900 -1.05000
v -0.12500 0.04900 -0.95000
v -0.08750 0.04900 -0.93995
v -0.08750 0.04900 -1.06005
v -0.12500 0.04900 -0.80000
v -0.12500 0.04900 -0.70000
v -0.08750 0.04900 -0.81005
v -0.06005 0.04900 -1.08750
v -0.06005 0.04900 -0.91250
v 0.06005 0.04900 -1.08750
v 0.06005 0.04900 -0.91250
v -0.08750 0.04900 -0.68995
v -0.06005 0.04900 -0.83750
v -0.05000 0.04900 -0.87500
v 0.05000 0.04900 -0.87500
v 0.06005 0.04900 -0.83750
v -0.31005 0.04900 -0.66250
v -0.33750 0.04900 -0.43995
v -0.33750 0.04900 -0.56005
v -0.31005 0.04900 -0.58750
v -0.31005 0.04900 -0.41250
v -0.18995 0.04900 -0.66250
v -0.30000 0.04900 -0.62500
v -0.18995 0.04900 -0.58750
v -0.20000 0.04900 -0.62500
v -0.16250 0.04900 -0.56005
v -0.18995 0.04900 -0.41250
v -0.30000 0.04900 -0.37500
v -0.16250 0.04900 -0.43995
v -0.20000 0.04900 -0.37500
v -0.33750 0.04900 -0.31005
v -0.33750 0.04900 -0.18995
v -0.31005 0.04900 -0.33750
v -0.31005 0.04900 -0.16250
v -0.37500 0.04900 0.05000
v -0.33750 0.04900 -0.06005
v -0.33750 0.04900 0.06005
v -0.31005 0.04900 -0.08750
v -0.18995 0.04900 -0.33750
v -0.18995 0.04900 -0.16250
v -0.16250 0.04900 -0.31005
v -0.16250 0.04900 -0.18995
v -0.30000 0.04900 -0.12500
v -0.18995 0.04900 -0.08750
v -0.20000 0.04900 -0.12500
v -0.16250 0.04900 -0.06005
v -0.16250 0.04900 0.06005
v -0.12500 0.04900 -0.55000
v -0.12500 0.04900 -0.45000
v -0.08750 0.04900 -0.43995
v -0.08750 0.04900 -0.56005
v -0.06005 0.04900 -0.66250
v 0.06005 0.04900 -0.66250
v -0.05000 0.04900 -0.62500
v 0.05000 0.04900 -0.62500
v -0.06005 0.04900 -0.58750
v 0.06005 0.04900 -0.58750
v -0.06005 0.04900 -0.41250
v 0.06005 0.04900 -0.41250
v -0.05000 0.04900 -0.37500
v 0.05000 0.04900 -0.37500
v -0.12500 0.04900 -0.30000
v -0.12500 0.04900 -0.20000
v -0.08750 0.04900 -0.31005
v -0.08750 0.04900 -0.18995
v -0.12500 0.04900 -0.05000
v -0.12500 0.04900 0.05000
v -0.08750 0.04900 -0.06005
v 0.06005 0.04900 -0.33750
v -0.06005 0.04900 -0.33750
v -0.06005 0.04900 -0.16250
v -0.05000 0.04900 -0.12500
v 0.05000 0.04900 -0.12500
v -0.06005 0.04900 -0.08750
v -0.08750 0.04900 0.06005
v -0.70000 0.04900 0.87500
v -0.68995 0.04900 0.16250
v -0.68995 0.04900 0.33750
v -0.66250 0.04900 0.18995
v -0.66250 0.04900 0.31005
v -0.56005 0.04900 0.08750
v -0.62500 0.04900 0.20000
v -0.62500 0.04900 0.30000
v -0.58750 0.04900 0.18995
v -0.58750 0.04900 0.31005
v -0.56005 0.04900 0.16250
v -0.56005 0.04900 0.33750
v -0.68995 0.04900 0.41250
v -0.68995 0.04900 0.58750
v -0.66250 0.04900 0.43995
v -0.66250 0.04900 0.56005
v -0.68995 0.04900 0.66250
v -0.68995 0.04900 0.83750
v -0.66250 0.04900 0.68995
v -0.62500 0.04900 0.55000
v -0.62500 0.04900 0.45000
v -0.58750 0.04900 0.43995
v -0.58750 0.04900 0.56005
v -0.56005 0.04900 0.41250
v -0.56005 0.04900 0.58750
v -0.66250 0.04900 0.81005
v -0.62500 0.04900 0.70000
v -0.62500 0.04900 0.80000
v -0.58750 0.04900 0.68995
v -0.58750 0.04900 0.81005
v -0.56005 0.04900 0.66250
v -0.43995 0.04900 0.08750
v -0.55000 0.04900 0.12500
v -0.45000 0.04900 0.12500
v -0.43995 0.04900 0.16250
v -0.41250 0.04900 0.18995
v -0.43995 0.04900 0.33750
v -0.55000 0.04900 0.37500
v -0.45000 0.04900 0.37500
v -0.41250 0.04900 0.31005
v -0.37500 0.04900 0.20000
v -0.37500 0.04900 0.30000
v -0.43995 0.04900 0.58750
v -0.43995 0.04900 0.41250
v -0.41250 0.04900 0.43995
v -0.41250 0.04900 0.56005
v -0.55000 0.04900 0.62500
v -0.45000 0.04900 0.62500
v -0.43995 0.04900 0.66250
v -0.41250 0.04900 0.68995
v -0.37500 0.04900 0.55000
v -0.37500 0.04900 0.45000
v -0.41250 0.04900 0.81005
v -0.37500 0.04900 0.80000
v -0.37500 0.04900 0.70000
v -0.74000 0.04666 1.49566
v -0.70000 0.04900 1.12500
v -0.68995 0.04900 0.91250
v -0.68995 0.04900 1.08750
v -0.66250 0.04900 0.93995
v -0.66250 0.04900 1.06005
v -0.56005 0.04900 0.83750
v -0.62500 0.04900 0.95000
v -0.62500 0.04900 1.05000
v -0.58750 0.04900 0.93995
v -0.58750 0.04900 1.06005
v -0.70000 0.04900 1.37500
v -0.68995 0.04900 1.16250
v -0.68995 0.04900 1.33750
v -0.66250 0.04900 1.18995
v -0.66250 0.04900 1.31005
v -0.68995 0.04900 1.41250
v -0.66250 0.04900 1.43995
v -0.62500 0.04900 1.45000
v -0.62500 0.04900 1.30000
v -0.62500 0.04900 1.20000
v -0.58750 0.04900 1.31005
v -0.58750 0.04900 1.18995
v -0.56005 0.04900 1.16250
v -0.56005 0.04900 1.33750
v -0.37500 0.04900 1.45000
v -0.43995 0.04900 0.83750
v -0.55000 0.04900 0.87500
v -0.45000 0.04900 0.87500
v -0.56005 0.04900 0.91250
v -0.56005 0.04900 1.08750
v -0.55000 0.04900 1.12500
v -0.43995 0.04900 0.91250
v -0.45000 0.04900 1.12500
v -0.43995 0.04900 1.08750
v -0.41250 0.04900 0.93995
v -0.41250 0.04900 1.06005
v -0.37500 0.04900 0.95000
v -0.37500 0.04900 1.05000
v -0.43995 0.04900 1.33750
v -0.43995 0.04900 1.16250
v -0.55000 0.04900 1.37500
v -0.45000 0.04900 1.37500
v -0.56005 0.04900 1.41250
v -0.58750 0.04900 1.43995
v -0.41250 0.04900 1.43995
v -0.43995 0.04900 1.41250
v -0.41250 0.04900 1.18995
v -0.41250 0.04900 1.31005
v -0.37500 0.04900 1.20000
v -0.37500 0.04900 1.30000
v -0.12500 0.04900 1.45000
v -0.31005 0.04900 0.08750
v -0.33750 0.04900 0.18995
v -0.33750 0.04900 0.31005
v -0.18995 0.04900 0.16250
v -0.18995 0.04900 0.08750
v -0.30000 0.04900 0.12500
v -0.31005 0.04900 0.16250
v -0.20000 0.04900 0.12500
v -0.31005 0.04900 0.33750
v -0.30000 0.04900 0.37500
v -0.18995 0.04900 0.33750
v -0.16250 0.04900 0.18995
v -0.20000 0.04900 0.37500
v -0.33750 0.04900 0.43995
v -0.33750 0.04900 0.56005
v -0.31005 0.04900 0.41250
v -0.31005 0.04900 0.58750
v -0.33750 0.04900 0.81005
v -0.33750 0.04900 0.68995
v -0.31005 0.04900 0.66250
v -0.30000 0.04900 0.62500
v -0.18995 0.04900 0.41250
v -0.16250 0.04900 0.43995
v -0.18995 0.04900 0.58750
v -0.18995 0.04900 0.66250
v -0.20000 0.04900 0.62500
v -0.18995 0.04900 0.83750
v -0.16250 0.04900 0.31005
v -0.12500 0.04900 0.30000
v -0.12500 0.04900 0.20000
v -0.08750 0.04900 0.31005
v -0.08750 0.04900 0.18995
v -0.06005 0.04900 0.08750
v -0.05000 0.04900 0.12500
v -0.06005 0.04900 0.16250
v -0.06005 0.04900 0.33750
v -0.05000 0.04900 0.37500
v 0.05000 0.04900 0.37500
v -0.16250 0.04900 0.56005
v -0.12500 0.04900 0.55000
v -0.12500 0.04900 0.45000
v -0.08750 0.04900 0.43995
v -0.08750 0.04900 0.56005
v -0.16250 0.04900 0.68995
v -0.16250 0.04900 0.81005
v -0.12500 0.04900 0.70000
v -0.12500 0.04900 0.80000
v -0.08750 0.04900 0.68995
v -0.06005 0.04900 0.41250
v -0.06005 0.04900 0.58750
v -0.05000 0.04900 0.62500
v 0.05000 0.04900 0.62500
v -0.08750 0.04900 0.81005
v -0.06005 0.04900 0.66250
v -0.06005 0.04900 0.83750
v 0.74000 0.04100 1.49800
v -0.31005 0.04900 0.83750
v -0.33750 0.04900 0.93995
v -0.18995 0.04900 0.91250
v -0.33750 0.04900 1.06005
v -0.30000 0.04900 0.87500
v -0.31005 0.04900 0.91250
v -0.20000 0.04900 0.87500
v -0.31005 0.04900 1.08750
v -0.30000 0.04900 1.12500
v -0.18995 0.04900 1.08750
v -0.20000 0.04900 1.12500
v -0.33750 0.04900 1.18995
v -0.33750 0.04900 1.31005
v -0.31005 0.04900 1.16250
v -0.31005 0.04900 1.33750
v -0.16250 0.04900 1.43995
v -0.33750 0.04900 1.43995
v -0.18995 0.04900 1.16250
v -0.18995 0.04900 1.33750
v -0.30000 0.04900 1.37500
v -0.31005 0.04900 1.41250
v -0.18995 0.04900 1.41250
v 0.12500 0.04900 1.45000
v 0.74000 0.04900 1.49000
v -0.20000 0.04900 1.37500
v -0.16250 0.04900 0.93995
v -0.16250 0.04900 1.06005
v -0.12500 0.04900 0.95000
v -0.12500 0.04900 1.05000
v -0.08750 0.04900 0.93995
v -0.08750 0.04900 1.06005
v -0.05000 0.04900 0.87500
v 0.05000 0.04900 0.87500
v -0.06005 0.04900 0.91250
v -0.06005 0.04900 1.08750
v -0.05000 0.04900 1.12500
v 0.05000 0.04900 1.12500
v -0.16250 0.04900 1.18995
v -0.16250 0.04900 1.31005
v -0.12500 0.04900 1.20000
v -0.12500 0.04900 1.30000
v -0.08750 0.04900 1.18995
v -0.08750 0.04900 1.31005
v -0.06005 0.04900 1.16250
v -0.06005 0.04900 1.33750
v -0.05000 0.04900 1.37500
v 0.05000 0.04900 1.37500
v -0.06005 0.04900 1.41250
v 0.06005 0.04900 1.41250
v -0.08750 0.04900 1.43995
v 0.08750 0.04900 1.43995
v 0.74000 -0.04666 -1.49566
v 0.74566 -0.04666 -1.49000
v 0.74566 -0.04100 -1.49566
v 0.74800 -0.04100 -1.49000
v 0.74566 0.04100 -1.49566
v 0.74566 -0.04666 1.49000
v 0.74800 0.04100 -1.49000
v 0.74800 -0.04100 1.49000
v 0.74566 -0.04100 1.49566
v 0.74800 0.04100 1.49000
v 0.74566 0.04100 1.49566
v 0.08750 0.04900 -1.31005
v 0.12500 0.04900 -1.20000
v 0.12500 0.04900 -1.30000
v 0.16250 0.04900 -1.31005
v 0.16250 0.04900 -1.18995
v 0.08750 0.04900 -1.06005
v 0.08750 0.04900 -0.93995
v 0.08750 0.04900 -0.81005
v 0.08750 0.04900 -0.68995
v 0.12500 0.04900 -1.05000
v 0.12500 0.04900 -0.95000
v 0.16250 0.04900 -0.93995
v 0.16250 0.04900 -1.06005
v 0.12500 0.04900 -0.80000
v 0.12500 0.04900 -0.70000
v 0.16250 0.04900 -0.81005
v 0.16250 0.04900 -1.43995
v 0.33750 0.04900 -1.43995
v 0.18995 0.04900 -1.41250
v 0.31005 0.04900 -1.41250
v 0.20000 0.04900 -1.37500
v 0.31005 0.04900 -1.33750
v 0.18995 0.04900 -1.33750
v 0.74000 0.04666 -1.49566
v 0.30000 0.04900 -1.37500
v 0.18995 0.04900 -1.16250
v 0.33750 0.04900 -1.31005
v 0.20000 0.04900 -1.12500
v 0.31005 0.04900 -1.16250
v 0.30000 0.04900 -1.12500
v 0.33750 0.04900 -1.18995
v 0.37500 0.04900 -1.20000
v 0.37500 0.04900 -1.30000
v 0.31005 0.04900 -1.08750
v 0.18995 0.04900 -1.08750
v 0.18995 0.04900 -0.91250
v 0.33750 0.04900 -1.06005
v 0.31005 0.04900 -0.91250
v 0.20000 0.04900 -0.87500
v 0.18995 0.04900 -0.83750
v 0.31005 0.04900 -0.83750
v 0.16250 0.04900 -0.68995
v 0.30000 0.04900 -0.87500
v 0.33750 0.04900 -0.81005
v 0.33750 0.04900 -0.93995
v 0.37500 0.04900 -1.05000
v 0.37500 0.04900 -0.95000
v 0.37500 0.04900 -0.70000
v 0.37500 0.04900 -0.80000
v 0.08750 0.04900 -0.56005
v 0.08750 0.04900 -0.43995
v 0.12500 0.04900 -0.55000
v 0.12500 0.04900 -0.45000
v 0.16250 0.04900 -0.43995
v 0.16250 0.04900 -0.56005
v 0.08750 0.04900 -0.31005
v 0.06005 0.04900 -0.16250
v 0.08750 0.04900 -0.18995
v 0.06005 0.04900 -0.08750
v 0.08750 0.04900 -0.06005
v 0.12500 0.04900 -0.20000
v 0.12500 0.04900 -0.30000
v 0.16250 0.04900 -0.18995
v 0.16250 0.04900 -0.31005
v 0.18995 0.04900 -0.33750
v 0.18995 0.04900 -0.16250
v 0.16250 0.04900 -0.06005
v 0.08750 0.04900 0.06005
v 0.31005 0.04900 -0.16250
v 0.30000 0.04900 -0.12500
v 0.12500 0.04900 0.05000
v 0.18995 0.04900 -0.66250
v 0.20000 0.04900 -0.62500
v 0.31005 0.04900 -0.66250
v 0.18995 0.04900 -0.58750
v 0.30000 0.04900 -0.62500
v 0.18995 0.04900 -0.41250
v 0.20000 0.04900 -0.37500
v 0.31005 0.04900 -0.58750
v 0.41250 0.04900 -0.56005
v 0.30000 0.04900 -0.37500
v 0.31005 0.04900 -0.41250
v 0.33750 0.04900 -0.68995
v 0.33750 0.04900 -0.56005
v 0.37500 0.04900 -0.55000
v 0.33750 0.04900 -0.43995
v 0.20000 0.04900 -0.12500
v 0.18995 0.04900 -0.08750
v 0.31005 0.04900 -0.08750
v 0.31005 0.04900 -0.33750
v 0.33750 0.04900 -0.31005
v 0.33750 0.04900 -0.18995
v 0.37500 0.04900 -0.30000
v 0.37500 0.04900 -0.20000
v 0.31005 0.04900 0.08750
v 0.33750 0.04900 -0.06005
v 0.33750 0.04900 0.06005
v 0.37500 0.04900 -0.05000
v 0.41250 0.04900 -1.43995
v 0.58750 0.04900 -1.43995
v 0.41250 0.04900 -1.31005
v 0.41250 0.04900 -1.18995
v 0.56005 0.04900 -1.33750
v 0.43995 0.04900 -1.41250
v 0.56005 0.04900 -1.41250
v 0.45000 0.04900 -1.37500
v 0.55000 0.04900 -1.37500
v 0.43995 0.04900 -1.33750
v 0.62500 0.04900 -1.45000
v 0.43995 0.04900 -1.16250
v 0.58750 0.04900 -1.31005
v 0.45000 0.04900 -1.12500
v 0.55000 0.04900 -1.12500
v 0.56005 0.04900 -1.16250
v 0.41250 0.04900 -0.93995
v 0.41250 0.04900 -1.06005
v 0.43995 0.04900 -1.08750
v 0.43995 0.04900 -0.91250
v 0.41250 0.04900 -0.68995
v 0.41250 0.04900 -0.81005
v 0.43995 0.04900 -0.83750
v 0.45000 0.04900 -0.87500
v 0.56005 0.04900 -1.08750
v 0.58750 0.04900 -1.06005
v 0.62500 0.04900 -1.05000
v 0.56005 0.04900 -0.91250
v 0.66250 0.04900 -1.06005
v 0.55000 0.04900 -0.87500
v 0.56005 0.04900 -0.66250
v 0.56005 0.04900 -0.83750
v 0.74566 0.04666 -1.49000
v 0.58750 0.04900 -1.18995
v 0.62500 0.04900 -1.20000
v 0.62500 0.04900 -1.30000
v 0.66250 0.04900 -1.18995
v 0.66250 0.04900 -1.31005
v 0.66250 0.04900 -1.43995
v 0.68995 0.04900 -1.41250
v 0.70000 0.04900 -1.37500
v 0.70000 0.04900 -1.12500
v 0.68995 0.04900 -1.16250
v 0.68995 0.04900 -1.33750
v 0.70000 0.04900 -0.87500
v 0.58750 0.04900 -0.93995
v 0.62500 0.04900 -0.95000
v 0.66250 0.04900 -0.93995
v 0.58750 0.04900 -0.81005
v 0.58750 0.04900 -0.68995
v 0.62500 0.04900 -0.80000
v 0.62500 0.04900 -0.70000
v 0.66250 0.04900 -0.81005
v 0.68995 0.04900 -1.08750
v 0.68995 0.04900 -0.91250
v 0.70000 0.04900 -0.62500
v 0.66250 0.04900 -0.68995
v 0.68995 0.04900 -0.83750
v 0.68995 0.04900 -0.66250
v 0.70000 0.04900 -0.37500
v 0.43995 0.04900 -0.66250
v 0.45000 0.04900 -0.62500
v 0.37500 0.04900 -0.45000
v 0.41250 0.04900 -0.43995
v 0.55000 0.04900 -0.62500
v 0.43995 0.04900 -0.58750
v 0.43995 0.04900 -0.41250
v 0.56005 0.04900 -0.58750
v 0.45000 0.04900 -0.37500
v 0.55000 0.04900 -0.37500
v 0.56005 0.04900 -0.41250
v 0.41250 0.04900 -0.31005
v 0.41250 0.04900 -0.18995
v 0.43995 0.04900 -0.33750
v 0.43995 0.04900 -0.16250
v 0.37500 0.04900 0.05000
v 0.41250 0.04900 -0.06005
v 0.41250 0.04900 0.06005
v 0.43995 0.04900 -0.08750
v 0.56005 0.04900 -0.33750
v 0.56005 0.04900 -0.16250
v 0.45000 0.04900 -0.12500
v 0.55000 0.04900 -0.12500
v 0.56005 0.04900 -0.08750
v 0.56005 0.04900 0.08750
v 0.58750 0.04900 -0.56005
v 0.58750 0.04900 -0.43995
v 0.62500 0.04900 -0.55000
v 0.62500 0.04900 -0.45000
v 0.66250 0.04900 -0.43995
v 0.66250 0.04900 -0.56005
v 0.70000 0.04900 -0.12500
v 0.68995 0.04900 -0.58750
v 0.68995 0.04900 -0.41250
v 0.70000 0.04900 0.12500
v 0.58750 0.04900 -0.31005
v 0.58750 0.04900 -0.18995
v 0.62500 0.04900 -0.30000
v 0.62500 0.04900 -0.20000
v 0.66250 0.04900 -0.31005
v 0.66250 0.04900 -0.18995
v 0.58750 0.04900 -0.06005
v 0.58750 0.04900 0.06005
v 0.62500 0.04900 -0.05000
v 0.62500 0.04900 0.05000
v 0.66250 0.04900 -0.06005
v 0.68995 0.04900 -0.33750
v 0.68995 0.04900 -0.16250
v 0.70000 0.04900 0.37500
v 0.66250 0.04900 0.06005
v 0.68995 0.04900 -0.08750
v 0.68995 0.04900 0.08750
v 0.70000 0.04900 0.62500
v 0.05000 0.04900 0.12500
v 0.06005 0.04900 0.08750
v 0.12500 0.04900 -0.05000
v 0.06005 0.04900 0.16250
v 0.06005 0.04900 0.33750
v 0.08750 0.04900 0.18995
v 0.08750 0.04900 0.31005
v 0.12500 0.04900 0.20000
v 0.12500 0.04900 0.30000
v 0.16250 0.04900 0.18995
v 0.16250 0.04900 0.31005
v 0.18995 0.04900 0.16250
v 0.18995 0.04900 0.33750
v 0.06005 0.04900 0.41250
v 0.06005 0.04900 0.58750
v 0.08750 0.04900 0.43995
v 0.08750 0.04900 0.56005
v 0.06005 0.04900 0.66250
v 0.06005 0.04900 0.83750
v 0.08750 0.04900 0.68995
v 0.12500 0.04900 0.55000
v 0.12500 0.04900 0.45000
v 0.16250 0.04900 0.43995
v 0.16250 0.04900 0.56005
v 0.18995 0.04900 0.41250
v 0.18995 0.04900 0.58750
v 0.08750 0.04900 0.81005
v 0.12500 0.04900 0.70000
v 0.12500 0.04900 0.80000
v 0.16250 0.04900 0.68995
v 0.16250 0.04900 0.81005
v 0.18995 0.04900 0.66250
v 0.16250 0.04900 0.06005
v 0.18995 0.04900 0.08750
v 0.20000 0.04900 0.12500
v 0.31005 0.04900 0.16250
v 0.30000 0.04900 0.12500
v 0.20000 0.04900 0.37500
v 0.31005 0.04900 0.33750
v 0.30000 0.04900 0.37500
v 0.33750 0.04900 0.18995
v 0.33750 0.04900 0.31005
v 0.37500 0.04900 0.20000
v 0.37500 0.04900 0.30000
v 0.31005 0.04900 0.41250
v 0.31005 0.04900 0.58750
v 0.20000 0.04900 0.62500
v 0.31005 0.04900 0.66250
v 0.18995 0.04900 0.83750
v 0.30000 0.04900 0.62500
v 0.33750 0.04900 0.43995
v 0.33750 0.04900 0.56005
v 0.37500 0.04900 0.55000
v 0.37500 0.04900 0.45000
v 0.31005 0.04900 0.83750
v 0.33750 0.04900 0.68995
v 0.33750 0.04900 0.81005
v 0.37500 0.04900 0.70000
v 0.06005 0.04900 0.91250
v 0.06005 0.04900 1.08750
v 0.08750 0.04900 0.93995
v 0.08750 0.04900 1.06005
v 0.12500 0.04900 0.95000
v 0.12500 0.04900 1.05000
v 0.16250 0.04900 0.93995
v 0.16250 0.04900 1.06005
v 0.18995 0.04900 0.91250
v 0.18995 0.04900 1.08750
v 0.06005 0.04900 1.16250
v 0.06005 0.04900 1.33750
v 0.08750 0.04900 1.18995
v 0.08750 0.04900 1.31005
v 0.12500 0.04900 1.20000
v 0.12500 0.04900 1.30000
v 0.16250 0.04900 1.18995
v 0.16250 0.04900 1.31005
v 0.18995 0.04900 1.16250
v 0.18995 0.04900 1.33750
v 0.20000 0.04900 0.87500
v 0.31005 0.04900 0.91250
v 0.30000 0.04900 0.87500
v 0.31005 0.04900 1.08750
v 0.20000 0.04900 1.12500
v 0.30000 0.04900 1.12500
v 0.37500 0.04900 0.80000
v 0.33750 0.04900 0.93995
v 0.33750 0.04900 1.06005
v 0.37500 0.04900 0.95000
v 0.37500 0.04900 1.05000
v 0.31005 0.04900 1.16250
v 0.31005 0.04900 1.33750
v 0.20000 0.04900 1.37500
v 0.18995 0.04900 1.41250
v 0.31005 0.04900 1.41250
v 0.33750 0.04900 1.43995
v 0.16250 0.04900 1.43995
v 0.74000 0.04666 1.49566
v 0.30000 0.04900 1.37500
v 0.37500 0.04900 1.45000
v 0.33750 0.04900 1.18995
v 0.33750 0.04900 1.31005
v 0.37500 0.04900 1.20000
v 0.37500 0.04900 1.30000
v 0.43995 0.04900 0.08750
v 0.41250 0.04900 0.18995
v 0.41250 0.04900 0.31005
v 0.43995 0.04900 0.16250
v 0.43995 0.04900 0.33750
v 0.45000 0.04900 0.12500
v 0.55000 0.04900 0.12500
v 0.56005 0.04900 0.16250
v 0.56005 0.04900 0.33750
v 0.45000 0.04900 0.37500
v 0.55000 0.04900 0.37500
v 0.41250 0.04900 0.43995
v 0.41250 0.04900 0.56005
v 0.43995 0.04900 0.41250
v 0.43995 0.04900 0.58750
v 0.41250 0.04900 0.68995
v 0.41250 0.04900 0.81005
v 0.43995 0.04900 0.66250
v 0.56005 0.04900 0.41250
v 0.56005 0.04900 0.58750
v 0.45000 0.04900 0.62500
v 0.55000 0.04900 0.62500
v 0.56005 0.04900 0.66250
v 0.56005 0.04900 0.83750
v 0.58750 0.04900 0.18995
v 0.58750 0.04900 0.31005
v 0.62500 0.04900 0.20000
v 0.62500 0.04900 0.30000
v 0.66250 0.04900 0.18995
v 0.66250 0.04900 0.31005
v 0.70000 0.04900 0.87500
v 0.68995 0.04900 0.16250
v 0.68995 0.04900 0.33750
v 0.58750 0.04900 0.43995
v 0.58750 0.04900 0.56005
v 0.62500 0.04900 0.55000
v 0.62500 0.04900 0.45000
v 0.66250 0.04900 0.43995
v 0.66250 0.04900 0.56005
v 0.58750 0.04900 0.68995
v 0.58750 0.04900 0.81005
v 0.62500 0.04900 0.70000
v 0.62500 0.04900 0.80000
v 0.66250 0.04900 0.68995
v 0.68995 0.04900 0.41250
v 0.68995 0.04900 0.58750
v 0.74566 0.04666 1.49000
v 0.66250 0.04900 0.81005
v 0.68995 0.04900 0.66250
v 0.68995 0.04900 0.83750
v 0.43995 0.04900 0.83750
v 0.41250 0.04900 0.93995
v 0.41250 0.04900 1.06005
v 0.43995 0.04900 0.91250
v 0.43995 0.04900 1.08750
v 0.45000 0.04900 0.87500
v 0.55000 0.04900 0.87500
v 0.56005 0.04900 0.91250
v 0.56005 0.04900 1.08750
v 0.45000 0.04900 1.12500
v 0.55000 0.04900 1.12500
v 0.41250 0.04900 1.18995
v 0.41250 0.04900 1.31005
v 0.43995 0.04900 1.16250
v 0.43995 0.04900 1.33750
v 0.56005 0.04900 1.16250
v 0.56005 0.04900 1.33750
v 0.45000 0.04900 1.37500
v 0.55000 0.04900 1.37500
v 0.43995 0.04900 1.41250
v 0.56005 0.04900 1.41250
v 0.62500 0.04900 1.45000
v 0.41250 0.04900 1.43995
v 0.58750 0.04900 1.43995
v 0.58750 0.04900 0.93995
v 0.58750 0.04900 1.06005
v 0.62500 0.04900 0.95000
v 0.62500 0.04900 1.05000
v 0.66250 0.04900 0.93995
v 0.66250 0.04900 1.06005
v 0.68995 0.04900 0.91250
v 0.68995 0.04900 1.08750
v 0.70000 0.04900 1.12500
v 0.58750 0.04900 1.18995
v 0.58750 0.04900 1.31005
v 0.62500 0.04900 1.20000
v 0.62500 0.04900 1.30000
v 0.66250 0.04900 1.18995
v 0.66250 0.04900 1.31005
v 0.68995 0.04900 1.16250
v 0.68995 0.04900 1.33750
v 0.70000 0.04900 1.37500
v 0.66250 0.04900 1.43995
v 0.68995 0.04900 1.41250
v -0.66250 0.09900 -1.43995
v -0.66250 0.04900 -1.43995
v -0.68995 0.04900 -1.41250
v -0.68995 0.09900 -1.41250
v -0.70000 0.04900 -1.37500
v -0.70000 0.09900 -1.37500
v -0.68995 0.04900 -1.33750
v -0.68995 0.09900 -1.33750
v -0.66250 0.04900 -1.31005
v -0.62500 0.09900 -1.45000
v -0.62500 0.04900 -1.45000
v -0.58750 0.09900 -1.43995
v -0.58750 0.04900 -1.43995
v -0.56005 0.09900 -1.41250
v -0.56005 0.04900 -1.41250
v -0.58750 0.09900 -1.31005
v -0.58750 0.04900 -1.31005
v -0.56005 0.04900 -1.33750
v -0.66250 0.09900 -1.31005
v -0.62500 0.04900 -1.30000
v -0.62500 0.09900 -1.30000
v -0.68995 0.09900 -1.41250
v -0.70000 0.09900 -1.37500
v -0.68995 0.09900 -1.33750
v -0.66250 0.09900 -1.43995
v -0.66250 0.09900 -1.31005
v -0.56005 0.09900 -1.33750
v -0.62500 0.09900 -1.45000
v -0.62500 0.09900 -1.30000
v -0.58750 0.09900 -1.43995
v -0.58750 0.09900 -1.31005
v -0.56005 0.09900 -1.41250
v -0.56005 0.09900 -1.33750
v -0.55000 0.09900 -1.37500
v -0.55000 0.04900 -1.37500
v -0.55000 0.09900 -1.37500
v -0.68995 0.09900 -1.16250
v -0.68995 0.04900 -1.16250
v -0.70000 0.04900 -1.12500
v -0.66250 0.09900 -1.18995
v -0.66250 0.04900 -1.18995
v -0.62500 0.09900 -1.20000
v -0.62500 0.04900 -1.20000
v -0.58750 0.09900 -1.18995
v -0.58750 0.04900 -1.18995
v -0.56005 0.09900 -1.16250
v -0.56005 0.04900 -1.16250
v -0.70000 0.09900 -1.12500
v -0.68995 0.04900 -1.08750
v -0.68995 0.09900 -1.08750
v -0.66250 0.04900 -1.06005
v -0.66250 0.09900 -1.06005
v -0.62500 0.04900 -1.05000
v -0.62500 0.09900 -1.05000
v -0.58750 0.04900 -1.06005
v -0.58750 0.09900 -1.06005
v -0.56005 0.04900 -1.08750
v -0.68995 0.09900 -1.16250
v -0.70000 0.09900 -1.12500
v -0.68995 0.09900 -1.08750
v -0.66250 0.09900 -1.18995
v -0.66250 0.09900 -1.06005
v -0.62500 0.09900 -1.20000
v -0.62500 0.09900 -1.05000
v -0.58750 0.09900 -1.18995
v -0.58750 0.09900 -1.06005
v -0.56005 0.09900 -1.16250
v -0.56005 0.09900 -1.08750
v -0.56005 0.09900 -1.08750
v -0.55000 0.09900 -1.12500
v -0.55000 0.04900 -1.12500
v -0.55000 0.09900 -1.12500
v -0.68995 0.09900 -0.91250
v -0.68995 0.04900 -0.91250
v -0.70000 0.04900 -0.87500
v -0.70000 0.09900 -0.87500
v -0.68995 0.04900 -0.83750
v -0.66250 0.09900 -0.93995
v -0.66250 0.04900 -0.93995
v -0.68995 0.09900 -0.83750
v -0.66250 0.04900 -0.81005
v -0.62500 0.09900 -0.95000
v -0.62500 0.04900 -0.95000
v -0.58750 0.09900 -0.93995
v -0.58750 0.04900 -0.93995
v -0.66250 0.09900 -0.81005
v -0.62500 0.04900 -0.80000
v -0.62500 0.09900 -0.80000
v -0.58750 0.04900 -0.81005
v -0.56005 0.09900 -0.91250
v -0.56005 0.04900 -0.91250
v -0.58750 0.09900 -0.81005
v -0.56005 0.04900 -0.83750
v -0.68995 0.09900 -0.91250
v -0.68995 0.09900 -0.83750
v -0.66250 0.09900 -0.93995
v -0.70000 0.09900 -0.87500
v -0.66250 0.09900 -0.81005
v -0.56005 0.09900 -0.83750
v -0.62500 0.09900 -0.95000
v -0.62500 0.09900 -0.80000
v -0.58750 0.09900 -0.93995
v -0.58750 0.09900 -0.81005
v -0.56005 0.09900 -0.91250
v -0.56005 0.09900 -0.83750
v -0.55000 0.09900 -0.87500
v -0.55000 0.04900 -0.87500
v -0.55000 0.09900 -0.87500
v -0.66250 0.09900 -0.68995
v -0.66250 0.04900 -0.68995
v -0.68995 0.04900 -0.66250
v -0.68995 0.09900 -0.66250
v -0.70000 0.04900 -0.62500
v -0.70000 0.09900 -0.62500
v -0.68995 0.04900 -0.58750
v -0.68995 0.09900 -0.58750
v -0.66250 0.04900 -0.56005
v -0.62500 0.09900 -0.70000
v -0.62500 0.04900 -0.70000
v -0.58750 0.09900 -0.68995
v -0.58750 0.04900 -0.68995
v -0.56005 0.09900 -0.66250
v -0.56005 0.04900 -0.66250
v -0.58750 0.09900 -0.56005
v -0.58750 0.04900 -0.56005
v -0.56005 0.04900 -0.58750
v -0.66250 0.09900 -0.56005
v -0.62500 0.04900 -0.55000
v -0.62500 0.09900 -0.55000
v -0.68995 0.09900 -0.66250
v -0.70000 0.09900 -0.62500
v -0.68995 0.09900 -0.58750
v -0.66250 0.09900 -0.68995
v -0.66250 0.09900 -0.56005
v -0.56005 0.09900 -0.58750
v -0.62500 0.09900 -0.70000
v -0.62500 0.09900 -0.55000
v -0.58750 0.09900 -0.68995
v -0.58750 0.09900 -0.56005
v -0.56005 0.09900 -0.66250
v -0.56005 0.09900 -0.58750
v -0.55000 0.09900 -0.62500
v -0.55000 0.04900 -0.62500
v -0.55000 0.09900 -0.62500
v -0.68995 0.09900 -0.41250
v -0.68995 0.04900 -0.41250
v -0.70000 0.04900 -0.37500
v -0.66250 0.09900 -0.43995
v -0.66250 0.04900 -0.43995
v -0.62500 0.09900 -0.45000
v -0.62500 0.04900 -0.45000
v -0.58750 0.09900 -0.43995
v -0.58750 0.04900 -0.43995
v -0.56005 0.09900 -0.41250
v -0.56005 0.04900 -0.41250
v -0.70000 0.09900 -0.37500
v -0.68995 0.04900 -0.33750
v -0.68995 0.09900 -0.33750
v -0.66250 0.04900 -0.31005
v -0.66250 0.09900 -0.31005
v -0.62500 0.04900 -0.30000
v -0.62500 0.09900 -0.30000
v -0.58750 0.04900 -0.31005
v -0.58750 0.09900 -0.31005
v -0.56005 0.04900 -0.33750
v -0.68995 0.09900 -0.41250
v -0.70000 0.09900 -0.37500
v -0.68995 0.09900 -0.33750
v -0.66250 0.09900 -0.43995
v -0.66250 0.09900 -0.31005
v -0.62500 0.09900 -0.45000
v -0.62500 0.09900 -0.30000
v -0.58750 0.09900 -0.43995
v -0.58750 0.09900 -0.31005
v -0.56005 0.09900 -0.41250
v -0.56005 0.09900 -0.33750
v -0.56005 0.09900 -0.33750
v -0.55000 0.09900 -0.37500
v -0.55000 0.04900 -0.37500
v -0.55000 0.09900 -0.37500
v -0.68995 0.09900 -0.16250
v -0.68995 0.04900 -0.16250
v -0.70000 0.04900 -0.12500
v -0.70000 0.09900 -0.12500
v -0.68995 0.04900 -0.08750
v -0.66250 0.09900 -0.18995
v -0.66250 0.04900 -0.18995
v -0.68995 0.09900 -0.08750
v -0.66250 0.04900 -0.06005
v -0.62500 0.09900 -0.20000
v -0.62500 0.04900 -0.20000
v -0.58750 0.09900 -0.18995
v -0.58750 0.04900 -0.18995
v -0.66250 0.09900 -0.06005
v -0.62500 0.04900 -0.05000
v -0.62500 0.09900 -0.05000
v -0.58750 0.04900 -0.06005
v -0.56005 0.09900 -0.16250
v -0.56005 0.04900 -0.16250
v -0.58750 0.09900 -0.06005
v -0.56005 0.04900 -0.08750
v -0.66250 0.09900 -0.18995
v -0.68995 0.09900 -0.16250
v -0.68995 0.09900 -0.08750
v -0.70000 0.09900 -0.12500
v -0.66250 0.09900 -0.06005
v -0.56005 0.09900 -0.08750
v -0.62500 0.09900 -0.20000
v -0.62500 0.09900 -0.05000
v -0.58750 0.09900 -0.18995
v -0.58750 0.09900 -0.06005
v -0.56005 0.09900 -0.16250
v -0.56005 0.09900 -0.08750
v -0.55000 0.09900 -0.12500
v -0.55000 0.04900 -0.12500
v -0.55000 0.09900 -0.12500
v -0.66250 0.09900 0.06005
v -0.66250 0.04900 0.06005
v -0.68995 0.04900 0.08750
v -0.68995 0.09900 0.08750
v -0.70000 0.04900 0.12500
v -0.70000 0.09900 0.12500
v -0.68995 0.04900 0.16250
v -0.68995 0.09900 0.16250
v -0.66250 0.04900 0.18995
v -0.62500 0.09900 0.05000
v -0.62500 0.04900 0.05000
v -0.58750 0.09900 0.06005
v -0.58750 0.04900 0.06005
v -0.56005 0.09900 0.08750
v -0.56005 0.04900 0.08750
v -0.58750 0.09900 0.18995
v -0.58750 0.04900 0.18995
v -0.56005 0.04900 0.16250
v -0.66250 0.09900 0.18995
v -0.62500 0.04900 0.20000
v -0.62500 0.09900 0.20000
v -0.68995 0.09900 0.08750
v -0.70000 0.09900 0.12500
v -0.68995 0.09900 0.16250
v -0.66250 0.09900 0.06005
v -0.66250 0.09900 0.18995
v -0.56005 0.09900 0.16250
v -0.62500 0.09900 0.05000
v -0.62500 0.09900 0.20000
v -0.58750 0.09900 0.06005
v -0.58750 0.09900 0.18995
v -0.56005 0.09900 0.08750
v -0.56005 0.09900 0.16250
v -0.55000 0.09900 0.12500
v -0.55000 0.04900 0.12500
v -0.55000 0.09900 0.12500
v -0.68995 0.09900 0.33750
v -0.68995 0.04900 0.33750
v -0.70000 0.04900 0.37500
v -0.66250 0.09900 0.31005
v -0.66250 0.04900 0.31005
v -0.62500 0.09900 0.30000
v -0.62500 0.04900 0.30000
v -0.58750 0.09900 0.31005
v -0.58750 0.04900 0.31005
v -0.56005 0.09900 0.33750
v -0.56005 0.04900 0.33750
v -0.70000 0.09900 0.37500
v -0.68995 0.04900 0.41250
v -0.68995 0.09900 0.41250
v -0.66250 0.04900 0.43995
v -0.66250 0.09900 0.43995
v -0.62500 0.04900 0.45000
v -0.62500 0.09900 0.45000
v -0.58750 0.04900 0.43995
v -0.58750 0.09900 0.43995
v -0.56005 0.04900 0.41250
v -0.68995 0.09900 0.33750
v -0.68995 0.09900 0.41250
v -0.66250 0.09900 0.31005
v -0.66250 0.09900 0.43995
v -0.62500 0.09900 0.30000
v -0.62500 0.09900 0.45000
v -0.58750 0.09900 0.31005
v -0.58750 0.09900 0.43995
v -0.56005 0.09900 0.33750
v -0.70000 0.09900 0.37500
v -0.56005 0.09900 0.41250
v -0.56005 0.09900 0.41250
v -0.55000 0.09900 0.37500
v -0.55000 0.04900 0.37500
v -0.55000 0.09900 0.37500
v -0.68995 0.09900 0.58750
v -0.68995 0.04900 0.58750
v -0.70000 0.04900 0.62500
v -0.70000 0.09900 0.62500
v -0.68995 0.04900 0.66250
v -0.66250 0.09900 0.56005
v -0.66250 0.04900 0.56005
v -0.68995 0.09900 0.66250
v -0.66250 0.04900 0.68995
v -0.62500 0.09900 0.55000
v -0.62500 0.04900 0.55000
v -0.58750 0.09900 0.56005
v -0.58750 0.04900 0.56005
v -0.66250 0.09900 0.68995
v -0.62500 0.04900 0.70000
v -0.62500 0.09900 0.70000
v -0.58750 0.04900 0.68995
v -0.56005 0.09900 0.58750
v -0.56005 0.04900 0.58750
v -0.58750 0.09900 0.68995
v -0.56005 0.04900 0.66250
v -0.68995 0.09900 0.58750
v -0.68995 0.09900 0.66250
v -0.66250 0.09900 0.56005
v -0.70000 0.09900 0.62500
v -0.66250 0.09900 0.68995
v -0.56005 0.09900 0.66250
v -0.62500 0.09900 0.55000
v -0.62500 0.09900 0.70000
v -0.58750 0.09900 0.56005
v -0.58750 0.09900 0.68995
v -0.56005 0.09900 0.58750
v -0.56005 0.09900 0.66250
v -0.55000 0.09900 0.62500
v -0.55000 0.04900 0.62500
v -0.55000 0.09900 0.62500
v -0.66250 0.09900 0.81005
v -0.66250 0.04900 0.81005
v -0.68995 0.04900 0.83750
v -0.68995 0.09900 0.83750
v -0.70000 0.04900 0.87500
v -0.70000 0.09900 0.87500
v -0.68995 0.04900 0.91250
v -0.68995 0.09900 0.91250
v -0.66250 0.04900 0.93995
v -0.62500 0.09900 0.80000
v -0.62500 0.04900 0.80000
v -0.58750 0.09900 0.81005
v -0.58750 0.04900 0.81005
v -0.56005 0.09900 0.83750
v -0.56005 0.04900 0.83750
v -0.58750 0.09900 0.93995
v -0.58750 0.04900 0.93995
v -0.56005 0.04900 0.91250
v -0.66250 0.09900 0.93995
v -0.62500 0.04900 0.95000
v -0.62500 0.09900 0.95000
v -0.68995 0.09900 0.83750
v -0.70000 0.09900 0.87500
v -0.68995 0.09900 0.91250
v -0.66250 0.09900 0.81005
v -0.66250 0.09900 0.93995
v -0.56005 0.09900 0.91250
v -0.62500 0.09900 0.80000
v -0.62500 0.09900 0.95000
v -0.58750 0.09900 0.81005
v -0.58750 0.09900 0.93995
v -0.56005 0.09900 0.83750
v -0.56005 0.09900 0.91250
v -0.55000 0.09900 0.87500
v -0.55000 0.04900 0.87500
v -0.55000 0.09900 0.87500
v -0.68995 0.09900 1.08750
v -0.68995 0.04900 1.08750
v -0.70000 0.04900 1.12500
v -0.66250 0.09900 1.06005
v -0.66250 0.04900 1.06005
v -0.62500 0.09900 1.05000
v -0.62500 0.04900 1.05000
v -0.58750 0.09900 1.06005
v -0.58750 0.04900 1.06005
v -0.56005 0.09900 1.08750
v -0.56005 0.04900 1.08750
v -0.70000 0.09900 1.12500
v -0.68995 0.04900 1.16250
v -0.68995 0.09900 1.16250
v -0.66250 0.04900 1.18995
v -0.66250 0.09900 1.18995
v -0.62500 0.04900 1.20000
v -0.62500 0.09900 1.20000
v -0.58750 0.04900 1.18995
v -0.58750 0.09900 1.18995
v -0.56005 0.04900 1.16250
v -0.68995 0.09900 1.08750
v -0.68995 0.09900 1.16250
v -0.66250 0.09900 1.06005
v -0.66250 0.09900 1.18995
v -0.62500 0.09900 1.05000
v -0.62500 0.09900 1.20000
v -0.58750 0.09900 1.06005
v -0.58750 0.09900 1.18995
v -0.56005 0.09900 1.08750
v -0.70000 0.09900 1.12500
v -0.56005 0.09900 1.16250
v -0.56005 0.09900 1.16250
v -0.55000 0.09900 1.12500
v -0.55000 0.04900 1.12500
v -0.55000 0.09900 1.12500
v -0.68995 0.09900 1.33750
v -0.68995 0.04900 1.33750
v -0.70000 0.04900 1.37500
v -0.70000 0.09900 1.37500
v -0.68995 0.04900 1.41250
v -0.66250 0.09900 1.31005
v -0.66250 0.04900 1.31005
v -0.68995 0.09900 1.41250
v -0.66250 0.04900 1.43995
v -0.62500 0.09900 1.30000
v -0.62500 0.04900 1.30000
v -0.58750 0.09900 1.31005
v -0.58750 0.04900 1.31005
v -0.66250 0.09900 1.43995
v -0.62500 0.04900 1.45000
v -0.62500 0.09900 1.45000
v -0.58750 0.04900 1.43995
v -0.56005 0.09900 1.33750
v -0.56005 0.04900 1.33750
v -0.58750 0.09900 1.43995
v -0.56005 0.04900 1.41250
v -0.68995 0.09900 1.33750
v -0.68995 0.09900 1.41250
v -0.66250 0.09900 1.31005
v -0.70000 0.09900 1.37500
v -0.66250 0.09900 1.43995
v -0.56005 0.09900 1.41250
v -0.62500 0.09900 1.30000
v -0.62500 0.09900 1.45000
v -0.58750 0.09900 1.31005
v -0.58750 0.09900 1.43995
v -0.56005 0.09900 1.33750
v -0.56005 0.09900 1.41250
v -0.55000 0.09900 1.37500
v -0.55000 0.04900 1.37500
v -0.55000 0.09900 1.37500
v -0.41250 0.09900 -1.43995
v -0.41250 0.04900 -1.43995
v -0.43995 0.04900 -1.41250
v -0.45000 0.09900 -1.37500
v -0.45000 0.04900 -1.37500
v -0.43995 0.04900 -1.33750
v -0.43995 0.09900 -1.41250
v -0.43995 0.09900 -1.33750
v -0.41250 0.04900 -1.31005
v -0.37500 0.09900 -1.45000
v -0.37500 0.04900 -1.45000
v -0.41250 0.09900 -1.31005
v -0.37500 0.04900 -1.30000
v -0.37500 0.09900 -1.30000
v -0.43995 0.09900 -1.41250
v -0.45000 0.09900 -1.37500
v -0.43995 0.09900 -1.33750
v -0.41250 0.09900 -1.43995
v -0.41250 0.09900 -1.31005
v -0.37500 0.09900 -1.45000
v -0.37500 0.09900 -1.30000
v -0.33750 0.09900 -1.43995
v -0.33750 0.04900 -1.43995
v -0.33750 0.09900 -1.31005
v -0.33750 0.04900 -1.31005
v -0.31005 0.04900 -1.33750
v -0.31005 0.09900 -1.41250
v -0.31005 0.04900 -1.41250
v -0.31005 0.09900 -1.33750
v -0.30000 0.04900 -1.37500
v -0.30000 0.09900 -1.37500
v -0.33750 0.09900 -1.43995
v -0.33750 0.09900 -1.31005
v -0.31005 0.09900 -1.41250
v -0.31005 0.09900 -1.33750
v -0.30000 0.09900 -1.37500
v -0.41250 0.09900 -1.18995
v -0.41250 0.04900 -1.18995
v -0.43995 0.04900 -1.16250
v -0.43995 0.09900 -1.16250
v -0.45000 0.04900 -1.12500
v -0.37500 0.09900 -1.20000
v -0.37500 0.04900 -1.20000
v -0.45000 0.09900 -1.12500
v -0.43995 0.04900 -1.08750
v -0.43995 0.09900 -1.08750
v -0.41250 0.04900 -1.06005
v -0.41250 0.09900 -1.06005
v -0.37500 0.04900 -1.05000
v -0.43995 0.09900 -1.16250
v -0.45000 0.09900 -1.12500
v -0.43995 0.09900 -1.08750
v -0.41250 0.09900 -1.18995
v -0.41250 0.09900 -1.06005
v -0.37500 0.09900 -1.20000
v -0.37500 0.09900 -1.05000
v -0.37500 0.09900 -1.05000
v -0.33750 0.09900 -1.18995
v -0.33750 0.04900 -1.18995
v -0.31005 0.09900 -1.16250
v -0.31005 0.04900 -1.16250
v -0.30000 0.09900 -1.12500
v -0.30000 0.04900 -1.12500
v -0.33750 0.04900 -1.06005
v -0.33750 0.09900 -1.06005
v -0.31005 0.04900 -1.08750
v -0.31005 0.09900 -1.08750
v -0.33750 0.09900 -1.18995
v -0.33750 0.09900 -1.06005
v -0.31005 0.09900 -1.16250
v -0.31005 0.09900 -1.08750
v -0.30000 0.09900 -1.12500
v -0.37500 0.09900 -0.95000
v -0.37500 0.04900 -0.95000
v -0.41250 0.04900 -0.93995
v -0.45000 0.09900 -0.87500
v -0.45000 0.04900 -0.87500
v -0.43995 0.04900 -0.83750
v -0.43995 0.09900 -0.91250
v -0.43995 0.04900 -0.91250
v -0.41250 0.09900 -0.93995
v -0.43995 0.09900 -0.83750
v -0.41250 0.04900 -0.81005
v -0.41250 0.09900 -0.81005
v -0.37500 0.04900 -0.80000
v -0.37500 0.09900 -0.80000
v -0.43995 0.09900 -0.91250
v -0.43995 0.09900 -0.83750
v -0.41250 0.09900 -0.93995
v -0.45000 0.09900 -0.87500
v -0.41250 0.09900 -0.81005
v -0.37500 0.09900 -0.95000
v -0.37500 0.09900 -0.80000
v -0.33750 0.09900 -0.93995
v -0.33750 0.04900 -0.93995
v -0.33750 0.04900 -0.81005
v -0.33750 0.09900 -0.81005
v -0.31005 0.04900 -0.83750
v -0.31005 0.09900 -0.91250
v -0.31005 0.04900 -0.91250
v -0.31005 0.09900 -0.83750
v -0.30000 0.04900 -0.87500
v -0.30000 0.09900 -0.87500
v -0.33750 0.09900 -0.93995
v -0.33750 0.09900 -0.81005
v -0.31005 0.09900 -0.91250
v -0.31005 0.09900 -0.83750
v -0.30000 0.09900 -0.87500
v -0.41250 0.09900 -0.68995
v -0.41250 0.04900 -0.68995
v -0.43995 0.04900 -0.66250
v -0.45000 0.09900 -0.62500
v -0.45000 0.04900 -0.62500
v -0.43995 0.04900 -0.58750
v -0.43995 0.09900 -0.66250
v -0.43995 0.09900 -0.58750
v -0.41250 0.04900 -0.56005
v -0.37500 0.09900 -0.70000
v -0.37500 0.04900 -0.70000
v -0.41250 0.09900 -0.56005
v -0.37500 0.04900 -0.55000
v -0.37500 0.09900 -0.55000
v -0.43995 0.09900 -0.66250
v -0.45000 0.09900 -0.62500
v -0.43995 0.09900 -0.58750
v -0.41250 0.09900 -0.68995
v -0.41250 0.09900 -0.56005
v -0.37500 0.09900 -0.70000
v -0.37500 0.09900 -0.55000
v -0.33750 0.09900 -0.68995
v -0.33750 0.04900 -0.68995
v -0.33750 0.09900 -0.56005
v -0.33750 0.04900 -0.56005
v -0.31005 0.04900 -0.58750
v -0.31005 0.09900 -0.66250
v -0.31005 0.04900 -0.66250
v -0.31005 0.09900 -0.58750
v -0.30000 0.04900 -0.62500
v -0.30000 0.09900 -0.62500
v -0.33750 0.09900 -0.68995
v -0.33750 0.09900 -0.56005
v -0.31005 0.09900 -0.66250
v -0.31005 0.09900 -0.58750
v -0.30000 0.09900 -0.62500
v -0.41250 0.09900 -0.43995
v -0.41250 0.04900 -0.43995
v -0.43995 0.04900 -0.41250
v -0.43995 0.09900 -0.41250
v -0.45000 0.04900 -0.37500
v -0.37500 0.09900 -0.45000
v -0.37500 0.04900 -0.45000
v -0.45000 0.09900 -0.37500
v -0.43995 0.04900 -0.33750
v -0.43995 0.09900 -0.33750
v -0.41250 0.04900 -0.31005
v -0.41250 0.09900 -0.31005
v -0.37500 0.04900 -0.30000
v -0.43995 0.09900 -0.41250
v -0.45000 0.09900 -0.37500
v -0.43995 0.09900 -0.33750
v -0.41250 0.09900 -0.43995
v -0.41250 0.09900 -0.31005
v -0.37500 0.09900 -0.45000
v -0.37500 0.09900 -0.30000
v -0.37500 0.09900 -0.30000
v -0.33750 0.09900 -0.43995
v -0.33750 0.04900 -0.43995
v -0.31005 0.09900 -0.41250
v -0.31005 0.04900 -0.41250
v -0.30000 0.09900 -0.37500
v -0.30000 0.04900 -0.37500
v -0.33750 0.04900 -0.31005
v -0.33750 0.09900 -0.31005
v -0.31005 0.04900 -0.33750
v -0.31005 0.09900 -0.33750
v -0.33750 0.09900 -0.43995
v -0.33750 0.09900 -0.31005
v -0.31005 0.09900 -0.41250
v -0.31005 0.09900 -0.33750
v -0.30000 0.09900 -0.37500
v -0.37500 0.09900 -0.20000
v -0.37500 0.04900 -0.20000
v -0.41250 0.04900 -0.18995
v -0.45000 0.09900 -0.12500
v -0.45000 0.04900 -0.12500
v -0.43995 0.04900 -0.08750
v -0.43995 0.09900 -0.16250
v -0.43995 0.04900 -0.16250
v -0.41250 0.09900 -0.18995
v -0.43995 0.09900 -0.08750
v -0.41250 0.04900 -0.06005
v -0.41250 0.09900 -0.06005
v -0.37500 0.04900 -0.05000
v -0.37500 0.09900 -0.05000
v -0.43995 0.09900 -0.16250
v -0.43995 0.09900 -0.08750
v -0.41250 0.09900 -0.18995
v -0.45000 0.09900 -0.12500
v -0.41250 0.09900 -0.06005
v -0.37500 0.09900 -0.20000
v -0.37500 0.09900 -0.05000
v -0.33750 0.09900 -0.18995
v -0.33750 0.04900 -0.18995
v -0.33750 0.04900 -0.06005
v -0.33750 0.09900 -0.06005
v -0.31005 0.04900 -0.08750
v -0.31005 0.09900 -0.16250
v -0.31005 0.04900 -0.16250
v -0.31005 0.09900 -0.08750
v -0.30000 0.04900 -0.12500
v -0.30000 0.09900 -0.12500
v -0.33750 0.09900 -0.18995
v -0.33750 0.09900 -0.06005
v -0.31005 0.09900 -0.16250
v -0.31005 0.09900 -0.08750
v -0.30000 0.09900 -0.12500
v -0.41250 0.09900 0.06005
v -0.41250 0.04900 0.06005
v -0.43995 0.04900 0.08750
v -0.45000 0.09900 0.12500
v -0.45000 0.04900 0.12500
v -0.43995 0.04900 0.16250
v -0.43995 0.09900 0.08750
v -0.43995 0.09900 0.16250
v -0.41250 0.04900 0.18995
v -0.37500 0.09900 0.05000
v -0.37500 0.04900 0.05000
v -0.41250 0.09900 0.18995
v -0.37500 0.04900 0.20000
v -0.37500 0.09900 0.20000
v -0.43995 0.09900 0.08750
v -0.45000 0.09900 0.12500
v -0.43995 0.09900 0.16250
v -0.41250 0.09900 0.06005
v -0.41250 0.09900 0.18995
v -0.37500 0.09900 0.05000
v -0.37500 0.09900 0.20000
v -0.33750 0.09900 0.06005
v -0.33750 0.04900 0.06005
v -0.33750 0.09900 0.18995
v -0.33750 0.04900 0.18995
v -0.31005 0.04900 0.16250
v -0.31005 0.09900 0.08750
v -0.31005 0.04900 0.08750
v -0.31005 0.09900 0.16250
v -0.30000 0.04900 0.12500
v -0.30000 0.09900 0.12500
v -0.33750 0.09900 0.06005
v -0.33750 0.09900 0.18995
v -0.31005 0.09900 0.08750
v -0.31005 0.09900 0.16250
v -0.30000 0.09900 0.12500
v -0.41250 0.09900 0.31005
v -0.41250 0.04900 0.31005
v -0.43995 0.04900 0.33750
v -0.43995 0.09900 0.33750
v -0.45000 0.04900 0.37500
v -0.37500 0.09900 0.30000
v -0.37500 0.04900 0.30000
v -0.45000 0.09900 0.37500
v -0.43995 0.04900 0.41250
v -0.43995 0.09900 0.41250
v -0.41250 0.04900 0.43995
v -0.41250 0.09900 0.43995
v -0.37500 0.04900 0.45000
v -0.43995 0.09900 0.33750
v -0.43995 0.09900 0.41250
v -0.41250 0.09900 0.31005
v -0.41250 0.09900 0.43995
v -0.37500 0.09900 0.30000
v -0.37500 0.09900 0.45000
v -0.45000 0.09900 0.37500
v -0.37500 0.09900 0.45000
v -0.33750 0.09900 0.31005
v -0.33750 0.04900 0.31005
v -0.31005 0.09900 0.33750
v -0.31005 0.04900 0.33750
v -0.30000 0.09900 0.37500
v -0.30000 0.04900 0.37500
v -0.33750 0.04900 0.43995
v -0.33750 0.09900 0.43995
v -0.31005 0.04900 0.41250
v -0.31005 0.09900 0.41250
v -0.33750 0.09900 0.31005
v -0.33750 0.09900 0.43995
v -0.31005 0.09900 0.33750
v -0.31005 0.09900 0.41250
v -0.30000 0.09900 0.37500
v -0.37500 0.09900 0.55000
v -0.37500 0.04900 0.55000
v -0.41250 0.04900 0.56005
v -0.45000 0.09900 0.62500
v -0.45000 0.04900 0.62500
v -0.43995 0.04900 0.66250
v -0.43995 0.09900 0.58750
v -0.43995 0.04900 0.58750
v -0.41250 0.09900 0.56005
v -0.43995 0.09900 0.66250
v -0.41250 0.04900 0.68995
v -0.41250 0.09900 0.68995
v -0.37500 0.04900 0.70000
v -0.37500 0.09900 0.70000
v -0.43995 0.09900 0.58750
v -0.43995 0.09900 0.66250
v -0.41250 0.09900 0.56005
v -0.45000 0.09900 0.62500
v -0.41250 0.09900 0.68995
v -0.37500 0.09900 0.55000
v -0.37500 0.09900 0.70000
v -0.33750 0.09900 0.56005
v -0.33750 0.04900 0.56005
v -0.33750 0.04900 0.68995
v -0.33750 0.09900 0.68995
v -0.31005 0.04900 0.66250
v -0.31005 0.09900 0.58750
v -0.31005 0.04900 0.58750
v -0.31005 0.09900 0.66250
v -0.30000 0.04900 0.62500
v -0.30000 0.09900 0.62500
v -0.33750 0.09900 0.56005
v -0.33750 0.09900 0.68995
v -0.31005 0.09900 0.58750
v -0.31005 0.09900 0.66250
v -0.30000 0.09900 0.62500
v -0.41250 0.09900 0.81005
v -0.41250 0.04900 0.81005
v -0.43995 0.04900 0.83750
v -0.45000 0.09900 0.87500
v -0.45000 0.04900 0.87500
v -0.43995 0.04900 0.91250
v -0.43995 0.09900 0.83750
v -0.43995 0.09900 0.91250
v -0.41250 0.04900 0.93995
v -0.37500 0.09900 0.80000
v -0.37500 0.04900 0.80000
v -0.41250 0.09900 0.93995
v -0.37500 0.04900 0.95000
v -0.37500 0.09900 0.95000
v -0.43995 0.09900 0.83750
v -0.45000 0.09900 0.87500
v -0.43995 0.09900 0.91250
v -0.41250 0.09900 0.81005
v -0.41250 0.09900 0.93995
v -0.37500 0.09900 0.80000
v -0.37500 0.09900 0.95000
v -0.33750 0.09900 0.81005
v -0.33750 0.04900 0.81005
v -0.33750 0.09900 0.93995
v -0.33750 0.04900 0.93995
v -0.31005 0.04900 0.91250
v -0.31005 0.09900 0.83750
v -0.31005 0.04900 0.83750
v -0.31005 0.09900 0.91250
v -0.30000 0.04900 0.87500
v -0.30000 0.09900 0.87500
v -0.33750 0.09900 0.81005
v -0.33750 0.09900 0.93995
v -0.31005 0.09900 0.83750
v -0.31005 0.09900 0.91250
v -0.30000 0.09900 0.87500
v -0.41250 0.09900 1.06005
v -0.41250 0.04900 1.06005
v -0.43995 0.04900 1.08750
v -0.43995 0.09900 1.08750
v -0.45000 0.04900 1.12500
v -0.37500 0.09900 1.05000
v -0.37500 0.04900 1.05000
v -0.45000 0.09900 1.12500
v -0.43995 0.04900 1.16250
v -0.43995 0.09900 1.16250
v -0.41250 0.04900 1.18995
v -0.41250 0.09900 1.18995
v -0.37500 0.04900 1.20000
v -0.43995 0.09900 1.08750
v -0.43995 0.09900 1.16250
v -0.41250 0.09900 1.06005
v -0.41250 0.09900 1.18995
v -0.37500 0.09900 1.05000
v -0.37500 0.09900 1.20000
v -0.45000 0.09900 1.12500
v -0.37500 0.09900 1.20000
v -0.33750 0.09900 1.06005
v -0.33750 0.04900 1.06005
v -0.31005 0.09900 1.08750
v -0.31005 0.04900 1.08750
v -0.30000 0.09900 1.12500
v -0.30000 0.04900 1.12500
v -0.33750 0.04900 1.18995
v -0.33750 0.09900 1.18995
v -0.31005 0.04900 1.16250
v -0.31005 0.09900 1.16250
v -0.33750 0.09900 1.06005
v -0.33750 0.09900 1.18995
v -0.31005 0.09900 1.08750
v -0.31005 0.09900 1.16250
v -0.30000 0.09900 1.12500
v -0.37500 0.09900 1.30000
v -0.37500 0.04900 1.30000
v -0.41250 0.04900 1.31005
v -0.45000 0.09900 1.37500
v -0.45000 0.04900 1.37500
v -0.43995 0.04900 1.41250
v -0.43995 0.09900 1.33750
v -0.43995 0.04900 1.33750
v -0.41250 0.09900 1.31005
v -0.43995 0.09900 1.41250
v -0.41250 0.04900 1.43995
v -0.41250 0.09900 1.43995
v -0.37500 0.04900 1.45000
v -0.37500 0.09900 1.45000
v -0.43995 0.09900 1.33750
v -0.43995 0.09900 1.41250
v -0.41250 0.09900 1.31005
v -0.45000 0.09900 1.37500
v -0.41250 0.09900 1.43995
v -0.37500 0.09900 1.30000
v -0.37500 0.09900 1.45000
v -0.33750 0.09900 1.31005
v -0.33750 0.04900 1.31005
v -0.33750 0.04900 1.43995
v -0.33750 0.09900 1.43995
v -0.31005 0.04900 1.41250
v -0.31005 0.09900 1.33750
v -0.31005 0.04900 1.33750
v -0.31005 0.09900 1.41250
v -0.30000 0.04900 1.37500
v -0.30000 0.09900 1.37500
v -0.33750 0.09900 1.31005
v -0.33750 0.09900 1.43995
v -0.31005 0.09900 1.33750
v -0.31005 0.09900 1.41250
v -0.30000 0.09900 1.37500
v -0.18995 0.09900 -1.41250
v -0.18995 0.04900 -1.41250
v -0.20000 0.04900 -1.37500
v -0.20000 0.09900 -1.37500
v -0.18995 0.04900 -1.33750
v -0.18995 0.09900 -1.33750
v -0.20000 0.09900 -1.37500
v -0.18995 0.09900 -1.33750
v -0.18995 0.09900 -1.41250
v -0.16250 0.09900 -1.43995
v -0.16250 0.04900 -1.43995
v -0.16250 0.04900 -1.31005
v -0.12500 0.09900 -1.45000
v -0.12500 0.04900 -1.45000
v -0.08750 0.09900 -1.43995
v -0.08750 0.04900 -1.43995
v -0.16250 0.09900 -1.31005
v -0.12500 0.04900 -1.30000
v -0.12500 0.09900 -1.30000
v -0.08750 0.04900 -1.31005
v -0.06005 0.09900 -1.41250
v -0.06005 0.04900 -1.41250
v -0.08750 0.09900 -1.31005
v -0.06005 0.04900 -1.33750
v -0.05000 0.09900 -1.37500
v -0.05000 0.04900 -1.37500
v -0.06005 0.09900 -1.33750
v -0.16250 0.09900 -1.43995
v -0.16250 0.09900 -1.31005
v -0.12500 0.09900 -1.45000
v -0.12500 0.09900 -1.30000
v -0.08750 0.09900 -1.43995
v -0.08750 0.09900 -1.31005
v -0.06005 0.09900 -1.41250
v -0.06005 0.09900 -1.33750
v -0.05000 0.09900 -1.37500
v -0.18995 0.09900 -1.16250
v -0.18995 0.04900 -1.16250
v -0.20000 0.04900 -1.12500
v -0.20000 0.09900 -1.12500
v -0.18995 0.04900 -1.08750
v -0.20000 0.09900 -1.12500
v -0.18995 0.09900 -1.08750
v -0.18995 0.09900 -1.16250
v -0.18995 0.09900 -1.08750
v -0.16250 0.09900 -1.18995
v -0.16250 0.04900 -1.18995
v -0.12500 0.09900 -1.20000
v -0.12500 0.04900 -1.20000
v -0.08750 0.09900 -1.18995
v -0.08750 0.04900 -1.18995
v -0.06005 0.09900 -1.16250
v -0.06005 0.04900 -1.16250
v -0.05000 0.09900 -1.12500
v -0.05000 0.04900 -1.12500
v -0.16250 0.04900 -1.06005
v -0.16250 0.09900 -1.06005
v -0.12500 0.04900 -1.05000
v -0.12500 0.09900 -1.05000
v -0.08750 0.04900 -1.06005
v -0.08750 0.09900 -1.06005
v -0.06005 0.04900 -1.08750
v -0.06005 0.09900 -1.08750
v -0.16250 0.09900 -1.18995
v -0.16250 0.09900 -1.06005
v -0.12500 0.09900 -1.20000
v -0.12500 0.09900 -1.05000
v -0.08750 0.09900 -1.18995
v -0.08750 0.09900 -1.06005
v -0.06005 0.09900 -1.16250
v -0.06005 0.09900 -1.08750
v -0.05000 0.09900 -1.12500
v -0.18995 0.09900 -0.91250
v -0.18995 0.04900 -0.91250
v -0.20000 0.04900 -0.87500
v -0.20000 0.09900 -0.87500
v -0.18995 0.04900 -0.83750
v -0.18995 0.09900 -0.83750
v -0.18995 0.09900 -0.91250
v -0.20000 0.09900 -0.87500
v -0.18995 0.09900 -0.83750
v -0.12500 0.09900 -0.95000
v -0.12500 0.04900 -0.95000
v -0.16250 0.04900 -0.93995
v -0.08750 0.09900 -0.93995
v -0.08750 0.04900 -0.93995
v -0.16250 0.09900 -0.93995
v -0.16250 0.04900 -0.81005
v -0.16250 0.09900 -0.81005
v -0.12500 0.04900 -0.80000
v -0.12500 0.09900 -0.80000
v -0.08750 0.04900 -0.81005
v -0.06005 0.09900 -0.91250
v -0.06005 0.04900 -0.91250
v -0.05000 0.09900 -0.87500
v -0.05000 0.04900 -0.87500
v -0.06005 0.09900 -0.83750
v -0.06005 0.04900 -0.83750
v -0.08750 0.09900 -0.81005
v -0.16250 0.09900 -0.93995
v -0.16250 0.09900 -0.81005
v -0.12500 0.09900 -0.95000
v -0.12500 0.09900 -0.80000
v -0.08750 0.09900 -0.93995
v -0.08750 0.09900 -0.81005
v -0.06005 0.09900 -0.91250
v -0.06005 0.09900 -0.83750
v -0.05000 0.09900 -0.87500
v -0.18995 0.09900 -0.66250
v -0.18995 0.04900 -0.66250
v -0.20000 0.04900 -0.62500
v -0.20000 0.09900 -0.62500
v -0.18995 0.04900 -0.58750
v -0.18995 0.09900 -0.58750
v -0.18995 0.09900 -0.66250
v -0.20000 0.09900 -0.62500
v -0.18995 0.09900 -0.58750
v -0.16250 0.09900 -0.68995
v -0.16250 0.04900 -0.68995
v -0.16250 0.04900 -0.56005
v -0.12500 0.09900 -0.70000
v -0.12500 0.04900 -0.70000
v -0.08750 0.09900 -0.68995
v -0.08750 0.04900 -0.68995
v -0.16250 0.09900 -0.56005
v -0.12500 0.04900 -0.55000
v -0.12500 0.09900 -0.55000
v -0.08750 0.04900 -0.56005
v -0.06005 0.09900 -0.66250
v -0.06005 0.04900 -0.66250
v -0.08750 0.09900 -0.56005
v -0.06005 0.04900 -0.58750
v -0.05000 0.09900 -0.62500
v -0.05000 0.04900 -0.62500
v -0.06005 0.09900 -0.58750
v -0.16250 0.09900 -0.68995
v -0.16250 0.09900 -0.56005
v -0.12500 0.09900 -0.70000
v -0.12500 0.09900 -0.55000
v -0.08750 0.09900 -0.68995
v -0.08750 0.09900 -0.56005
v -0.06005 0.09900 -0.66250
v -0.06005 0.09900 -0.58750
v -0.05000 0.09900 -0.62500
v -0.18995 0.09900 -0.41250
v -0.18995 0.04900 -0.41250
v -0.20000 0.04900 -0.37500
v -0.20000 0.09900 -0.37500
v -0.18995 0.04900 -0.33750
v -0.20000 0.09900 -0.37500
v -0.18995 0.09900 -0.33750
v -0.18995 0.09900 -0.41250
v -0.18995 0.09900 -0.33750
v -0.16250 0.09900 -0.43995
v -0.16250 0.04900 -0.43995
v -0.12500 0.09900 -0.45000
v -0.12500 0.04900 -0.45000
v -0.08750 0.09900 -0.43995
v -0.08750 0.04900 -0.43995
v -0.06005 0.09900 -0.41250
v -0.06005 0.04900 -0.41250
v -0.05000 0.09900 -0.37500
v -0.05000 0.04900 -0.37500
v -0.16250 0.04900 -0.31005
v -0.16250 0.09900 -0.31005
v -0.12500 0.04900 -0.30000
v -0.12500 0.09900 -0.30000
v -0.08750 0.04900 -0.31005
v -0.08750 0.09900 -0.31005
v -0.06005 0.04900 -0.33750
v -0.06005 0.09900 -0.33750
v -0.16250 0.09900 -0.43995
v -0.16250 0.09900 -0.31005
v -0.12500 0.09900 -0.45000
v -0.12500 0.09900 -0.30000
v -0.08750 0.09900 -0.43995
v -0.08750 0.09900 -0.31005
v -0.06005 0.09900 -0.41250
v -0.06005 0.09900 -0.33750
v -0.05000 0.09900 -0.37500
v -0.18995 0.09900 -0.16250
v -0.18995 0.04900 -0.16250
v -0.20000 0.04900 -0.12500
v -0.20000 0.09900 -0.12500
v -0.18995 0.04900 -0.08750
v -0.18995 0.09900 -0.08750
v -0.20000 0.09900 -0.12500
v -0.18995 0.09900 -0.08750
v -0.18995 0.09900 -0.16250
v -0.12500 0.09900 -0.20000
v -0.12500 0.04900 -0.20000
v -0.16250 0.04900 -0.18995
v -0.08750 0.09900 -0.18995
v -0.08750 0.04900 -0.18995
v -0.16250 0.09900 -0.18995
v -0.16250 0.04900 -0.06005
v -0.16250 0.09900 -0.06005
v -0.12500 0.04900 -0.05000
v -0.12500 0.09900 -0.05000
v -0.08750 0.04900 -0.06005
v -0.06005 0.09900 -0.16250
v -0.06005 0.04900 -0.16250
v -0.05000 0.09900 -0.12500
v -0.05000 0.04900 -0.12500
v -0.06005 0.09900 -0.08750
v -0.06005 0.04900 -0.08750
v -0.08750 0.09900 -0.06005
v -0.16250 0.09900 -0.18995
v -0.16250 0.09900 -0.06005
v -0.12500 0.09900 -0.20000
v -0.12500 0.09900 -0.05000
v -0.08750 0.09900 -0.18995
v -0.08750 0.09900 -0.06005
v -0.06005 0.09900 -0.16250
v -0.06005 0.09900 -0.08750
v -0.05000 0.09900 -0.12500
v -0.18995 0.09900 0.08750
v -0.18995 0.04900 0.08750
v -0.20000 0.04900 0.12500
v -0.20000 0.09900 0.12500
v -0.18995 0.04900 0.16250
v -0.18995 0.09900 0.16250
v -0.18995 0.09900 0.08750
v -0.20000 0.09900 0.12500
v -0.18995 0.09900 0.16250
v -0.16250 0.09900 0.06005
v -0.16250 0.04900 0.06005
v -0.16250 0.04900 0.18995
v -0.12500 0.09900 0.05000
v -0.12500 0.04900 0.05000
v -0.08750 0.09900 0.06005
v -0.08750 0.04900 0.06005
v -0.16250 0.09900 0.18995
v -0.12500 0.04900 0.20000
v -0.12500 0.09900 0.20000
v -0.08750 0.04900 0.18995
v -0.06005 0.09900 0.08750
v -0.06005 0.04900 0.08750
v -0.08750 0.09900 0.18995
v -0.06005 0.04900 0.16250
v -0.05000 0.09900 0.12500
v -0.05000 0.04900 0.12500
v -0.06005 0.09900 0.16250
v -0.16250 0.09900 0.06005
v -0.16250 0.09900 0.18995
v -0.12500 0.09900 0.05000
v -0.12500 0.09900 0.20000
v -0.08750 0.09900 0.06005
v -0.08750 0.09900 0.18995
v -0.06005 0.09900 0.08750
v -0.06005 0.09900 0.16250
v -0.05000 0.09900 0.12500
v -0.18995 0.09900 0.33750
v -0.18995 0.04900 0.33750
v -0.20000 0.04900 0.37500
v -0.20000 0.09900 0.37500
v -0.18995 0.04900 0.41250
v -0.18995 0.09900 0.41250
v -0.18995 0.09900 0.33750
v -0.20000 0.09900 0.37500
v -0.18995 0.09900 0.41250
v -0.16250 0.09900 0.31005
v -0.16250 0.04900 0.31005
v -0.12500 0.09900 0.30000
v -0.12500 0.04900 0.30000
v -0.08750 0.09900 0.31005
v -0.08750 0.04900 0.31005
v -0.06005 0.09900 0.33750
v -0.06005 0.04900 0.33750
v -0.05000 0.09900 0.37500
v -0.05000 0.04900 0.37500
v -0.16250 0.04900 0.43995
v -0.16250 0.09900 0.43995
v -0.12500 0.04900 0.45000
v -0.12500 0.09900 0.45000
v -0.08750 0.04900 0.43995
v -0.08750 0.09900 0.43995
v -0.06005 0.04900 0.41250
v -0.06005 0.09900 0.41250
v -0.16250 0.09900 0.31005
v -0.16250 0.09900 0.43995
v -0.12500 0.09900 0.30000
v -0.12500 0.09900 0.45000
v -0.08750 0.09900 0.31005
v -0.08750 0.09900 0.43995
v -0.06005 0.09900 0.33750
v -0.06005 0.09900 0.41250
v -0.05000 0.09900 0.37500
v -0.18995 0.09900 0.58750
v -0.18995 0.04900 0.58750
v -0.20000 0.04900 0.62500
v -0.20000 0.09900 0.62500
v -0.18995 0.04900 0.66250
v -0.18995 0.09900 0.66250
v -0.20000 0.09900 0.62500
v -0.18995 0.09900 0.66250
v -0.18995 0.09900 0.58750
v -0.12500 0.09900 0.55000
v -0.12500 0.04900 0.55000
v -0.16250 0.04900 0.56005
v -0.08750 0.09900 0.56005
v -0.08750 0.04900 0.56005
v -0.16250 0.09900 0.56005
v -0.16250 0.04900 0.68995
v -0.16250 0.09900 0.68995
v -0.12500 0.04900 0.70000
v -0.12500 0.09900 0.70000
v -0.08750 0.04900 0.68995
v -0.06005 0.09900 0.58750
v -0.06005 0.04900 0.58750
v -0.05000 0.09900 0.62500
v -0.05000 0.04900 0.62500
v -0.06005 0.09900 0.66250
v -0.06005 0.04900 0.66250
v -0.08750 0.09900 0.68995
v -0.16250 0.09900 0.56005
v -0.16250 0.09900 0.68995
v -0.12500 0.09900 0.55000
v -0.12500 0.09900 0.70000
v -0.08750 0.09900 0.56005
v -0.08750 0.09900 0.68995
v -0.06005 0.09900 0.58750
v -0.06005 0.09900 0.66250
v -0.05000 0.09900 0.62500
v -0.18995 0.09900 0.83750
v -0.18995 0.04900 0.83750
v -0.20000 0.04900 0.87500
v -0.20000 0.09900 0.87500
v -0.18995 0.04900 0.91250
v -0.18995 0.09900 0.91250
v -0.20000 0.09900 0.87500
v -0.18995 0.09900 0.91250
v -0.18995 0.09900 0.83750
v -0.16250 0.09900 0.81005
v -0.16250 0.04900 0.81005
v -0.16250 0.04900 0.93995
v -0.12500 0.09900 0.80000
v -0.12500 0.04900 0.80000
v -0.08750 0.09900 0.81005
v -0.08750 0.04900 0.81005
v -0.16250 0.09900 0.93995
v -0.12500 0.04900 0.95000
v -0.12500 0.09900 0.95000
v -0.08750 0.04900 0.93995
v -0.06005 0.09900 0.83750
v -0.06005 0.04900 0.83750
v -0.08750 0.09900 0.93995
v -0.06005 0.04900 0.91250
v -0.05000 0.09900 0.87500
v -0.05000 0.04900 0.87500
v -0.06005 0.09900 0.91250
v -0.16250 0.09900 0.81005
v -0.16250 0.09900 0.93995
v -0.12500 0.09900 0.80000
v -0.12500 0.09900 0.95000
v -0.08750 0.09900 0.81005
v -0.08750 0.09900 0.93995
v -0.06005 0.09900 0.83750
v -0.06005 0.09900 0.91250
v -0.05000 0.09900 0.87500
v -0.18995 0.09900 1.08750
v -0.18995 0.04900 1.08750
v -0.20000 0.04900 1.12500
v -0.20000 0.09900 1.12500
v -0.18995 0.04900 1.16250
v -0.18995 0.09900 1.16250
v -0.18995 0.09900 1.08750
v -0.20000 0.09900 1.12500
v -0.18995 0.09900 1.16250
v -0.16250 0.09900 1.06005
v -0.16250 0.04900 1.06005
v -0.12500 0.09900 1.05000
v -0.12500 0.04900 1.05000
v -0.08750 0.09900 1.06005
v -0.08750 0.04900 1.06005
v -0.06005 0.09900 1.08750
v -0.06005 0.04900 1.08750
v -0.05000 0.09900 1.12500
v -0.05000 0.04900 1.12500
v -0.16250 0.04900 1.18995
v -0.16250 0.09900 1.18995
v -0.12500 0.04900 1.20000
v -0.12500 0.09900 1.20000
v -0.08750 0.04900 1.18995
v -0.08750 0.09900 1.18995
v -0.06005 0.04900 1.16250
v -0.06005 0.09900 1.16250
v -0.16250 0.09900 1.06005
v -0.16250 0.09900 1.18995
v -0.12500 0.09900 1.05000
v -0.12500 0.09900 1.20000
v -0.08750 0.09900 1.06005
v -0.08750 0.09900 1.18995
v -0.06005 0.09900 1.08750
v -0.06005 0.09900 1.16250
v -0.05000 0.09900 1.12500
v -0.18995 0.09900 1.33750
v -0.18995 0.04900 1.33750
v -0.20000 0.04900 1.37500
v -0.20000 0.09900 1.37500
v -0.18995 0.04900 1.41250
v -0.18995 0.09900 1.41250
v -0.18995 0.09900 1.33750
v -0.20000 0.09900 1.37500
v -0.18995 0.09900 1.41250
v -0.12500 0.09900 1.30000
v -0.12500 0.04900 1.30000
v -0.16250 0.04900 1.31005
v -0.08750 0.09900 1.31005
v -0.08750 0.04900 1.31005
v -0.16250 0.09900 1.31005
v -0.16250 0.04900 1.43995
v -0.16250 0.09900 1.43995
v -0.12500 0.04900 1.45000
v -0.12500 0.09900 1.45000
v -0.08750 0.04900 1.43995
v -0.06005 0.09900 1.33750
v -0.06005 0.04900 1.33750
v -0.05000 0.09900 1.37500
v -0.05000 0.04900 1.37500
v -0.06005 0.09900 1.41250
v -0.06005 0.04900 1.41250
v -0.08750 0.09900 1.43995
v -0.16250 0.09900 1.31005
v -0.16250 0.09900 1.43995
v -0.12500 0.09900 1.30000
v -0.12500 0.09900 1.45000
v -0.08750 0.09900 1.31005
v -0.08750 0.09900 1.43995
v -0.06005 0.09900 1.33750
v -0.06005 0.09900 1.41250
v -0.05000 0.09900 1.37500
v 0.08750 0.09900 -1.43995
v 0.08750 0.04900 -1.43995
v 0.06005 0.04900 -1.41250
v 0.06005 0.09900 -1.41250
v 0.05000 0.04900 -1.37500
v 0.05000 0.09900 -1.37500
v 0.06005 0.04900 -1.33750
v 0.06005 0.09900 -1.33750
v 0.08750 0.04900 -1.31005
v 0.12500 0.09900 -1.45000
v 0.12500 0.04900 -1.45000
v 0.16250 0.09900 -1.43995
v 0.16250 0.04900 -1.43995
v 0.18995 0.09900 -1.41250
v 0.18995 0.04900 -1.41250
v 0.16250 0.09900 -1.31005
v 0.16250 0.04900 -1.31005
v 0.18995 0.04900 -1.33750
v 0.08750 0.09900 -1.31005
v 0.12500 0.04900 -1.30000
v 0.12500 0.09900 -1.30000
v 0.06005 0.09900 -1.41250
v 0.05000 0.09900 -1.37500
v 0.06005 0.09900 -1.33750
v 0.08750 0.09900 -1.43995
v 0.08750 0.09900 -1.31005
v 0.18995 0.09900 -1.33750
v 0.12500 0.09900 -1.45000
v 0.12500 0.09900 -1.30000
v 0.16250 0.09900 -1.43995
v 0.16250 0.09900 -1.31005
v 0.18995 0.09900 -1.41250
v 0.18995 0.09900 -1.33750
v 0.20000 0.09900 -1.37500
v 0.20000 0.04900 -1.37500
v 0.20000 0.09900 -1.37500
v 0.06005 0.09900 -1.16250
v 0.06005 0.04900 -1.16250
v 0.05000 0.04900 -1.12500
v 0.08750 0.09900 -1.18995
v 0.08750 0.04900 -1.18995
v 0.12500 0.09900 -1.20000
v 0.12500 0.04900 -1.20000
v 0.16250 0.09900 -1.18995
v 0.16250 0.04900 -1.18995
v 0.18995 0.09900 -1.16250
v 0.18995 0.04900 -1.16250
v 0.05000 0.09900 -1.12500
v 0.06005 0.04900 -1.08750
v 0.06005 0.09900 -1.08750
v 0.08750 0.04900 -1.06005
v 0.08750 0.09900 -1.06005
v 0.12500 0.04900 -1.05000
v 0.12500 0.09900 -1.05000
v 0.16250 0.04900 -1.06005
v 0.16250 0.09900 -1.06005
v 0.18995 0.04900 -1.08750
v 0.06005 0.09900 -1.16250
v 0.05000 0.09900 -1.12500
v 0.06005 0.09900 -1.08750
v 0.08750 0.09900 -1.18995
v 0.08750 0.09900 -1.06005
v 0.12500 0.09900 -1.20000
v 0.12500 0.09900 -1.05000
v 0.16250 0.09900 -1.18995
v 0.16250 0.09900 -1.06005
v 0.18995 0.09900 -1.16250
v 0.18995 0.09900 -1.08750
v 0.18995 0.09900 -1.08750
v 0.20000 0.09900 -1.12500
v 0.20000 0.04900 -1.12500
v 0.20000 0.09900 -1.12500
v 0.06005 0.09900 -0.91250
v 0.06005 0.04900 -0.91250
v 0.05000 0.04900 -0.87500
v 0.05000 0.09900 -0.87500
v 0.06005 0.04900 -0.83750
v 0.08750 0.09900 -0.93995
v 0.08750 0.04900 -0.93995
v 0.06005 0.09900 -0.83750
v 0.08750 0.04900 -0.81005
v 0.12500 0.09900 -0.95000
v 0.12500 0.04900 -0.95000
v 0.16250 0.09900 -0.93995
v 0.16250 0.04900 -0.93995
v 0.08750 0.09900 -0.81005
v 0.12500 0.04900 -0.80000
v 0.12500 0.09900 -0.80000
v 0.16250 0.04900 -0.81005
v 0.18995 0.09900 -0.91250
v 0.18995 0.04900 -0.91250
v 0.16250 0.09900 -0.81005
v 0.18995 0.04900 -0.83750
v 0.06005 0.09900 -0.91250
v 0.06005 0.09900 -0.83750
v 0.08750 0.09900 -0.93995
v 0.05000 0.09900 -0.87500
v 0.08750 0.09900 -0.81005
v 0.18995 0.09900 -0.83750
v 0.12500 0.09900 -0.95000
v 0.12500 0.09900 -0.80000
v 0.16250 0.09900 -0.93995
v 0.16250 0.09900 -0.81005
v 0.18995 0.09900 -0.91250
v 0.18995 0.09900 -0.83750
v 0.20000 0.09900 -0.87500
v 0.20000 0.04900 -0.87500
v 0.20000 0.09900 -0.87500
v 0.08750 0.09900 -0.68995
v 0.08750 0.04900 -0.68995
v 0.06005 0.04900 -0.66250
v 0.06005 0.09900 -0.66250
v 0.05000 0.04900 -0.62500
v 0.05000 0.09900 -0.62500
v 0.06005 0.04900 -0.58750
v 0.06005 0.09900 -0.58750
v 0.08750 0.04900 -0.56005
v 0.12500 0.09900 -0.70000
v 0.12500 0.04900 -0.70000
v 0.16250 0.09900 -0.68995
v 0.16250 0.04900 -0.68995
v 0.18995 0.09900 -0.66250
v 0.18995 0.04900 -0.66250
v 0.16250 0.09900 -0.56005
v 0.16250 0.04900 -0.56005
v 0.18995 0.04900 -0.58750
v 0.08750 0.09900 -0.56005
v 0.12500 0.04900 -0.55000
v 0.12500 0.09900 -0.55000
v 0.06005 0.09900 -0.66250
v 0.05000 0.09900 -0.62500
v 0.06005 0.09900 -0.58750
v 0.08750 0.09900 -0.68995
v 0.08750 0.09900 -0.56005
v 0.18995 0.09900 -0.58750
v 0.12500 0.09900 -0.70000
v 0.12500 0.09900 -0.55000
v 0.16250 0.09900 -0.68995
v 0.16250 0.09900 -0.56005
v 0.18995 0.09900 -0.66250
v 0.18995 0.09900 -0.58750
v 0.20000 0.09900 -0.62500
v 0.20000 0.04900 -0.62500
v 0.20000 0.09900 -0.62500
v 0.06005 0.09900 -0.41250
v 0.06005 0.04900 -0.41250
v 0.05000 0.04900 -0.37500
v 0.08750 0.09900 -0.43995
v 0.08750 0.04900 -0.43995
v 0.12500 0.09900 -0.45000
v 0.12500 0.04900 -0.45000
v 0.16250 0.09900 -0.43995
v 0.16250 0.04900 -0.43995
v 0.18995 0.09900 -0.41250
v 0.18995 0.04900 -0.41250
v 0.05000 0.09900 -0.37500
v 0.06005 0.04900 -0.33750
v 0.06005 0.09900 -0.33750
v 0.08750 0.04900 -0.31005
v 0.08750 0.09900 -0.31005
v 0.12500 0.04900 -0.30000
v 0.12500 0.09900 -0.30000
v 0.16250 0.04900 -0.31005
v 0.16250 0.09900 -0.31005
v 0.18995 0.04900 -0.33750
v 0.06005 0.09900 -0.41250
v 0.05000 0.09900 -0.37500
v 0.06005 0.09900 -0.33750
v 0.08750 0.09900 -0.43995
v 0.08750 0.09900 -0.31005
v 0.12500 0.09900 -0.45000
v 0.12500 0.09900 -0.30000
v 0.16250 0.09900 -0.43995
v 0.16250 0.09900 -0.31005
v 0.18995 0.09900 -0.41250
v 0.18995 0.09900 -0.33750
v 0.18995 0.09900 -0.33750
v 0.20000 0.09900 -0.37500
v 0.20000 0.04900 -0.37500
v 0.20000 0.09900 -0.37500
v 0.06005 0.09900 -0.16250
v 0.06005 0.04900 -0.16250
v 0.05000 0.04900 -0.12500
v 0.05000 0.09900 -0.12500
v 0.06005 0.04900 -0.08750
v 0.08750 0.09900 -0.18995
v 0.08750 0.04900 -0.18995
v 0.06005 0.09900 -0.08750
v 0.08750 0.04900 -0.06005
v 0.12500 0.09900 -0.20000
v 0.12500 0.04900 -0.20000
v 0.16250 0.09900 -0.18995
v 0.16250 0.04900 -0.18995
v 0.08750 0.09900 -0.06005
v 0.12500 0.04900 -0.05000
v 0.12500 0.09900 -0.05000
v 0.16250 0.04900 -0.06005
v 0.18995 0.09900 -0.16250
v 0.18995 0.04900 -0.16250
v 0.16250 0.09900 -0.06005
v 0.18995 0.04900 -0.08750
v 0.06005 0.09900 -0.16250
v 0.06005 0.09900 -0.08750
v 0.08750 0.09900 -0.18995
v 0.05000 0.09900 -0.12500
v 0.08750 0.09900 -0.06005
v 0.18995 0.09900 -0.08750
v 0.12500 0.09900 -0.20000
v 0.12500 0.09900 -0.05000
v 0.16250 0.09900 -0.18995
v 0.16250 0.09900 -0.06005
v 0.18995 0.09900 -0.16250
v 0.18995 0.09900 -0.08750
v 0.20000 0.09900 -0.12500
v 0.20000 0.04900 -0.12500
v 0.20000 0.09900 -0.12500
v 0.08750 0.09900 0.06005
v 0.08750 0.04900 0.06005
v 0.06005 0.04900 0.08750
v 0.06005 0.09900 0.08750
v 0.05000 0.04900 0.12500
v 0.05000 0.09900 0.12500
v 0.06005 0.04900 0.16250
v 0.06005 0.09900 0.16250
v 0.08750 0.04900 0.18995
v 0.12500 0.09900 0.05000
v 0.12500 0.04900 0.05000
v 0.16250 0.09900 0.06005
v 0.16250 0.04900 0.06005
v 0.18995 0.09900 0.08750
v 0.18995 0.04900 0.08750
v 0.16250 0.09900 0.18995
v 0.16250 0.04900 0.18995
v 0.18995 0.04900 0.16250
v 0.08750 0.09900 0.18995
v 0.12500 0.04900 0.20000
v 0.12500 0.09900 0.20000
v 0.06005 0.09900 0.08750
v 0.05000 0.09900 0.12500
v 0.06005 0.09900 0.16250
v 0.08750 0.09900 0.06005
v 0.08750 0.09900 0.18995
v 0.18995 0.09900 0.16250
v 0.12500 0.09900 0.05000
v 0.12500 0.09900 0.20000
v 0.16250 0.09900 0.06005
v 0.16250 0.09900 0.18995
v 0.18995 0.09900 0.08750
v 0.18995 0.09900 0.16250
v 0.20000 0.09900 0.12500
v 0.20000 0.04900 0.12500
v 0.20000 0.09900 0.12500
v 0.06005 0.09900 0.33750
v 0.06005 0.04900 0.33750
v 0.05000 0.04900 0.37500
v 0.08750 0.09900 0.31005
v 0.08750 0.04900 0.31005
v 0.12500 0.09900 0.30000
v 0.12500 0.04900 0.30000
v 0.16250 0.09900 0.31005
v 0.16250 0.04900 0.31005
v 0.18995 0.09900 0.33750
v 0.18995 0.04900 0.33750
v 0.05000 0.09900 0.37500
v 0.06005 0.04900 0.41250
v 0.06005 0.09900 0.41250
v 0.08750 0.04900 0.43995
v 0.08750 0.09900 0.43995
v 0.12500 0.04900 0.45000
v 0.12500 0.09900 0.45000
v 0.16250 0.04900 0.43995
v 0.16250 0.09900 0.43995
v 0.18995 0.04900 0.41250
v 0.06005 0.09900 0.33750
v 0.06005 0.09900 0.41250
v 0.08750 0.09900 0.31005
v 0.08750 0.09900 0.43995
v 0.12500 0.09900 0.30000
v 0.12500 0.09900 0.45000
v 0.16250 0.09900 0.31005
v 0.16250 0.09900 0.43995
v 0.18995 0.09900 0.33750
v 0.05000 0.09900 0.37500
v 0.18995 0.09900 0.41250
v 0.18995 0.09900 0.41250
v 0.20000 0.09900 0.37500
v 0.20000 0.04900 0.37500
v 0.20000 0.09900 0.37500
v 0.06005 0.09900 0.58750
v 0.06005 0.04900 0.58750
v 0.05000 0.04900 0.62500
v 0.05000 0.09900 0.62500
v 0.06005 0.04900 0.66250
v 0.08750 0.09900 0.56005
v 0.08750 0.04900 0.56005
v 0.06005 0.09900 0.66250
v 0.08750 0.04900 0.68995
v 0.12500 0.09900 0.55000
v 0.12500 0.04900 0.55000
v 0.16250 0.09900 0.56005
v 0.16250 0.04900 0.56005
v 0.08750 0.09900 0.68995
v 0.12500 0.04900 0.70000
v 0.12500 0.09900 0.70000
v 0.16250 0.04900 0.68995
v 0.18995 0.09900 0.58750
v 0.18995 0.04900 0.58750
v 0.16250 0.09900 0.68995
v 0.18995 0.04900 0.66250
v 0.06005 0.09900 0.58750
v 0.06005 0.09900 0.66250
v 0.08750 0.09900 0.56005
v 0.05000 0.09900 0.62500
v 0.08750 0.09900 0.68995
v 0.18995 0.09900 0.66250
v 0.12500 0.09900 0.55000
v 0.12500 0.09900 0.70000
v 0.16250 0.09900 0.56005
v 0.16250 0.09900 0.68995
v 0.18995 0.09900 0.58750
v 0.18995 0.09900 0.66250
v 0.20000 0.09900 0.62500
v 0.20000 0.04900 0.62500
v 0.20000 0.09900 0.62500
v 0.08750 0.09900 0.81005
v 0.08750 0.04900 0.81005
v 0.06005 0.04900 0.83750
v 0.06005 0.09900 0.83750
v 0.05000 0.04900 0.87500
v 0.05000 0.09900 0.87500
v 0.06005 0.04900 0.91250
v 0.06005 0.09900 0.91250
v 0.08750 0.04900 0.93995
v 0.12500 0.09900 0.80000
v 0.12500 0.04900 0.80000
v 0.16250 0.09900 0.81005
v 0.16250 0.04900 0.81005
v 0.18995 0.09900 0.83750
v 0.18995 0.04900 0.83750
v 0.16250 0.09900 0.93995
v 0.16250 0.04900 0.93995
v 0.18995 0.04900 0.91250
v 0.08750 0.09900 0.93995
v 0.12500 0.04900 0.95000
v 0.12500 0.09900 0.95000
v 0.06005 0.09900 0.83750
v 0.05000 0.09900 0.87500
v 0.06005 0.09900 0.91250
v 0.08750 0.09900 0.81005
v 0.08750 0.09900 0.93995
v 0.18995 0.09900 0.91250
v 0.12500 0.09900 0.80000
v 0.12500 0.09900 0.95000
v 0.16250 0.09900 0.81005
v 0.16250 0.09900 0.93995
v 0.18995 0.09900 0.83750
v 0.18995 0.09900 0.91250
v 0.20000 0.09900 0.87500
v 0.20000 0.04900 0.87500
v 0.20000 0.09900 0.87500
v 0.06005 0.09900 1.08750
v 0.06005 0.04900 1.08750
v 0.05000 0.04900 1.12500
v 0.08750 0.09900 1.06005
v 0.08750 0.04900 1.06005
v 0.12500 0.09900 1.05000
v 0.12500 0.04900 1.05000
v 0.16250 0.09900 1.06005
v 0.16250 0.04900 1.06005
v 0.18995 0.09900 1.08750
v 0.18995 0.04900 1.08750
v 0.05000 0.09900 1.12500
v 0.06005 0.04900 1.16250
v 0.06005 0.09900 1.16250
v 0.08750 0.04900 1.18995
v 0.08750 0.09900 1.18995
v 0.12500 0.04900 1.20000
v 0.12500 0.09900 1.20000
v 0.16250 0.04900 1.18995
v 0.16250 0.09900 1.18995
v 0.18995 0.04900 1.16250
v 0.06005 0.09900 1.08750
v 0.06005 0.09900 1.16250
v 0.08750 0.09900 1.06005
v 0.08750 0.09900 1.18995
v 0.12500 0.09900 1.05000
v 0.12500 0.09900 1.20000
v 0.16250 0.09900 1.06005
v 0.16250 0.09900 1.18995
v 0.18995 0.09900 1.08750
v 0.05000 0.09900 1.12500
v 0.18995 0.09900 1.16250
v 0.18995 0.09900 1.16250
v 0.20000 0.09900 1.12500
v 0.20000 0.04900 1.12500
v 0.20000 0.09900 1.12500
v 0.06005 0.09900 1.33750
v 0.06005 0.04900 1.33750
v 0.05000 0.04900 1.37500
v 0.05000 0.09900 1.37500
v 0.06005 0.04900 1.41250
v 0.08750 0.09900 1.31005
v 0.08750 0.04900 1.31005
v 0.06005 0.09900 1.41250
v 0.08750 0.04900 1.43995
v 0.12500 0.09900 1.30000
v 0.12500 0.04900 1.30000
v 0.16250 0.09900 1.31005
v 0.16250 0.04900 1.31005
v 0.08750 0.09900 1.43995
v 0.12500 0.04900 1.45000
v 0.12500 0.09900 1.45000
v 0.16250 0.04900 1.43995
v 0.18995 0.09900 1.33750
v 0.18995 0.04900 1.33750
v 0.16250 0.09900 1.43995
v 0.18995 0.04900 1.41250
v 0.06005 0.09900 1.33750
v 0.06005 0.09900 1.41250
v 0.08750 0.09900 1.31005
v 0.05000 0.09900 1.37500
v 0.08750 0.09900 1.43995
v 0.18995 0.09900 1.41250
v 0.12500 0.09900 1.30000
v 0.12500 0.09900 1.45000
v 0.16250 0.09900 1.31005
v 0.16250 0.09900 1.43995
v 0.18995 0.09900 1.33750
v 0.18995 0.09900 1.41250
v 0.20000 0.09900 1.37500
v 0.20000 0.04900 1.37500
v 0.20000 0.09900 1.37500
v 0.30000 0.09900 -1.37500
v 0.30000 0.04900 -1.37500
v 0.31005 0.04900 -1.33750
v 0.31005 0.09900 -1.41250
v 0.31005 0.04900 -1.41250
v 0.31005 0.09900 -1.33750
v 0.33750 0.04900 -1.31005
v 0.33750 0.09900 -1.43995
v 0.33750 0.04900 -1.43995
v 0.37500 0.09900 -1.45000
v 0.37500 0.04900 -1.45000
v 0.33750 0.09900 -1.31005
v 0.37500 0.04900 -1.30000
v 0.37500 0.09900 -1.30000
v 0.30000 0.09900 -1.37500
v 0.31005 0.09900 -1.33750
v 0.31005 0.09900 -1.41250
v 0.33750 0.09900 -1.43995
v 0.33750 0.09900 -1.31005
v 0.37500 0.09900 -1.45000
v 0.37500 0.09900 -1.30000
v 0.41250 0.09900 -1.43995
v 0.41250 0.04900 -1.43995
v 0.43995 0.09900 -1.41250
v 0.43995 0.04900 -1.41250
v 0.41250 0.09900 -1.31005
v 0.41250 0.04900 -1.31005
v 0.43995 0.04900 -1.33750
v 0.43995 0.09900 -1.33750
v 0.45000 0.04900 -1.37500
v 0.45000 0.09900 -1.37500
v 0.41250 0.09900 -1.43995
v 0.41250 0.09900 -1.31005
v 0.43995 0.09900 -1.41250
v 0.43995 0.09900 -1.33750
v 0.45000 0.09900 -1.37500
v 0.31005 0.09900 -1.16250
v 0.31005 0.04900 -1.16250
v 0.30000 0.04900 -1.12500
v 0.33750 0.09900 -1.18995
v 0.33750 0.04900 -1.18995
v 0.37500 0.09900 -1.20000
v 0.37500 0.04900 -1.20000
v 0.30000 0.09900 -1.12500
v 0.31005 0.04900 -1.08750
v 0.31005 0.09900 -1.08750
v 0.33750 0.04900 -1.06005
v 0.33750 0.09900 -1.06005
v 0.37500 0.04900 -1.05000
v 0.30000 0.09900 -1.12500
v 0.31005 0.09900 -1.08750
v 0.31005 0.09900 -1.16250
v 0.33750 0.09900 -1.18995
v 0.33750 0.09900 -1.06005
v 0.37500 0.09900 -1.20000
v 0.37500 0.09900 -1.05000
v 0.37500 0.09900 -1.05000
v 0.41250 0.09900 -1.18995
v 0.41250 0.04900 -1.18995
v 0.43995 0.09900 -1.16250
v 0.43995 0.04900 -1.16250
v 0.45000 0.09900 -1.12500
v 0.45000 0.04900 -1.12500
v 0.41250 0.04900 -1.06005
v 0.43995 0.09900 -1.08750
v 0.43995 0.04900 -1.08750
v 0.41250 0.09900 -1.06005
v 0.41250 0.09900 -1.18995
v 0.41250 0.09900 -1.06005
v 0.43995 0.09900 -1.16250
v 0.43995 0.09900 -1.08750
v 0.45000 0.09900 -1.12500
v 0.37500 0.09900 -0.95000
v 0.37500 0.04900 -0.95000
v 0.33750 0.04900 -0.93995
v 0.30000 0.09900 -0.87500
v 0.30000 0.04900 -0.87500
v 0.31005 0.04900 -0.83750
v 0.31005 0.09900 -0.91250
v 0.31005 0.04900 -0.91250
v 0.31005 0.09900 -0.83750
v 0.33750 0.04900 -0.81005
v 0.33750 0.09900 -0.93995
v 0.33750 0.09900 -0.81005
v 0.37500 0.04900 -0.80000
v 0.37500 0.09900 -0.80000
v 0.31005 0.09900 -0.91250
v 0.31005 0.09900 -0.83750
v 0.33750 0.09900 -0.93995
v 0.30000 0.09900 -0.87500
v 0.33750 0.09900 -0.81005
v 0.37500 0.09900 -0.95000
v 0.37500 0.09900 -0.80000
v 0.41250 0.09900 -0.93995
v 0.41250 0.04900 -0.93995
v 0.41250 0.04900 -0.81005
v 0.43995 0.09900 -0.91250
v 0.43995 0.04900 -0.91250
v 0.43995 0.09900 -0.83750
v 0.43995 0.04900 -0.83750
v 0.45000 0.04900 -0.87500
v 0.45000 0.09900 -0.87500
v 0.41250 0.09900 -0.81005
v 0.41250 0.09900 -0.93995
v 0.41250 0.09900 -0.81005
v 0.43995 0.09900 -0.91250
v 0.43995 0.09900 -0.83750
v 0.45000 0.09900 -0.87500
v 0.30000 0.09900 -0.62500
v 0.30000 0.04900 -0.62500
v 0.31005 0.04900 -0.58750
v 0.31005 0.09900 -0.66250
v 0.31005 0.04900 -0.66250
v 0.31005 0.09900 -0.58750
v 0.33750 0.04900 -0.56005
v 0.33750 0.09900 -0.68995
v 0.33750 0.04900 -0.68995
v 0.37500 0.09900 -0.70000
v 0.37500 0.04900 -0.70000
v 0.33750 0.09900 -0.56005
v 0.37500 0.04900 -0.55000
v 0.37500 0.09900 -0.55000
v 0.30000 0.09900 -0.62500
v 0.31005 0.09900 -0.58750
v 0.31005 0.09900 -0.66250
v 0.33750 0.09900 -0.68995
v 0.33750 0.09900 -0.56005
v 0.37500 0.09900 -0.70000
v 0.37500 0.09900 -0.55000
v 0.41250 0.09900 -0.68995
v 0.41250 0.04900 -0.68995
v 0.43995 0.09900 -0.66250
v 0.43995 0.04900 -0.66250
v 0.41250 0.09900 -0.56005
v 0.41250 0.04900 -0.56005
v 0.43995 0.04900 -0.58750
v 0.43995 0.09900 -0.58750
v 0.45000 0.04900 -0.62500
v 0.45000 0.09900 -0.62500
v 0.41250 0.09900 -0.68995
v 0.41250 0.09900 -0.56005
v 0.43995 0.09900 -0.66250
v 0.43995 0.09900 -0.58750
v 0.45000 0.09900 -0.62500
v 0.31005 0.09900 -0.41250
v 0.31005 0.04900 -0.41250
v 0.30000 0.04900 -0.37500
v 0.33750 0.09900 -0.43995
v 0.33750 0.04900 -0.43995
v 0.37500 0.09900 -0.45000
v 0.37500 0.04900 -0.45000
v 0.30000 0.09900 -0.37500
v 0.31005 0.04900 -0.33750
v 0.31005 0.09900 -0.33750
v 0.33750 0.04900 -0.31005
v 0.33750 0.09900 -0.31005
v 0.37500 0.04900 -0.30000
v 0.30000 0.09900 -0.37500
v 0.31005 0.09900 -0.33750
v 0.31005 0.09900 -0.41250
v 0.33750 0.09900 -0.43995
v 0.33750 0.09900 -0.31005
v 0.37500 0.09900 -0.45000
v 0.37500 0.09900 -0.30000
v 0.37500 0.09900 -0.30000
v 0.41250 0.09900 -0.43995
v 0.41250 0.04900 -0.43995
v 0.43995 0.09900 -0.41250
v 0.43995 0.04900 -0.41250
v 0.45000 0.09900 -0.37500
v 0.45000 0.04900 -0.37500
v 0.41250 0.04900 -0.31005
v 0.43995 0.09900 -0.33750
v 0.43995 0.04900 -0.33750
v 0.41250 0.09900 -0.31005
v 0.41250 0.09900 -0.43995
v 0.41250 0.09900 -0.31005
v 0.43995 0.09900 -0.41250
v 0.43995 0.09900 -0.33750
v 0.45000 0.09900 -0.37500
v 0.37500 0.09900 -0.20000
v 0.37500 0.04900 -0.20000
v 0.33750 0.04900 -0.18995
v 0.30000 0.09900 -0.12500
v 0.30000 0.04900 -0.12500
v 0.31005 0.04900 -0.08750
v 0.31005 0.09900 -0.16250
v 0.31005 0.04900 -0.16250
v 0.31005 0.09900 -0.08750
v 0.33750 0.04900 -0.06005
v 0.33750 0.09900 -0.18995
v 0.33750 0.09900 -0.06005
v 0.37500 0.04900 -0.05000
v 0.37500 0.09900 -0.05000
v 0.33750 0.09900 -0.18995
v 0.31005 0.09900 -0.16250
v 0.31005 0.09900 -0.08750
v 0.30000 0.09900 -0.12500
v 0.33750 0.09900 -0.06005
v 0.37500 0.09900 -0.20000
v 0.37500 0.09900 -0.05000
v 0.41250 0.09900 -0.18995
v 0.41250 0.04900 -0.18995
v 0.41250 0.04900 -0.06005
v 0.43995 0.09900 -0.16250
v 0.43995 0.04900 -0.16250
v 0.43995 0.09900 -0.08750
v 0.43995 0.04900 -0.08750
v 0.45000 0.04900 -0.12500
v 0.45000 0.09900 -0.12500
v 0.41250 0.09900 -0.06005
v 0.41250 0.09900 -0.18995
v 0.41250 0.09900 -0.06005
v 0.43995 0.09900 -0.16250
v 0.43995 0.09900 -0.08750
v 0.45000 0.09900 -0.12500
v 0.30000 0.09900 0.12500
v 0.30000 0.04900 0.12500
v 0.31005 0.04900 0.16250
v 0.31005 0.09900 0.08750
v 0.31005 0.04900 0.08750
v 0.31005 0.09900 0.16250
v 0.33750 0.04900 0.18995
v 0.33750 0.09900 0.06005
v 0.33750 0.04900 0.06005
v 0.37500 0.09900 0.05000
v 0.37500 0.04900 0.05000
v 0.33750 0.09900 0.18995
v 0.37500 0.04900 0.20000
v 0.37500 0.09900 0.20000
v 0.30000 0.09900 0.12500
v 0.31005 0.09900 0.16250
v 0.31005 0.09900 0.08750
v 0.33750 0.09900 0.06005
v 0.33750 0.09900 0.18995
v 0.37500 0.09900 0.05000
v 0.37500 0.09900 0.20000
v 0.41250 0.09900 0.06005
v 0.41250 0.04900 0.06005
v 0.43995 0.09900 0.08750
v 0.43995 0.04900 0.08750
v 0.41250 0.09900 0.18995
v 0.41250 0.04900 0.18995
v 0.43995 0.04900 0.16250
v 0.43995 0.09900 0.16250
v 0.45000 0.04900 0.12500
v 0.45000 0.09900 0.12500
v 0.41250 0.09900 0.06005
v 0.41250 0.09900 0.18995
v 0.43995 0.09900 0.08750
v 0.43995 0.09900 0.16250
v 0.45000 0.09900 0.12500
v 0.31005 0.09900 0.33750
v 0.31005 0.04900 0.33750
v 0.30000 0.04900 0.37500
v 0.33750 0.09900 0.31005
v 0.33750 0.04900 0.31005
v 0.37500 0.09900 0.30000
v 0.37500 0.04900 0.30000
v 0.30000 0.09900 0.37500
v 0.31005 0.04900 0.41250
v 0.31005 0.09900 0.41250
v 0.33750 0.04900 0.43995
v 0.33750 0.09900 0.43995
v 0.37500 0.04900 0.45000
v 0.31005 0.09900 0.33750
v 0.31005 0.09900 0.41250
v 0.33750 0.09900 0.31005
v 0.33750 0.09900 0.43995
v 0.37500 0.09900 0.30000
v 0.37500 0.09900 0.45000
v 0.30000 0.09900 0.37500
v 0.37500 0.09900 0.45000
v 0.41250 0.09900 0.31005
v 0.41250 0.04900 0.31005
v 0.43995 0.09900 0.33750
v 0.43995 0.04900 0.33750
v 0.45000 0.09900 0.37500
v 0.45000 0.04900 0.37500
v 0.41250 0.04900 0.43995
v 0.43995 0.09900 0.41250
v 0.43995 0.04900 0.41250
v 0.41250 0.09900 0.43995
v 0.41250 0.09900 0.31005
v 0.41250 0.09900 0.43995
v 0.43995 0.09900 0.33750
v 0.43995 0.09900 0.41250
v 0.45000 0.09900 0.37500
v 0.37500 0.09900 0.55000
v 0.37500 0.04900 0.55000
v 0.33750 0.04900 0.56005
v 0.30000 0.09900 0.62500
v 0.30000 0.04900 0.62500
v 0.31005 0.04900 0.66250
v 0.31005 0.09900 0.58750
v 0.31005 0.04900 0.58750
v 0.31005 0.09900 0.66250
v 0.33750 0.04900 0.68995
v 0.33750 0.09900 0.56005
v 0.33750 0.09900 0.68995
v 0.37500 0.04900 0.70000
v 0.37500 0.09900 0.70000
v 0.31005 0.09900 0.58750
v 0.31005 0.09900 0.66250
v 0.33750 0.09900 0.56005
v 0.30000 0.09900 0.62500
v 0.33750 0.09900 0.68995
v 0.37500 0.09900 0.55000
v 0.37500 0.09900 0.70000
v 0.41250 0.09900 0.56005
v 0.41250 0.04900 0.56005
v 0.41250 0.04900 0.68995
v 0.43995 0.09900 0.58750
v 0.43995 0.04900 0.58750
v 0.43995 0.09900 0.66250
v 0.43995 0.04900 0.66250
v 0.45000 0.04900 0.62500
v 0.45000 0.09900 0.62500
v 0.41250 0.09900 0.68995
v 0.41250 0.09900 0.56005
v 0.41250 0.09900 0.68995
v 0.43995 0.09900 0.58750
v 0.43995 0.09900 0.66250
v 0.45000 0.09900 0.62500
v 0.30000 0.09900 0.87500
v 0.30000 0.04900 0.87500
v 0.31005 0.04900 0.91250
v 0.31005 0.09900 0.83750
v 0.31005 0.04900 0.83750
v 0.31005 0.09900 0.91250
v 0.33750 0.04900 0.93995
v 0.33750 0.09900 0.81005
v 0.33750 0.04900 0.81005
v 0.37500 0.09900 0.80000
v 0.37500 0.04900 0.80000
v 0.33750 0.09900 0.93995
v 0.37500 0.04900 0.95000
v 0.37500 0.09900 0.95000
v 0.30000 0.09900 0.87500
v 0.31005 0.09900 0.91250
v 0.31005 0.09900 0.83750
v 0.33750 0.09900 0.81005
v 0.33750 0.09900 0.93995
v 0.37500 0.09900 0.80000
v 0.37500 0.09900 0.95000
v 0.41250 0.09900 0.81005
v 0.41250 0.04900 0.81005
v 0.43995 0.09900 0.83750
v 0.43995 0.04900 0.83750
v 0.41250 0.09900 0.93995
v 0.41250 0.04900 0.93995
v 0.43995 0.04900 0.91250
v 0.43995 0.09900 0.91250
v 0.45000 0.04900 0.87500
v 0.45000 0.09900 0.87500
v 0.41250 0.09900 0.81005
v 0.41250 0.09900 0.93995
v 0.43995 0.09900 0.83750
v 0.43995 0.09900 0.91250
v 0.45000 0.09900 0.87500
v 0.31005 0.09900 1.08750
v 0.31005 0.04900 1.08750
v 0.30000 0.04900 1.12500
v 0.33750 0.09900 1.06005
v 0.33750 0.04900 1.06005
v 0.37500 0.09900 1.05000
v 0.37500 0.04900 1.05000
v 0.30000 0.09900 1.12500
v 0.31005 0.04900 1.16250
v 0.31005 0.09900 1.16250
v 0.33750 0.04900 1.18995
v 0.33750 0.09900 1.18995
v 0.37500 0.04900 1.20000
v 0.31005 0.09900 1.08750
v 0.31005 0.09900 1.16250
v 0.33750 0.09900 1.06005
v 0.33750 0.09900 1.18995
v 0.37500 0.09900 1.05000
v 0.37500 0.09900 1.20000
v 0.30000 0.09900 1.12500
v 0.37500 0.09900 1.20000
v 0.41250 0.09900 1.06005
v 0.41250 0.04900 1.06005
v 0.43995 0.09900 1.08750
v 0.43995 0.04900 1.08750
v 0.45000 0.09900 1.12500
v 0.45000 0.04900 1.12500
v 0.41250 0.04900 1.18995
v 0.43995 0.09900 1.16250
v 0.43995 0.04900 1.16250
v 0.41250 0.09900 1.18995
v 0.41250 0.09900 1.06005
v 0.41250 0.09900 1.18995
v 0.43995 0.09900 1.08750
v 0.43995 0.09900 1.16250
v 0.45000 0.09900 1.12500
v 0.37500 0.09900 1.30000
v 0.37500 0.04900 1.30000
v 0.33750 0.04900 1.31005
v 0.30000 0.09900 1.37500
v 0.30000 0.04900 1.37500
v 0.31005 0.04900 1.41250
v 0.31005 0.09900 1.33750
v 0.31005 0.04900 1.33750
v 0.31005 0.09900 1.41250
v 0.33750 0.04900 1.43995
v 0.33750 0.09900 1.31005
v 0.33750 0.09900 1.43995
v 0.37500 0.04900 1.45000
v 0.37500 0.09900 1.45000
v 0.31005 0.09900 1.33750
v 0.31005 0.09900 1.41250
v 0.33750 0.09900 1.31005
v 0.30000 0.09900 1.37500
v 0.33750 0.09900 1.43995
v 0.37500 0.09900 1.30000
v 0.37500 0.09900 1.45000
v 0.41250 0.09900 1.31005
v 0.41250 0.04900 1.31005
v 0.41250 0.04900 1.43995
v 0.43995 0.09900 1.33750
v 0.43995 0.04900 1.33750
v 0.43995 0.09900 1.41250
v 0.43995 0.04900 1.41250
v 0.45000 0.04900 1.37500
v 0.45000 0.09900 1.37500
v 0.41250 0.09900 1.43995
v 0.41250 0.09900 1.31005
v 0.41250 0.09900 1.43995
v 0.43995 0.09900 1.33750
v 0.43995 0.09900 1.41250
v 0.45000 0.09900 1.37500
v 0.56005 0.09900 -1.41250
v 0.56005 0.04900 -1.41250
v 0.55000 0.04900 -1.37500
v 0.55000 0.09900 -1.37500
v 0.56005 0.04900 -1.33750
v 0.56005 0.09900 -1.33750
v 0.56005 0.09900 -1.41250
v 0.55000 0.09900 -1.37500
v 0.56005 0.09900 -1.33750
v 0.58750 0.09900 -1.43995
v 0.58750 0.04900 -1.43995
v 0.58750 0.04900 -1.31005
v 0.62500 0.09900 -1.45000
v 0.62500 0.04900 -1.45000
v 0.66250 0.09900 -1.43995
v 0.66250 0.04900 -1.43995
v 0.58750 0.09900 -1.31005
v 0.62500 0.04900 -1.30000
v 0.62500 0.09900 -1.30000
v 0.66250 0.04900 -1.31005
v 0.68995 0.09900 -1.41250
v 0.68995 0.04900 -1.41250
v 0.66250 0.09900 -1.31005
v 0.68995 0.04900 -1.33750
v 0.70000 0.09900 -1.37500
v 0.70000 0.04900 -1.37500
v 0.68995 0.09900 -1.33750
v 0.58750 0.09900 -1.43995
v 0.58750 0.09900 -1.31005
v 0.62500 0.09900 -1.45000
v 0.62500 0.09900 -1.30000
v 0.66250 0.09900 -1.43995
v 0.66250 0.09900 -1.31005
v 0.68995 0.09900 -1.41250
v 0.68995 0.09900 -1.33750
v 0.70000 0.09900 -1.37500
v 0.56005 0.09900 -1.16250
v 0.56005 0.04900 -1.16250
v 0.55000 0.04900 -1.12500
v 0.55000 0.09900 -1.12500
v 0.56005 0.04900 -1.08750
v 0.56005 0.09900 -1.16250
v 0.55000 0.09900 -1.12500
v 0.56005 0.09900 -1.08750
v 0.56005 0.09900 -1.08750
v 0.58750 0.09900 -1.18995
v 0.58750 0.04900 -1.18995
v 0.62500 0.09900 -1.20000
v 0.62500 0.04900 -1.20000
v 0.66250 0.09900 -1.18995
v 0.66250 0.04900 -1.18995
v 0.68995 0.09900 -1.16250
v 0.68995 0.04900 -1.16250
v 0.70000 0.09900 -1.12500
v 0.70000 0.04900 -1.12500
v 0.58750 0.04900 -1.06005
v 0.58750 0.09900 -1.06005
v 0.62500 0.04900 -1.05000
v 0.62500 0.09900 -1.05000
v 0.66250 0.04900 -1.06005
v 0.66250 0.09900 -1.06005
v 0.68995 0.04900 -1.08750
v 0.68995 0.09900 -1.08750
v 0.58750 0.09900 -1.18995
v 0.58750 0.09900 -1.06005
v 0.62500 0.09900 -1.20000
v 0.62500 0.09900 -1.05000
v 0.66250 0.09900 -1.18995
v 0.66250 0.09900 -1.06005
v 0.68995 0.09900 -1.16250
v 0.68995 0.09900 -1.08750
v 0.70000 0.09900 -1.12500
v 0.56005 0.09900 -0.91250
v 0.56005 0.04900 -0.91250
v 0.55000 0.04900 -0.87500
v 0.55000 0.09900 -0.87500
v 0.56005 0.04900 -0.83750
v 0.56005 0.09900 -0.83750
v 0.56005 0.09900 -0.91250
v 0.55000 0.09900 -0.87500
v 0.56005 0.09900 -0.83750
v 0.62500 0.09900 -0.95000
v 0.62500 0.04900 -0.95000
v 0.58750 0.04900 -0.93995
v 0.66250 0.09900 -0.93995
v 0.66250 0.04900 -0.93995
v 0.58750 0.09900 -0.93995
v 0.58750 0.04900 -0.81005
v 0.58750 0.09900 -0.81005
v 0.62500 0.04900 -0.80000
v 0.62500 0.09900 -0.80000
v 0.66250 0.04900 -0.81005
v 0.68995 0.09900 -0.91250
v 0.68995 0.04900 -0.91250
v 0.70000 0.09900 -0.87500
v 0.70000 0.04900 -0.87500
v 0.68995 0.09900 -0.83750
v 0.68995 0.04900 -0.83750
v 0.66250 0.09900 -0.81005
v 0.58750 0.09900 -0.93995
v 0.58750 0.09900 -0.81005
v 0.62500 0.09900 -0.95000
v 0.62500 0.09900 -0.80000
v 0.66250 0.09900 -0.93995
v 0.66250 0.09900 -0.81005
v 0.68995 0.09900 -0.91250
v 0.68995 0.09900 -0.83750
v 0.70000 0.09900 -0.87500
v 0.56005 0.09900 -0.66250
v 0.56005 0.04900 -0.66250
v 0.55000 0.04900 -0.62500
v 0.55000 0.09900 -0.62500
v 0.56005 0.04900 -0.58750
v 0.56005 0.09900 -0.58750
v 0.56005 0.09900 -0.66250
v 0.55000 0.09900 -0.62500
v 0.56005 0.09900 -0.58750
v 0.58750 0.09900 -0.68995
v 0.58750 0.04900 -0.68995
v 0.58750 0.04900 -0.56005
v 0.62500 0.09900 -0.70000
v 0.62500 0.04900 -0.70000
v 0.66250 0.09900 -0.68995
v 0.66250 0.04900 -0.68995
v 0.58750 0.09900 -0.56005
v 0.62500 0.04900 -0.55000
v 0.62500 0.09900 -0.55000
v 0.66250 0.04900 -0.56005
v 0.68995 0.09900 -0.66250
v 0.68995 0.04900 -0.66250
v 0.66250 0.09900 -0.56005
v 0.68995 0.04900 -0.58750
v 0.70000 0.09900 -0.62500
v 0.70000 0.04900 -0.62500
v 0.68995 0.09900 -0.58750
v 0.58750 0.09900 -0.68995
v 0.58750 0.09900 -0.56005
v 0.62500 0.09900 -0.70000
v 0.62500 0.09900 -0.55000
v 0.66250 0.09900 -0.68995
v 0.66250 0.09900 -0.56005
v 0.68995 0.09900 -0.66250
v 0.68995 0.09900 -0.58750
v 0.70000 0.09900 -0.62500
v 0.56005 0.09900 -0.41250
v 0.56005 0.04900 -0.41250
v 0.55000 0.04900 -0.37500
v 0.55000 0.09900 -0.37500
v 0.56005 0.04900 -0.33750
v 0.56005 0.09900 -0.41250
v 0.55000 0.09900 -0.37500
v 0.56005 0.09900 -0.33750
v 0.56005 0.09900 -0.33750
v 0.58750 0.09900 -0.43995
v 0.58750 0.04900 -0.43995
v 0.62500 0.09900 -0.45000
v 0.62500 0.04900 -0.45000
v 0.66250 0.09900 -0.43995
v 0.66250 0.04900 -0.43995
v 0.68995 0.09900 -0.41250
v 0.68995 0.04900 -0.41250
v 0.70000 0.09900 -0.37500
v 0.70000 0.04900 -0.37500
v 0.58750 0.04900 -0.31005
v 0.58750 0.09900 -0.31005
v 0.62500 0.04900 -0.30000
v 0.62500 0.09900 -0.30000
v 0.66250 0.04900 -0.31005
v 0.66250 0.09900 -0.31005
v 0.68995 0.04900 -0.33750
v 0.68995 0.09900 -0.33750
v 0.58750 0.09900 -0.43995
v 0.58750 0.09900 -0.31005
v 0.62500 0.09900 -0.45000
v 0.62500 0.09900 -0.30000
v 0.66250 0.09900 -0.43995
v 0.66250 0.09900 -0.31005
v 0.68995 0.09900 -0.41250
v 0.68995 0.09900 -0.33750
v 0.70000 0.09900 -0.37500
v 0.56005 0.09900 -0.16250
v 0.56005 0.04900 -0.16250
v 0.55000 0.04900 -0.12500
v 0.55000 0.09900 -0.12500
v 0.56005 0.04900 -0.08750
v 0.56005 0.09900 -0.08750
v 0.56005 0.09900 -0.16250
v 0.55000 0.09900 -0.12500
v 0.56005 0.09900 -0.08750
v 0.62500 0.09900 -0.20000
v 0.62500 0.04900 -0.20000
v 0.58750 0.04900 -0.18995
v 0.66250 0.09900 -0.18995
v 0.66250 0.04900 -0.18995
v 0.58750 0.09900 -0.18995
v 0.58750 0.04900 -0.06005
v 0.58750 0.09900 -0.06005
v 0.62500 0.04900 -0.05000
v 0.62500 0.09900 -0.05000
v 0.66250 0.04900 -0.06005
v 0.68995 0.09900 -0.16250
v 0.68995 0.04900 -0.16250
v 0.70000 0.09900 -0.12500
v 0.70000 0.04900 -0.12500
v 0.68995 0.09900 -0.08750
v 0.68995 0.04900 -0.08750
v 0.66250 0.09900 -0.06005
v 0.58750 0.09900 -0.18995
v 0.58750 0.09900 -0.06005
v 0.62500 0.09900 -0.20000
v 0.62500 0.09900 -0.05000
v 0.66250 0.09900 -0.18995
v 0.66250 0.09900 -0.06005
v 0.68995 0.09900 -0.16250
v 0.68995 0.09900 -0.08750
v 0.70000 0.09900 -0.12500
v 0.56005 0.09900 0.08750
v 0.56005 0.04900 0.08750
v 0.55000 0.04900 0.12500
v 0.55000 0.09900 0.12500
v 0.56005 0.04900 0.16250
v 0.56005 0.09900 0.16250
v 0.56005 0.09900 0.08750
v 0.55000 0.09900 0.12500
v 0.56005 0.09900 0.16250
v 0.58750 0.09900 0.06005
v 0.58750 0.04900 0.06005
v 0.58750 0.04900 0.18995
v 0.62500 0.09900 0.05000
v 0.62500 0.04900 0.05000
v 0.66250 0.09900 0.06005
v 0.66250 0.04900 0.06005
v 0.58750 0.09900 0.18995
v 0.62500 0.04900 0.20000
v 0.62500 0.09900 0.20000
v 0.66250 0.04900 0.18995
v 0.68995 0.09900 0.08750
v 0.68995 0.04900 0.08750
v 0.66250 0.09900 0.18995
v 0.68995 0.04900 0.16250
v 0.70000 0.09900 0.12500
v 0.70000 0.04900 0.12500
v 0.68995 0.09900 0.16250
v 0.58750 0.09900 0.06005
v 0.58750 0.09900 0.18995
v 0.62500 0.09900 0.05000
v 0.62500 0.09900 0.20000
v 0.66250 0.09900 0.06005
v 0.66250 0.09900 0.18995
v 0.68995 0.09900 0.08750
v 0.68995 0.09900 0.16250
v 0.70000 0.09900 0.12500
v 0.56005 0.09900 0.33750
v 0.56005 0.04900 0.33750
v 0.55000 0.04900 0.37500
v 0.55000 0.09900 0.37500
v 0.56005 0.04900 0.41250
v 0.56005 0.09900 0.41250
v 0.56005 0.09900 0.33750
v 0.55000 0.09900 0.37500
v 0.56005 0.09900 0.41250
v 0.58750 0.09900 0.31005
v 0.58750 0.04900 0.31005
v 0.62500 0.09900 0.30000
v 0.62500 0.04900 0.30000
v 0.66250 0.09900 0.31005
v 0.66250 0.04900 0.31005
v 0.68995 0.09900 0.33750
v 0.68995 0.04900 0.33750
v 0.70000 0.09900 0.37500
v 0.70000 0.04900 0.37500
v 0.58750 0.04900 0.43995
v 0.58750 0.09900 0.43995
v 0.62500 0.04900 0.45000
v 0.62500 0.09900 0.45000
v 0.66250 0.04900 0.43995
v 0.66250 0.09900 0.43995
v 0.68995 0.04900 0.41250
v 0.68995 0.09900 0.41250
v 0.58750 0.09900 0.31005
v 0.58750 0.09900 0.43995
v 0.62500 0.09900 0.30000
v 0.62500 0.09900 0.45000
v 0.66250 0.09900 0.31005
v 0.66250 0.09900 0.43995
v 0.68995 0.09900 0.33750
v 0.68995 0.09900 0.41250
v 0.70000 0.09900 0.37500
v 0.56005 0.09900 0.58750
v 0.56005 0.04900 0.58750
v 0.55000 0.04900 0.62500
v 0.55000 0.09900 0.62500
v 0.56005 0.04900 0.66250
v 0.56005 0.09900 0.66250
v 0.56005 0.09900 0.58750
v 0.55000 0.09900 0.62500
v 0.56005 0.09900 0.66250
v 0.62500 0.09900 0.55000
v 0.62500 0.04900 0.55000
v 0.58750 0.04900 0.56005
v 0.66250 0.09900 0.56005
v 0.66250 0.04900 0.56005
v 0.58750 0.09900 0.56005
v 0.58750 0.04900 0.68995
v 0.58750 0.09900 0.68995
v 0.62500 0.04900 0.70000
v 0.62500 0.09900 0.70000
v 0.66250 0.04900 0.68995
v 0.68995 0.09900 0.58750
v 0.68995 0.04900 0.58750
v 0.70000 0.09900 0.62500
v 0.70000 0.04900 0.62500
v 0.68995 0.09900 0.66250
v 0.68995 0.04900 0.66250
v 0.66250 0.09900 0.68995
v 0.58750 0.09900 0.56005
v 0.58750 0.09900 0.68995
v 0.62500 0.09900 0.55000
v 0.62500 0.09900 0.70000
v 0.66250 0.09900 0.56005
v 0.66250 0.09900 0.68995
v 0.68995 0.09900 0.58750
v 0.68995 0.09900 0.66250
v 0.70000 0.09900 0.62500
v 0.56005 0.09900 0.83750
v 0.56005 0.04900 0.83750
v 0.55000 0.04900 0.87500
v 0.55000 0.09900 0.87500
v 0.56005 0.04900 0.91250
v 0.56005 0.09900 0.91250
v 0.56005 0.09900 0.83750
v 0.55000 0.09900 0.87500
v 0.56005 0.09900 0.91250
v 0.58750 0.09900 0.81005
v 0.58750 0.04900 0.81005
v 0.58750 0.04900 0.93995
v 0.62500 0.09900 0.80000
v 0.62500 0.04900 0.80000
v 0.66250 0.09900 0.81005
v 0.66250 0.04900 0.81005
v 0.58750 0.09900 0.93995
v 0.62500 0.04900 0.95000
v 0.62500 0.09900 0.95000
v 0.66250 0.04900 0.93995
v 0.68995 0.09900 0.83750
v 0.68995 0.04900 0.83750
v 0.66250 0.09900 0.93995
v 0.68995 0.04900 0.91250
v 0.70000 0.09900 0.87500
v 0.70000 0.04900 0.87500
v 0.68995 0.09900 0.91250
v 0.58750 0.09900 0.81005
v 0.58750 0.09900 0.93995
v 0.62500 0.09900 0.80000
v 0.62500 0.09900 0.95000
v 0.66250 0.09900 0.81005
v 0.66250 0.09900 0.93995
v 0.68995 0.09900 0.83750
v 0.68995 0.09900 0.91250
v 0.70000 0.09900 0.87500
v 0.56005 0.09900 1.08750
v 0.56005 0.04900 1.08750
v 0.55000 0.04900 1.12500
v 0.55000 0.09900 1.12500
v 0.56005 0.04900 1.16250
v 0.56005 0.09900 1.16250
v 0.56005 0.09900 1.08750
v 0.55000 0.09900 1.12500
v 0.56005 0.09900 1.16250
v 0.58750 0.09900 1.06005
v 0.58750 0.04900 1.06005
v 0.62500 0.09900 1.05000
v 0.62500 0.04900 1.05000
v 0.66250 0.09900 1.06005
v 0.66250 0.04900 1.06005
v 0.68995 0.09900 1.08750
v 0.68995 0.04900 1.08750
v 0.70000 0.09900 1.12500
v 0.70000 0.04900 1.12500
v 0.58750 0.04900 1.18995
v 0.58750 0.09900 1.18995
v 0.62500 0.04900 1.20000
v 0.62500 0.09900 1.20000
v 0.66250 0.04900 1.18995
v 0.66250 0.09900 1.18995
v 0.68995 0.04900 1.16250
v 0.68995 0.09900 1.16250
v 0.58750 0.09900 1.06005
v 0.58750 0.09900 1.18995
v 0.62500 0.09900 1.05000
v 0.62500 0.09900 1.20000
v 0.66250 0.09900 1.06005
v 0.66250 0.09900 1.18995
v 0.68995 0.09900 1.08750
v 0.68995 0.09900 1.16250
v 0.70000 0.09900 1.12500
v 0.56005 0.09900 1.33750
v 0.56005 0.04900 1.33750
v 0.55000 0.04900 1.37500
v 0.55000 0.09900 1.37500
v 0.56005 0.04900 1.41250
v 0.56005 0.09900 1.41250
v 0.56005 0.09900 1.33750
v 0.55000 0.09900 1.37500
v 0.56005 0.09900 1.41250
v 0.62500 0.09900 1.30000
v 0.62500 0.04900 1.30000
v 0.58750 0.04900 1.31005
v 0.66250 0.09900 1.31005
v 0.66250 0.04900 1.31005
v 0.58750 0.09900 1.31005
v 0.58750 0.04900 1.43995
v 0.58750 0.09900 1.43995
v 0.62500 0.04900 1.45000
v 0.62500 0.09900 1.45000
v 0.66250 0.04900 1.43995
v 0.68995 0.09900 1.33750
v 0.68995 0.04900 1.33750
v 0.70000 0.09900 1.37500
v 0.70000 0.04900 1.37500
v 0.68995 0.09900 1.41250
v 0.68995 0.04900 1.41250
v 0.66250 0.09900 1.43995
v 0.58750 0.09900 1.31005
v 0.58750 0.09900 1.43995
v 0.62500 0.09900 1.30000
v 0.62500 0.09900 1.45000
v 0.66250 0.09900 1.31005
v 0.66250 0.09900 1.43995
v 0.68995 0.09900 1.33750
v 0.68995 0.09900 1.41250
v 0.70000 0.09900 1.37500
vn -0.1877 -0.9641 -0.1877
vn -0.6887 -0.6887 -0.2265
vn -0.2265 -0.6887 -0.6887
vn -0.6887 -0.2265 -0.6887
vn -0.9641 -0.1877 -0.1877
vn -0.1877 -0.1877 -0.9641
vn -0.6887 0.2265 -0.6887
vn -0.6887 -0.6887 0.2265
vn -0.9641 0.1877 -0.1877
vn -0.1877 0.1877 -0.9641
vn -0.9641 0.1877 0.1877
vn 0.1877 -0.9641 -0.1877
vn 0.1877 -0.1877 -0.9641
vn 0.1877 0.1877 -0.9641
vn -0.1877 -0.9641 0.1877
vn -0.9641 -0.1877 0.1877
vn -0.2265 -0.6887 0.6887
vn -0.6887 -0.2265 0.6887
vn -0.1877 -0.1877 0.9641
vn -0.6887 0.2265 0.6887
vn -0.1877 0.1877 0.9641
vn 0.1877 -0.9641 0.1877
vn 0.2265 -0.6887 0.6887
vn 0.1877 -0.1877 0.9641
vn -0.6887 0.6887 -0.2265
vn -0.2265 0.6887 -0.6887
vn -0.1877 0.9641 -0.1877
vn 0.0000 1.0000 0.0000
vn 0.0000 1.0000 0.0000
vn 0.0000 1.0000 0.0000
vn 0.0000 1.0000 0.0000
vn 0.0000 1.0000 0.0000
vn 0.0000 1.0000 0.0000
vn 0.0000 1.0000 0.0000
vn 0.0000 1.0000 0.0000
vn 0.0000 1.0000 0.0000
vn 0.0000 1.0000 0.0000
vn 0.0000 1.0000 0.0000
vn 0.0000 1.0000 0.0000
vn 0.0000 1.0000 0.0000
vn 0.0000 1.0000 0.0000
vn 0.0000 1.0000 0.0000
vn 0.0000 1.0000 0.0000
vn 0.0000 1.0000 0.0000
vn 0.0000 1.0000 0.0000
vn 0.0000 1.0000 0.0000
vn 0.0000 1.0000 0.0000
vn 0.0000 1.0000 0.0000
vn 0.0000 1.0000 0.0000
vn 0.0000 1.0000 0.0000
vn 0.0000 1.0000 0.0000
vn 0.0000 1.0000 0.0000
vn 0.0000 1.0000 0.0000
vn 0.0000 1.0000 0.0000
vn 0.0000 1.0000 0.0000
vn 0.0000 1.0000 0.0000
vn 0.0000 1.0000 0.0000
vn 0.0000 1.0000 0.0000
vn 0.0000 1.0000 0.0000
vn 0.0000 1.0000 0.0000
vn 0.0000 1.0000 0.0000
vn 0.0000 1.0000 0.0000
vn 0.0000 1.0000 0.0000
vn 0.0000 1.0000 0.0000
vn 0.0000 1.0000 0.0000
vn 0.0000 1.0000 0.0000
vn 0.0000 1.0000 0.0000
vn 0.0000 1.0000 0.0000
vn 0.0000 1.0000 0.0000
vn 0.0000 1.0000 0.0000
vn 0.0000 1.0000 0.0000
vn 0.0000 1.0000 0.0000
vn 0.0000 1.0000 0.0000
vn 0.0000 1.0000 0.0000
vn 0.0000 1.0000 0.0000
vn 0.0000 1.0000 0.0000
vn 0.0000 1.0000 0.0000
vn 0.0000 1.0000 0.0000
vn 0.0000 1.0000 0.0000
vn 0.0000 1.0000 0.0000
vn 0.0000 1.0000 0.0000
vn 0.0000 1.0000 0.0000
vn 0.0000 1.0000 0.0000
vn 0.0000 1.0000 0.0000
vn 0.0000 1.0000 0.0000
vn 0.0000 1.0000 0.0000
vn 0.0000 1.0000 0.0000
vn 0.0000 1.0000 0.0000
vn 0.0000 1.0000 0.0000
vn 0.0000 1.0000 0.0000
vn 0.0000 1.0000 0.0000
vn 0.0000 1.0000 0.0000
vn 0.0000 1.0000 0.0000
vn -0.6887 0.6887 0.2265
vn -0.1877 0.9641 0.1877
vn 0.0000 1.0000 0.0000
vn 0.0000 1.0000 0.0000
vn 0.0000 1.0000 0.0000
vn 0.0000 1.0000 0.0000
vn 0.0000 1.0000 0.0000
vn 0.0000 1.0000 0.0000
vn 0.0000 1.0000 0.0000
vn 0.0000 1.0000 0.0000
vn 0.0000 1.0000 0.0000
vn 0.0000 1.0000 0.0000
vn 0.0000 1.0000 0.0000
vn 0.0000 1.0000 0.0000
vn 0.0000 1.0000 0.0000
vn 0.0000 1.0000 0.0000
vn 0.0000 1.0000 0.0000
vn 0.0000 1.0000 0.0000
vn 0.0000 1.0000 0.0000
vn 0.0000 1.0000 0.0000
vn 0.0000 1.0000 0.0000
vn 0.0000 1.0000 0.0000
vn 0.0000 1.0000 0.0000
vn 0.0000 1.0000 0.0000
vn 0.0000 1.0000 0.0000
vn 0.0000 1.0000 0.0000
vn 0.0000 1.0000 0.0000
vn 0.0000 1.0000 0.0000
vn 0.0000 1.0000 0.0000
vn 0.0000 1.0000 0.0000
vn 0.0000 1.0000 0.0000
vn 0.0000 1.0000 0.0000
vn 0.0000 1.0000 0.0000
vn 0.0000 1.0000 0.0000
vn 0.0000 1.0000 0.0000
vn 0.0000 1.0000 0.0000
vn 0.0000 1.0000 0.0000
vn 0.0000 1.0000 0.0000
vn 0.0000 1.0000 0.0000
vn 0.0000 1.0000 0.0000
vn 0.0000 1.0000 0.0000
vn 0.0000 1.0000 0.0000
vn 0.0000 1.0000 0.0000
vn 0.0000 1.0000 0.0000
vn 0.0000 1.0000 0.0000
vn 0.0000 1.0000 0.0000
vn 0.0000 1.0000 0.0000
vn 0.0000 1.0000 0.0000
vn 0.0000 1.0000 0.0000
vn 0.0000 1.0000 0.0000
vn 0.0000 1.0000 0.0000
vn 0.0000 1.0000 0.0000
vn 0.0000 1.0000 0.0000
vn 0.0000 1.0000 0.0000
vn 0.0000 1.0000 0.0000
vn 0.0000 1.0000 0.0000
vn 0.0000 1.0000 0.0000
vn 0.0000 1.0000 0.0000
vn 0.0000 1.0000 0.0000
vn 0.0000 1.0000 0.0000
vn 0.0000 1.0000 0.0000
vn 0.0000 1.0000 0.0000
vn 0.0000 1.0000 0.0000
vn 0.0000 1.0000 0.0000
vn 0.0000 1.0000 0.0000
vn 0.0000 1.0000 0.0000
vn 0.1877 0.9641 -0.1877
vn 0.0000 1.0000 0.0000
vn 0.0000 1.0000 0.0000
vn 0.0000 1.0000 0.0000
vn 0.0000 1.0000 0.0000
vn 0.0000 1.0000 0.0000
vn 0.0000 1.0000 0.0000
vn 0.0000 1.0000 0.0000
vn 0.0000 1.0000 0.0000
vn 0.0000 1.0000 0.0000
vn 0.0000 1.0000 0.0000
vn 0.0000 1.0000 0.0000
vn 0.0000 1.0000 0.0000
vn 0.0000 1.0000 0.0000
vn 0.0000 1.0000 0.0000
vn 0.0000 1.0000 0.0000
vn 0.0000 1.0000 0.0000
vn 0.0000 1.0000 0.0000
vn 0.0000 1.0000 0.0000
vn 0.0000 1.0000 0.0000
vn 0.0000 1.0000 0.0000
vn 0.0000 1.0000 0.0000
vn 0.0000 1.0000 0.0000
vn 0.0000 1.0000 0.0000
vn 0.0000 1.0000 0.0000
vn 0.0000 1.0000 0.0000
vn 0.0000 1.0000 0.0000
vn 0.0000 1.0000 0.0000
vn 0.0000 1.0000 0.0000
vn 0.0000 1.0000 0.0000
vn 0.0000 1.0000 0.0000
vn 0.0000 1.0000 0.0000
vn 0.0000 1.0000 0.0000
vn 0.0000 1.0000 0.0000
vn 0.0000 1.0000 0.0000
vn 0.0000 1.0000 0.0000
vn 0.0000 1.0000 0.0000
vn 0.0000 1.0000 0.0000
vn 0.0000 1.0000 0.0000
vn 0.0000 1.0000 0.0000
vn 0.0000 1.0000 0.0000
vn 0.0000 1.0000 0.0000
vn 0.0000 1.0000 0.0000
vn 0.0000 1.0000 0.0000
vn 0.0000 1.0000 0.0000
vn 0.0000 1.0000 0.0000
vn 0.0000 1.0000 0.0000
vn 0.0000 1.0000 0.0000
vn 0.0000 1.0000 0.0000
vn 0.0000 1.0000 0.0000
vn 0.0000 1.0000 0.0000
vn 0.0000 1.0000 0.0000
vn 0.0000 1.0000 0.0000
vn 0.0000 1.0000 0.0000
vn 0.0000 1.0000 0.0000
vn 0.0000 1.0000 0.0000
vn 0.0000 1.0000 0.0000
vn 0.0000 1.0000 0.0000
vn 0.0000 1.0000 0.0000
vn 0.0000 1.0000 0.0000
vn 0.0000 1.0000 0.0000
vn 0.0000 1.0000 0.0000
vn 0.0000 1.0000 0.0000
vn 0.0000 1.0000 0.0000
vn 0.0000 1.0000 0.0000
vn 0.0000 1.0000 0.0000
vn 0.0000 1.0000 0.0000
vn 0.0000 1.0000 0.0000
vn 0.0000 1.0000 0.0000
vn 0.0000 1.0000 0.0000
vn 0.0000 1.0000 0.0000
vn 0.0000 1.0000 0.0000
vn 0.0000 1.0000 0.0000
vn 0.0000 1.0000 0.0000
vn 0.0000 1.0000 0.0000
vn 0.0000 1.0000 0.0000
vn 0.0000 1.0000 0.0000
vn 0.0000 1.0000 0.0000
vn 0.0000 1.0000 0.0000
vn 0.0000 1.0000 0.0000
vn 0.0000 1.0000 0.0000
vn 0.0000 1.0000 0.0000
vn 0.0000 1.0000 0.0000
vn 0.0000 1.0000 0.0000
vn 0.0000 1.0000 0.0000
vn 0.0000 1.0000 0.0000
vn 0.0000 1.0000 0.0000
vn 0.0000 1.0000 0.0000
vn 0.0000 1.0000 0.0000
vn 0.0000 1.0000 0.0000
vn 0.0000 1.0000 0.0000
vn 0.0000 1.0000 0.0000
vn 0.0000 1.0000 0.0000
vn 0.0000 1.0000 0.0000
vn 0.0000 1.0000 0.0000
vn 0.0000 1.0000 0.0000
vn 0.0000 1.0000 0.0000
vn 0.0000 1.0000 0.0000
vn 0.0000 1.0000 0.0000
vn 0.0000 1.0000 0.0000
vn 0.0000 1.0000 0.0000
vn 0.0000 1.0000 0.0000
vn 0.0000 1.0000 0.0000
vn 0.0000 1.0000 0.0000
vn 0.0000 1.0000 0.0000
vn 0.0000 1.0000 0.0000
vn 0.0000 1.0000 0.0000
vn 0.0000 1.0000 0.0000
vn 0.0000 1.0000 0.0000
vn 0.0000 1.0000 0.0000
vn 0.0000 1.0000 0.0000
vn 0.0000 1.0000 0.0000
vn 0.0000 1.0000 0.0000
vn 0.0000 1.0000 0.0000
vn 0.0000 1.0000 0.0000
vn 0.0000 1.0000 0.0000
vn 0.0000 1.0000 0.0000
vn 0.0000 1.0000 0.0000
vn 0.0000 1.0000 0.0000
vn 0.0000 1.0000 0.0000
vn 0.0000 1.0000 0.0000
vn 0.0000 1.0000 0.0000
vn 0.0000 1.0000 0.0000
vn 0.0000 1.0000 0.0000
vn 0.0000 1.0000 0.0000
vn 0.0000 1.0000 0.0000
vn 0.0000 1.0000 0.0000
vn 0.0000 1.0000 0.0000
vn 0.0000 1.0000 0.0000
vn 0.0000 1.0000 0.0000
vn 0.0000 1.0000 0.0000
vn 0.0000 1.0000 0.0000
vn 0.0000 1.0000 0.0000
vn 0.0000 1.0000 0.0000
vn 0.0000 1.0000 0.0000
vn 0.0000 1.0000 0.0000
vn 0.0000 1.0000 0.0000
vn 0.0000 1.0000 0.0000
vn 0.0000 1.0000 0.0000
vn 0.0000 1.0000 0.0000
vn 0.0000 1.0000 0.0000
vn 0.0000 1.0000 0.0000
vn 0.0000 1.0000 0.0000
vn 0.0000 1.0000 0.0000
vn 0.0000 1.0000 0.0000
vn 0.0000 1.0000 0.0000
vn 0.0000 1.0000 0.0000
vn 0.0000 1.0000 0.0000
vn 0.0000 1.0000 0.0000
vn 0.0000 1.0000 0.0000
vn 0.0000 1.0000 0.0000
vn 0.0000 1.0000 0.0000
vn 0.0000 1.0000 0.0000
vn 0.0000 1.0000 0.0000
vn 0.0000 1.0000 0.0000
vn 0.0000 1.0000 0.0000
vn 0.0000 1.0000 0.0000
vn 0.0000 1.0000 0.0000
vn 0.0000 1.0000 0.0000
vn 0.0000 1.0000 0.0000
vn 0.0000 1.0000 0.0000
vn 0.0000 1.0000 0.0000
vn 0.0000 1.0000 0.0000
vn 0.0000 1.0000 0.0000
vn 0.0000 1.0000 0.0000
vn 0.0000 1.0000 0.0000
vn 0.0000 1.0000 0.0000
vn 0.0000 1.0000 0.0000
vn 0.0000 1.0000 0.0000
vn 0.0000 1.0000 0.0000
vn 0.0000 1.0000 0.0000
vn 0.0000 1.0000 0.0000
vn 0.0000 1.0000 0.0000
vn 0.0000 1.0000 0.0000
vn 0.0000 1.0000 0.0000
vn -0.2265 0.6887 0.6887
vn 0.0000 1.0000 0.0000
vn 0.0000 1.0000 0.0000
vn 0.0000 1.0000 0.0000
vn 0.0000 1.0000 0.0000
vn 0.0000 1.0000 0.0000
vn 0.0000 1.0000 0.0000
vn 0.0000 1.0000 0.0000
vn 0.0000 1.0000 0.0000
vn 0.0000 1.0000 0.0000
vn 0.0000 1.0000 0.0000
vn 0.0000 1.0000 0.0000
vn 0.0000 1.0000 0.0000
vn 0.0000 1.0000 0.0000
vn 0.0000 1.0000 0.0000
vn 0.0000 1.0000 0.0000
vn 0.0000 1.0000 0.0000
vn 0.0000 1.0000 0.0000
vn 0.0000 1.0000 0.0000
vn 0.0000 1.0000 0.0000
vn 0.0000 1.0000 0.0000
vn 0.0000 1.0000 0.0000
vn 0.0000 1.0000 0.0000
vn 0.0000 1.0000 0.0000
vn 0.0000 1.0000 0.0000
vn 0.0000 1.0000 0.0000
vn 0.0000 1.0000 0.0000
vn 0.0000 1.0000 0.0000
vn 0.0000 1.0000 0.0000
vn 0.0000 1.0000 0.0000
vn 0.0000 1.0000 0.0000
vn 0.0000 1.0000 0.0000
vn 0.0000 1.0000 0.0000
vn 0.0000 1.0000 0.0000
vn 0.0000 1.0000 0.0000
vn 0.0000 1.0000 0.0000
vn 0.0000 1.0000 0.0000
vn 0.0000 1.0000 0.0000
vn 0.0000 1.0000 0.0000
vn 0.0000 1.0000 0.0000
vn 0.0000 1.0000 0.0000
vn 0.0000 1.0000 0.0000
vn 0.0000 1.0000 0.0000
vn 0.0000 1.0000 0.0000
vn 0.0000 1.0000 0.0000
vn 0.0000 1.0000 0.0000
vn 0.0000 1.0000 0.0000
vn 0.0000 1.0000 0.0000
vn 0.0000 1.0000 0.0000
vn 0.0000 1.0000 0.0000
vn 0.0000 1.0000 0.0000
vn 0.0000 1.0000 0.0000
vn 0.0000 1.0000 0.0000
vn 0.0000 1.0000 0.0000
vn 0.0000 1.0000 0.0000
vn 0.0000 1.0000 0.0000
vn 0.0000 1.0000 0.0000
vn 0.0000 1.0000 0.0000
vn 0.0000 1.0000 0.0000
vn 0.0000 1.0000 0.0000
vn 0.0000 1.0000 0.0000
vn 0.0000 1.0000 0.0000
vn 0.0000 1.0000 0.0000
vn 0.0000 1.0000 0.0000
vn 0.0000 1.0000 0.0000
vn 0.0000 1.0000 0.0000
vn 0.0000 1.0000 0.0000
vn 0.0000 1.0000 0.0000
vn 0.0000 1.0000 0.0000
vn 0.0000 1.0000 0.0000
vn 0.0000 1.0000 0.0000
vn 0.0000 1.0000 0.0000
vn 0.0000 1.0000 0.0000
vn 0.0000 1.0000 0.0000
vn 0.0000 1.0000 0.0000
vn 0.0000 1.0000 0.0000
vn 0.0000 1.0000 0.0000
vn 0.0000 1.0000 0.0000
vn 0.0000 1.0000 0.0000
vn 0.0000 1.0000 0.0000
vn 0.0000 1.0000 0.0000
vn 0.0000 1.0000 0.0000
vn 0.0000 1.0000 0.0000
vn 0.0000 1.0000 0.0000
vn 0.0000 1.0000 0.0000
vn 0.0000 1.0000 0.0000
vn 0.0000 1.0000 0.0000
vn 0.0000 1.0000 0.0000
vn 0.0000 1.0000 0.0000
vn 0.0000 1.0000 0.0000
vn 0.0000 1.0000 0.0000
vn 0.0000 1.0000 0.0000
vn 0.0000 1.0000 0.0000
vn 0.0000 1.0000 0.0000
vn 0.0000 1.0000 0.0000
vn 0.0000 1.0000 0.0000
vn 0.0000 1.0000 0.0000
vn 0.0000 1.0000 0.0000
vn 0.0000 1.0000 0.0000
vn 0.0000 1.0000 0.0000
vn 0.0000 1.0000 0.0000
vn 0.0000 1.0000 0.0000
vn 0.0000 1.0000 0.0000
vn 0.0000 1.0000 0.0000
vn 0.0000 1.0000 0.0000
vn 0.0000 1.0000 0.0000
vn 0.0000 1.0000 0.0000
vn 0.1877 0.1877 0.9641
vn 0.0000 1.0000 0.0000
vn 0.0000 1.0000 0.0000
vn 0.0000 1.0000 0.0000
vn 0.0000 1.0000 0.0000
vn 0.0000 1.0000 0.0000
vn 0.0000 1.0000 0.0000
vn 0.0000 1.0000 0.0000
vn 0.0000 1.0000 0.0000
vn 0.0000 1.0000 0.0000
vn 0.0000 1.0000 0.0000
vn 0.0000 1.0000 0.0000
vn 0.0000 1.0000 0.0000
vn 0.0000 1.0000 0.0000
vn 0.0000 1.0000 0.0000
vn 0.0000 1.0000 0.0000
vn 0.0000 1.0000 0.0000
vn 0.0000 1.0000 0.0000
vn 0.0000 1.0000 0.0000
vn 0.0000 1.0000 0.0000
vn 0.0000 1.0000 0.0000
vn 0.0000 1.0000 0.0000
vn 0.0000 1.0000 0.0000
vn 0.0000 1.0000 0.0000
vn 0.1877 0.9641 0.1877
vn 0.0000 1.0000 0.0000
vn 0.0000 1.0000 0.0000
vn 0.0000 1.0000 0.0000
vn 0.0000 1.0000 0.0000
vn 0.0000 1.0000 0.0000
vn 0.0000 1.0000 0.0000
vn 0.0000 1.0000 0.0000
vn 0.0000 1.0000 0.0000
vn 0.0000 1.0000 0.0000
vn 0.0000 1.0000 0.0000
vn 0.0000 1.0000 0.0000
vn 0.0000 1.0000 0.0000
vn 0.0000 1.0000 0.0000
vn 0.0000 1.0000 0.0000
vn 0.0000 1.0000 0.0000
vn 0.0000 1.0000 0.0000
vn 0.0000 1.0000 0.0000
vn 0.0000 1.0000 0.0000
vn 0.0000 1.0000 0.0000
vn 0.0000 1.0000 0.0000
vn 0.0000 1.0000 0.0000
vn 0.0000 1.0000 0.0000
vn 0.0000 1.0000 0.0000
vn 0.0000 1.0000 0.0000
vn 0.0000 1.0000 0.0000
vn 0.0000 1.0000 0.0000
vn 0.0000 1.0000 0.0000
vn 0.2265 -0.6887 -0.6887
vn 0.6887 -0.6887 -0.2265
vn 0.6887 -0.2265 -0.6887
vn 0.9641 -0.1877 -0.1877
vn 0.6887 0.2265 -0.6887
vn 0.6887 -0.6887 0.2265
vn 0.9641 0.1877 -0.1877
vn 0.9641 -0.1877 0.1877
vn 0.6887 -0.2265 0.6887
vn 0.9641 0.1877 0.1877
vn 0.6887 0.2265 0.6887
vn 0.0000 1.0000 0.0000
vn 0.0000 1.0000 0.0000
vn 0.0000 1.0000 0.0000
vn 0.0000 1.0000 0.0000
vn 0.0000 1.0000 0.0000
vn 0.0000 1.0000 0.0000
vn 0.0000 1.0000 0.0000
vn 0.0000 1.0000 0.0000
vn 0.0000 1.0000 0.0000
vn 0.0000 1.0000 0.0000
vn 0.0000 1.0000 0.0000
vn 0.0000 1.0000 0.0000
vn 0.0000 1.0000 0.0000
vn 0.0000 1.0000 0.0000
vn 0.0000 1.0000 0.0000
vn 0.0000 1.0000 0.0000
vn 0.0000 1.0000 0.0000
vn 0.0000 1.0000 0.0000
vn 0.0000 1.0000 0.0000
vn 0.0000 1.0000 0.0000
vn 0.0000 1.0000 0.0000
vn 0.0000 1.0000 0.0000
vn 0.0000 1.0000 0.0000
vn 0.2265 0.6887 -0.6887
vn 0.0000 1.0000 0.0000
vn 0.0000 1.0000 0.0000
vn 0.0000 1.0000 0.0000
vn 0.0000 1.0000 0.0000
vn 0.0000 1.0000 0.0000
vn 0.0000 1.0000 0.0000
vn 0.0000 1.0000 0.0000
vn 0.0000 1.0000 0.0000
vn 0.0000 1.0000 0.0000
vn 0.0000 1.0000 0.0000
vn 0.0000 1.0000 0.0000
vn 0.0000 1.0000 0.0000
vn 0.0000 1.0000 0.0000
vn 0.0000 1.0000 0.0000
vn 0.0000 1.0000 0.0000
vn 0.0000 1.0000 0.0000
vn 0.0000 1.0000 0.0000
vn 0.0000 1.0000 0.0000
vn 0.0000 1.0000 0.0000
vn 0.0000 1.0000 0.0000
vn 0.0000 1.0000 0.0000
vn 0.0000 1.0000 0.0000
vn 0.0000 1.0000 0.0000
vn 0.0000 1.0000 0.0000
vn 0.0000 1.0000 0.0000
vn 0.0000 1.0000 0.0000
vn 0.0000 1.0000 0.0000
vn 0.0000 1.0000 0.0000
vn 0.0000 1.0000 0.0000
vn 0.0000 1.0000 0.0000
vn 0.0000 1.0000 0.0000
vn 0.0000 1.0000 0.0000
vn 0.0000 1.0000 0.0000
vn 0.0000 1.0000 0.0000
vn 0.0000 1.0000 0.0000
vn 0.0000 1.0000 0.0000
vn 0.0000 1.0000 0.0000
vn 0.0000 1.0000 0.0000
vn 0.0000 1.0000 0.0000
vn 0.0000 1.0000 0.0000
vn 0.0000 1.0000 0.0000
vn 0.0000 1.0000 0.0000
vn 0.0000 1.0000 0.0000
vn 0.0000 1.0000 0.0000
vn 0.0000 1.0000 0.0000
vn 0.0000 1.0000 0.0000
vn 0.0000 1.0000 0.0000
vn 0.0000 1.0000 0.0000
vn 0.0000 1.0000 0.0000
vn 0.0000 1.0000 0.0000
vn 0.0000 1.0000 0.0000
vn 0.0000 1.0000 0.0000
vn 0.0000 1.0000 0.0000
vn 0.0000 1.0000 0.0000
vn 0.0000 1.0000 0.0000
vn 0.0000 1.0000 0.0000
vn 0.0000 1.0000 0.0000
vn 0.0000 1.0000 0.0000
vn 0.0000 1.0000 0.0000
vn 0.0000 1.0000 0.0000
vn 0.0000 1.0000 0.0000
vn 0.0000 1.0000 0.0000
vn 0.0000 1.0000 0.0000
vn 0.0000 1.0000 0.0000
vn 0.0000 1.0000 0.0000
vn 0.0000 1.0000 0.0000
vn 0.0000 1.0000 0.0000
vn 0.0000 1.0000 0.0000
vn 0.0000 1.0000 0.0000
vn 0.0000 1.0000 0.0000
vn 0.0000 1.0000 0.0000
vn 0.0000 1.0000 0.0000
vn 0.0000 1.0000 0.0000
vn 0.0000 1.0000 0.0000
vn 0.0000 1.0000 0.0000
vn 0.0000 1.0000 0.0000
vn 0.0000 1.0000 0.0000
vn 0.0000 1.0000 0.0000
vn 0.0000 1.0000 0.0000
vn 0.0000 1.0000 0.0000
vn 0.0000 1.0000 0.0000
vn 0.0000 1.0000 0.0000
vn 0.0000 1.0000 0.0000
vn 0.0000 1.0000 0.0000
vn 0.0000 1.0000 0.0000
vn 0.0000 1.0000 0.0000
vn 0.0000 1.0000 0.0000
vn 0.0000 1.0000 0.0000
vn 0.0000 1.0000 0.0000
vn 0.0000 1.0000 0.0000
vn 0.0000 1.0000 0.0000
vn 0.0000 1.0000 0.0000
vn 0.0000 1.0000 0.0000
vn 0.0000 1.0000 0.0000
vn 0.0000 1.0000 0.0000
vn 0.0000 1.0000 0.0000
vn 0.0000 1.0000 0.0000
vn 0.0000 1.0000 0.0000
vn 0.0000 1.0000 0.0000
vn 0.0000 1.0000 0.0000
vn 0.0000 1.0000 0.0000
vn 0.0000 1.0000 0.0000
vn 0.0000 1.0000 0.0000
vn 0.0000 1.0000 0.0000
vn 0.0000 1.0000 0.0000
vn 0.0000 1.0000 0.0000
vn 0.6887 0.6887 -0.2265
vn 0.0000 1.0000 0.0000
vn 0.0000 1.0000 0.0000
vn 0.0000 1.0000 0.0000
vn 0.0000 1.0000 0.0000
vn 0.0000 1.0000 0.0000
vn 0.0000 1.0000 0.0000
vn 0.0000 1.0000 0.0000
vn 0.0000 1.0000 0.0000
vn 0.0000 1.0000 0.0000
vn 0.0000 1.0000 0.0000
vn 0.0000 1.0000 0.0000
vn 0.0000 1.0000 0.0000
vn 0.0000 1.0000 0.0000
vn 0.0000 1.0000 0.0000
vn 0.0000 1.0000 0.0000
vn 0.0000 1.0000 0.0000
vn 0.0000 1.0000 0.0000
vn 0.0000 1.0000 0.0000
vn 0.0000 1.0000 0.0000
vn 0.0000 1.0000 0.0000
vn 0.0000 1.0000 0.0000
vn 0.0000 1.0000 0.0000
vn 0.0000 1.0000 0.0000
vn 0.0000 1.0000 0.0000
vn 0.0000 1.0000 0.0000
vn 0.0000 1.0000 0.0000
vn 0.0000 1.0000 0.0000
vn 0.0000 1.0000 0.0000
vn 0.0000 1.0000 0.0000
vn 0.0000 1.0000 0.0000
vn 0.0000 1.0000 0.0000
vn 0.0000 1.0000 0.0000
vn 0.0000 1.0000 0.0000
vn 0.0000 1.0000 0.0000
vn 0.0000 1.0000 0.0000
vn 0.0000 1.0000 0.0000
vn 0.0000 1.0000 0.0000
vn 0.0000 1.0000 0.0000
vn 0.0000 1.0000 0.0000
vn 0.0000 1.0000 0.0000
vn 0.0000 1.0000 0.0000
vn 0.0000 1.0000 0.0000
vn 0.0000 1.0000 0.0000
vn 0.0000 1.0000 0.0000
vn 0.0000 1.0000 0.0000
vn 0.0000 1.0000 0.0000
vn 0.0000 1.0000 0.0000
vn 0.0000 1.0000 0.0000
vn 0.0000 1.0000 0.0000
vn 0.0000 1.0000 0.0000
vn 0.0000 1.0000 0.0000
vn 0.0000 1.0000 0.0000
vn 0.0000 1.0000 0.0000
vn 0.0000 1.0000 0.0000
vn 0.0000 1.0000 0.0000
vn 0.0000 1.0000 0.0000
vn 0.0000 1.0000 0.0000
vn 0.0000 1.0000 0.0000
vn 0.0000 1.0000 0.0000
vn 0.0000 1.0000 0.0000
vn 0.0000 1.0000 0.0000
vn 0.0000 1.0000 0.0000
vn 0.0000 1.0000 0.0000
vn 0.0000 1.0000 0.0000
vn 0.0000 1.0000 0.0000
vn 0.0000 1.0000 0.0000
vn 0.0000 1.0000 0.0000
vn 0.0000 1.0000 0.0000
vn 0.0000 1.0000 0.0000
vn 0.0000 1.0000 0.0000
vn 0.0000 1.0000 0.0000
vn 0.0000 1.0000 0.0000
vn 0.0000 1.0000 0.0000
vn 0.0000 1.0000 0.0000
vn 0.0000 1.0000 0.0000
vn 0.0000 1.0000 0.0000
vn 0.0000 1.0000 0.0000
vn 0.0000 1.0000 0.0000
vn 0.0000 1.0000 0.0000
vn 0.0000 1.0000 0.0000
vn 0.0000 1.0000 0.0000
vn 0.0000 1.0000 0.0000
vn 0.0000 1.0000 0.0000
vn 0.0000 1.0000 0.0000
vn 0.0000 1.0000 0.0000
vn 0.0000 1.0000 0.0000
vn 0.0000 1.0000 0.0000
vn 0.0000 1.0000 0.0000
vn 0.0000 1.0000 0.0000
vn 0.0000 1.0000 0.0000
vn 0.0000 1.0000 0.0000
vn 0.0000 1.0000 0.0000
vn 0.0000 1.0000 0.0000
vn 0.0000 1.0000 0.0000
vn 0.0000 1.0000 0.0000
vn 0.0000 1.0000 0.0000
vn 0.0000 1.0000 0.0000
vn 0.0000 1.0000 0.0000
vn 0.0000 1.0000 0.0000
vn 0.0000 1.0000 0.0000
vn 0.0000 1.0000 0.0000
vn 0.0000 1.0000 0.0000
vn 0.0000 1.0000 0.0000
vn 0.0000 1.0000 0.0000
vn 0.0000 1.0000 0.0000
vn 0.0000 1.0000 0.0000
vn 0.0000 1.0000 0.0000
vn 0.0000 1.0000 0.0000
vn 0.0000 1.0000 0.0000
vn 0.0000 1.0000 0.0000
vn 0.0000 1.0000 0.0000
vn 0.0000 1.0000 0.0000
vn 0.0000 1.0000 0.0000
vn 0.0000 1.0000 0.0000
vn 0.0000 1.0000 0.0000
vn 0.0000 1.0000 0.0000
vn 0.0000 1.0000 0.0000
vn 0.0000 1.0000 0.0000
vn 0.0000 1.0000 0.0000
vn 0.0000 1.0000 0.0000
vn 0.0000 1.0000 0.0000
vn 0.0000 1.0000 0.0000
vn 0.0000 1.0000 0.0000
vn 0.0000 1.0000 0.0000
vn 0.0000 1.0000 0.0000
vn 0.0000 1.0000 0.0000
vn 0.0000 1.0000 0.0000
vn 0.0000 1.0000 0.0000
vn 0.0000 1.0000 0.0000
vn 0.0000 1.0000 0.0000
vn 0.0000 1.0000 0.0000
vn 0.0000 1.0000 0.0000
vn 0.0000 1.0000 0.0000
vn 0.0000 1.0000 0.0000
vn 0.0000 1.0000 0.0000
vn 0.0000 1.0000 0.0000
vn 0.0000 1.0000 0.0000
vn 0.0000 1.0000 0.0000
vn 0.0000 1.0000 0.0000
vn 0.0000 1.0000 0.0000
vn 0.0000 1.0000 0.0000
vn 0.0000 1.0000 0.0000
vn 0.0000 1.0000 0.0000
vn 0.0000 1.0000 0.0000
vn 0.0000 1.0000 0.0000
vn 0.0000 1.0000 0.0000
vn 0.0000 1.0000 0.0000
vn 0.0000 1.0000 0.0000
vn 0.0000 1.0000 0.0000
vn 0.0000 1.0000 0.0000
vn 0.0000 1.0000 0.0000
vn 0.0000 1.0000 0.0000
vn 0.0000 1.0000 0.0000
vn 0.0000 1.0000 0.0000
vn 0.0000 1.0000 0.0000
vn 0.0000 1.0000 0.0000
vn 0.0000 1.0000 0.0000
vn 0.0000 1.0000 0.0000
vn 0.0000 1.0000 0.0000
vn 0.0000 1.0000 0.0000
vn 0.0000 1.0000 0.0000
vn 0.0000 1.0000 0.0000
vn 0.0000 1.0000 0.0000
vn 0.0000 1.0000 0.0000
vn 0.0000 1.0000 0.0000
vn 0.0000 1.0000 0.0000
vn 0.0000 1.0000 0.0000
vn 0.0000 1.0000 0.0000
vn 0.0000 1.0000 0.0000
vn 0.0000 1.0000 0.0000
vn 0.0000 1.0000 0.0000
vn 0.0000 1.0000 0.0000
vn 0.0000 1.0000 0.0000
vn 0.0000 1.0000 0.0000
vn 0.0000 1.0000 0.0000
vn 0.0000 1.0000 0.0000
vn 0.2265 0.6887 0.6887
vn 0.0000 1.0000 0.0000
vn 0.0000 1.0000 0.0000
vn 0.0000 1.0000 0.0000
vn 0.0000 1.0000 0.0000
vn 0.0000 1.0000 0.0000
vn 0.0000 1.0000 0.0000
vn 0.0000 1.0000 0.0000
vn 0.0000 1.0000 0.0000
vn 0.0000 1.0000 0.0000
vn 0.0000 1.0000 0.0000
vn 0.0000 1.0000 0.0000
vn 0.0000 1.0000 0.0000
vn 0.0000 1.0000 0.0000
vn 0.0000 1.0000 0.0000
vn 0.0000 1.0000 0.0000
vn 0.0000 1.0000 0.0000
vn 0.0000 1.0000 0.0000
vn 0.0000 1.0000 0.0000
vn 0.0000 1.0000 0.0000
vn 0.0000 1.0000 0.0000
vn 0.0000 1.0000 0.0000
vn 0.0000 1.0000 0.0000
vn 0.0000 1.0000 0.0000
vn 0.0000 1.0000 0.0000
vn 0.0000 1.0000 0.0000
vn 0.0000 1.0000 0.0000
vn 0.0000 1.0000 0.0000
vn 0.0000 1.0000 0.0000
vn 0.0000 1.0000 0.0000
vn 0.0000 1.0000 0.0000
vn 0.0000 1.0000 0.0000
vn 0.0000 1.0000 0.0000
vn 0.0000 1.0000 0.0000
vn 0.0000 1.0000 0.0000
vn 0.0000 1.0000 0.0000
vn 0.0000 1.0000 0.0000
vn 0.0000 1.0000 0.0000
vn 0.0000 1.0000 0.0000
vn 0.0000 1.0000 0.0000
vn 0.0000 1.0000 0.0000
vn 0.0000 1.0000 0.0000
vn 0.0000 1.0000 0.0000
vn 0.0000 1.0000 0.0000
vn 0.0000 1.0000 0.0000
vn 0.0000 1.0000 0.0000
vn 0.0000 1.0000 0.0000
vn 0.0000 1.0000 0.0000
vn 0.0000 1.0000 0.0000
vn 0.0000 1.0000 0.0000
vn 0.0000 1.0000 0.0000
vn 0.0000 1.0000 0.0000
vn 0.0000 1.0000 0.0000
vn 0.6887 0.6887 0.2265
vn 0.0000 1.0000 0.0000
vn 0.0000 1.0000 0.0000
vn 0.0000 1.0000 0.0000
vn 0.0000 1.0000 0.0000
vn 0.0000 1.0000 0.0000
vn 0.0000 1.0000 0.0000
vn 0.0000 1.0000 0.0000
vn 0.0000 1.0000 0.0000
vn 0.0000 1.0000 0.0000
vn 0.0000 1.0000 0.0000
vn 0.0000 1.0000 0.0000
vn 0.0000 1.0000 0.0000
vn 0.0000 1.0000 0.0000
vn 0.0000 1.0000 0.0000
vn 0.0000 1.0000 0.0000
vn 0.0000 1.0000 0.0000
vn 0.0000 1.0000 0.0000
vn 0.0000 1.0000 0.0000
vn 0.0000 1.0000 0.0000
vn 0.0000 1.0000 0.0000
vn 0.0000 1.0000 0.0000
vn 0.0000 1.0000 0.0000
vn 0.0000 1.0000 0.0000
vn 0.0000 1.0000 0.0000
vn 0.0000 1.0000 0.0000
vn 0.0000 1.0000 0.0000
vn 0.0000 1.0000 0.0000
vn 0.0000 1.0000 0.0000
vn 0.0000 1.0000 0.0000
vn 0.0000 1.0000 0.0000
vn 0.0000 1.0000 0.0000
vn 0.0000 1.0000 0.0000
vn 0.0000 1.0000 0.0000
vn 0.0000 1.0000 0.0000
vn 0.0000 1.0000 0.0000
vn 0.0000 1.0000 0.0000
vn 0.0000 1.0000 0.0000
vn 0.0000 1.0000 0.0000
vn 0.0000 1.0000 0.0000
vn 0.0000 1.0000 0.0000
vn 0.0000 1.0000 0.0000
vn 0.0000 1.0000 0.0000
vn 0.0000 1.0000 0.0000
vn 0.0000 1.0000 0.0000
vn 0.0000 1.0000 0.0000
vn 0.0000 1.0000 0.0000
vn 0.0000 1.0000 0.0000
vn -0.5000 0.0000 -0.8660
vn -0.5000 0.0000 -0.8660
vn -0.8660 0.0000 -0.5000
vn -0.8660 -0.0000 -0.5000
vn -1.0000 -0.0000 0.0000
vn -1.0000 0.0000 0.0000
vn -0.8660 0.0000 0.5000
vn -0.8660 0.0000 0.5000
vn -0.5000 0.0000 0.8660
vn 0.0000 0.0000 -1.0000
vn -0.0000 0.0000 -1.0000
vn 0.5000 0.0000 -0.8660
vn 0.5000 0.0000 -0.8660
vn 0.8660 0.0000 -0.5000
vn 0.8660 0.0000 -0.5000
vn 0.5000 0.0000 0.8660
vn 0.5000 0.0000 0.8660
vn 0.8660 0.0000 0.5000
vn -0.5000 0.0000 0.8660
vn 0.0000 0.0000 1.0000
vn -0.0000 0.0000 1.0000
vn 0.0000 1.0000 0.0000
vn 0.0000 1.0000 0.0000
vn 0.0000 1.0000 0.0000
vn 0.0000 1.0000 0.0000
vn 0.0000 1.0000 0.0000
vn 0.8660 -0.0000 0.5000
vn 0.0000 1.0000 0.0000
vn 0.0000 1.0000 0.0000
vn 0.0000 1.0000 0.0000
vn 0.0000 1.0000 0.0000
vn 0.0000 1.0000 0.0000
vn 0.0000 1.0000 0.0000
vn 1.0000 0.0000 0.0000
vn 1.0000 -0.0000 0.0000
vn 0.0000 1.0000 0.0000
vn -0.8660 -0.0000 -0.5000
vn -0.8660 0.0000 -0.5000
vn -1.0000 -0.0000 0.0000
vn -0.5000 0.0000 -0.8660
vn -0.5000 0.0000 -0.8660
vn 0.0000 0.0000 -1.0000
vn -0.0000 0.0000 -1.0000
vn 0.5000 0.0000 -0.8660
vn 0.5000 0.0000 -0.8660
vn 0.8660 0.0000 -0.5000
vn 0.8660 0.0000 -0.5000
vn -1.0000 0.0000 0.0000
vn -0.8660 0.0000 0.5000
vn -0.8660 0.0000 0.5000
vn -0.5000 0.0000 0.8660
vn -0.5000 0.0000 0.8660
vn 0.0000 0.0000 1.0000
vn -0.0000 0.0000 1.0000
vn 0.5000 0.0000 0.8660
vn 0.5000 0.0000 0.8660
vn 0.8660 0.0000 0.5000
vn 0.0000 1.0000 0.0000
vn 0.0000 1.0000 0.0000
vn 0.0000 1.0000 0.0000
vn 0.0000 1.0000 0.0000
vn 0.0000 1.0000 0.0000
vn 0.0000 1.0000 0.0000
vn 0.0000 1.0000 0.0000
vn 0.0000 1.0000 0.0000
vn 0.0000 1.0000 0.0000
vn 0.0000 1.0000 0.0000
vn 0.8660 -0.0000 0.5000
vn 0.0000 1.0000 0.0000
vn 1.0000 0.0000 0.0000
vn 1.0000 -0.0000 0.0000
vn 0.0000 1.0000 0.0000
vn -0.8660 0.0000 -0.5000
vn -0.8660 0.0000 -0.5000
vn -1.0000 0.0000 0.0000
vn -1.0000 -0.0000 0.0000
vn -0.8660 -0.0000 0.5000
vn -0.5000 0.0000 -0.8660
vn -0.5000 0.0000 -0.8660
vn -0.8660 0.0000 0.5000
vn -0.5000 0.0000 0.8660
vn 0.0000 0.0000 -1.0000
vn -0.0000 0.0000 -1.0000
vn 0.5000 0.0000 -0.8660
vn 0.5000 0.0000 -0.8660
vn -0.5000 0.0000 0.8660
vn 0.0000 0.0000 1.0000
vn -0.0000 0.0000 1.0000
vn 0.5000 0.0000 0.8660
vn 0.8660 0.0000 -0.5000
vn 0.8660 -0.0000 -0.5000
vn 0.5000 0.0000 0.8660
vn 0.8660 0.0000 0.5000
vn 0.0000 1.0000 0.0000
vn 0.0000 1.0000 0.0000
vn 0.0000 1.0000 0.0000
vn 0.0000 1.0000 0.0000
vn 0.0000 1.0000 0.0000
vn 0.8660 0.0000 0.5000
vn 0.0000 1.0000 0.0000
vn 0.0000 1.0000 0.0000
vn 0.0000 1.0000 0.0000
vn 0.0000 1.0000 0.0000
vn 0.0000 1.0000 0.0000
vn 0.0000 1.0000 0.0000
vn 1.0000 -0.0000 0.0000
vn 1.0000 0.0000 0.0000
vn 0.0000 1.0000 0.0000
vn -0.5000 0.0000 -0.8660
vn -0.5000 0.0000 -0.8660
vn -0.8660 0.0000 -0.5000
vn -0.8660 0.0000 -0.5000
vn -1.0000 0.0000 0.0000
vn -1.0000 -0.0000 0.0000
vn -0.8660 -0.0000 0.5000
vn -0.8660 0.0000 0.5000
vn -0.5000 0.0000 0.8660
vn 0.0000 0.0000 -1.0000
vn -0.0000 0.0000 -1.0000
vn 0.5000 0.0000 -0.8660
vn 0.5000 0.0000 -0.8660
vn 0.8660 0.0000 -0.5000
vn 0.8660 -0.0000 -0.5000
vn 0.5000 0.0000 0.8660
vn 0.5000 0.0000 0.8660
vn 0.8660 0.0000 0.5000
vn -0.5000 0.0000 0.8660
vn 0.0000 0.0000 1.0000
vn -0.0000 0.0000 1.0000
vn 0.0000 1.0000 0.0000
vn 0.0000 1.0000 0.0000
vn 0.0000 1.0000 0.0000
vn 0.0000 1.0000 0.0000
vn 0.0000 1.0000 0.0000
vn 0.8660 0.0000 0.5000
vn 0.0000 1.0000 0.0000
vn 0.0000 1.0000 0.0000
vn 0.0000 1.0000 0.0000
vn 0.0000 1.0000 0.0000
vn 0.0000 1.0000 0.0000
vn 0.0000 1.0000 0.0000
vn 1.0000 -0.0000 0.0000
vn 1.0000 0.0000 0.0000
vn 0.0000 1.0000 0.0000
vn -0.8660 -0.0000 -0.5000
vn -0.8660 0.0000 -0.5000
vn -1.0000 -0.0000 0.0000
vn -0.5000 0.0000 -0.8660
vn -0.5000 0.0000 -0.8660
vn 0.0000 0.0000 -1.0000
vn -0.0000 0.0000 -1.0000
vn 0.5000 0.0000 -0.8660
vn 0.5000 0.0000 -0.8660
vn 0.8660 0.0000 -0.5000
vn 0.8660 0.0000 -0.5000
vn -1.0000 0.0000 0.0000
vn -0.8660 0.0000 0.5000
vn -0.8660 0.0000 0.5000
vn -0.5000 0.0000 0.8660
vn -0.5000 0.0000 0.8660
vn 0.0000 0.0000 1.0000
vn -0.0000 0.0000 1.0000
vn 0.5000 0.0000 0.8660
vn 0.5000 0.0000 0.8660
vn 0.8660 0.0000 0.5000
vn 0.0000 1.0000 0.0000
vn 0.0000 1.0000 0.0000
vn 0.0000 1.0000 0.0000
vn 0.0000 1.0000 0.0000
vn 0.0000 1.0000 0.0000
vn 0.0000 1.0000 0.0000
vn 0.0000 1.0000 0.0000
vn 0.0000 1.0000 0.0000
vn 0.0000 1.0000 0.0000
vn 0.0000 1.0000 0.0000
vn 0.8660 -0.0000 0.5000
vn 0.0000 1.0000 0.0000
vn 1.0000 0.0000 0.0000
vn 1.0000 -0.0000 0.0000
vn 0.0000 1.0000 0.0000
vn -0.8660 -0.0000 -0.5000
vn -0.8660 0.0000 -0.5000
vn -1.0000 -0.0000 0.0000
vn -1.0000 0.0000 0.0000
vn -0.8660 0.0000 0.5000
vn -0.5000 0.0000 -0.8660
vn -0.5000 0.0000 -0.8660
vn -0.8660 0.0000 0.5000
vn -0.5000 0.0000 0.8660
vn 0.0000 0.0000 -1.0000
vn -0.0000 0.0000 -1.0000
vn 0.5000 0.0000 -0.8660
vn 0.5000 0.0000 -0.8660
vn -0.5000 0.0000 0.8660
vn 0.0000 0.0000 1.0000
vn -0.0000 0.0000 1.0000
vn 0.5000 0.0000 0.8660
vn 0.8660 0.0000 -0.5000
vn 0.8660 0.0000 -0.5000
vn 0.5000 0.0000 0.8660
vn 0.8660 0.0000 0.5000
vn 0.0000 1.0000 0.0000
vn 0.0000 1.0000 0.0000
vn 0.0000 1.0000 0.0000
vn 0.0000 1.0000 0.0000
vn 0.0000 1.0000 0.0000
vn 0.8660 -0.0000 0.5000
vn 0.0000 1.0000 0.0000
vn 0.0000 1.0000 0.0000
vn 0.0000 1.0000 0.0000
vn 0.0000 1.0000 0.0000
vn 0.0000 1.0000 0.0000
vn 0.0000 1.0000 0.0000
vn 1.0000 0.0000 0.0000
vn 1.0000 -0.0000 0.0000
vn 0.0000 1.0000 0.0000
vn -0.5000 0.0000 -0.8660
vn -0.5000 0.0000 -0.8660
vn -0.8660 0.0000 -0.5000
vn -0.8660 -0.0000 -0.5000
vn -1.0000 -0.0000 0.0000
vn -1.0000 0.0000 0.0000
vn -0.8660 0.0000 0.5000
vn -0.8660 0.0000 0.5000
vn -0.5000 0.0000 0.8660
vn 0.0000 0.0000 -1.0000
vn -0.0000 0.0000 -1.0000
vn 0.5000 0.0000 -0.8660
vn 0.5000 0.0000 -0.8660
vn 0.8660 0.0000 -0.5000
vn 0.8660 0.0000 -0.5000
vn 0.5000 0.0000 0.8660
vn 0.5000 0.0000 0.8660
vn 0.8660 0.0000 0.5000
vn -0.5000 0.0000 0.8660
vn 0.0000 0.0000 1.0000
vn -0.0000 0.0000 1.0000
vn 0.0000 1.0000 0.0000
vn 0.0000 1.0000 0.0000
vn 0.0000 1.0000 0.0000
vn 0.0000 1.0000 0.0000
vn 0.0000 1.0000 0.0000
vn 0.8660 -0.0000 0.5000
vn 0.0000 1.0000 0.0000
vn 0.0000 1.0000 0.0000
vn 0.0000 1.0000 0.0000
vn 0.0000 1.0000 0.0000
vn 0.0000 1.0000 0.0000
vn 0.0000 1.0000 0.0000
vn 1.0000 0.0000 0.0000
vn 1.0000 -0.0000 0.0000
vn 0.0000 1.0000 0.0000
vn -0.8660 -0.0000 -0.5000
vn -0.8660 0.0000 -0.5000
vn -1.0000 -0.0000 0.0000
vn -0.5000 0.0000 -0.8660
vn -0.5000 0.0000 -0.8660
vn 0.0000 0.0000 -1.0000
vn -0.0000 0.0000 -1.0000
vn 0.5000 0.0000 -0.8660
vn 0.5000 0.0000 -0.8660
vn 0.8660 0.0000 -0.5000
vn 0.8660 0.0000 -0.5000
vn -1.0000 0.0000 0.0000
vn -0.8660 0.0000 0.5000
vn -0.8660 0.0000 0.5000
vn -0.5000 0.0000 0.8660
vn -0.5000 0.0000 0.8660
vn 0.0000 0.0000 1.0000
vn -0.0000 0.0000 1.0000
vn 0.5000 0.0000 0.8660
vn 0.5000 0.0000 0.8660
vn 0.8660 0.0000 0.5000
vn 0.0000 1.0000 0.0000
vn 0.0000 1.0000 0.0000
vn 0.0000 1.0000 0.0000
vn 0.0000 1.0000 0.0000
vn 0.0000 1.0000 0.0000
vn 0.0000 1.0000 0.0000
vn 0.0000 1.0000 0.0000
vn 0.0000 1.0000 0.0000
vn 0.0000 1.0000 0.0000
vn 0.0000 1.0000 0.0000
vn 0.8660 -0.0000 0.5000
vn 0.0000 1.0000 0.0000
vn 1.0000 0.0000 0.0000
vn 1.0000 -0.0000 0.0000
vn 0.0000 1.0000 0.0000
vn -0.8660 -0.0000 -0.5000
vn -0.8660 0.0000 -0.5000
vn -1.0000 -0.0000 0.0000
vn -1.0000 0.0000 0.0000
vn -0.8660 0.0000 0.5000
vn -0.5000 0.0000 -0.8660
vn -0.5000 -0.0000 -0.8660
vn -0.8660 0.0000 0.5000
vn -0.5000 0.0000 0.8660
vn -0.0000 -0.0000 -1.0000
vn 0.0000 0.0000 -1.0000
vn 0.5000 0.0000 -0.8660
vn 0.5000 0.0000 -0.8660
vn -0.5000 0.0000 0.8660
vn -0.0000 0.0000 1.0000
vn 0.0000 -0.0000 1.0000
vn 0.5000 -0.0000 0.8660
vn 0.8660 0.0000 -0.5000
vn 0.8660 0.0000 -0.5000
vn 0.5000 0.0000 0.8660
vn 0.8660 0.0000 0.5000
vn 0.0000 1.0000 0.0000
vn 0.0000 1.0000 0.0000
vn 0.0000 1.0000 0.0000
vn 0.0000 1.0000 0.0000
vn 0.0000 1.0000 0.0000
vn 0.8660 -0.0000 0.5000
vn 0.0000 1.0000 0.0000
vn 0.0000 1.0000 0.0000
vn 0.0000 1.0000 0.0000
vn 0.0000 1.0000 0.0000
vn 0.0000 1.0000 0.0000
vn 0.0000 1.0000 0.0000
vn 1.0000 0.0000 0.0000
vn 1.0000 -0.0000 0.0000
vn 0.0000 1.0000 0.0000
vn -0.5000 0.0000 -0.8660
vn -0.5000 -0.0000 -0.8660
vn -0.8660 0.0000 -0.5000
vn -0.8660 -0.0000 -0.5000
vn -1.0000 -0.0000 0.0000
vn -1.0000 0.0000 0.0000
vn -0.8660 0.0000 0.5000
vn -0.8660 0.0000 0.5000
vn -0.5000 0.0000 0.8660
vn -0.0000 -0.0000 -1.0000
vn 0.0000 0.0000 -1.0000
vn 0.5000 0.0000 -0.8660
vn 0.5000 0.0000 -0.8660
vn 0.8660 0.0000 -0.5000
vn 0.8660 0.0000 -0.5000
vn 0.5000 0.0000 0.8660
vn 0.5000 -0.0000 0.8660
vn 0.8660 0.0000 0.5000
vn -0.5000 0.0000 0.8660
vn -0.0000 0.0000 1.0000
vn 0.0000 -0.0000 1.0000
vn 0.0000 1.0000 0.0000
vn 0.0000 1.0000 0.0000
vn 0.0000 1.0000 0.0000
vn 0.0000 1.0000 0.0000
vn 0.0000 1.0000 0.0000
vn 0.8660 -0.0000 0.5000
vn 0.0000 1.0000 0.0000
vn 0.0000 1.0000 0.0000
vn 0.0000 1.0000 0.0000
vn 0.0000 1.0000 0.0000
vn 0.0000 1.0000 0.0000
vn 0.0000 1.0000 0.0000
vn 1.0000 0.0000 0.0000
vn 1.0000 -0.0000 0.0000
vn 0.0000 1.0000 0.0000
vn -0.8660 -0.0000 -0.5000
vn -0.8660 0.0000 -0.5000
vn -1.0000 -0.0000 0.0000
vn -0.5000 0.0000 -0.8660
vn -0.5000 -0.0000 -0.8660
vn -0.0000 -0.0000 -1.0000
vn 0.0000 0.0000 -1.0000
vn 0.5000 0.0000 -0.8660
vn 0.5000 0.0000 -0.8660
vn 0.8660 0.0000 -0.5000
vn 0.8660 0.0000 -0.5000
vn -1.0000 0.0000 0.0000
vn -0.8660 0.0000 0.5000
vn -0.8660 0.0000 0.5000
vn -0.5000 0.0000 0.8660
vn -0.5000 0.0000 0.8660
vn -0.0000 0.0000 1.0000
vn 0.0000 -0.0000 1.0000
vn 0.5000 -0.0000 0.8660
vn 0.5000 0.0000 0.8660
vn 0.8660 0.0000 0.5000
vn 0.0000 1.0000 0.0000
vn 0.0000 1.0000 0.0000
vn 0.0000 1.0000 0.0000
vn 0.0000 1.0000 0.0000
vn 0.0000 1.0000 0.0000
vn 0.0000 1.0000 0.0000
vn 0.0000 1.0000 0.0000
vn 0.0000 1.0000 0.0000
vn 0.0000 1.0000 0.0000
vn 0.0000 1.0000 0.0000
vn 0.8660 -0.0000 0.5000
vn 0.0000 1.0000 0.0000
vn 1.0000 0.0000 0.0000
vn 1.0000 -0.0000 0.0000
vn 0.0000 1.0000 0.0000
vn -0.8660 -0.0000 -0.5000
vn -0.8660 0.0000 -0.5000
vn -1.0000 -0.0000 0.0000
vn -1.0000 0.0000 0.0000
vn -0.8660 0.0000 0.5000
vn -0.5000 0.0000 -0.8660
vn -0.5000 -0.0000 -0.8660
vn -0.8660 0.0000 0.5000
vn -0.5000 0.0000 0.8660
vn -0.0000 -0.0000 -1.0000
vn 0.0000 0.0000 -1.0000
vn 0.5000 0.0000 -0.8660
vn 0.5000 0.0000 -0.8660
vn -0.5000 0.0000 0.8660
vn -0.0000 0.0000 1.0000
vn 0.0000 -0.0000 1.0000
vn 0.5000 -0.0000 0.8660
vn 0.8660 0.0000 -0.5000
vn 0.8660 0.0000 -0.5000
vn 0.5000 0.0000 0.8660
vn 0.8660 0.0000 0.5000
vn 0.0000 1.0000 0.0000
vn 0.0000 1.0000 0.0000
vn 0.0000 1.0000 0.0000
vn 0.0000 1.0000 0.0000
vn 0.0000 1.0000 0.0000
vn 0.8660 -0.0000 0.5000
vn 0.0000 1.0000 0.0000
vn 0.0000 1.0000 0.0000
vn 0.0000 1.0000 0.0000
vn 0.0000 1.0000 0.0000
vn 0.0000 1.0000 0.0000
vn 0.0000 1.0000 0.0000
vn 1.0000 0.0000 0.0000
vn 1.0000 -0.0000 0.0000
vn 0.0000 1.0000 0.0000
vn -0.5000 0.0000 -0.8660
vn -0.5000 0.0000 -0.8660
vn -0.8660 0.0000 -0.5000
vn -1.0000 0.0000 0.0000
vn -1.0000 -0.0000 -0.0000
vn -0.8660 0.0000 0.5000
vn -0.8660 -0.0000 -0.5000
vn -0.8660 0.0000 0.5000
vn -0.5000 0.0000 0.8660
vn 0.0000 0.0000 -1.0000
vn -0.0000 0.0000 -1.0000
vn -0.5000 0.0000 0.8660
vn 0.0000 0.0000 1.0000
vn -0.0000 0.0000 1.0000
vn 0.0000 1.0000 0.0000
vn 0.0000 1.0000 0.0000
vn 0.0000 1.0000 0.0000
vn 0.0000 1.0000 0.0000
vn 0.0000 1.0000 0.0000
vn 0.0000 1.0000 0.0000
vn 0.0000 1.0000 0.0000
vn 0.5000 0.0000 -0.8660
vn 0.5000 0.0000 -0.8660
vn 0.5000 0.0000 0.8660
vn 0.5000 0.0000 0.8660
vn 0.8660 0.0000 0.5000
vn 0.8660 0.0000 -0.5000
vn 0.8660 0.0000 -0.5000
vn 0.8660 -0.0000 0.5000
vn 1.0000 -0.0000 0.0000
vn 1.0000 0.0000 -0.0000
vn 0.0000 1.0000 0.0000
vn 0.0000 1.0000 0.0000
vn 0.0000 1.0000 0.0000
vn 0.0000 1.0000 0.0000
vn 0.0000 1.0000 0.0000
vn -0.5000 0.0000 -0.8660
vn -0.5000 0.0000 -0.8660
vn -0.8660 0.0000 -0.5000
vn -0.8660 -0.0000 -0.5000
vn -1.0000 -0.0000 -0.0000
vn 0.0000 0.0000 -1.0000
vn -0.0000 0.0000 -1.0000
vn -1.0000 0.0000 0.0000
vn -0.8660 0.0000 0.5000
vn -0.8660 0.0000 0.5000
vn -0.5000 0.0000 0.8660
vn -0.5000 0.0000 0.8660
vn 0.0000 0.0000 1.0000
vn 0.0000 1.0000 0.0000
vn 0.0000 1.0000 0.0000
vn 0.0000 1.0000 0.0000
vn 0.0000 1.0000 0.0000
vn 0.0000 1.0000 0.0000
vn 0.0000 1.0000 0.0000
vn -0.0000 0.0000 1.0000
vn 0.0000 1.0000 0.0000
vn 0.5000 0.0000 -0.8660
vn 0.5000 0.0000 -0.8660
vn 0.8660 0.0000 -0.5000
vn 0.8660 0.0000 -0.5000
vn 1.0000 0.0000 -0.0000
vn 1.0000 -0.0000 0.0000
vn 0.5000 0.0000 0.8660
vn 0.5000 0.0000 0.8660
vn 0.8660 0.0000 0.5000
vn 0.8660 -0.0000 0.5000
vn 0.0000 1.0000 0.0000
vn 0.0000 1.0000 0.0000
vn 0.0000 1.0000 0.0000
vn 0.0000 1.0000 0.0000
vn 0.0000 1.0000 0.0000
vn 0.0000 0.0000 -1.0000
vn -0.0000 0.0000 -1.0000
vn -0.5000 0.0000 -0.8660
vn -1.0000 0.0000 -0.0000
vn -1.0000 0.0000 0.0000
vn -0.8660 0.0000 0.5000
vn -0.8660 0.0000 -0.5000
vn -0.8660 0.0000 -0.5000
vn -0.5000 0.0000 -0.8660
vn -0.8660 0.0000 0.5000
vn -0.5000 0.0000 0.8660
vn -0.5000 0.0000 0.8660
vn 0.0000 0.0000 1.0000
vn -0.0000 0.0000 1.0000
vn 0.0000 1.0000 0.0000
vn 0.0000 1.0000 0.0000
vn 0.0000 1.0000 0.0000
vn 0.0000 1.0000 0.0000
vn 0.0000 1.0000 0.0000
vn 0.0000 1.0000 0.0000
vn 0.0000 1.0000 0.0000
vn 0.5000 0.0000 -0.8660
vn 0.5000 0.0000 -0.8660
vn 0.5000 0.0000 0.8660
vn 0.5000 0.0000 0.8660
vn 0.8660 0.0000 0.5000
vn 0.8660 0.0000 -0.5000
vn 0.8660 0.0000 -0.5000
vn 0.8660 0.0000 0.5000
vn 1.0000 0.0000 -0.0000
vn 1.0000 0.0000 0.0000
vn 0.0000 1.0000 0.0000
vn 0.0000 1.0000 0.0000
vn 0.0000 1.0000 0.0000
vn 0.0000 1.0000 0.0000
vn 0.0000 1.0000 0.0000
vn -0.5000 0.0000 -0.8660
vn -0.5000 0.0000 -0.8660
vn -0.8660 0.0000 -0.5000
vn -1.0000 0.0000 -0.0000
vn -1.0000 0.0000 0.0000
vn -0.8660 0.0000 0.5000
vn -0.8660 0.0000 -0.5000
vn -0.8660 0.0000 0.5000
vn -0.5000 0.0000 0.8660
vn 0.0000 0.0000 -1.0000
vn -0.0000 0.0000 -1.0000
vn -0.5000 0.0000 0.8660
vn 0.0000 0.0000 1.0000
vn -0.0000 0.0000 1.0000
vn 0.0000 1.0000 0.0000
vn 0.0000 1.0000 0.0000
vn 0.0000 1.0000 0.0000
vn 0.0000 1.0000 0.0000
vn 0.0000 1.0000 0.0000
vn 0.0000 1.0000 0.0000
vn 0.0000 1.0000 0.0000
vn 0.5000 0.0000 -0.8660
vn 0.5000 0.0000 -0.8660
vn 0.5000 0.0000 0.8660
vn 0.5000 0.0000 0.8660
vn 0.8660 0.0000 0.5000
vn 0.8660 0.0000 -0.5000
vn 0.8660 0.0000 -0.5000
vn 0.8660 0.0000 0.5000
vn 1.0000 0.0000 -0.0000
vn 1.0000 0.0000 0.0000
vn 0.0000 1.0000 0.0000
vn 0.0000 1.0000 0.0000
vn 0.0000 1.0000 0.0000
vn 0.0000 1.0000 0.0000
vn 0.0000 1.0000 0.0000
vn -0.5000 0.0000 -0.8660
vn -0.5000 0.0000 -0.8660
vn -0.8660 0.0000 -0.5000
vn -0.8660 -0.0000 -0.5000
vn -1.0000 -0.0000 -0.0000
vn 0.0000 0.0000 -1.0000
vn -0.0000 0.0000 -1.0000
vn -1.0000 0.0000 0.0000
vn -0.8660 0.0000 0.5000
vn -0.8660 0.0000 0.5000
vn -0.5000 0.0000 0.8660
vn -0.5000 0.0000 0.8660
vn 0.0000 0.0000 1.0000
vn 0.0000 1.0000 0.0000
vn 0.0000 1.0000 0.0000
vn 0.0000 1.0000 0.0000
vn 0.0000 1.0000 0.0000
vn 0.0000 1.0000 0.0000
vn 0.0000 1.0000 0.0000
vn -0.0000 0.0000 1.0000
vn 0.0000 1.0000 0.0000
vn 0.5000 0.0000 -0.8660
vn 0.5000 0.0000 -0.8660
vn 0.8660 0.0000 -0.5000
vn 0.8660 0.0000 -0.5000
vn 1.0000 0.0000 -0.0000
vn 1.0000 -0.0000 0.0000
vn 0.5000 0.0000 0.8660
vn 0.5000 0.0000 0.8660
vn 0.8660 0.0000 0.5000
vn 0.8660 -0.0000 0.5000
vn 0.0000 1.0000 0.0000
vn 0.0000 1.0000 0.0000
vn 0.0000 1.0000 0.0000
vn 0.0000 1.0000 0.0000
vn 0.0000 1.0000 0.0000
vn 0.0000 0.0000 -1.0000
vn -0.0000 0.0000 -1.0000
vn -0.5000 0.0000 -0.8660
vn -1.0000 0.0000 0.0000
vn -1.0000 -0.0000 -0.0000
vn -0.8660 0.0000 0.5000
vn -0.8660 -0.0000 -0.5000
vn -0.8660 0.0000 -0.5000
vn -0.5000 0.0000 -0.8660
vn -0.8660 0.0000 0.5000
vn -0.5000 0.0000 0.8660
vn -0.5000 0.0000 0.8660
vn 0.0000 0.0000 1.0000
vn -0.0000 0.0000 1.0000
vn 0.0000 1.0000 0.0000
vn 0.0000 1.0000 0.0000
vn 0.0000 1.0000 0.0000
vn 0.0000 1.0000 0.0000
vn 0.0000 1.0000 0.0000
vn 0.0000 1.0000 0.0000
vn 0.0000 1.0000 0.0000
vn 0.5000 0.0000 -0.8660
vn 0.5000 0.0000 -0.8660
vn 0.5000 0.0000 0.8660
vn 0.5000 0.0000 0.8660
vn 0.8660 0.0000 0.5000
vn 0.8660 0.0000 -0.5000
vn 0.8660 0.0000 -0.5000
vn 0.8660 -0.0000 0.5000
vn 1.0000 -0.0000 0.0000
vn 1.0000 0.0000 -0.0000
vn 0.0000 1.0000 0.0000
vn 0.0000 1.0000 0.0000
vn 0.0000 1.0000 0.0000
vn 0.0000 1.0000 0.0000
vn 0.0000 1.0000 0.0000
vn -0.5000 0.0000 -0.8660
vn -0.5000 0.0000 -0.8660
vn -0.8660 0.0000 -0.5000
vn -1.0000 0.0000 0.0000
vn -1.0000 -0.0000 -0.0000
vn -0.8660 0.0000 0.5000
vn -0.8660 -0.0000 -0.5000
vn -0.8660 0.0000 0.5000
vn -0.5000 0.0000 0.8660
vn 0.0000 0.0000 -1.0000
vn -0.0000 0.0000 -1.0000
vn -0.5000 0.0000 0.8660
vn 0.0000 0.0000 1.0000
vn -0.0000 0.0000 1.0000
vn 0.0000 1.0000 0.0000
vn 0.0000 1.0000 0.0000
vn 0.0000 1.0000 0.0000
vn 0.0000 1.0000 0.0000
vn 0.0000 1.0000 0.0000
vn 0.0000 1.0000 0.0000
vn 0.0000 1.0000 0.0000
vn 0.5000 0.0000 -0.8660
vn 0.5000 0.0000 -0.8660
vn 0.5000 0.0000 0.8660
vn 0.5000 0.0000 0.8660
vn 0.8660 0.0000 0.5000
vn 0.8660 0.0000 -0.5000
vn 0.8660 0.0000 -0.5000
vn 0.8660 -0.0000 0.5000
vn 1.0000 -0.0000 0.0000
vn 1.0000 0.0000 -0.0000
vn 0.0000 1.0000 0.0000
vn 0.0000 1.0000 0.0000
vn 0.0000 1.0000 0.0000
vn 0.0000 1.0000 0.0000
vn 0.0000 1.0000 0.0000
vn -0.5000 0.0000 -0.8660
vn -0.5000 0.0000 -0.8660
vn -0.8660 0.0000 -0.5000
vn -0.8660 -0.0000 -0.5000
vn -1.0000 -0.0000 -0.0000
vn 0.0000 0.0000 -1.0000
vn -0.0000 0.0000 -1.0000
vn -1.0000 0.0000 0.0000
vn -0.8660 0.0000 0.5000
vn -0.8660 0.0000 0.5000
vn -0.5000 0.0000 0.8660
vn -0.5000 0.0000 0.8660
vn 0.0000 0.0000 1.0000
vn 0.0000 1.0000 0.0000
vn 0.0000 1.0000 0.0000
vn 0.0000 1.0000 0.0000
vn 0.0000 1.0000 0.0000
vn 0.0000 1.0000 0.0000
vn -0.0000 0.0000 1.0000
vn 0.0000 1.0000 0.0000
vn 0.0000 1.0000 0.0000
vn 0.5000 0.0000 -0.8660
vn 0.5000 0.0000 -0.8660
vn 0.8660 0.0000 -0.5000
vn 0.8660 0.0000 -0.5000
vn 1.0000 0.0000 -0.0000
vn 1.0000 -0.0000 0.0000
vn 0.5000 0.0000 0.8660
vn 0.5000 0.0000 0.8660
vn 0.8660 0.0000 0.5000
vn 0.8660 -0.0000 0.5000
vn 0.0000 1.0000 0.0000
vn 0.0000 1.0000 0.0000
vn 0.0000 1.0000 0.0000
vn 0.0000 1.0000 0.0000
vn 0.0000 1.0000 0.0000
vn -0.0000 -0.0000 -1.0000
vn 0.0000 0.0000 -1.0000
vn -0.5000 -0.0000 -0.8660
vn -1.0000 0.0000 0.0000
vn -1.0000 -0.0000 -0.0000
vn -0.8660 0.0000 0.5000
vn -0.8660 -0.0000 -0.5000
vn -0.8660 0.0000 -0.5000
vn -0.5000 0.0000 -0.8660
vn -0.8660 0.0000 0.5000
vn -0.5000 0.0000 0.8660
vn -0.5000 0.0000 0.8660
vn -0.0000 0.0000 1.0000
vn 0.0000 -0.0000 1.0000
vn 0.0000 1.0000 0.0000
vn 0.0000 1.0000 0.0000
vn 0.0000 1.0000 0.0000
vn 0.0000 1.0000 0.0000
vn 0.0000 1.0000 0.0000
vn 0.0000 1.0000 0.0000
vn 0.0000 1.0000 0.0000
vn 0.5000 0.0000 -0.8660
vn 0.5000 0.0000 -0.8660
vn 0.5000 -0.0000 0.8660
vn 0.5000 0.0000 0.8660
vn 0.8660 0.0000 0.5000
vn 0.8660 0.0000 -0.5000
vn 0.8660 0.0000 -0.5000
vn 0.8660 -0.0000 0.5000
vn 1.0000 -0.0000 0.0000
vn 1.0000 0.0000 -0.0000
vn 0.0000 1.0000 0.0000
vn 0.0000 1.0000 0.0000
vn 0.0000 1.0000 0.0000
vn 0.0000 1.0000 0.0000
vn 0.0000 1.0000 0.0000
vn -0.5000 0.0000 -0.8660
vn -0.5000 -0.0000 -0.8660
vn -0.8660 0.0000 -0.5000
vn -1.0000 0.0000 0.0000
vn -1.0000 -0.0000 -0.0000
vn -0.8660 0.0000 0.5000
vn -0.8660 -0.0000 -0.5000
vn -0.8660 0.0000 0.5000
vn -0.5000 0.0000 0.8660
vn -0.0000 -0.0000 -1.0000
vn 0.0000 0.0000 -1.0000
vn -0.5000 0.0000 0.8660
vn -0.0000 0.0000 1.0000
vn 0.0000 -0.0000 1.0000
vn 0.0000 1.0000 0.0000
vn 0.0000 1.0000 0.0000
vn 0.0000 1.0000 0.0000
vn 0.0000 1.0000 0.0000
vn 0.0000 1.0000 0.0000
vn 0.0000 1.0000 0.0000
vn 0.0000 1.0000 0.0000
vn 0.5000 0.0000 -0.8660
vn 0.5000 0.0000 -0.8660
vn 0.5000 0.0000 0.8660
vn 0.5000 -0.0000 0.8660
vn 0.8660 0.0000 0.5000
vn 0.8660 0.0000 -0.5000
vn 0.8660 0.0000 -0.5000
vn 0.8660 -0.0000 0.5000
vn 1.0000 -0.0000 0.0000
vn 1.0000 0.0000 -0.0000
vn 0.0000 1.0000 0.0000
vn 0.0000 1.0000 0.0000
vn 0.0000 1.0000 0.0000
vn 0.0000 1.0000 0.0000
vn 0.0000 1.0000 0.0000
vn -0.5000 0.0000 -0.8660
vn -0.5000 -0.0000 -0.8660
vn -0.8660 0.0000 -0.5000
vn -0.8660 -0.0000 -0.5000
vn -1.0000 -0.0000 -0.0000
vn -0.0000 -0.0000 -1.0000
vn 0.0000 0.0000 -1.0000
vn -1.0000 0.0000 0.0000
vn -0.8660 0.0000 0.5000
vn -0.8660 0.0000 0.5000
vn -0.5000 0.0000 0.8660
vn -0.5000 0.0000 0.8660
vn -0.0000 0.0000 1.0000
vn 0.0000 1.0000 0.0000
vn 0.0000 1.0000 0.0000
vn 0.0000 1.0000 0.0000
vn 0.0000 1.0000 0.0000
vn 0.0000 1.0000 0.0000
vn 0.0000 -0.0000 1.0000
vn 0.0000 1.0000 0.0000
vn 0.0000 1.0000 0.0000
vn 0.5000 0.0000 -0.8660
vn 0.5000 0.0000 -0.8660
vn 0.8660 0.0000 -0.5000
vn 0.8660 0.0000 -0.5000
vn 1.0000 0.0000 -0.0000
vn 1.0000 -0.0000 0.0000
vn 0.5000 -0.0000 0.8660
vn 0.5000 0.0000 0.8660
vn 0.8660 0.0000 0.5000
vn 0.8660 -0.0000 0.5000
vn 0.0000 1.0000 0.0000
vn 0.0000 1.0000 0.0000
vn 0.0000 1.0000 0.0000
vn 0.0000 1.0000 0.0000
vn 0.0000 1.0000 0.0000
vn -0.0000 -0.0000 -1.0000
vn 0.0000 0.0000 -1.0000
vn -0.5000 -0.0000 -0.8660
vn -1.0000 0.0000 0.0000
vn -1.0000 -0.0000 -0.0000
vn -0.8660 0.0000 0.5000
vn -0.8660 -0.0000 -0.5000
vn -0.8660 0.0000 -0.5000
vn -0.5000 0.0000 -0.8660
vn -0.8660 0.0000 0.5000
vn -0.5000 0.0000 0.8660
vn -0.5000 0.0000 0.8660
vn -0.0000 0.0000 1.0000
vn 0.0000 -0.0000 1.0000
vn 0.0000 1.0000 0.0000
vn 0.0000 1.0000 0.0000
vn 0.0000 1.0000 0.0000
vn 0.0000 1.0000 0.0000
vn 0.0000 1.0000 0.0000
vn 0.0000 1.0000 0.0000
vn 0.0000 1.0000 0.0000
vn 0.5000 0.0000 -0.8660
vn 0.5000 0.0000 -0.8660
vn 0.5000 -0.0000 0.8660
vn 0.5000 0.0000 0.8660
vn 0.8660 0.0000 0.5000
vn 0.8660 0.0000 -0.5000
vn 0.8660 0.0000 -0.5000
vn 0.8660 -0.0000 0.5000
vn 1.0000 -0.0000 0.0000
vn 1.0000 0.0000 -0.0000
vn 0.0000 1.0000 0.0000
vn 0.0000 1.0000 0.0000
vn 0.0000 1.0000 0.0000
vn 0.0000 1.0000 0.0000
vn 0.0000 1.0000 0.0000
vn -0.8660 -0.0000 -0.5000
vn -0.8660 0.0000 -0.5000
vn -1.0000 -0.0000 0.0000
vn -1.0000 0.0000 0.0000
vn -0.8660 0.0000 0.5000
vn -0.8660 0.0000 0.5000
vn 0.0000 1.0000 0.0000
vn 0.0000 1.0000 0.0000
vn 0.0000 1.0000 0.0000
vn -0.5000 0.0000 -0.8660
vn -0.5000 0.0000 -0.8660
vn -0.5000 0.0000 0.8660
vn 0.0000 0.0000 -1.0000
vn -0.0000 0.0000 -1.0000
vn 0.5000 0.0000 -0.8660
vn 0.5000 0.0000 -0.8660
vn -0.5000 0.0000 0.8660
vn 0.0000 0.0000 1.0000
vn -0.0000 0.0000 1.0000
vn 0.5000 0.0000 0.8660
vn 0.8660 0.0000 -0.5000
vn 0.8660 0.0000 -0.5000
vn 0.5000 0.0000 0.8660
vn 0.8660 0.0000 0.5000
vn 1.0000 0.0000 0.0000
vn 1.0000 -0.0000 0.0000
vn 0.8660 -0.0000 0.5000
vn 0.0000 1.0000 0.0000
vn 0.0000 1.0000 0.0000
vn 0.0000 1.0000 0.0000
vn 0.0000 1.0000 0.0000
vn 0.0000 1.0000 0.0000
vn 0.0000 1.0000 0.0000
vn 0.0000 1.0000 0.0000
vn 0.0000 1.0000 0.0000
vn 0.0000 1.0000 0.0000
vn -0.8660 -0.0000 -0.5000
vn -0.8660 0.0000 -0.5000
vn -1.0000 -0.0000 0.0000
vn -1.0000 0.0000 0.0000
vn -0.8660 0.0000 0.5000
vn 0.0000 1.0000 0.0000
vn 0.0000 1.0000 0.0000
vn 0.0000 1.0000 0.0000
vn -0.8660 0.0000 0.5000
vn -0.5000 0.0000 -0.8660
vn -0.5000 0.0000 -0.8660
vn 0.0000 0.0000 -1.0000
vn -0.0000 0.0000 -1.0000
vn 0.5000 0.0000 -0.8660
vn 0.5000 0.0000 -0.8660
vn 0.8660 0.0000 -0.5000
vn 0.8660 0.0000 -0.5000
vn 1.0000 0.0000 0.0000
vn 1.0000 -0.0000 0.0000
vn -0.5000 0.0000 0.8660
vn -0.5000 0.0000 0.8660
vn 0.0000 0.0000 1.0000
vn -0.0000 0.0000 1.0000
vn 0.5000 0.0000 0.8660
vn 0.5000 0.0000 0.8660
vn 0.8660 0.0000 0.5000
vn 0.8660 -0.0000 0.5000
vn 0.0000 1.0000 0.0000
vn 0.0000 1.0000 0.0000
vn 0.0000 1.0000 0.0000
vn 0.0000 1.0000 0.0000
vn 0.0000 1.0000 0.0000
vn 0.0000 1.0000 0.0000
vn 0.0000 1.0000 0.0000
vn 0.0000 1.0000 0.0000
vn 0.0000 1.0000 0.0000
vn -0.8660 0.0000 -0.5000
vn -0.8660 0.0000 -0.5000
vn -1.0000 0.0000 0.0000
vn -1.0000 -0.0000 0.0000
vn -0.8660 -0.0000 0.5000
vn -0.8660 0.0000 0.5000
vn 0.0000 1.0000 0.0000
vn 0.0000 1.0000 0.0000
vn 0.0000 1.0000 0.0000
vn 0.0000 0.0000 -1.0000
vn -0.0000 0.0000 -1.0000
vn -0.5000 0.0000 -0.8660
vn 0.5000 0.0000 -0.8660
vn 0.5000 0.0000 -0.8660
vn -0.5000 0.0000 -0.8660
vn -0.5000 0.0000 0.8660
vn -0.5000 0.0000 0.8660
vn 0.0000 0.0000 1.0000
vn -0.0000 0.0000 1.0000
vn 0.5000 0.0000 0.8660
vn 0.8660 0.0000 -0.5000
vn 0.8660 -0.0000 -0.5000
vn 1.0000 -0.0000 0.0000
vn 1.0000 0.0000 0.0000
vn 0.8660 0.0000 0.5000
vn 0.8660 0.0000 0.5000
vn 0.5000 0.0000 0.8660
vn 0.0000 1.0000 0.0000
vn 0.0000 1.0000 0.0000
vn 0.0000 1.0000 0.0000
vn 0.0000 1.0000 0.0000
vn 0.0000 1.0000 0.0000
vn 0.0000 1.0000 0.0000
vn 0.0000 1.0000 0.0000
vn 0.0000 1.0000 0.0000
vn 0.0000 1.0000 0.0000
vn -0.8660 0.0000 -0.5000
vn -0.8660 0.0000 -0.5000
vn -1.0000 0.0000 0.0000
vn -1.0000 -0.0000 0.0000
vn -0.8660 -0.0000 0.5000
vn -0.8660 0.0000 0.5000
vn 0.0000 1.0000 0.0000
vn 0.0000 1.0000 0.0000
vn 0.0000 1.0000 0.0000
vn -0.5000 0.0000 -0.8660
vn -0.5000 0.0000 -0.8660
vn -0.5000 0.0000 0.8660
vn 0.0000 0.0000 -1.0000
vn -0.0000 0.0000 -1.0000
vn 0.5000 0.0000 -0.8660
vn 0.5000 0.0000 -0.8660
vn -0.5000 0.0000 0.8660
vn 0.0000 0.0000 1.0000
vn -0.0000 0.0000 1.0000
vn 0.5000 0.0000 0.8660
vn 0.8660 0.0000 -0.5000
vn 0.8660 -0.0000 -0.5000
vn 0.5000 0.0000 0.8660
vn 0.8660 0.0000 0.5000
vn 1.0000 -0.0000 0.0000
vn 1.0000 0.0000 0.0000
vn 0.8660 0.0000 0.5000
vn 0.0000 1.0000 0.0000
vn 0.0000 1.0000 0.0000
vn 0.0000 1.0000 0.0000
vn 0.0000 1.0000 0.0000
vn 0.0000 1.0000 0.0000
vn 0.0000 1.0000 0.0000
vn 0.0000 1.0000 0.0000
vn 0.0000 1.0000 0.0000
vn 0.0000 1.0000 0.0000
vn -0.8660 -0.0000 -0.5000
vn -0.8660 0.0000 -0.5000
vn -1.0000 -0.0000 0.0000
vn -1.0000 0.0000 0.0000
vn -0.8660 0.0000 0.5000
vn 0.0000 1.0000 0.0000
vn 0.0000 1.0000 0.0000
vn 0.0000 1.0000 0.0000
vn -0.8660 0.0000 0.5000
vn -0.5000 0.0000 -0.8660
vn -0.5000 0.0000 -0.8660
vn 0.0000 0.0000 -1.0000
vn -0.0000 0.0000 -1.0000
vn 0.5000 0.0000 -0.8660
vn 0.5000 0.0000 -0.8660
vn 0.8660 0.0000 -0.5000
vn 0.8660 0.0000 -0.5000
vn 1.0000 0.0000 0.0000
vn 1.0000 -0.0000 0.0000
vn -0.5000 0.0000 0.8660
vn -0.5000 0.0000 0.8660
vn 0.0000 0.0000 1.0000
vn -0.0000 0.0000 1.0000
vn 0.5000 0.0000 0.8660
vn 0.5000 0.0000 0.8660
vn 0.8660 0.0000 0.5000
vn 0.8660 -0.0000 0.5000
vn 0.0000 1.0000 0.0000
vn 0.0000 1.0000 0.0000
vn 0.0000 1.0000 0.0000
vn 0.0000 1.0000 0.0000
vn 0.0000 1.0000 0.0000
vn 0.0000 1.0000 0.0000
vn 0.0000 1.0000 0.0000
vn 0.0000 1.0000 0.0000
vn 0.0000 1.0000 0.0000
vn -0.8660 -0.0000 -0.5000
vn -0.8660 0.0000 -0.5000
vn -1.0000 -0.0000 0.0000
vn -1.0000 0.0000 0.0000
vn -0.8660 0.0000 0.5000
vn -0.8660 0.0000 0.5000
vn 0.0000 1.0000 0.0000
vn 0.0000 1.0000 0.0000
vn 0.0000 1.0000 0.0000
vn 0.0000 0.0000 -1.0000
vn -0.0000 0.0000 -1.0000
vn -0.5000 0.0000 -0.8660
vn 0.5000 0.0000 -0.8660
vn 0.5000 0.0000 -0.8660
vn -0.5000 0.0000 -0.8660
vn -0.5000 0.0000 0.8660
vn -0.5000 0.0000 0.8660
vn 0.0000 0.0000 1.0000
vn -0.0000 0.0000 1.0000
vn 0.5000 0.0000 0.8660
vn 0.8660 0.0000 -0.5000
vn 0.8660 0.0000 -0.5000
vn 1.0000 0.0000 0.0000
vn 1.0000 -0.0000 0.0000
vn 0.8660 -0.0000 0.5000
vn 0.8660 0.0000 0.5000
vn 0.5000 0.0000 0.8660
vn 0.0000 1.0000 0.0000
vn 0.0000 1.0000 0.0000
vn 0.0000 1.0000 0.0000
vn 0.0000 1.0000 0.0000
vn 0.0000 1.0000 0.0000
vn 0.0000 1.0000 0.0000
vn 0.0000 1.0000 0.0000
vn 0.0000 1.0000 0.0000
vn 0.0000 1.0000 0.0000
vn -0.8660 -0.0000 -0.5000
vn -0.8660 0.0000 -0.5000
vn -1.0000 -0.0000 0.0000
vn -1.0000 0.0000 0.0000
vn -0.8660 0.0000 0.5000
vn -0.8660 0.0000 0.5000
vn 0.0000 1.0000 0.0000
vn 0.0000 1.0000 0.0000
vn 0.0000 1.0000 0.0000
vn -0.5000 0.0000 -0.8660
vn -0.5000 0.0000 -0.8660
vn -0.5000 0.0000 0.8660
vn 0.0000 0.0000 -1.0000
vn -0.0000 0.0000 -1.0000
vn 0.5000 0.0000 -0.8660
vn 0.5000 0.0000 -0.8660
vn -0.5000 0.0000 0.8660
vn 0.0000 0.0000 1.0000
vn -0.0000 0.0000 1.0000
vn 0.5000 0.0000 0.8660
vn 0.8660 0.0000 -0.5000
vn 0.8660 0.0000 -0.5000
vn 0.5000 0.0000 0.8660
vn 0.8660 0.0000 0.5000
vn 1.0000 0.0000 0.0000
vn 1.0000 -0.0000 0.0000
vn 0.8660 -0.0000 0.5000
vn 0.0000 1.0000 0.0000
vn 0.0000 1.0000 0.0000
vn 0.0000 1.0000 0.0000
vn 0.0000 1.0000 0.0000
vn 0.0000 1.0000 0.0000
vn 0.0000 1.0000 0.0000
vn 0.0000 1.0000 0.0000
vn 0.0000 1.0000 0.0000
vn 0.0000 1.0000 0.0000
vn -0.8660 -0.0000 -0.5000
vn -0.8660 0.0000 -0.5000
vn -1.0000 -0.0000 0.0000
vn -1.0000 0.0000 0.0000
vn -0.8660 0.0000 0.5000
vn -0.8660 0.0000 0.5000
vn 0.0000 1.0000 0.0000
vn 0.0000 1.0000 0.0000
vn 0.0000 1.0000 0.0000
vn -0.5000 0.0000 -0.8660
vn -0.5000 0.0000 -0.8660
vn 0.0000 0.0000 -1.0000
vn -0.0000 0.0000 -1.0000
vn 0.5000 0.0000 -0.8660
vn 0.5000 0.0000 -0.8660
vn 0.8660 0.0000 -0.5000
vn 0.8660 0.0000 -0.5000
vn 1.0000 0.0000 0.0000
vn 1.0000 -0.0000 0.0000
vn -0.5000 0.0000 0.8660
vn -0.5000 0.0000 0.8660
vn 0.0000 0.0000 1.0000
vn -0.0000 0.0000 1.0000
vn 0.5000 0.0000 0.8660
vn 0.5000 0.0000 0.8660
vn 0.8660 0.0000 0.5000
vn 0.8660 -0.0000 0.5000
vn 0.0000 1.0000 0.0000
vn 0.0000 1.0000 0.0000
vn 0.0000 1.0000 0.0000
vn 0.0000 1.0000 0.0000
vn 0.0000 1.0000 0.0000
vn 0.0000 1.0000 0.0000
vn 0.0000 1.0000 0.0000
vn 0.0000 1.0000 0.0000
vn 0.0000 1.0000 0.0000
vn -0.8660 -0.0000 -0.5000
vn -0.8660 0.0000 -0.5000
vn -1.0000 -0.0000 0.0000
vn -1.0000 0.0000 0.0000
vn -0.8660 0.0000 0.5000
vn -0.8660 0.0000 0.5000
vn 0.0000 1.0000 0.0000
vn 0.0000 1.0000 0.0000
vn 0.0000 1.0000 0.0000
vn -0.0000 -0.0000 -1.0000
vn 0.0000 0.0000 -1.0000
vn -0.5000 -0.0000 -0.8660
vn 0.5000 0.0000 -0.8660
vn 0.5000 0.0000 -0.8660
vn -0.5000 0.0000 -0.8660
vn -0.5000 0.0000 0.8660
vn -0.5000 0.0000 0.8660
vn -0.0000 0.0000 1.0000
vn 0.0000 -0.0000 1.0000
vn 0.5000 -0.0000 0.8660
vn 0.8660 0.0000 -0.5000
vn 0.8660 0.0000 -0.5000
vn 1.0000 0.0000 0.0000
vn 1.0000 -0.0000 0.0000
vn 0.8660 -0.0000 0.5000
vn 0.8660 0.0000 0.5000
vn 0.5000 0.0000 0.8660
vn 0.0000 1.0000 0.0000
vn 0.0000 1.0000 0.0000
vn 0.0000 1.0000 0.0000
vn 0.0000 1.0000 0.0000
vn 0.0000 1.0000 0.0000
vn 0.0000 1.0000 0.0000
vn 0.0000 1.0000 0.0000
vn 0.0000 1.0000 0.0000
vn 0.0000 1.0000 0.0000
vn -0.8660 -0.0000 -0.5000
vn -0.8660 0.0000 -0.5000
vn -1.0000 -0.0000 0.0000
vn -1.0000 0.0000 0.0000
vn -0.8660 0.0000 0.5000
vn -0.8660 0.0000 0.5000
vn 0.0000 1.0000 0.0000
vn 0.0000 1.0000 0.0000
vn 0.0000 1.0000 0.0000
vn -0.5000 0.0000 -0.8660
vn -0.5000 -0.0000 -0.8660
vn -0.5000 0.0000 0.8660
vn -0.0000 -0.0000 -1.0000
vn 0.0000 0.0000 -1.0000
vn 0.5000 0.0000 -0.8660
vn 0.5000 0.0000 -0.8660
vn -0.5000 0.0000 0.8660
vn -0.0000 0.0000 1.0000
vn 0.0000 -0.0000 1.0000
vn 0.5000 -0.0000 0.8660
vn 0.8660 0.0000 -0.5000
vn 0.8660 0.0000 -0.5000
vn 0.5000 0.0000 0.8660
vn 0.8660 0.0000 0.5000
vn 1.0000 0.0000 0.0000
vn 1.0000 -0.0000 0.0000
vn 0.8660 -0.0000 0.5000
vn 0.0000 1.0000 0.0000
vn 0.0000 1.0000 0.0000
vn 0.0000 1.0000 0.0000
vn 0.0000 1.0000 0.0000
vn 0.0000 1.0000 0.0000
vn 0.0000 1.0000 0.0000
vn 0.0000 1.0000 0.0000
vn 0.0000 1.0000 0.0000
vn 0.0000 1.0000 0.0000
vn -0.8660 -0.0000 -0.5000
vn -0.8660 0.0000 -0.5000
vn -1.0000 -0.0000 0.0000
vn -1.0000 0.0000 0.0000
vn -0.8660 0.0000 0.5000
vn -0.8660 0.0000 0.5000
vn 0.0000 1.0000 0.0000
vn 0.0000 1.0000 0.0000
vn 0.0000 1.0000 0.0000
vn -0.5000 0.0000 -0.8660
vn -0.5000 -0.0000 -0.8660
vn -0.0000 -0.0000 -1.0000
vn 0.0000 0.0000 -1.0000
vn 0.5000 0.0000 -0.8660
vn 0.5000 0.0000 -0.8660
vn 0.8660 0.0000 -0.5000
vn 0.8660 0.0000 -0.5000
vn 1.0000 0.0000 0.0000
vn 1.0000 -0.0000 0.0000
vn -0.5000 0.0000 0.8660
vn -0.5000 0.0000 0.8660
vn -0.0000 0.0000 1.0000
vn 0.0000 -0.0000 1.0000
vn 0.5000 -0.0000 0.8660
vn 0.5000 0.0000 0.8660
vn 0.8660 0.0000 0.5000
vn 0.8660 -0.0000 0.5000
vn 0.0000 1.0000 0.0000
vn 0.0000 1.0000 0.0000
vn 0.0000 1.0000 0.0000
vn 0.0000 1.0000 0.0000
vn 0.0000 1.0000 0.0000
vn 0.0000 1.0000 0.0000
vn 0.0000 1.0000 0.0000
vn 0.0000 1.0000 0.0000
vn 0.0000 1.0000 0.0000
vn -0.8660 -0.0000 -0.5000
vn -0.8660 0.0000 -0.5000
vn -1.0000 -0.0000 0.0000
vn -1.0000 0.0000 0.0000
vn -0.8660 0.0000 0.5000
vn -0.8660 0.0000 0.5000
vn 0.0000 1.0000 0.0000
vn 0.0000 1.0000 0.0000
vn 0.0000 1.0000 0.0000
vn -0.0000 -0.0000 -1.0000
vn 0.0000 0.0000 -1.0000
vn -0.5000 -0.0000 -0.8660
vn 0.5000 0.0000 -0.8660
vn 0.5000 0.0000 -0.8660
vn -0.5000 0.0000 -0.8660
vn -0.5000 0.0000 0.8660
vn -0.5000 0.0000 0.8660
vn -0.0000 0.0000 1.0000
vn 0.0000 -0.0000 1.0000
vn 0.5000 -0.0000 0.8660
vn 0.8660 0.0000 -0.5000
vn 0.8660 0.0000 -0.5000
vn 1.0000 0.0000 0.0000
vn 1.0000 -0.0000 0.0000
vn 0.8660 -0.0000 0.5000
vn 0.8660 0.0000 0.5000
vn 0.5000 0.0000 0.8660
vn 0.0000 1.0000 0.0000
vn 0.0000 1.0000 0.0000
vn 0.0000 1.0000 0.0000
vn 0.0000 1.0000 0.0000
vn 0.0000 1.0000 0.0000
vn 0.0000 1.0000 0.0000
vn 0.0000 1.0000 0.0000
vn 0.0000 1.0000 0.0000
vn 0.0000 1.0000 0.0000
vn -0.5000 0.0000 -0.8660
vn -0.5000 0.0000 -0.8660
vn -0.8660 0.0000 -0.5000
vn -0.8660 -0.0000 -0.5000
vn -1.0000 -0.0000 0.0000
vn -1.0000 0.0000 0.0000
vn -0.8660 0.0000 0.5000
vn -0.8660 0.0000 0.5000
vn -0.5000 0.0000 0.8660
vn 0.0000 0.0000 -1.0000
vn -0.0000 0.0000 -1.0000
vn 0.5000 0.0000 -0.8660
vn 0.5000 0.0000 -0.8660
vn 0.8660 0.0000 -0.5000
vn 0.8660 0.0000 -0.5000
vn 0.5000 0.0000 0.8660
vn 0.5000 0.0000 0.8660
vn 0.8660 0.0000 0.5000
vn -0.5000 0.0000 0.8660
vn 0.0000 0.0000 1.0000
vn -0.0000 0.0000 1.0000
vn 0.0000 1.0000 0.0000
vn 0.0000 1.0000 0.0000
vn 0.0000 1.0000 0.0000
vn 0.0000 1.0000 0.0000
vn 0.0000 1.0000 0.0000
vn 0.8660 -0.0000 0.5000
vn 0.0000 1.0000 0.0000
vn 0.0000 1.0000 0.0000
vn 0.0000 1.0000 0.0000
vn 0.0000 1.0000 0.0000
vn 0.0000 1.0000 0.0000
vn 0.0000 1.0000 0.0000
vn 1.0000 0.0000 0.0000
vn 1.0000 -0.0000 0.0000
vn 0.0000 1.0000 0.0000
vn -0.8660 -0.0000 -0.5000
vn -0.8660 0.0000 -0.5000
vn -1.0000 -0.0000 0.0000
vn -0.5000 0.0000 -0.8660
vn -0.5000 0.0000 -0.8660
vn 0.0000 0.0000 -1.0000
vn -0.0000 0.0000 -1.0000
vn 0.5000 0.0000 -0.8660
vn 0.5000 0.0000 -0.8660
vn 0.8660 0.0000 -0.5000
vn 0.8660 0.0000 -0.5000
vn -1.0000 0.0000 0.0000
vn -0.8660 0.0000 0.5000
vn -0.8660 0.0000 0.5000
vn -0.5000 0.0000 0.8660
vn -0.5000 0.0000 0.8660
vn 0.0000 0.0000 1.0000
vn -0.0000 0.0000 1.0000
vn 0.5000 0.0000 0.8660
vn 0.5000 0.0000 0.8660
vn 0.8660 0.0000 0.5000
vn 0.0000 1.0000 0.0000
vn 0.0000 1.0000 0.0000
vn 0.0000 1.0000 0.0000
vn 0.0000 1.0000 0.0000
vn 0.0000 1.0000 0.0000
vn 0.0000 1.0000 0.0000
vn 0.0000 1.0000 0.0000
vn 0.0000 1.0000 0.0000
vn 0.0000 1.0000 0.0000
vn 0.0000 1.0000 0.0000
vn 0.8660 -0.0000 0.5000
vn 0.0000 1.0000 0.0000
vn 1.0000 0.0000 0.0000
vn 1.0000 -0.0000 0.0000
vn 0.0000 1.0000 0.0000
vn -0.8660 0.0000 -0.5000
vn -0.8660 0.0000 -0.5000
vn -1.0000 0.0000 0.0000
vn -1.0000 -0.0000 0.0000
vn -0.8660 -0.0000 0.5000
vn -0.5000 0.0000 -0.8660
vn -0.5000 0.0000 -0.8660
vn -0.8660 0.0000 0.5000
vn -0.5000 0.0000 0.8660
vn 0.0000 0.0000 -1.0000
vn -0.0000 0.0000 -1.0000
vn 0.5000 0.0000 -0.8660
vn 0.5000 0.0000 -0.8660
vn -0.5000 0.0000 0.8660
vn 0.0000 0.0000 1.0000
vn -0.0000 0.0000 1.0000
vn 0.5000 0.0000 0.8660
vn 0.8660 0.0000 -0.5000
vn 0.8660 -0.0000 -0.5000
vn 0.5000 0.0000 0.8660
vn 0.8660 0.0000 0.5000
vn 0.0000 1.0000 0.0000
vn 0.0000 1.0000 0.0000
vn 0.0000 1.0000 0.0000
vn 0.0000 1.0000 0.0000
vn 0.0000 1.0000 0.0000
vn 0.8660 0.0000 0.5000
vn 0.0000 1.0000 0.0000
vn 0.0000 1.0000 0.0000
vn 0.0000 1.0000 0.0000
vn 0.0000 1.0000 0.0000
vn 0.0000 1.0000 0.0000
vn 0.0000 1.0000 0.0000
vn 1.0000 -0.0000 0.0000
vn 1.0000 0.0000 0.0000
vn 0.0000 1.0000 0.0000
vn -0.5000 0.0000 -0.8660
vn -0.5000 0.0000 -0.8660
vn -0.8660 0.0000 -0.5000
vn -0.8660 0.0000 -0.5000
vn -1.0000 0.0000 0.0000
vn -1.0000 -0.0000 0.0000
vn -0.8660 -0.0000 0.5000
vn -0.8660 0.0000 0.5000
vn -0.5000 0.0000 0.8660
vn 0.0000 0.0000 -1.0000
vn -0.0000 0.0000 -1.0000
vn 0.5000 0.0000 -0.8660
vn 0.5000 0.0000 -0.8660
vn 0.8660 0.0000 -0.5000
vn 0.8660 -0.0000 -0.5000
vn 0.5000 0.0000 0.8660
vn 0.5000 0.0000 0.8660
vn 0.8660 0.0000 0.5000
vn -0.5000 0.0000 0.8660
vn 0.0000 0.0000 1.0000
vn -0.0000 0.0000 1.0000
vn 0.0000 1.0000 0.0000
vn 0.0000 1.0000 0.0000
vn 0.0000 1.0000 0.0000
vn 0.0000 1.0000 0.0000
vn 0.0000 1.0000 0.0000
vn 0.8660 0.0000 0.5000
vn 0.0000 1.0000 0.0000
vn 0.0000 1.0000 0.0000
vn 0.0000 1.0000 0.0000
vn 0.0000 1.0000 0.0000
vn 0.0000 1.0000 0.0000
vn 0.0000 1.0000 0.0000
vn 1.0000 -0.0000 0.0000
vn 1.0000 0.0000 0.0000
vn 0.0000 1.0000 0.0000
vn -0.8660 -0.0000 -0.5000
vn -0.8660 0.0000 -0.5000
vn -1.0000 -0.0000 0.0000
vn -0.5000 0.0000 -0.8660
vn -0.5000 0.0000 -0.8660
vn 0.0000 0.0000 -1.0000
vn -0.0000 0.0000 -1.0000
vn 0.5000 0.0000 -0.8660
vn 0.5000 0.0000 -0.8660
vn 0.8660 0.0000 -0.5000
vn 0.8660 0.0000 -0.5000
vn -1.0000 0.0000 0.0000
vn -0.8660 0.0000 0.5000
vn -0.8660 0.0000 0.5000
vn -0.5000 0.0000 0.8660
vn -0.5000 0.0000 0.8660
vn 0.0000 0.0000 1.0000
vn -0.0000 0.0000 1.0000
vn 0.5000 0.0000 0.8660
vn 0.5000 0.0000 0.8660
vn 0.8660 0.0000 0.5000
vn 0.0000 1.0000 0.0000
vn 0.0000 1.0000 0.0000
vn 0.0000 1.0000 0.0000
vn 0.0000 1.0000 0.0000
vn 0.0000 1.0000 0.0000
vn 0.0000 1.0000 0.0000
vn 0.0000 1.0000 0.0000
vn 0.0000 1.0000 0.0000
vn 0.0000 1.0000 0.0000
vn 0.0000 1.0000 0.0000
vn 0.8660 -0.0000 0.5000
vn 0.0000 1.0000 0.0000
vn 1.0000 0.0000 0.0000
vn 1.0000 -0.0000 0.0000
vn 0.0000 1.0000 0.0000
vn -0.8660 -0.0000 -0.5000
vn -0.8660 0.0000 -0.5000
vn -1.0000 -0.0000 0.0000
vn -1.0000 0.0000 0.0000
vn -0.8660 0.0000 0.5000
vn -0.5000 0.0000 -0.8660
vn -0.5000 0.0000 -0.8660
vn -0.8660 0.0000 0.5000
vn -0.5000 0.0000 0.8660
vn 0.0000 0.0000 -1.0000
vn -0.0000 0.0000 -1.0000
vn 0.5000 0.0000 -0.8660
vn 0.5000 0.0000 -0.8660
vn -0.5000 0.0000 0.8660
vn 0.0000 0.0000 1.0000
vn -0.0000 0.0000 1.0000
vn 0.5000 0.0000 0.8660
vn 0.8660 0.0000 -0.5000
vn 0.8660 0.0000 -0.5000
vn 0.5000 0.0000 0.8660
vn 0.8660 0.0000 0.5000
vn 0.0000 1.0000 0.0000
vn 0.0000 1.0000 0.0000
vn 0.0000 1.0000 0.0000
vn 0.0000 1.0000 0.0000
vn 0.0000 1.0000 0.0000
vn 0.8660 -0.0000 0.5000
vn 0.0000 1.0000 0.0000
vn 0.0000 1.0000 0.0000
vn 0.0000 1.0000 0.0000
vn 0.0000 1.0000 0.0000
vn 0.0000 1.0000 0.0000
vn 0.0000 1.0000 0.0000
vn 1.0000 0.0000 0.0000
vn 1.0000 -0.0000 0.0000
vn 0.0000 1.0000 0.0000
vn -0.5000 0.0000 -0.8660
vn -0.5000 0.0000 -0.8660
vn -0.8660 0.0000 -0.5000
vn -0.8660 -0.0000 -0.5000
vn -1.0000 -0.0000 0.0000
vn -1.0000 0.0000 0.0000
vn -0.8660 0.0000 0.5000
vn -0.8660 0.0000 0.5000
vn -0.5000 0.0000 0.8660
vn 0.0000 0.0000 -1.0000
vn -0.0000 0.0000 -1.0000
vn 0.5000 0.0000 -0.8660
vn 0.5000 0.0000 -0.8660
vn 0.8660 0.0000 -0.5000
vn 0.8660 0.0000 -0.5000
vn 0.5000 0.0000 0.8660
vn 0.5000 0.0000 0.8660
vn 0.8660 0.0000 0.5000
vn -0.5000 0.0000 0.8660
vn 0.0000 0.0000 1.0000
vn -0.0000 0.0000 1.0000
vn 0.0000 1.0000 0.0000
vn 0.0000 1.0000 0.0000
vn 0.0000 1.0000 0.0000
vn 0.0000 1.0000 0.0000
vn 0.0000 1.0000 0.0000
vn 0.8660 -0.0000 0.5000
vn 0.0000 1.0000 0.0000
vn 0.0000 1.0000 0.0000
vn 0.0000 1.0000 0.0000
vn 0.0000 1.0000 0.0000
vn 0.0000 1.0000 0.0000
vn 0.0000 1.0000 0.0000
vn 1.0000 0.0000 0.0000
vn 1.0000 -0.0000 0.0000
vn 0.0000 1.0000 0.0000
vn -0.8660 -0.0000 -0.5000
vn -0.8660 0.0000 -0.5000
vn -1.0000 -0.0000 0.0000
vn -0.5000 0.0000 -0.8660
vn -0.5000 0.0000 -0.8660
vn 0.0000 0.0000 -1.0000
vn -0.0000 0.0000 -1.0000
vn 0.5000 0.0000 -0.8660
vn 0.5000 0.0000 -0.8660
vn 0.8660 0.0000 -0.5000
vn 0.8660 0.0000 -0.5000
vn -1.0000 0.0000 0.0000
vn -0.8660 0.0000 0.5000
vn -0.8660 0.0000 0.5000
vn -0.5000 0.0000 0.8660
vn -0.5000 0.0000 0.8660
vn 0.0000 0.0000 1.0000
vn -0.0000 0.0000 1.0000
vn 0.5000 0.0000 0.8660
vn 0.5000 0.0000 0.8660
vn 0.8660 0.0000 0.5000
vn 0.0000 1.0000 0.0000
vn 0.0000 1.0000 0.0000
vn 0.0000 1.0000 0.0000
vn 0.0000 1.0000 0.0000
vn 0.0000 1.0000 0.0000
vn 0.0000 1.0000 0.0000
vn 0.0000 1.0000 0.0000
vn 0.0000 1.0000 0.0000
vn 0.0000 1.0000 0.0000
vn 0.0000 1.0000 0.0000
vn 0.8660 -0.0000 0.5000
vn 0.0000 1.0000 0.0000
vn 1.0000 0.0000 0.0000
vn 1.0000 -0.0000 0.0000
vn 0.0000 1.0000 0.0000
vn -0.8660 -0.0000 -0.5000
vn -0.8660 0.0000 -0.5000
vn -1.0000 -0.0000 0.0000
vn -1.0000 0.0000 0.0000
vn -0.8660 0.0000 0.5000
vn -0.5000 0.0000 -0.8660
vn -0.5000 -0.0000 -0.8660
vn -0.8660 0.0000 0.5000
vn -0.5000 0.0000 0.8660
vn -0.0000 -0.0000 -1.0000
vn 0.0000 0.0000 -1.0000
vn 0.5000 0.0000 -0.8660
vn 0.5000 0.0000 -0.8660
vn -0.5000 0.0000 0.8660
vn -0.0000 0.0000 1.0000
vn 0.0000 -0.0000 1.0000
vn 0.5000 -0.0000 0.8660
vn 0.8660 0.0000 -0.5000
vn 0.8660 0.0000 -0.5000
vn 0.5000 0.0000 0.8660
vn 0.8660 0.0000 0.5000
vn 0.0000 1.0000 0.0000
vn 0.0000 1.0000 0.0000
vn 0.0000 1.0000 0.0000
vn 0.0000 1.0000 0.0000
vn 0.0000 1.0000 0.0000
vn 0.8660 -0.0000 0.5000
vn 0.0000 1.0000 0.0000
vn 0.0000 1.0000 0.0000
vn 0.0000 1.0000 0.0000
vn 0.0000 1.0000 0.0000
vn 0.0000 1.0000 0.0000
vn 0.0000 1.0000 0.0000
vn 1.0000 0.0000 0.0000
vn 1.0000 -0.0000 0.0000
vn 0.0000 1.0000 0.0000
vn -0.5000 0.0000 -0.8660
vn -0.5000 -0.0000 -0.8660
vn -0.8660 0.0000 -0.5000
vn -0.8660 -0.0000 -0.5000
vn -1.0000 -0.0000 0.0000
vn -1.0000 0.0000 0.0000
vn -0.8660 0.0000 0.5000
vn -0.8660 0.0000 0.5000
vn -0.5000 0.0000 0.8660
vn -0.0000 -0.0000 -1.0000
vn 0.0000 0.0000 -1.0000
vn 0.5000 0.0000 -0.8660
vn 0.5000 0.0000 -0.8660
vn 0.8660 0.0000 -0.5000
vn 0.8660 0.0000 -0.5000
vn 0.5000 0.0000 0.8660
vn 0.5000 -0.0000 0.8660
vn 0.8660 0.0000 0.5000
vn -0.5000 0.0000 0.8660
vn -0.0000 0.0000 1.0000
vn 0.0000 -0.0000 1.0000
vn 0.0000 1.0000 0.0000
vn 0.0000 1.0000 0.0000
vn 0.0000 1.0000 0.0000
vn 0.0000 1.0000 0.0000
vn 0.0000 1.0000 0.0000
vn 0.8660 -0.0000 0.5000
vn 0.0000 1.0000 0.0000
vn 0.0000 1.0000 0.0000
vn 0.0000 1.0000 0.0000
vn 0.0000 1.0000 0.0000
vn 0.0000 1.0000 0.0000
vn 0.0000 1.0000 0.0000
vn 1.0000 0.0000 0.0000
vn 1.0000 -0.0000 0.0000
vn 0.0000 1.0000 0.0000
vn -0.8660 -0.0000 -0.5000
vn -0.8660 0.0000 -0.5000
vn -1.0000 -0.0000 0.0000
vn -0.5000 0.0000 -0.8660
vn -0.5000 -0.0000 -0.8660
vn -0.0000 -0.0000 -1.0000
vn 0.0000 0.0000 -1.0000
vn 0.5000 0.0000 -0.8660
vn 0.5000 0.0000 -0.8660
vn 0.8660 0.0000 -0.5000
vn 0.8660 0.0000 -0.5000
vn -1.0000 0.0000 0.0000
vn -0.8660 0.0000 0.5000
vn -0.8660 0.0000 0.5000
vn -0.5000 0.0000 0.8660
vn -0.5000 0.0000 0.8660
vn -0.0000 0.0000 1.0000
vn 0.0000 -0.0000 1.0000
vn 0.5000 -0.0000 0.8660
vn 0.5000 0.0000 0.8660
vn 0.8660 0.0000 0.5000
vn 0.0000 1.0000 0.0000
vn 0.0000 1.0000 0.0000
vn 0.0000 1.0000 0.0000
vn 0.0000 1.0000 0.0000
vn 0.0000 1.0000 0.0000
vn 0.0000 1.0000 0.0000
vn 0.0000 1.0000 0.0000
vn 0.0000 1.0000 0.0000
vn 0.0000 1.0000 0.0000
vn 0.0000 1.0000 0.0000
vn 0.8660 -0.0000 0.5000
vn 0.0000 1.0000 0.0000
vn 1.0000 0.0000 0.0000
vn 1.0000 -0.0000 0.0000
vn 0.0000 1.0000 0.0000
vn -0.8660 -0.0000 -0.5000
vn -0.8660 0.0000 -0.5000
vn -1.0000 -0.0000 0.0000
vn -1.0000 0.0000 0.0000
vn -0.8660 0.0000 0.5000
vn -0.5000 0.0000 -0.8660
vn -0.5000 -0.0000 -0.8660
vn -0.8660 0.0000 0.5000
vn -0.5000 0.0000 0.8660
vn -0.0000 -0.0000 -1.0000
vn 0.0000 0.0000 -1.0000
vn 0.5000 0.0000 -0.8660
vn 0.5000 0.0000 -0.8660
vn -0.5000 0.0000 0.8660
vn -0.0000 0.0000 1.0000
vn 0.0000 -0.0000 1.0000
vn 0.5000 -0.0000 0.8660
vn 0.8660 0.0000 -0.5000
vn 0.8660 0.0000 -0.5000
vn 0.5000 0.0000 0.8660
vn 0.8660 0.0000 0.5000
vn 0.0000 1.0000 0.0000
vn 0.0000 1.0000 0.0000
vn 0.0000 1.0000 0.0000
vn 0.0000 1.0000 0.0000
vn 0.0000 1.0000 0.0000
vn 0.8660 -0.0000 0.5000
vn 0.0000 1.0000 0.0000
vn 0.0000 1.0000 0.0000
vn 0.0000 1.0000 0.0000
vn 0.0000 1.0000 0.0000
vn 0.0000 1.0000 0.0000
vn 0.0000 1.0000 0.0000
vn 1.0000 0.0000 0.0000
vn 1.0000 -0.0000 0.0000
vn 0.0000 1.0000 0.0000
vn -1.0000 0.0000 0.0000
vn -1.0000 0.0000 0.0000
vn -0.8660 0.0000 0.5000
vn -0.8660 0.0000 -0.5000
vn -0.8660 0.0000 -0.5000
vn -0.8660 0.0000 0.5000
vn -0.5000 0.0000 0.8660
vn -0.5000 0.0000 -0.8660
vn -0.5000 0.0000 -0.8660
vn 0.0000 0.0000 -1.0000
vn 0.0000 0.0000 -1.0000
vn -0.5000 0.0000 0.8660
vn 0.0000 0.0000 1.0000
vn 0.0000 0.0000 1.0000
vn 0.0000 1.0000 0.0000
vn 0.0000 1.0000 0.0000
vn 0.0000 1.0000 0.0000
vn 0.0000 1.0000 0.0000
vn 0.0000 1.0000 0.0000
vn 0.0000 1.0000 0.0000
vn 0.0000 1.0000 0.0000
vn 0.5000 0.0000 -0.8660
vn 0.5000 0.0000 -0.8660
vn 0.8660 0.0000 -0.5000
vn 0.8660 0.0000 -0.5000
vn 0.5000 0.0000 0.8660
vn 0.5000 0.0000 0.8660
vn 0.8660 0.0000 0.5000
vn 0.8660 0.0000 0.5000
vn 1.0000 0.0000 0.0000
vn 1.0000 0.0000 0.0000
vn 0.0000 1.0000 0.0000
vn 0.0000 1.0000 0.0000
vn 0.0000 1.0000 0.0000
vn 0.0000 1.0000 0.0000
vn 0.0000 1.0000 0.0000
vn -0.8660 0.0000 -0.5000
vn -0.8660 0.0000 -0.5000
vn -1.0000 0.0000 0.0000
vn -0.5000 0.0000 -0.8660
vn -0.5000 0.0000 -0.8660
vn 0.0000 0.0000 -1.0000
vn 0.0000 0.0000 -1.0000
vn -1.0000 0.0000 0.0000
vn -0.8660 0.0000 0.5000
vn -0.8660 0.0000 0.5000
vn -0.5000 0.0000 0.8660
vn -0.5000 0.0000 0.8660
vn 0.0000 0.0000 1.0000
vn 0.0000 1.0000 0.0000
vn 0.0000 1.0000 0.0000
vn 0.0000 1.0000 0.0000
vn 0.0000 1.0000 0.0000
vn 0.0000 1.0000 0.0000
vn 0.0000 1.0000 0.0000
vn 0.0000 0.0000 1.0000
vn 0.0000 1.0000 0.0000
vn 0.5000 0.0000 -0.8660
vn 0.5000 0.0000 -0.8660
vn 0.8660 0.0000 -0.5000
vn 0.8660 0.0000 -0.5000
vn 1.0000 0.0000 0.0000
vn 1.0000 0.0000 0.0000
vn 0.5000 0.0000 0.8660
vn 0.8660 0.0000 0.5000
vn 0.8660 0.0000 0.5000
vn 0.5000 0.0000 0.8660
vn 0.0000 1.0000 0.0000
vn 0.0000 1.0000 0.0000
vn 0.0000 1.0000 0.0000
vn 0.0000 1.0000 0.0000
vn 0.0000 1.0000 0.0000
vn 0.0000 0.0000 -1.0000
vn 0.0000 -0.0000 -1.0000
vn -0.5000 0.0000 -0.8660
vn -1.0000 0.0000 -0.0000
vn -1.0000 0.0000 0.0000
vn -0.8660 0.0000 0.5000
vn -0.8660 0.0000 -0.5000
vn -0.8660 0.0000 -0.5000
vn -0.8660 0.0000 0.5000
vn -0.5000 0.0000 0.8660
vn -0.5000 0.0000 -0.8660
vn -0.5000 -0.0000 0.8660
vn 0.0000 -0.0000 1.0000
vn 0.0000 0.0000 1.0000
vn 0.0000 1.0000 0.0000
vn 0.0000 1.0000 0.0000
vn 0.0000 1.0000 0.0000
vn 0.0000 1.0000 0.0000
vn 0.0000 1.0000 0.0000
vn 0.0000 1.0000 0.0000
vn 0.0000 1.0000 0.0000
vn 0.5000 -0.0000 -0.8660
vn 0.5000 0.0000 -0.8660
vn 0.5000 0.0000 0.8660
vn 0.8660 0.0000 -0.5000
vn 0.8660 0.0000 -0.5000
vn 0.8660 0.0000 0.5000
vn 0.8660 0.0000 0.5000
vn 1.0000 0.0000 -0.0000
vn 1.0000 0.0000 0.0000
vn 0.5000 0.0000 0.8660
vn 0.0000 1.0000 0.0000
vn 0.0000 1.0000 0.0000
vn 0.0000 1.0000 0.0000
vn 0.0000 1.0000 0.0000
vn 0.0000 1.0000 0.0000
vn -1.0000 0.0000 -0.0000
vn -1.0000 0.0000 0.0000
vn -0.8660 0.0000 0.5000
vn -0.8660 0.0000 -0.5000
vn -0.8660 0.0000 -0.5000
vn -0.8660 0.0000 0.5000
vn -0.5000 0.0000 0.8660
vn -0.5000 0.0000 -0.8660
vn -0.5000 0.0000 -0.8660
vn 0.0000 0.0000 -1.0000
vn 0.0000 -0.0000 -1.0000
vn -0.5000 -0.0000 0.8660
vn 0.0000 -0.0000 1.0000
vn 0.0000 0.0000 1.0000
vn 0.0000 1.0000 0.0000
vn 0.0000 1.0000 0.0000
vn 0.0000 1.0000 0.0000
vn 0.0000 1.0000 0.0000
vn 0.0000 1.0000 0.0000
vn 0.0000 1.0000 0.0000
vn 0.0000 1.0000 0.0000
vn 0.5000 -0.0000 -0.8660
vn 0.5000 0.0000 -0.8660
vn 0.8660 0.0000 -0.5000
vn 0.8660 0.0000 -0.5000
vn 0.5000 0.0000 0.8660
vn 0.5000 0.0000 0.8660
vn 0.8660 0.0000 0.5000
vn 0.8660 0.0000 0.5000
vn 1.0000 0.0000 -0.0000
vn 1.0000 0.0000 0.0000
vn 0.0000 1.0000 0.0000
vn 0.0000 1.0000 0.0000
vn 0.0000 1.0000 0.0000
vn 0.0000 1.0000 0.0000
vn 0.0000 1.0000 0.0000
vn -0.8660 0.0000 -0.5000
vn -0.8660 0.0000 -0.5000
vn -1.0000 0.0000 0.0000
vn -0.5000 0.0000 -0.8660
vn -0.5000 0.0000 -0.8660
vn 0.0000 0.0000 -1.0000
vn 0.0000 0.0000 -1.0000
vn -1.0000 0.0000 0.0000
vn -0.8660 0.0000 0.5000
vn -0.8660 0.0000 0.5000
vn -0.5000 0.0000 0.8660
vn -0.5000 0.0000 0.8660
vn 0.0000 0.0000 1.0000
vn 0.0000 1.0000 0.0000
vn 0.0000 1.0000 0.0000
vn 0.0000 1.0000 0.0000
vn 0.0000 1.0000 0.0000
vn 0.0000 1.0000 0.0000
vn 0.0000 1.0000 0.0000
vn 0.0000 0.0000 1.0000
vn 0.0000 1.0000 0.0000
vn 0.5000 0.0000 -0.8660
vn 0.5000 0.0000 -0.8660
vn 0.8660 0.0000 -0.5000
vn 0.8660 0.0000 -0.5000
vn 1.0000 0.0000 0.0000
vn 1.0000 0.0000 0.0000
vn 0.5000 0.0000 0.8660
vn 0.8660 0.0000 0.5000
vn 0.8660 0.0000 0.5000
vn 0.5000 0.0000 0.8660
vn 0.0000 1.0000 0.0000
vn 0.0000 1.0000 0.0000
vn 0.0000 1.0000 0.0000
vn 0.0000 1.0000 0.0000
vn 0.0000 1.0000 0.0000
vn 0.0000 0.0000 -1.0000
vn 0.0000 0.0000 -1.0000
vn -0.5000 0.0000 -0.8660
vn -1.0000 0.0000 0.0000
vn -1.0000 0.0000 0.0000
vn -0.8660 0.0000 0.5000
vn -0.8660 0.0000 -0.5000
vn -0.8660 0.0000 -0.5000
vn -0.8660 0.0000 0.5000
vn -0.5000 0.0000 0.8660
vn -0.5000 0.0000 -0.8660
vn -0.5000 0.0000 0.8660
vn 0.0000 0.0000 1.0000
vn 0.0000 0.0000 1.0000
vn 0.0000 1.0000 0.0000
vn 0.0000 1.0000 0.0000
vn 0.0000 1.0000 0.0000
vn 0.0000 1.0000 0.0000
vn 0.0000 1.0000 0.0000
vn 0.0000 1.0000 0.0000
vn 0.0000 1.0000 0.0000
vn 0.5000 0.0000 -0.8660
vn 0.5000 0.0000 -0.8660
vn 0.5000 0.0000 0.8660
vn 0.8660 0.0000 -0.5000
vn 0.8660 0.0000 -0.5000
vn 0.8660 0.0000 0.5000
vn 0.8660 0.0000 0.5000
vn 1.0000 0.0000 0.0000
vn 1.0000 0.0000 0.0000
vn 0.5000 0.0000 0.8660
vn 0.0000 1.0000 0.0000
vn 0.0000 1.0000 0.0000
vn 0.0000 1.0000 0.0000
vn 0.0000 1.0000 0.0000
vn 0.0000 1.0000 0.0000
vn -1.0000 0.0000 0.0000
vn -1.0000 0.0000 0.0000
vn -0.8660 0.0000 0.5000
vn -0.8660 0.0000 -0.5000
vn -0.8660 0.0000 -0.5000
vn -0.8660 0.0000 0.5000
vn -0.5000 0.0000 0.8660
vn -0.5000 0.0000 -0.8660
vn -0.5000 0.0000 -0.8660
vn 0.0000 0.0000 -1.0000
vn 0.0000 0.0000 -1.0000
vn -0.5000 0.0000 0.8660
vn 0.0000 0.0000 1.0000
vn 0.0000 0.0000 1.0000
vn 0.0000 1.0000 0.0000
vn 0.0000 1.0000 0.0000
vn 0.0000 1.0000 0.0000
vn 0.0000 1.0000 0.0000
vn 0.0000 1.0000 0.0000
vn 0.0000 1.0000 0.0000
vn 0.0000 1.0000 0.0000
vn 0.5000 0.0000 -0.8660
vn 0.5000 0.0000 -0.8660
vn 0.8660 0.0000 -0.5000
vn 0.8660 0.0000 -0.5000
vn 0.5000 0.0000 0.8660
vn 0.5000 0.0000 0.8660
vn 0.8660 0.0000 0.5000
vn 0.8660 0.0000 0.5000
vn 1.0000 0.0000 0.0000
vn 1.0000 0.0000 0.0000
vn 0.0000 1.0000 0.0000
vn 0.0000 1.0000 0.0000
vn 0.0000 1.0000 0.0000
vn 0.0000 1.0000 0.0000
vn 0.0000 1.0000 0.0000
vn -0.8660 0.0000 -0.5000
vn -0.8660 0.0000 -0.5000
vn -1.0000 0.0000 0.0000
vn -0.5000 0.0000 -0.8660
vn -0.5000 0.0000 -0.8660
vn 0.0000 0.0000 -1.0000
vn 0.0000 0.0000 -1.0000
vn -1.0000 0.0000 0.0000
vn -0.8660 0.0000 0.5000
vn -0.8660 0.0000 0.5000
vn -0.5000 0.0000 0.8660
vn -0.5000 0.0000 0.8660
vn 0.0000 0.0000 1.0000
vn 0.0000 1.0000 0.0000
vn 0.0000 1.0000 0.0000
vn 0.0000 1.0000 0.0000
vn 0.0000 1.0000 0.0000
vn 0.0000 1.0000 0.0000
vn 0.0000 0.0000 1.0000
vn 0.0000 1.0000 0.0000
vn 0.0000 1.0000 0.0000
vn 0.5000 0.0000 -0.8660
vn 0.5000 0.0000 -0.8660
vn 0.8660 0.0000 -0.5000
vn 0.8660 0.0000 -0.5000
vn 1.0000 0.0000 0.0000
vn 1.0000 0.0000 0.0000
vn 0.5000 0.0000 0.8660
vn 0.8660 0.0000 0.5000
vn 0.8660 0.0000 0.5000
vn 0.5000 0.0000 0.8660
vn 0.0000 1.0000 0.0000
vn 0.0000 1.0000 0.0000
vn 0.0000 1.0000 0.0000
vn 0.0000 1.0000 0.0000
vn 0.0000 1.0000 0.0000
vn -0.0000 0.0000 -1.0000
vn 0.0000 0.0000 -1.0000
vn -0.5000 0.0000 -0.8660
vn -1.0000 0.0000 0.0000
vn -1.0000 0.0000 0.0000
vn -0.8660 0.0000 0.5000
vn -0.8660 0.0000 -0.5000
vn -0.8660 0.0000 -0.5000
vn -0.8660 0.0000 0.5000
vn -0.5000 0.0000 0.8660
vn -0.5000 0.0000 -0.8660
vn -0.5000 0.0000 0.8660
vn -0.0000 0.0000 1.0000
vn 0.0000 0.0000 1.0000
vn 0.0000 1.0000 0.0000
vn 0.0000 1.0000 0.0000
vn 0.0000 1.0000 0.0000
vn 0.0000 1.0000 0.0000
vn 0.0000 1.0000 0.0000
vn 0.0000 1.0000 0.0000
vn 0.0000 1.0000 0.0000
vn 0.5000 0.0000 -0.8660
vn 0.5000 0.0000 -0.8660
vn 0.5000 0.0000 0.8660
vn 0.8660 0.0000 -0.5000
vn 0.8660 0.0000 -0.5000
vn 0.8660 0.0000 0.5000
vn 0.8660 0.0000 0.5000
vn 1.0000 0.0000 0.0000
vn 1.0000 0.0000 0.0000
vn 0.5000 0.0000 0.8660
vn 0.0000 1.0000 0.0000
vn 0.0000 1.0000 0.0000
vn 0.0000 1.0000 0.0000
vn 0.0000 1.0000 0.0000
vn 0.0000 1.0000 0.0000
vn -1.0000 0.0000 0.0000
vn -1.0000 0.0000 0.0000
vn -0.8660 0.0000 0.5000
vn -0.8660 0.0000 -0.5000
vn -0.8660 0.0000 -0.5000
vn -0.8660 0.0000 0.5000
vn -0.5000 0.0000 0.8660
vn -0.5000 0.0000 -0.8660
vn -0.5000 0.0000 -0.8660
vn -0.0000 0.0000 -1.0000
vn 0.0000 0.0000 -1.0000
vn -0.5000 0.0000 0.8660
vn -0.0000 0.0000 1.0000
vn 0.0000 0.0000 1.0000
vn 0.0000 1.0000 0.0000
vn 0.0000 1.0000 0.0000
vn 0.0000 1.0000 0.0000
vn 0.0000 1.0000 0.0000
vn 0.0000 1.0000 0.0000
vn 0.0000 1.0000 0.0000
vn 0.0000 1.0000 0.0000
vn 0.5000 0.0000 -0.8660
vn 0.5000 0.0000 -0.8660
vn 0.8660 0.0000 -0.5000
vn 0.8660 0.0000 -0.5000
vn 0.5000 0.0000 0.8660
vn 0.5000 0.0000 0.8660
vn 0.8660 0.0000 0.5000
vn 0.8660 0.0000 0.5000
vn 1.0000 0.0000 0.0000
vn 1.0000 0.0000 0.0000
vn 0.0000 1.0000 0.0000
vn 0.0000 1.0000 0.0000
vn 0.0000 1.0000 0.0000
vn 0.0000 1.0000 0.0000
vn 0.0000 1.0000 0.0000
vn -0.8660 0.0000 -0.5000
vn -0.8660 0.0000 -0.5000
vn -1.0000 0.0000 0.0000
vn -0.5000 0.0000 -0.8660
vn -0.5000 0.0000 -0.8660
vn -0.0000 0.0000 -1.0000
vn 0.0000 0.0000 -1.0000
vn -1.0000 0.0000 0.0000
vn -0.8660 0.0000 0.5000
vn -0.8660 0.0000 0.5000
vn -0.5000 0.0000 0.8660
vn -0.5000 0.0000 0.8660
vn -0.0000 0.0000 1.0000
vn 0.0000 1.0000 0.0000
vn 0.0000 1.0000 0.0000
vn 0.0000 1.0000 0.0000
vn 0.0000 1.0000 0.0000
vn 0.0000 1.0000 0.0000
vn 0.0000 0.0000 1.0000
vn 0.0000 1.0000 0.0000
vn 0.0000 1.0000 0.0000
vn 0.5000 0.0000 -0.8660
vn 0.5000 0.0000 -0.8660
vn 0.8660 0.0000 -0.5000
vn 0.8660 0.0000 -0.5000
vn 1.0000 0.0000 0.0000
vn 1.0000 0.0000 0.0000
vn 0.5000 0.0000 0.8660
vn 0.8660 0.0000 0.5000
vn 0.8660 0.0000 0.5000
vn 0.5000 0.0000 0.8660
vn 0.0000 1.0000 0.0000
vn 0.0000 1.0000 0.0000
vn 0.0000 1.0000 0.0000
vn 0.0000 1.0000 0.0000
vn 0.0000 1.0000 0.0000
vn -0.0000 0.0000 -1.0000
vn 0.0000 0.0000 -1.0000
vn -0.5000 0.0000 -0.8660
vn -1.0000 0.0000 0.0000
vn -1.0000 0.0000 0.0000
vn -0.8660 0.0000 0.5000
vn -0.8660 0.0000 -0.5000
vn -0.8660 0.0000 -0.5000
vn -0.8660 0.0000 0.5000
vn -0.5000 0.0000 0.8660
vn -0.5000 0.0000 -0.8660
vn -0.5000 0.0000 0.8660
vn -0.0000 0.0000 1.0000
vn 0.0000 0.0000 1.0000
vn 0.0000 1.0000 0.0000
vn 0.0000 1.0000 0.0000
vn 0.0000 1.0000 0.0000
vn 0.0000 1.0000 0.0000
vn 0.0000 1.0000 0.0000
vn 0.0000 1.0000 0.0000
vn 0.0000 1.0000 0.0000
vn 0.5000 0.0000 -0.8660
vn 0.5000 0.0000 -0.8660
vn 0.5000 0.0000 0.8660
vn 0.8660 0.0000 -0.5000
vn 0.8660 0.0000 -0.5000
vn 0.8660 0.0000 0.5000
vn 0.8660 0.0000 0.5000
vn 1.0000 0.0000 0.0000
vn 1.0000 0.0000 0.0000
vn 0.5000 0.0000 0.8660
vn 0.0000 1.0000 0.0000
vn 0.0000 1.0000 0.0000
vn 0.0000 1.0000 0.0000
vn 0.0000 1.0000 0.0000
vn 0.0000 1.0000 0.0000
vn -0.8660 0.0000 -0.5000
vn -0.8660 0.0000 -0.5000
vn -1.0000 0.0000 0.0000
vn -1.0000 0.0000 0.0000
vn -0.8660 0.0000 0.5000
vn -0.8660 0.0000 0.5000
vn 0.0000 1.0000 0.0000
vn 0.0000 1.0000 0.0000
vn 0.0000 1.0000 0.0000
vn -0.5000 0.0000 -0.8660
vn -0.5000 0.0000 -0.8660
vn -0.5000 0.0000 0.8660
vn 0.0000 0.0000 -1.0000
vn 0.0000 0.0000 -1.0000
vn 0.5000 0.0000 -0.8660
vn 0.5000 0.0000 -0.8660
vn -0.5000 0.0000 0.8660
vn 0.0000 0.0000 1.0000
vn 0.0000 0.0000 1.0000
vn 0.5000 0.0000 0.8660
vn 0.8660 0.0000 -0.5000
vn 0.8660 0.0000 -0.5000
vn 0.5000 0.0000 0.8660
vn 0.8660 0.0000 0.5000
vn 1.0000 0.0000 0.0000
vn 1.0000 0.0000 0.0000
vn 0.8660 0.0000 0.5000
vn 0.0000 1.0000 0.0000
vn 0.0000 1.0000 0.0000
vn 0.0000 1.0000 0.0000
vn 0.0000 1.0000 0.0000
vn 0.0000 1.0000 0.0000
vn 0.0000 1.0000 0.0000
vn 0.0000 1.0000 0.0000
vn 0.0000 1.0000 0.0000
vn 0.0000 1.0000 0.0000
vn -0.8660 0.0000 -0.5000
vn -0.8660 0.0000 -0.5000
vn -1.0000 0.0000 0.0000
vn -1.0000 0.0000 0.0000
vn -0.8660 0.0000 0.5000
vn 0.0000 1.0000 0.0000
vn 0.0000 1.0000 0.0000
vn 0.0000 1.0000 0.0000
vn -0.8660 0.0000 0.5000
vn -0.5000 0.0000 -0.8660
vn -0.5000 0.0000 -0.8660
vn 0.0000 0.0000 -1.0000
vn 0.0000 0.0000 -1.0000
vn 0.5000 0.0000 -0.8660
vn 0.5000 0.0000 -0.8660
vn 0.8660 0.0000 -0.5000
vn 0.8660 0.0000 -0.5000
vn 1.0000 0.0000 0.0000
vn 1.0000 0.0000 0.0000
vn -0.5000 0.0000 0.8660
vn -0.5000 0.0000 0.8660
vn 0.0000 0.0000 1.0000
vn 0.0000 0.0000 1.0000
vn 0.5000 0.0000 0.8660
vn 0.5000 0.0000 0.8660
vn 0.8660 0.0000 0.5000
vn 0.8660 0.0000 0.5000
vn 0.0000 1.0000 0.0000
vn 0.0000 1.0000 0.0000
vn 0.0000 1.0000 0.0000
vn 0.0000 1.0000 0.0000
vn 0.0000 1.0000 0.0000
vn 0.0000 1.0000 0.0000
vn 0.0000 1.0000 0.0000
vn 0.0000 1.0000 0.0000
vn 0.0000 1.0000 0.0000
vn -0.8660 0.0000 -0.5000
vn -0.8660 0.0000 -0.5000
vn -1.0000 0.0000 0.0000
vn -1.0000 0.0000 -0.0000
vn -0.8660 0.0000 0.5000
vn -0.8660 0.0000 0.5000
vn 0.0000 1.0000 0.0000
vn 0.0000 1.0000 0.0000
vn 0.0000 1.0000 0.0000
vn 0.0000 0.0000 -1.0000
vn 0.0000 -0.0000 -1.0000
vn -0.5000 0.0000 -0.8660
vn 0.5000 -0.0000 -0.8660
vn 0.5000 0.0000 -0.8660
vn -0.5000 0.0000 -0.8660
vn -0.5000 0.0000 0.8660
vn -0.5000 -0.0000 0.8660
vn 0.0000 -0.0000 1.0000
vn 0.0000 0.0000 1.0000
vn 0.5000 0.0000 0.8660
vn 0.8660 0.0000 -0.5000
vn 0.8660 0.0000 -0.5000
vn 1.0000 0.0000 0.0000
vn 1.0000 0.0000 -0.0000
vn 0.8660 0.0000 0.5000
vn 0.8660 0.0000 0.5000
vn 0.5000 0.0000 0.8660
vn 0.0000 1.0000 0.0000
vn 0.0000 1.0000 0.0000
vn 0.0000 1.0000 0.0000
vn 0.0000 1.0000 0.0000
vn 0.0000 1.0000 0.0000
vn 0.0000 1.0000 0.0000
vn 0.0000 1.0000 0.0000
vn 0.0000 1.0000 0.0000
vn 0.0000 1.0000 0.0000
vn -0.8660 0.0000 -0.5000
vn -0.8660 0.0000 -0.5000
vn -1.0000 0.0000 0.0000
vn -1.0000 0.0000 -0.0000
vn -0.8660 0.0000 0.5000
vn -0.8660 0.0000 0.5000
vn 0.0000 1.0000 0.0000
vn 0.0000 1.0000 0.0000
vn 0.0000 1.0000 0.0000
vn -0.5000 0.0000 -0.8660
vn -0.5000 0.0000 -0.8660
vn -0.5000 0.0000 0.8660
vn 0.0000 0.0000 -1.0000
vn 0.0000 -0.0000 -1.0000
vn 0.5000 -0.0000 -0.8660
vn 0.5000 0.0000 -0.8660
vn -0.5000 -0.0000 0.8660
vn 0.0000 -0.0000 1.0000
vn 0.0000 0.0000 1.0000
vn 0.5000 0.0000 0.8660
vn 0.8660 0.0000 -0.5000
vn 0.8660 0.0000 -0.5000
vn 0.5000 0.0000 0.8660
vn 0.8660 0.0000 0.5000
vn 1.0000 0.0000 0.0000
vn 1.0000 0.0000 -0.0000
vn 0.8660 0.0000 0.5000
vn 0.0000 1.0000 0.0000
vn 0.0000 1.0000 0.0000
vn 0.0000 1.0000 0.0000
vn 0.0000 1.0000 0.0000
vn 0.0000 1.0000 0.0000
vn 0.0000 1.0000 0.0000
vn 0.0000 1.0000 0.0000
vn 0.0000 1.0000 0.0000
vn 0.0000 1.0000 0.0000
vn -0.8660 0.0000 -0.5000
vn -0.8660 0.0000 -0.5000
vn -1.0000 0.0000 0.0000
vn -1.0000 0.0000 0.0000
vn -0.8660 0.0000 0.5000
vn 0.0000 1.0000 0.0000
vn 0.0000 1.0000 0.0000
vn 0.0000 1.0000 0.0000
vn -0.8660 0.0000 0.5000
vn -0.5000 0.0000 -0.8660
vn -0.5000 0.0000 -0.8660
vn 0.0000 0.0000 -1.0000
vn 0.0000 0.0000 -1.0000
vn 0.5000 0.0000 -0.8660
vn 0.5000 0.0000 -0.8660
vn 0.8660 0.0000 -0.5000
vn 0.8660 0.0000 -0.5000
vn 1.0000 0.0000 0.0000
vn 1.0000 0.0000 0.0000
vn -0.5000 0.0000 0.8660
vn -0.5000 0.0000 0.8660
vn 0.0000 0.0000 1.0000
vn 0.0000 0.0000 1.0000
vn 0.5000 0.0000 0.8660
vn 0.5000 0.0000 0.8660
vn 0.8660 0.0000 0.5000
vn 0.8660 0.0000 0.5000
vn 0.0000 1.0000 0.0000
vn 0.0000 1.0000 0.0000
vn 0.0000 1.0000 0.0000
vn 0.0000 1.0000 0.0000
vn 0.0000 1.0000 0.0000
vn 0.0000 1.0000 0.0000
vn 0.0000 1.0000 0.0000
vn 0.0000 1.0000 0.0000
vn 0.0000 1.0000 0.0000
vn -0.8660 0.0000 -0.5000
vn -0.8660 0.0000 -0.5000
vn -1.0000 0.0000 0.0000
vn -1.0000 0.0000 0.0000
vn -0.8660 0.0000 0.5000
vn -0.8660 0.0000 0.5000
vn 0.0000 1.0000 0.0000
vn 0.0000 1.0000 0.0000
vn 0.0000 1.0000 0.0000
vn 0.0000 0.0000 -1.0000
vn 0.0000 0.0000 -1.0000
vn -0.5000 0.0000 -0.8660
vn 0.5000 0.0000 -0.8660
vn 0.5000 0.0000 -0.8660
vn -0.5000 0.0000 -0.8660
vn -0.5000 0.0000 0.8660
vn -0.5000 0.0000 0.8660
vn 0.0000 0.0000 1.0000
vn 0.0000 0.0000 1.0000
vn 0.5000 0.0000 0.8660
vn 0.8660 0.0000 -0.5000
vn 0.8660 0.0000 -0.5000
vn 1.0000 0.0000 0.0000
vn 1.0000 0.0000 0.0000
vn 0.8660 0.0000 0.5000
vn 0.8660 0.0000 0.5000
vn 0.5000 0.0000 0.8660
vn 0.0000 1.0000 0.0000
vn 0.0000 1.0000 0.0000
vn 0.0000 1.0000 0.0000
vn 0.0000 1.0000 0.0000
vn 0.0000 1.0000 0.0000
vn 0.0000 1.0000 0.0000
vn 0.0000 1.0000 0.0000
vn 0.0000 1.0000 0.0000
vn 0.0000 1.0000 0.0000
vn -0.8660 0.0000 -0.5000
vn -0.8660 0.0000 -0.5000
vn -1.0000 0.0000 0.0000
vn -1.0000 0.0000 0.0000
vn -0.8660 0.0000 0.5000
vn -0.8660 0.0000 0.5000
vn 0.0000 1.0000 0.0000
vn 0.0000 1.0000 0.0000
vn 0.0000 1.0000 0.0000
vn -0.5000 0.0000 -0.8660
vn -0.5000 0.0000 -0.8660
vn -0.5000 0.0000 0.8660
vn 0.0000 0.0000 -1.0000
vn 0.0000 0.0000 -1.0000
vn 0.5000 0.0000 -0.8660
vn 0.5000 0.0000 -0.8660
vn -0.5000 0.0000 0.8660
vn 0.0000 0.0000 1.0000
vn 0.0000 0.0000 1.0000
vn 0.5000 0.0000 0.8660
vn 0.8660 0.0000 -0.5000
vn 0.8660 0.0000 -0.5000
vn 0.5000 0.0000 0.8660
vn 0.8660 0.0000 0.5000
vn 1.0000 0.0000 0.0000
vn 1.0000 0.0000 0.0000
vn 0.8660 0.0000 0.5000
vn 0.0000 1.0000 0.0000
vn 0.0000 1.0000 0.0000
vn 0.0000 1.0000 0.0000
vn 0.0000 1.0000 0.0000
vn 0.0000 1.0000 0.0000
vn 0.0000 1.0000 0.0000
vn 0.0000 1.0000 0.0000
vn 0.0000 1.0000 0.0000
vn 0.0000 1.0000 0.0000
vn -0.8660 0.0000 -0.5000
vn -0.8660 0.0000 -0.5000
vn -1.0000 0.0000 0.0000
vn -1.0000 0.0000 0.0000
vn -0.8660 0.0000 0.5000
vn -0.8660 0.0000 0.5000
vn 0.0000 1.0000 0.0000
vn 0.0000 1.0000 0.0000
vn 0.0000 1.0000 0.0000
vn -0.5000 0.0000 -0.8660
vn -0.5000 0.0000 -0.8660
vn 0.0000 0.0000 -1.0000
vn 0.0000 0.0000 -1.0000
vn 0.5000 0.0000 -0.8660
vn 0.5000 0.0000 -0.8660
vn 0.8660 0.0000 -0.5000
vn 0.8660 0.0000 -0.5000
vn 1.0000 0.0000 0.0000
vn 1.0000 0.0000 0.0000
vn -0.5000 0.0000 0.8660
vn -0.5000 0.0000 0.8660
vn 0.0000 0.0000 1.0000
vn 0.0000 0.0000 1.0000
vn 0.5000 0.0000 0.8660
vn 0.5000 0.0000 0.8660
vn 0.8660 0.0000 0.5000
vn 0.8660 0.0000 0.5000
vn 0.0000 1.0000 0.0000
vn 0.0000 1.0000 0.0000
vn 0.0000 1.0000 0.0000
vn 0.0000 1.0000 0.0000
vn 0.0000 1.0000 0.0000
vn 0.0000 1.0000 0.0000
vn 0.0000 1.0000 0.0000
vn 0.0000 1.0000 0.0000
vn 0.0000 1.0000 0.0000
vn -0.8660 0.0000 -0.5000
vn -0.8660 0.0000 -0.5000
vn -1.0000 0.0000 0.0000
vn -1.0000 0.0000 0.0000
vn -0.8660 0.0000 0.5000
vn -0.8660 0.0000 0.5000
vn 0.0000 1.0000 0.0000
vn 0.0000 1.0000 0.0000
vn 0.0000 1.0000 0.0000
vn -0.0000 0.0000 -1.0000
vn 0.0000 0.0000 -1.0000
vn -0.5000 0.0000 -0.8660
vn 0.5000 0.0000 -0.8660
vn 0.5000 0.0000 -0.8660
vn -0.5000 0.0000 -0.8660
vn -0.5000 0.0000 0.8660
vn -0.5000 0.0000 0.8660
vn -0.0000 0.0000 1.0000
vn 0.0000 0.0000 1.0000
vn 0.5000 0.0000 0.8660
vn 0.8660 0.0000 -0.5000
vn 0.8660 0.0000 -0.5000
vn 1.0000 0.0000 0.0000
vn 1.0000 0.0000 0.0000
vn 0.8660 0.0000 0.5000
vn 0.8660 0.0000 0.5000
vn 0.5000 0.0000 0.8660
vn 0.0000 1.0000 0.0000
vn 0.0000 1.0000 0.0000
vn 0.0000 1.0000 0.0000
vn 0.0000 1.0000 0.0000
vn 0.0000 1.0000 0.0000
vn 0.0000 1.0000 0.0000
vn 0.0000 1.0000 0.0000
vn 0.0000 1.0000 0.0000
vn 0.0000 1.0000 0.0000
vn -0.8660 0.0000 -0.5000
vn -0.8660 0.0000 -0.5000
vn -1.0000 0.0000 0.0000
vn -1.0000 0.0000 0.0000
vn -0.8660 0.0000 0.5000
vn -0.8660 0.0000 0.5000
vn 0.0000 1.0000 0.0000
vn 0.0000 1.0000 0.0000
vn 0.0000 1.0000 0.0000
vn -0.5000 0.0000 -0.8660
vn -0.5000 0.0000 -0.8660
vn -0.5000 0.0000 0.8660
vn -0.0000 0.0000 -1.0000
vn 0.0000 0.0000 -1.0000
vn 0.5000 0.0000 -0.8660
vn 0.5000 0.0000 -0.8660
vn -0.5000 0.0000 0.8660
vn -0.0000 0.0000 1.0000
vn 0.0000 0.0000 1.0000
vn 0.5000 0.0000 0.8660
vn 0.8660 0.0000 -0.5000
vn 0.8660 0.0000 -0.5000
vn 0.5000 0.0000 0.8660
vn 0.8660 0.0000 0.5000
vn 1.0000 0.0000 0.0000
vn 1.0000 0.0000 0.0000
vn 0.8660 0.0000 0.5000
vn 0.0000 1.0000 0.0000
vn 0.0000 1.0000 0.0000
vn 0.0000 1.0000 0.0000
vn 0.0000 1.0000 0.0000
vn 0.0000 1.0000 0.0000
vn 0.0000 1.0000 0.0000
vn 0.0000 1.0000 0.0000
vn 0.0000 1.0000 0.0000
vn 0.0000 1.0000 0.0000
vn -0.8660 0.0000 -0.5000
vn -0.8660 0.0000 -0.5000
vn -1.0000 0.0000 0.0000
vn -1.0000 0.0000 0.0000
vn -0.8660 0.0000 0.5000
vn -0.8660 0.0000 0.5000
vn 0.0000 1.0000 0.0000
vn 0.0000 1.0000 0.0000
vn 0.0000 1.0000 0.0000
vn -0.5000 0.0000 -0.8660
vn -0.5000 0.0000 -0.8660
vn -0.0000 0.0000 -1.0000
vn 0.0000 0.0000 -1.0000
vn 0.5000 0.0000 -0.8660
vn 0.5000 0.0000 -0.8660
vn 0.8660 0.0000 -0.5000
vn 0.8660 0.0000 -0.5000
vn 1.0000 0.0000 0.0000
vn 1.0000 0.0000 0.0000
vn -0.5000 0.0000 0.8660
vn -0.5000 0.0000 0.8660
vn -0.0000 0.0000 1.0000
vn 0.0000 0.0000 1.0000
vn 0.5000 0.0000 0.8660
vn 0.5000 0.0000 0.8660
vn 0.8660 0.0000 0.5000
vn 0.8660 0.0000 0.5000
vn 0.0000 1.0000 0.0000
vn 0.0000 1.0000 0.0000
vn 0.0000 1.0000 0.0000
vn 0.0000 1.0000 0.0000
vn 0.0000 1.0000 0.0000
vn 0.0000 1.0000 0.0000
vn 0.0000 1.0000 0.0000
vn 0.0000 1.0000 0.0000
vn 0.0000 1.0000 0.0000
vn -0.8660 0.0000 -0.5000
vn -0.8660 0.0000 -0.5000
vn -1.0000 0.0000 0.0000
vn -1.0000 0.0000 0.0000
vn -0.8660 0.0000 0.5000
vn -0.8660 0.0000 0.5000
vn 0.0000 1.0000 0.0000
vn 0.0000 1.0000 0.0000
vn 0.0000 1.0000 0.0000
vn -0.0000 0.0000 -1.0000
vn 0.0000 0.0000 -1.0000
vn -0.5000 0.0000 -0.8660
vn 0.5000 0.0000 -0.8660
vn 0.5000 0.0000 -0.8660
vn -0.5000 0.0000 -0.8660
vn -0.5000 0.0000 0.8660
vn -0.5000 0.0000 0.8660
vn -0.0000 0.0000 1.0000
vn 0.0000 0.0000 1.0000
vn 0.5000 0.0000 0.8660
vn 0.8660 0.0000 -0.5000
vn 0.8660 0.0000 -0.5000
vn 1.0000 0.0000 0.0000
vn 1.0000 0.0000 0.0000
vn 0.8660 0.0000 0.5000
vn 0.8660 0.0000 0.5000
vn 0.5000 0.0000 0.8660
vn 0.0000 1.0000 0.0000
vn 0.0000 1.0000 0.0000
vn 0.0000 1.0000 0.0000
vn 0.0000 1.0000 0.0000
vn 0.0000 1.0000 0.0000
vn 0.0000 1.0000 0.0000
vn 0.0000 1.0000 0.0000
vn 0.0000 1.0000 0.0000
vn 0.0000 1.0000 0.0000
f 1//1 2//2 3//3
f 2//2 4//4 3//3
f 2//2 5//5 4//4
f 3//3 4//4 6//6
f 4//4 5//5 7//7
f 4//4 7//7 6//6
f 1//1 8//8 2//2
f 2//2 8//8 5//5
f 5//5 9//9 7//7
f 6//6 7//7 10//10
f 5//5 11//11 9//9
f 1//1 3//3 12//12
f 3//3 6//6 13//13
f 6//6 10//10 14//14
f 1//1 15//15 8//8
f 5//5 8//8 16//16
f 5//5 16//16 11//11
f 15//15 17//17 8//8
f 8//8 17//17 18//18
f 8//8 18//18 16//16
f 17//17 19//19 18//18
f 16//16 18//18 20//20
f 18//18 19//19 20//20
f 16//16 20//20 11//11
f 19//19 21//21 20//20
f 1//1 22//22 15//15
f 15//15 23//23 17//17
f 17//17 23//23 19//19
f 19//19 24//24 21//21
f 7//7 9//9 25//25
f 7//7 26//26 10//10
f 7//7 25//25 26//26
f 25//25 27//27 26//26
f 27//27 28//28 29//29
f 27//27 30//30 28//28
f 27//27 29//29 31//31
f 27//27 31//31 32//32
f 27//27 33//33 30//30
f 28//28 30//30 34//34
f 34//34 35//35 36//36
f 36//36 35//35 37//37
f 34//34 30//30 35//35
f 27//27 32//32 38//38
f 36//36 39//39 40//40
f 36//36 37//37 39//39
f 40//40 39//39 41//41
f 41//41 39//39 42//42
f 41//41 43//43 44//44
f 41//41 42//42 43//43
f 27//27 45//45 33//33
f 30//30 33//33 46//46
f 46//46 47//47 48//48
f 46//46 33//33 47//47
f 48//48 47//47 49//49
f 27//27 50//50 45//45
f 33//33 45//45 51//51
f 51//51 52//52 53//53
f 48//48 49//49 54//54
f 54//54 49//49 55//55
f 54//54 55//55 56//56
f 54//54 56//56 57//57
f 57//57 56//56 58//58
f 58//58 56//56 59//59
f 53//53 60//60 61//61
f 61//61 62//62 63//63
f 63//63 64//64 65//65
f 32//32 66//66 67//67
f 66//66 68//68 67//67
f 68//68 69//69 70//70
f 44//44 70//70 69//69
f 32//32 67//67 38//38
f 68//68 71//71 67//67
f 68//68 70//70 71//71
f 44//44 72//72 70//70
f 44//44 73//73 72//72
f 44//44 43//43 74//74
f 43//43 75//75 76//76
f 44//44 74//74 77//77
f 43//43 76//76 74//74
f 27//27 38//38 78//78
f 44//44 77//77 73//73
f 73//73 77//77 79//79
f 73//73 79//79 80//80
f 75//75 58//58 76//76
f 58//58 59//59 81//81
f 58//58 82//82 76//76
f 58//58 83//83 82//82
f 58//58 81//81 84//84
f 59//59 85//85 86//86
f 65//65 86//86 85//85
f 59//59 86//86 81//81
f 65//65 87//87 86//86
f 65//65 88//88 87//87
f 58//58 84//84 83//83
f 83//83 84//84 89//89
f 89//89 84//84 90//90
f 65//65 91//91 88//88
f 88//88 91//91 92//92
f 27//27 93//93 50//50
f 51//51 45//45 52//52
f 53//53 52//52 60//60
f 9//9 94//94 25//25
f 25//25 95//95 27//27
f 27//27 96//96 93//93
f 45//45 97//97 98//98
f 98//98 97//97 99//99
f 45//45 50//50 97//97
f 99//99 97//97 100//100
f 61//61 60//60 62//62
f 63//63 62//62 64//64
f 65//65 64//64 101//101
f 99//99 100//100 102//102
f 102//102 100//100 103//103
f 102//102 103//103 104//104
f 102//102 104//104 105//105
f 105//105 104//104 106//106
f 106//106 104//104 107//107
f 27//27 108//108 96//96
f 50//50 93//93 109//109
f 109//109 110//110 111//111
f 109//109 93//93 110//110
f 111//111 110//110 112//112
f 27//27 113//113 108//108
f 93//93 96//96 114//114
f 114//114 115//115 116//116
f 111//111 112//112 117//117
f 117//117 112//112 118//118
f 117//117 118//118 119//119
f 119//119 118//118 120//120
f 119//119 120//120 121//121
f 121//121 120//120 122//122
f 116//116 123//123 124//124
f 124//124 125//125 126//126
f 126//126 127//127 128//128
f 65//65 101//101 129//129
f 101//101 130//130 131//131
f 106//106 131//131 130//130
f 65//65 129//129 91//91
f 101//101 131//131 129//129
f 106//106 132//132 131//131
f 106//106 133//133 132//132
f 106//106 107//107 134//134
f 107//107 135//135 136//136
f 106//106 134//134 137//137
f 107//107 136//136 134//134
f 92//92 91//91 138//138
f 106//106 137//137 133//133
f 133//133 137//137 139//139
f 139//139 137//137 140//140
f 121//121 136//136 135//135
f 121//121 122//122 141//141
f 121//121 142//142 136//136
f 121//121 143//143 142//142
f 121//121 141//141 144//144
f 122//122 145//145 146//146
f 128//128 146//146 145//145
f 122//122 146//146 141//141
f 128//128 147//147 146//146
f 128//128 148//148 147//147
f 121//121 144//144 143//143
f 143//143 144//144 149//149
f 149//149 144//144 150//150
f 128//128 151//151 148//148
f 148//148 151//151 152//152
f 10//10 26//26 14//14
f 38//38 153//153 154//154
f 80//80 79//79 155//155
f 155//155 79//79 156//156
f 155//155 156//156 157//157
f 153//153 158//158 159//159
f 26//26 27//27 160//160
f 27//27 78//78 161//161
f 162//162 159//159 158//158
f 163//163 164//164 162//162
f 153//153 159//159 154//154
f 38//38 154//154 78//78
f 162//162 165//165 159//159
f 162//162 164//164 165//165
f 163//163 166//166 164//164
f 155//155 167//167 163//163
f 155//155 157//157 168//168
f 169//169 168//168 157//157
f 163//163 167//167 166//166
f 155//155 168//168 167//167
f 169//169 170//170 168//168
f 89//89 90//90 171//171
f 89//89 171//171 172//172
f 172//172 171//171 173//173
f 173//173 171//171 174//174
f 92//92 138//138 175//175
f 175//175 176//176 177//177
f 169//169 173//173 178//178
f 173//173 174//174 179//179
f 169//169 178//178 170//170
f 178//178 173//173 180//180
f 173//173 181//181 180//180
f 173//173 179//179 181//181
f 182//182 179//179 174//174
f 177//177 183//183 182//182
f 182//182 184//184 179//179
f 182//182 183//183 184//184
f 177//177 185//185 183//183
f 177//177 186//186 185//185
f 166//166 167//167 187//187
f 166//166 187//187 188//188
f 188//188 187//187 189//189
f 189//189 187//187 190//190
f 27//27 161//161 191//191
f 78//78 192//192 193//193
f 192//192 194//194 195//195
f 194//194 196//196 197//197
f 198//198 199//199 196//196
f 189//189 190//190 200//200
f 189//189 201//201 198//198
f 189//189 200//200 202//202
f 200//200 203//203 204//204
f 180//180 181//181 205//205
f 205//205 181//181 206//206
f 205//205 207//207 208//208
f 205//205 206//206 207//207
f 185//185 186//186 209//209
f 209//209 210//210 211//211
f 208//208 207//207 212//212
f 212//212 207//207 213//213
f 203//203 212//212 214//214
f 212//212 213//213 215//215
f 211//211 216//216 217//217
f 213//213 218//218 219//219
f 217//217 220//220 218//218
f 175//175 138//138 176//176
f 177//177 176//176 221//221
f 139//139 140//140 222//222
f 139//139 222//222 223//223
f 223//223 222//222 224//224
f 224//224 222//222 225//225
f 177//177 221//221 226//226
f 227//227 226//226 221//221
f 224//224 228//228 227//227
f 177//177 226//226 186//186
f 227//227 229//229 226//226
f 227//227 228//228 229//229
f 224//224 230//230 228//228
f 224//224 225//225 231//231
f 225//225 232//232 231//231
f 224//224 233//233 230//230
f 224//224 231//231 233//233
f 234//234 231//231 232//232
f 149//149 150//150 235//235
f 235//235 236//236 237//237
f 235//235 150//150 236//236
f 237//237 236//236 238//238
f 152//152 239//239 240//240
f 240//240 241//241 242//242
f 243//243 232//232 237//237
f 237//237 238//238 244//244
f 234//234 232//232 243//243
f 243//243 237//237 245//245
f 237//237 246//246 245//245
f 237//237 244//244 246//246
f 247//247 244//244 238//238
f 247//247 242//242 248//248
f 247//247 249//249 244//244
f 247//247 248//248 249//249
f 242//242 250//250 248//248
f 242//242 251//251 250//250
f 209//209 186//186 210//210
f 211//211 210//210 216//216
f 230//230 233//233 252//252
f 252//252 233//233 253//253
f 252//252 254//254 255//255
f 252//252 253//253 254//254
f 217//217 216//216 256//256
f 217//217 256//256 257//257
f 256//256 258//258 259//259
f 260//260 261//261 258//258
f 255//255 254//254 260//260
f 260//260 254//254 262//262
f 260//260 262//262 263//263
f 262//262 264//264 265//265
f 245//245 246//246 266//266
f 266//266 246//246 267//267
f 266//266 267//267 268//268
f 268//268 267//267 269//269
f 250//250 251//251 270//270
f 270//270 271//271 272//272
f 268//268 273//273 274//274
f 274//274 273//273 264//264
f 268//268 269//269 273//273
f 269//269 275//275 273//273
f 275//275 276//276 277//277
f 276//276 278//278 277//277
f 272//272 277//277 278//278
f 272//272 279//279 277//277
f 9//9 11//11 94//94
f 27//27 280//280 113//113
f 114//114 96//96 115//115
f 116//116 115//115 123//123
f 27//27 95//95 280//280
f 96//96 108//108 281//281
f 281//281 282//282 283//283
f 283//283 282//282 284//284
f 281//281 108//108 282//282
f 124//124 123//123 125//125
f 126//126 125//125 127//127
f 128//128 127//127 285//285
f 283//283 284//284 286//286
f 286//286 284//284 287//287
f 286//286 287//287 288//288
f 288//288 287//287 289//289
f 288//288 289//289 290//290
f 290//290 289//289 291//291
f 25//25 94//94 95//95
f 108//108 113//113 292//292
f 292//292 293//293 294//294
f 292//292 113//113 293//293
f 294//294 293//293 295//295
f 113//113 280//280 296//296
f 296//296 297//297 298//298
f 294//294 299//299 300//300
f 294//294 295//295 299//299
f 300//300 299//299 301//301
f 301//301 299//299 302//302
f 301//301 302//302 303//303
f 303//303 302//302 304//304
f 298//298 305//305 306//306
f 306//306 307//307 308//308
f 308//308 309//309 310//310
f 128//128 285//285 311//311
f 285//285 312//312 313//313
f 290//290 313//313 312//312
f 128//128 311//311 151//151
f 285//285 313//313 311//311
f 290//290 314//314 313//313
f 290//290 315//315 314//314
f 290//290 291//291 316//316
f 291//291 317//317 318//318
f 290//290 316//316 319//319
f 291//291 318//318 316//316
f 152//152 151//151 239//239
f 290//290 319//319 315//315
f 315//315 319//319 320//320
f 320//320 319//319 321//321
f 303//303 318//318 317//317
f 303//303 304//304 322//322
f 303//303 323//323 318//318
f 303//303 324//324 323//323
f 303//303 322//322 325//325
f 304//304 326//326 327//327
f 310//310 327//327 326//326
f 304//304 327//327 322//322
f 310//310 328//328 327//327
f 310//310 329//329 328//328
f 303//303 325//325 324//324
f 324//324 325//325 330//330
f 324//324 330//330 331//331
f 310//310 332//332 329//329
f 333//333 334//334 329//329
f 11//11 20//20 94//94
f 20//20 21//21 335//335
f 296//296 280//280 297//297
f 298//298 297//297 305//305
f 280//280 336//336 337//337
f 337//337 338//338 339//339
f 339//339 338//338 340//340
f 337//337 336//336 338//338
f 306//306 305//305 307//307
f 308//308 307//307 309//309
f 310//310 309//309 341//341
f 339//339 340//340 342//342
f 342//342 340//340 343//343
f 342//342 343//343 344//344
f 344//344 343//343 345//345
f 95//95 336//336 280//280
f 336//336 346//346 347//347
f 347//347 348//348 349//349
f 347//347 346//346 348//348
f 349//349 348//348 350//350
f 20//20 335//335 94//94
f 94//94 335//335 95//95
f 95//95 346//346 336//336
f 95//95 351//351 346//346
f 95//95 352//352 351//351
f 95//95 353//353 352//352
f 354//354 355//355 349//349
f 354//354 349//349 350//350
f 355//355 354//354 356//356
f 355//355 356//356 357//357
f 357//357 356//356 358//358
f 358//358 356//356 359//359
f 95//95 360//360 353//353
f 310//310 341//341 361//361
f 341//341 362//362 363//363
f 362//362 364//364 363//363
f 344//344 363//363 364//364
f 310//310 361//361 332//332
f 341//341 363//363 361//361
f 344//344 345//345 363//363
f 363//363 345//345 365//365
f 366//366 363//363 365//365
f 366//366 367//367 363//363
f 366//366 368//368 369//369
f 333//333 329//329 332//332
f 366//366 370//370 367//367
f 370//370 369//369 371//371
f 366//366 369//369 370//370
f 370//370 371//371 372//372
f 372//372 371//371 373//373
f 358//358 368//368 366//366
f 358//358 359//359 374//374
f 358//358 375//375 368//368
f 358//358 374//374 375//375
f 359//359 376//376 377//377
f 378//378 377//377 376//376
f 353//353 360//360 379//379
f 379//379 380//380 378//378
f 359//359 377//377 374//374
f 378//378 381//381 377//377
f 378//378 380//380 381//381
f 375//375 374//374 382//382
f 382//382 374//374 383//383
f 382//382 383//383 384//384
f 384//384 383//383 385//385
f 379//379 360//360 380//380
f 95//95 386//386 360//360
f 240//240 239//239 241//241
f 242//242 241//241 387//387
f 320//320 321//321 388//388
f 388//388 321//321 389//389
f 388//388 389//389 390//390
f 242//242 387//387 391//391
f 392//392 391//391 387//387
f 388//388 390//390 393//393
f 393//393 390//390 392//392
f 242//242 391//391 251//251
f 392//392 394//394 391//391
f 392//392 390//390 394//394
f 389//389 395//395 390//390
f 395//395 396//396 397//397
f 395//395 398//398 390//390
f 395//395 397//397 398//398
f 399//399 397//397 396//396
f 331//331 330//330 400//400
f 400//400 330//330 401//401
f 400//400 399//399 402//402
f 400//400 401//401 399//399
f 399//399 401//401 403//403
f 334//334 404//404 405//405
f 405//405 404//404 406//406
f 399//399 396//396 402//402
f 407//407 399//399 403//403
f 407//407 408//408 399//399
f 407//407 409//409 408//408
f 407//407 410//410 409//409
f 406//406 411//411 407//407
f 407//407 412//412 410//410
f 407//407 411//411 412//412
f 406//406 413//413 411//411
f 270//270 251//251 271//271
f 272//272 271//271 279//279
f 398//398 397//397 414//414
f 415//415 398//398 414//414
f 415//415 416//416 398//398
f 416//416 417//417 418//418
f 416//416 415//415 417//417
f 277//277 279//279 419//419
f 420//420 277//277 419//419
f 418//418 417//417 421//421
f 421//421 417//417 422//422
f 421//421 422//422 423//423
f 421//421 423//423 424//424
f 409//409 410//410 425//425
f 409//409 425//425 426//426
f 409//409 426//426 427//427
f 427//427 426//426 428//428
f 428//428 426//426 429//429
f 411//411 413//413 430//430
f 430//430 431//431 432//432
f 432//432 433//433 434//434
f 435//435 436//436 423//423
f 428//428 429//429 435//435
f 435//435 429//429 436//436
f 423//423 436//436 437//437
f 423//423 437//437 438//438
f 434//434 439//439 440//440
f 440//440 441//441 437//437
f 21//21 442//442 335//335
f 334//334 333//333 404//404
f 406//406 404//404 443//443
f 372//372 373//373 444//444
f 444//444 373//373 445//445
f 373//373 446//446 445//445
f 406//406 443//443 413//413
f 447//447 413//413 443//443
f 444//444 445//445 448//448
f 447//447 448//448 445//445
f 447//447 449//449 413//413
f 447//447 445//445 449//449
f 446//446 450//450 445//445
f 451//451 452//452 450//450
f 445//445 450//450 452//452
f 451//451 453//453 452//452
f 384//384 385//385 454//454
f 454//454 455//455 456//456
f 454//454 385//385 455//455
f 456//456 455//455 457//457
f 360//360 458//458 459//459
f 451//451 456//456 460//460
f 456//456 457//457 461//461
f 451//451 460//460 453//453
f 456//456 461//461 460//460
f 462//462 461//461 457//457
f 463//463 464//464 462//462
f 459//459 458//458 463//463
f 95//95 465//465 386//386
f 335//335 466//466 95//95
f 462//462 467//467 461//461
f 462//462 464//464 467//467
f 463//463 458//458 464//464
f 360//360 386//386 458//458
f 430//430 413//413 431//431
f 432//432 431//431 433//433
f 434//434 433//433 439//439
f 445//445 452//452 468//468
f 468//468 452//452 469//469
f 468//468 469//469 470//470
f 470//470 469//469 471//471
f 470//470 471//471 472//472
f 472//472 471//471 473//473
f 440//440 439//439 441//441
f 437//437 441//441 474//474
f 437//437 474//474 475//475
f 472//472 473//473 476//476
f 474//474 476//476 477//477
f 476//476 473//473 477//477
f 474//474 477//477 478//478
f 474//474 478//478 479//479
f 460//460 461//461 480//480
f 480//480 461//461 481//481
f 480//480 481//481 482//482
f 482//482 481//481 483//483
f 482//482 483//483 484//484
f 484//484 483//483 485//485
f 478//478 486//486 487//487
f 484//484 485//485 486//486
f 486//486 485//485 487//487
f 478//478 487//487 488//488
f 478//478 488//488 489//489
f 490//490 491//491 488//488
f 386//386 465//465 492//492
f 492//492 493//493 490//490
f 3//3 494//494 12//12
f 3//3 13//13 494//494
f 6//6 14//14 13//13
f 1//1 12//12 22//22
f 12//12 494//494 495//495
f 494//494 496//496 495//495
f 494//494 13//13 496//496
f 495//495 496//496 497//497
f 13//13 498//498 496//496
f 496//496 498//498 497//497
f 12//12 495//495 499//499
f 495//495 497//497 499//499
f 497//497 500//500 501//501
f 13//13 14//14 498//498
f 497//497 498//498 500//500
f 15//15 22//22 23//23
f 19//19 23//23 24//24
f 21//21 24//24 442//442
f 12//12 499//499 22//22
f 497//497 501//501 499//499
f 22//22 499//499 23//23
f 23//23 499//499 502//502
f 23//23 502//502 24//24
f 499//499 501//501 502//502
f 24//24 502//502 442//442
f 501//501 503//503 502//502
f 501//501 500//500 503//503
f 502//502 504//504 442//442
f 502//502 503//503 504//504
f 192//192 195//195 193//193
f 78//78 193//193 161//161
f 194//194 197//197 195//195
f 196//196 199//199 197//197
f 198//198 505//505 199//199
f 189//189 202//202 201//201
f 198//198 201//201 505//505
f 200//200 204//204 202//202
f 27//27 191//191 160//160
f 505//505 506//506 507//507
f 505//505 201//201 506//506
f 507//507 506//506 508//508
f 508//508 506//506 509//509
f 203//203 214//214 204//204
f 212//212 510//510 214//214
f 212//212 511//511 510//510
f 212//212 215//215 511//511
f 213//213 219//219 215//215
f 218//218 220//220 219//219
f 217//217 512//512 220//220
f 217//217 513//513 512//512
f 510//510 511//511 514//514
f 514//514 511//511 515//515
f 514//514 515//515 516//516
f 514//514 516//516 517//517
f 512//512 513//513 518//518
f 518//518 519//519 520//520
f 161//161 521//521 522//522
f 521//521 523//523 524//524
f 523//523 525//525 524//524
f 508//508 526//526 527//527
f 527//527 526//526 525//525
f 26//26 528//528 14//14
f 26//26 160//160 528//528
f 521//521 524//524 522//522
f 161//161 522//522 191//191
f 525//525 529//529 524//524
f 525//525 526//526 529//529
f 508//508 509//509 526//526
f 509//509 530//530 531//531
f 530//530 532//532 533//533
f 509//509 531//531 526//526
f 530//530 533//533 531//531
f 532//532 534//534 533//533
f 531//531 533//533 535//535
f 531//531 535//535 536//536
f 531//531 536//536 537//537
f 517//517 538//538 539//539
f 539//539 538//538 532//532
f 517//517 516//516 538//538
f 516//516 540//540 541//541
f 532//532 538//538 534//534
f 538//538 516//516 541//541
f 540//540 542//542 541//541
f 540//540 543//543 542//542
f 544//544 545//545 543//543
f 544//544 520//520 545//545
f 520//520 546//546 545//545
f 543//543 547//547 542//542
f 543//543 545//545 547//547
f 545//545 546//546 548//548
f 541//541 549//549 550//550
f 541//541 542//542 549//549
f 550//550 549//549 551//551
f 552//552 553//553 548//548
f 217//217 257//257 513//513
f 256//256 259//259 257//257
f 258//258 261//261 259//259
f 260//260 554//554 261//261
f 260//260 555//555 554//554
f 260//260 263//263 555//555
f 262//262 265//265 263//263
f 518//518 513//513 519//519
f 520//520 519//519 546//546
f 554//554 555//555 556//556
f 556//556 555//555 557//557
f 556//556 557//557 558//558
f 556//556 558//558 559//559
f 264//264 273//273 265//265
f 275//275 560//560 273//273
f 275//275 561//561 560//560
f 560//560 561//561 562//562
f 275//275 277//277 561//561
f 420//420 563//563 277//277
f 420//420 564//564 563//563
f 565//565 566//566 560//560
f 565//565 560//560 562//562
f 566//566 565//565 567//567
f 566//566 567//567 568//568
f 568//568 567//567 569//569
f 569//569 567//567 570//570
f 571//571 572//572 573//573
f 574//574 572//572 575//575
f 548//548 546//546 576//576
f 576//576 577//577 578//578
f 579//579 580//580 577//577
f 559//559 580//580 579//579
f 548//548 576//576 578//578
f 577//577 580//580 578//578
f 559//559 558//558 580//580
f 580//580 558//558 581//581
f 582//582 580//580 581//581
f 582//582 583//583 580//580
f 569//569 584//584 582//582
f 569//569 585//585 586//586
f 548//548 578//578 587//587
f 552//552 548//548 587//587
f 582//582 588//588 583//583
f 588//588 582//582 589//589
f 569//569 586//586 584//584
f 589//589 582//582 584//584
f 586//586 590//590 584//584
f 569//569 570//570 591//591
f 569//569 591//591 573//573
f 569//569 573//573 585//585
f 571//571 573//573 592//592
f 592//592 573//573 591//591
f 574//574 573//573 572//572
f 593//593 574//574 575//575
f 594//594 585//585 573//573
f 594//594 573//573 595//595
f 595//595 596//596 597//597
f 595//595 573//573 596//596
f 597//597 596//596 598//598
f 593//593 599//599 600//600
f 600//600 601//601 602//602
f 191//191 603//603 604//604
f 537//537 536//536 605//605
f 605//605 536//536 606//606
f 605//605 606//606 607//607
f 603//603 608//608 609//609
f 608//608 610//610 611//611
f 605//605 607//607 612//612
f 612//612 607//607 610//610
f 603//603 609//609 604//604
f 191//191 604//604 613//613
f 608//608 611//611 609//609
f 610//610 607//607 611//611
f 606//606 614//614 615//615
f 614//614 616//616 617//617
f 606//606 615//615 607//607
f 614//614 618//618 615//615
f 614//614 617//617 618//618
f 550//550 551//551 619//619
f 550//550 619//619 620//620
f 620//620 617//617 621//621
f 620//620 619//619 617//617
f 617//617 619//619 622//622
f 553//553 623//623 624//624
f 624//624 623//623 625//625
f 616//616 621//621 617//617
f 626//626 617//617 622//622
f 626//626 627//627 617//617
f 626//626 628//628 627//627
f 626//626 629//629 628//628
f 625//625 630//630 631//631
f 625//625 631//631 626//626
f 625//625 632//632 630//630
f 625//625 633//633 632//632
f 632//632 633//633 634//634
f 14//14 528//528 498//498
f 498//498 635//635 500//500
f 160//160 191//191 613//613
f 615//615 618//618 636//636
f 637//637 615//615 636//636
f 637//637 638//638 615//615
f 638//638 639//639 640//640
f 638//638 637//637 639//639
f 160//160 613//613 641//641
f 160//160 641//641 642//642
f 498//498 528//528 635//635
f 528//528 160//160 635//635
f 160//160 642//642 643//643
f 160//160 643//643 644//644
f 640//640 639//639 645//645
f 640//640 645//645 646//646
f 646//646 645//645 643//643
f 643//643 645//645 644//644
f 160//160 644//644 647//647
f 626//626 631//631 629//629
f 630//630 648//648 631//631
f 631//631 648//648 649//649
f 631//631 649//649 650//650
f 634//634 633//633 651//651
f 651//651 652//652 653//653
f 653//653 654//654 655//655
f 644//644 656//656 657//657
f 631//631 650//650 656//656
f 656//656 650//650 657//657
f 644//644 657//657 647//647
f 160//160 647//647 658//658
f 655//655 659//659 660//660
f 660//660 661//661 647//647
f 160//160 658//658 662//662
f 553//553 552//552 623//623
f 625//625 623//623 663//663
f 625//625 663//663 664//664
f 590//590 665//665 633//633
f 584//584 590//590 633//633
f 665//665 666//666 667//667
f 625//625 664//664 633//633
f 668//668 633//633 664//664
f 584//584 633//633 668//668
f 665//665 667//667 633//633
f 666//666 669//669 670//670
f 666//666 670//670 667//667
f 669//669 671//671 672//672
f 669//669 673//673 670//670
f 669//669 672//672 673//673
f 597//597 598//598 674//674
f 674//674 598//598 675//675
f 674//674 675//675 676//676
f 676//676 675//675 677//677
f 602//602 678//678 679//679
f 679//679 680//680 681//681
f 676//676 682//682 671//671
f 676//676 677//677 683//683
f 671//671 682//682 672//672
f 676//676 683//683 682//682
f 677//677 684//684 685//685
f 681//681 686//686 684//684
f 677//677 685//685 683//683
f 684//684 686//686 685//685
f 681//681 687//687 686//686
f 500//500 635//635 503//503
f 651//651 633//633 652//652
f 653//653 652//652 654//654
f 655//655 654//654 659//659
f 670//670 673//673 688//688
f 688//688 673//673 689//689
f 688//688 689//689 690//690
f 690//690 689//689 691//691
f 690//690 692//692 693//693
f 690//690 691//691 692//692
f 660//660 659//659 661//661
f 647//647 661//661 658//658
f 160//160 662//662 694//694
f 693//693 692//692 695//695
f 695//695 696//696 658//658
f 695//695 692//692 696//696
f 658//658 696//696 662//662
f 160//160 694//694 697//697
f 635//635 160//160 466//466
f 682//682 683//683 698//698
f 698//698 683//683 699//699
f 698//698 699//699 700//700
f 700//700 699//699 701//701
f 700//700 701//701 702//702
f 702//702 701//701 703//703
f 686//686 687//687 704//704
f 704//704 705//705 706//706
f 706//706 707//707 708//708
f 709//709 710//710 662//662
f 702//702 703//703 709//709
f 709//709 703//703 710//710
f 662//662 710//710 694//694
f 160//160 697//697 711//711
f 708//708 712//712 713//713
f 694//694 713//713 714//714
f 160//160 711//711 715//715
f 421//421 571//571 420//420
f 421//421 716//716 717//717
f 420//420 718//718 564//564
f 421//421 717//717 571//571
f 420//420 571//571 718//718
f 421//421 424//424 716//716
f 716//716 424//424 719//719
f 719//719 720//720 721//721
f 721//721 720//720 722//722
f 719//719 424//424 720//720
f 571//571 717//717 572//572
f 721//721 722//722 723//723
f 723//723 722//722 724//724
f 723//723 724//724 725//725
f 725//725 724//724 726//726
f 727//727 725//725 726//726
f 727//727 726//726 728//728
f 423//423 438//438 424//424
f 424//424 438//438 729//729
f 729//729 730//730 731//731
f 729//729 438//438 730//730
f 731//731 730//730 732//732
f 437//437 475//475 438//438
f 438//438 475//475 733//733
f 733//733 734//734 735//735
f 731//731 736//736 737//737
f 731//731 732//732 736//736
f 737//737 736//736 738//738
f 738//738 736//736 739//739
f 738//738 739//739 740//740
f 740//740 739//739 741//741
f 735//735 742//742 743//743
f 743//743 744//744 745//745
f 745//745 746//746 747//747
f 593//593 575//575 748//748
f 593//593 748//748 749//749
f 749//749 750//750 599//599
f 727//727 751//751 750//750
f 593//593 749//749 599//599
f 750//750 752//752 599//599
f 750//750 751//751 752//752
f 727//727 728//728 751//751
f 728//728 753//753 754//754
f 728//728 754//754 751//751
f 755//755 754//754 753//753
f 600//600 599//599 601//601
f 602//602 601//601 678//678
f 751//751 754//754 756//756
f 756//756 757//757 758//758
f 756//756 754//754 757//757
f 758//758 757//757 759//759
f 740//740 760//760 753//753
f 740//740 741//741 760//760
f 755//755 753//753 760//760
f 741//741 761//761 760//760
f 741//741 762//762 761//761
f 747//747 763//763 762//762
f 747//747 764//764 763//763
f 762//762 765//765 761//761
f 762//762 763//763 765//765
f 760//760 761//761 766//766
f 766//766 761//761 767//767
f 766//766 767//767 768//768
f 766//766 768//768 769//769
f 763//763 770//770 771//771
f 771//771 772//772 773//773
f 733//733 475//475 734//734
f 735//735 734//734 742//742
f 474//474 479//479 475//475
f 475//475 479//479 774//774
f 774//774 775//775 776//776
f 776//776 775//775 777//777
f 774//774 479//479 775//775
f 743//743 742//742 744//744
f 745//745 744//744 746//746
f 747//747 746//746 764//764
f 776//776 777//777 778//778
f 778//778 777//777 779//779
f 778//778 779//779 780//780
f 780//780 779//779 781//781
f 780//780 781//781 782//782
f 782//782 781//781 783//783
f 478//478 489//489 479//479
f 479//479 489//489 784//784
f 784//784 785//785 786//786
f 784//784 489//489 785//785
f 786//786 785//785 787//787
f 488//488 491//491 489//489
f 490//490 493//493 491//491
f 492//492 465//465 493//493
f 95//95 466//466 465//465
f 786//786 787//787 788//788
f 788//788 787//787 789//789
f 788//788 789//789 790//790
f 790//790 789//789 791//791
f 790//790 791//791 792//792
f 792//792 791//791 793//793
f 764//764 794//794 770//770
f 782//782 795//795 794//794
f 763//763 764//764 770//770
f 794//794 796//796 770//770
f 794//794 795//795 796//796
f 782//782 783//783 795//795
f 797//797 783//783 798//798
f 795//795 783//783 797//797
f 797//797 798//798 799//799
f 771//771 770//770 772//772
f 773//773 772//772 800//800
f 795//795 797//797 801//801
f 801//801 797//797 802//802
f 801//801 802//802 803//803
f 803//803 802//802 804//804
f 792//792 805//805 798//798
f 792//792 793//793 805//805
f 798//798 805//805 799//799
f 793//793 806//806 805//805
f 793//793 807//807 806//806
f 808//808 809//809 807//807
f 465//465 810//810 811//811
f 811//811 809//809 808//808
f 335//335 442//442 812//812
f 335//335 812//812 466//466
f 807//807 813//813 806//806
f 807//807 809//809 813//813
f 811//811 810//810 809//809
f 465//465 814//814 810//810
f 805//805 806//806 815//815
f 815//815 816//816 817//817
f 815//815 806//806 816//816
f 817//817 816//816 818//818
f 679//679 678//678 680//680
f 681//681 680//680 819//819
f 758//758 759//759 820//820
f 820//820 759//759 821//821
f 822//822 820//820 821//821
f 822//822 821//821 823//823
f 681//681 819//819 687//687
f 819//819 824//824 825//825
f 822//822 826//826 824//824
f 819//819 825//825 687//687
f 824//824 826//826 825//825
f 822//822 823//823 827//827
f 823//823 828//828 829//829
f 822//822 827//827 826//826
f 823//823 829//829 827//827
f 769//769 768//768 830//830
f 830//830 768//768 831//831
f 830//830 831//831 832//832
f 832//832 831//831 833//833
f 773//773 800//800 834//834
f 834//834 835//835 836//836
f 832//832 837//837 828//828
f 832//832 833//833 838//838
f 828//828 837//837 829//829
f 832//832 838//838 837//837
f 833//833 839//839 840//840
f 836//836 841//841 839//839
f 833//833 840//840 838//838
f 839//839 841//841 840//840
f 836//836 842//842 841//841
f 704//704 687//687 705//705
f 706//706 705//705 707//707
f 708//708 707//707 712//712
f 826//826 827//827 843//843
f 843//843 827//827 844//844
f 843//843 844//844 845//845
f 845//845 844//844 846//846
f 845//845 846//846 847//847
f 847//847 846//846 848//848
f 713//713 712//712 714//714
f 694//694 714//714 697//697
f 160//160 715//715 849//849
f 850//850 847//847 848//848
f 850//850 851//851 697//697
f 850//850 848//848 851//851
f 697//697 851//851 711//711
f 160//160 849//849 466//466
f 837//837 838//838 852//852
f 852//852 838//838 853//853
f 852//852 853//853 854//854
f 852//852 854//854 855//855
f 855//855 854//854 856//856
f 856//856 854//854 857//857
f 841//841 842//842 858//858
f 858//858 859//859 860//860
f 860//860 861//861 862//862
f 863//863 864//864 711//711
f 856//856 857//857 863//863
f 863//863 857//857 864//864
f 711//711 864//864 715//715
f 635//635 865//865 503//503
f 635//635 466//466 865//865
f 862//862 866//866 867//867
f 867//867 868//868 715//715
f 834//834 800//800 835//835
f 836//836 835//835 869//869
f 803//803 804//804 870//870
f 870//870 804//804 871//871
f 870//870 871//871 872//872
f 872//872 871//871 873//873
f 836//836 869//869 842//842
f 869//869 874//874 875//875
f 872//872 876//876 874//874
f 869//869 875//875 842//842
f 874//874 876//876 875//875
f 872//872 873//873 877//877
f 873//873 878//878 879//879
f 872//872 877//877 876//876
f 873//873 879//879 877//877
f 817//817 818//818 880//880
f 880//880 818//818 881//881
f 880//880 881//881 882//882
f 882//882 881//881 883//883
f 466//466 814//814 465//465
f 882//882 884//884 878//878
f 882//882 883//883 885//885
f 878//878 884//884 879//879
f 882//882 885//885 884//884
f 883//883 886//886 887//887
f 888//888 889//889 886//886
f 814//814 890//890 891//891
f 891//891 892//892 888//888
f 883//883 887//887 885//885
f 886//886 889//889 887//887
f 888//888 892//892 889//889
f 891//891 890//890 892//892
f 442//442 504//504 812//812
f 503//503 865//865 504//504
f 858//858 842//842 859//859
f 860//860 859//859 861//861
f 862//862 861//861 866//866
f 876//876 877//877 893//893
f 893//893 877//877 894//894
f 893//893 894//894 895//895
f 895//895 894//894 896//896
f 895//895 896//896 897//897
f 897//897 896//896 898//898
f 867//867 866//866 868//868
f 715//715 868//868 849//849
f 897//897 898//898 899//899
f 849//849 899//899 900//900
f 899//899 898//898 900//900
f 849//849 900//900 901//901
f 884//884 885//885 902//902
f 902//902 885//885 903//903
f 902//902 903//903 904//904
f 904//904 903//903 905//905
f 904//904 905//905 906//906
f 906//906 905//905 907//907
f 466//466 890//890 814//814
f 901//901 908//908 909//909
f 906//906 907//907 908//908
f 908//908 907//907 909//909
f 901//901 909//909 910//910
f 466//466 849//849 901//901
f 466//466 911//911 890//890
f 466//466 912//912 911//911
f 504//504 865//865 812//812
f 812//812 865//865 466//466
f 466//466 901//901 910//910
f 466//466 910//910 912//912
f 913//913 914//914 915//915
f 916//916 915//915 917//917
f 918//918 917//917 919//919
f 920//920 919//919 921//921
f 922//922 923//923 914//914
f 924//924 925//925 923//923
f 926//926 927//927 925//925
f 928//928 929//929 930//930
f 931//931 921//921 932//932
f 933//933 932//932 929//929
f 916//916 913//913 915//915
f 916//916 917//917 918//918
f 918//918 919//919 920//920
f 920//920 921//921 931//931
f 934//934 935//935 936//936
f 934//934 936//936 937//937
f 937//937 936//936 938//938
f 913//913 922//922 914//914
f 922//922 924//924 923//923
f 924//924 926//926 925//925
f 928//928 930//930 939//939
f 931//931 932//932 933//933
f 933//933 929//929 928//928
f 937//937 938//938 940//940
f 938//938 941//941 940//940
f 940//940 941//941 942//942
f 941//941 943//943 942//942
f 942//942 943//943 944//944
f 943//943 945//945 944//944
f 946//946 947//947 927//927
f 939//939 930//930 947//947
f 926//926 946//946 927//927
f 946//946 939//939 947//947
f 944//944 945//945 948//948
f 949//949 950//950 951//951
f 952//952 953//953 950//950
f 954//954 955//955 953//953
f 956//956 957//957 955//955
f 958//958 959//959 957//957
f 960//960 951//951 961//961
f 962//962 961//961 963//963
f 964//964 963//963 965//965
f 966//966 965//965 967//967
f 968//968 967//967 969//969
f 952//952 950//950 949//949
f 949//949 951//951 960//960
f 970//970 971//971 972//972
f 973//973 970//970 972//972
f 952//952 954//954 953//953
f 954//954 956//956 955//955
f 956//956 958//958 957//957
f 973//973 974//974 975//975
f 975//975 976//976 977//977
f 977//977 978//978 979//979
f 960//960 961//961 962//962
f 962//962 963//963 964//964
f 973//973 972//972 974//974
f 964//964 965//965 966//966
f 966//966 967//967 968//968
f 980//980 968//968 969//969
f 975//975 974//974 976//976
f 977//977 976//976 978//978
f 979//979 978//978 981//981
f 982//982 983//983 959//959
f 980//980 969//969 983//983
f 958//958 982//982 959//959
f 979//979 981//981 984//984
f 980//980 983//983 982//982
f 985//985 986//986 987//987
f 988//988 987//987 989//989
f 990//990 991//991 986//986
f 992//992 989//989 993//993
f 994//994 995//995 991//991
f 996//996 997//997 995//995
f 998//998 993//993 999//999
f 1000//1000 999//999 1001//1001
f 1002//1002 1003//1003 997//997
f 1004//1004 1001//1001 1005//1005
f 985//985 990//990 986//986
f 985//985 987//987 988//988
f 988//988 989//989 992//992
f 992//992 993//993 998//998
f 1006//1006 1007//1007 1008//1008
f 1006//1006 1009//1009 1007//1007
f 1008//1008 1007//1007 1010//1010
f 990//990 994//994 991//991
f 994//994 996//996 995//995
f 998//998 999//999 1000//1000
f 996//996 1002//1002 997//997
f 1000//1000 1001//1001 1004//1004
f 1004//1004 1005//1005 1011//1011
f 1008//1008 1010//1010 1012//1012
f 1012//1012 1010//1010 1013//1013
f 1012//1012 1013//1013 1014//1014
f 1013//1013 1015//1015 1014//1014
f 1014//1014 1015//1015 1016//1016
f 1016//1016 1015//1015 1017//1017
f 1018//1018 1019//1019 1003//1003
f 1011//1011 1005//1005 1019//1019
f 1002//1002 1018//1018 1003//1003
f 1018//1018 1011//1011 1019//1019
f 1016//1016 1017//1017 1020//1020
f 1021//1021 1022//1022 1023//1023
f 1024//1024 1023//1023 1025//1025
f 1026//1026 1025//1025 1027//1027
f 1028//1028 1027//1027 1029//1029
f 1030//1030 1031//1031 1022//1022
f 1032//1032 1033//1033 1031//1031
f 1034//1034 1035//1035 1033//1033
f 1036//1036 1037//1037 1038//1038
f 1039//1039 1029//1029 1040//1040
f 1041//1041 1040//1040 1037//1037
f 1024//1024 1021//1021 1023//1023
f 1024//1024 1025//1025 1026//1026
f 1026//1026 1027//1027 1028//1028
f 1028//1028 1029//1029 1039//1039
f 1042//1042 1043//1043 1044//1044
f 1042//1042 1044//1044 1045//1045
f 1045//1045 1044//1044 1046//1046
f 1021//1021 1030//1030 1022//1022
f 1030//1030 1032//1032 1031//1031
f 1032//1032 1034//1034 1033//1033
f 1036//1036 1038//1038 1047//1047
f 1039//1039 1040//1040 1041//1041
f 1041//1041 1037//1037 1036//1036
f 1045//1045 1046//1046 1048//1048
f 1046//1046 1049//1049 1048//1048
f 1048//1048 1049//1049 1050//1050
f 1049//1049 1051//1051 1050//1050
f 1050//1050 1051//1051 1052//1052
f 1051//1051 1053//1053 1052//1052
f 1054//1054 1055//1055 1035//1035
f 1047//1047 1038//1038 1055//1055
f 1034//1034 1054//1054 1035//1035
f 1054//1054 1047//1047 1055//1055
f 1052//1052 1053//1053 1056//1056
f 1057//1057 1058//1058 1059//1059
f 1060//1060 1061//1061 1058//1058
f 1062//1062 1063//1063 1061//1061
f 1064//1064 1065//1065 1063//1063
f 1066//1066 1067//1067 1065//1065
f 1068//1068 1059//1059 1069//1069
f 1070//1070 1069//1069 1071//1071
f 1072//1072 1071//1071 1073//1073
f 1074//1074 1073//1073 1075//1075
f 1076//1076 1075//1075 1077//1077
f 1057//1057 1060//1060 1058//1058
f 1057//1057 1059//1059 1068//1068
f 1078//1078 1079//1079 1080//1080
f 1078//1078 1080//1080 1081//1081
f 1060//1060 1062//1062 1061//1061
f 1062//1062 1064//1064 1063//1063
f 1064//1064 1066//1066 1065//1065
f 1081//1081 1082//1082 1083//1083
f 1083//1083 1084//1084 1085//1085
f 1085//1085 1086//1086 1087//1087
f 1068//1068 1069//1069 1070//1070
f 1070//1070 1071//1071 1072//1072
f 1081//1081 1080//1080 1082//1082
f 1072//1072 1073//1073 1074//1074
f 1074//1074 1075//1075 1076//1076
f 1076//1076 1077//1077 1088//1088
f 1083//1083 1082//1082 1084//1084
f 1085//1085 1084//1084 1086//1086
f 1087//1087 1086//1086 1089//1089
f 1090//1090 1091//1091 1067//1067
f 1088//1088 1077//1077 1091//1091
f 1066//1066 1090//1090 1067//1067
f 1087//1087 1089//1089 1092//1092
f 1090//1090 1088//1088 1091//1091
f 1093//1093 1094//1094 1095//1095
f 1096//1096 1095//1095 1097//1097
f 1098//1098 1099//1099 1094//1094
f 1100//1100 1097//1097 1101//1101
f 1102//1102 1103//1103 1099//1099
f 1104//1104 1105//1105 1103//1103
f 1106//1106 1101//1101 1107//1107
f 1108//1108 1107//1107 1109//1109
f 1110//1110 1111//1111 1105//1105
f 1112//1112 1109//1109 1113//1113
f 1098//1098 1094//1094 1093//1093
f 1093//1093 1095//1095 1096//1096
f 1096//1096 1097//1097 1100//1100
f 1100//1100 1101//1101 1106//1106
f 1114//1114 1115//1115 1116//1116
f 1115//1115 1117//1117 1116//1116
f 1114//1114 1116//1116 1118//1118
f 1098//1098 1102//1102 1099//1099
f 1102//1102 1104//1104 1103//1103
f 1106//1106 1107//1107 1108//1108
f 1104//1104 1110//1110 1105//1105
f 1108//1108 1109//1109 1112//1112
f 1112//1112 1113//1113 1119//1119
f 1114//1114 1118//1118 1120//1120
f 1120//1120 1118//1118 1121//1121
f 1120//1120 1121//1121 1122//1122
f 1121//1121 1123//1123 1122//1122
f 1122//1122 1123//1123 1124//1124
f 1123//1123 1125//1125 1124//1124
f 1126//1126 1127//1127 1111//1111
f 1119//1119 1113//1113 1127//1127
f 1110//1110 1126//1126 1111//1111
f 1126//1126 1119//1119 1127//1127
f 1124//1124 1125//1125 1128//1128
f 1129//1129 1130//1130 1131//1131
f 1132//1132 1131//1131 1133//1133
f 1134//1134 1133//1133 1135//1135
f 1136//1136 1135//1135 1137//1137
f 1138//1138 1139//1139 1130//1130
f 1140//1140 1141//1141 1139//1139
f 1142//1142 1143//1143 1141//1141
f 1144//1144 1145//1145 1146//1146
f 1147//1147 1137//1137 1148//1148
f 1149//1149 1148//1148 1145//1145
f 1132//1132 1129//1129 1131//1131
f 1132//1132 1133//1133 1134//1134
f 1134//1134 1135//1135 1136//1136
f 1136//1136 1137//1137 1147//1147
f 1150//1150 1151//1151 1152//1152
f 1150//1150 1152//1152 1153//1153
f 1153//1153 1152//1152 1154//1154
f 1129//1129 1138//1138 1130//1130
f 1138//1138 1140//1140 1139//1139
f 1140//1140 1142//1142 1141//1141
f 1155//1155 1144//1144 1146//1146
f 1147//1147 1148//1148 1149//1149
f 1149//1149 1145//1145 1144//1144
f 1153//1153 1154//1154 1156//1156
f 1156//1156 1154//1154 1157//1157
f 1156//1156 1157//1157 1158//1158
f 1157//1157 1159//1159 1158//1158
f 1158//1158 1159//1159 1160//1160
f 1160//1160 1159//1159 1161//1161
f 1162//1162 1163//1163 1143//1143
f 1155//1155 1146//1146 1163//1163
f 1142//1142 1162//1162 1143//1143
f 1162//1162 1155//1155 1163//1163
f 1160//1160 1161//1161 1164//1164
f 1165//1165 1166//1166 1167//1167
f 1168//1168 1169//1169 1166//1166
f 1170//1170 1171//1171 1169//1169
f 1172//1172 1173//1173 1171//1171
f 1174//1174 1175//1175 1173//1173
f 1176//1176 1167//1167 1177//1177
f 1178//1178 1177//1177 1179//1179
f 1180//1180 1179//1179 1181//1181
f 1182//1182 1181//1181 1183//1183
f 1184//1184 1183//1183 1185//1185
f 1165//1165 1167//1167 1176//1176
f 1165//1165 1168//1168 1166//1166
f 1186//1186 1187//1187 1188//1188
f 1168//1168 1170//1170 1169//1169
f 1170//1170 1172//1172 1171//1171
f 1172//1172 1174//1174 1173//1173
f 1188//1188 1189//1189 1190//1190
f 1190//1190 1191//1191 1192//1192
f 1192//1192 1193//1193 1194//1194
f 1176//1176 1177//1177 1178//1178
f 1178//1178 1179//1179 1180//1180
f 1186//1186 1195//1195 1187//1187
f 1188//1188 1187//1187 1189//1189
f 1180//1180 1181//1181 1182//1182
f 1182//1182 1183//1183 1184//1184
f 1184//1184 1185//1185 1196//1196
f 1190//1190 1189//1189 1191//1191
f 1192//1192 1191//1191 1193//1193
f 1194//1194 1193//1193 1197//1197
f 1198//1198 1199//1199 1175//1175
f 1196//1196 1185//1185 1199//1199
f 1174//1174 1198//1198 1175//1175
f 1198//1198 1196//1196 1199//1199
f 1194//1194 1197//1197 1200//1200
f 1201//1201 1202//1202 1203//1203
f 1204//1204 1203//1203 1205//1205
f 1206//1206 1207//1207 1202//1202
f 1208//1208 1205//1205 1209//1209
f 1210//1210 1211//1211 1207//1207
f 1212//1212 1213//1213 1211//1211
f 1214//1214 1209//1209 1215//1215
f 1216//1216 1215//1215 1217//1217
f 1218//1218 1219//1219 1213//1213
f 1220//1220 1217//1217 1221//1221
f 1201//1201 1206//1206 1202//1202
f 1201//1201 1203//1203 1204//1204
f 1204//1204 1205//1205 1208//1208
f 1208//1208 1209//1209 1214//1214
f 1222//1222 1223//1223 1224//1224
f 1222//1222 1225//1225 1223//1223
f 1224//1224 1223//1223 1226//1226
f 1206//1206 1210//1210 1207//1207
f 1210//1210 1212//1212 1211//1211
f 1214//1214 1215//1215 1216//1216
f 1212//1212 1218//1218 1213//1213
f 1216//1216 1217//1217 1220//1220
f 1220//1220 1221//1221 1227//1227
f 1224//1224 1226//1226 1228//1228
f 1226//1226 1229//1229 1228//1228
f 1228//1228 1229//1229 1230//1230
f 1229//1229 1231//1231 1230//1230
f 1230//1230 1231//1231 1232//1232
f 1231//1231 1233//1233 1232//1232
f 1234//1234 1235//1235 1219//1219
f 1227//1227 1221//1221 1235//1235
f 1218//1218 1234//1234 1219//1219
f 1234//1234 1227//1227 1235//1235
f 1232//1232 1233//1233 1236//1236
f 1237//1237 1238//1238 1239//1239
f 1240//1240 1239//1239 1241//1241
f 1242//1242 1241//1241 1243//1243
f 1244//1244 1243//1243 1245//1245
f 1246//1246 1247//1247 1238//1238
f 1248//1248 1249//1249 1247//1247
f 1250//1250 1251//1251 1249//1249
f 1252//1252 1253//1253 1254//1254
f 1255//1255 1245//1245 1256//1256
f 1257//1257 1256//1256 1253//1253
f 1237//1237 1239//1239 1240//1240
f 1240//1240 1241//1241 1242//1242
f 1242//1242 1243//1243 1244//1244
f 1244//1244 1245//1245 1255//1255
f 1258//1258 1259//1259 1260//1260
f 1261//1261 1258//1258 1260//1260
f 1261//1261 1260//1260 1262//1262
f 1237//1237 1246//1246 1238//1238
f 1246//1246 1248//1248 1247//1247
f 1248//1248 1250//1250 1249//1249
f 1252//1252 1254//1254 1263//1263
f 1255//1255 1256//1256 1257//1257
f 1257//1257 1253//1253 1252//1252
f 1261//1261 1262//1262 1264//1264
f 1264//1264 1262//1262 1265//1265
f 1264//1264 1265//1265 1266//1266
f 1265//1265 1267//1267 1266//1266
f 1266//1266 1267//1267 1268//1268
f 1268//1268 1267//1267 1269//1269
f 1270//1270 1271//1271 1251//1251
f 1263//1263 1254//1254 1271//1271
f 1250//1250 1270//1270 1251//1251
f 1270//1270 1263//1263 1271//1271
f 1268//1268 1269//1269 1272//1272
f 1273//1273 1274//1274 1275//1275
f 1276//1276 1277//1277 1274//1274
f 1278//1278 1279//1279 1277//1277
f 1280//1280 1281//1281 1279//1279
f 1282//1282 1283//1283 1281//1281
f 1284//1284 1275//1275 1285//1285
f 1286//1286 1285//1285 1287//1287
f 1288//1288 1287//1287 1289//1289
f 1290//1290 1289//1289 1291//1291
f 1292//1292 1291//1291 1293//1293
f 1273//1273 1275//1275 1284//1284
f 1273//1273 1276//1276 1274//1274
f 1294//1294 1295//1295 1296//1296
f 1276//1276 1278//1278 1277//1277
f 1278//1278 1280//1280 1279//1279
f 1280//1280 1282//1282 1281//1281
f 1296//1296 1297//1297 1298//1298
f 1298//1298 1299//1299 1300//1300
f 1300//1300 1301//1301 1302//1302
f 1284//1284 1285//1285 1286//1286
f 1286//1286 1287//1287 1288//1288
f 1294//1294 1303//1303 1295//1295
f 1296//1296 1295//1295 1297//1297
f 1288//1288 1289//1289 1290//1290
f 1290//1290 1291//1291 1292//1292
f 1292//1292 1293//1293 1304//1304
f 1298//1298 1297//1297 1299//1299
f 1300//1300 1299//1299 1301//1301
f 1302//1302 1301//1301 1305//1305
f 1306//1306 1307//1307 1283//1283
f 1304//1304 1293//1293 1307//1307
f 1282//1282 1306//1306 1283//1283
f 1306//1306 1304//1304 1307//1307
f 1302//1302 1305//1305 1308//1308
f 1309//1309 1310//1310 1311//1311
f 1312//1312 1311//1311 1313//1313
f 1314//1314 1315//1315 1310//1310
f 1316//1316 1313//1313 1317//1317
f 1318//1318 1319//1319 1315//1315
f 1320//1320 1321//1321 1319//1319
f 1322//1322 1317//1317 1323//1323
f 1324//1324 1323//1323 1325//1325
f 1326//1326 1327//1327 1321//1321
f 1328//1328 1325//1325 1329//1329
f 1309//1309 1314//1314 1310//1310
f 1309//1309 1311//1311 1312//1312
f 1312//1312 1313//1313 1316//1316
f 1316//1316 1317//1317 1322//1322
f 1330//1330 1331//1331 1332//1332
f 1330//1330 1333//1333 1331//1331
f 1332//1332 1331//1331 1334//1334
f 1314//1314 1318//1318 1315//1315
f 1318//1318 1320//1320 1319//1319
f 1322//1322 1323//1323 1324//1324
f 1320//1320 1326//1326 1321//1321
f 1324//1324 1325//1325 1328//1328
f 1328//1328 1329//1329 1335//1335
f 1332//1332 1334//1334 1336//1336
f 1334//1334 1337//1337 1336//1336
f 1336//1336 1337//1337 1338//1338
f 1337//1337 1339//1339 1338//1338
f 1338//1338 1339//1339 1340//1340
f 1339//1339 1341//1341 1340//1340
f 1342//1342 1343//1343 1327//1327
f 1335//1335 1329//1329 1343//1343
f 1326//1326 1342//1342 1327//1327
f 1342//1342 1335//1335 1343//1343
f 1340//1340 1341//1341 1344//1344
f 1345//1345 1346//1346 1347//1347
f 1348//1348 1349//1349 1350//1350
f 1351//1351 1347//1347 1349//1349
f 1352//1352 1350//1350 1353//1353
f 1354//1354 1355//1355 1346//1346
f 1356//1356 1353//1353 1357//1357
f 1351//1351 1345//1345 1347//1347
f 1351//1351 1349//1349 1348//1348
f 1348//1348 1350//1350 1352//1352
f 1352//1352 1353//1353 1356//1356
f 1345//1345 1354//1354 1346//1346
f 1356//1356 1357//1357 1358//1358
f 1359//1359 1360//1360 1361//1361
f 1359//1359 1361//1361 1362//1362
f 1361//1361 1363//1363 1362//1362
f 1362//1362 1363//1363 1364//1364
f 1363//1363 1365//1365 1364//1364
f 1366//1366 1367//1367 1355//1355
f 1368//1368 1369//1369 1370//1370
f 1371//1371 1372//1372 1367//1367
f 1373//1373 1370//1370 1374//1374
f 1375//1375 1374//1374 1372//1372
f 1358//1358 1357//1357 1369//1369
f 1354//1354 1366//1366 1355//1355
f 1366//1366 1371//1371 1367//1367
f 1371//1371 1375//1375 1372//1372
f 1368//1368 1370//1370 1373//1373
f 1373//1373 1374//1374 1375//1375
f 1358//1358 1369//1369 1368//1368
f 1364//1364 1365//1365 1376//1376
f 1376//1376 1377//1377 1378//1378
f 1365//1365 1377//1377 1376//1376
f 1378//1378 1379//1379 1380//1380
f 1378//1378 1377//1377 1379//1379
f 1381//1381 1382//1382 1383//1383
f 1384//1384 1383//1383 1385//1385
f 1386//1386 1387//1387 1382//1382
f 1388//1388 1385//1385 1389//1389
f 1390//1390 1389//1389 1391//1391
f 1392//1392 1391//1391 1393//1393
f 1384//1384 1385//1385 1388//1388
f 1384//1384 1381//1381 1383//1383
f 1381//1381 1386//1386 1382//1382
f 1394//1394 1395//1395 1396//1396
f 1394//1394 1396//1396 1397//1397
f 1397//1397 1398//1398 1399//1399
f 1388//1388 1389//1389 1390//1390
f 1390//1390 1391//1391 1392//1392
f 1392//1392 1393//1393 1400//1400
f 1396//1396 1398//1398 1397//1397
f 1399//1399 1398//1398 1401//1401
f 1402//1402 1403//1403 1387//1387
f 1404//1404 1405//1405 1403//1403
f 1406//1406 1407//1407 1405//1405
f 1400//1400 1393//1393 1408//1408
f 1409//1409 1408//1408 1410//1410
f 1411//1411 1410//1410 1407//1407
f 1386//1386 1402//1402 1387//1387
f 1402//1402 1404//1404 1403//1403
f 1404//1404 1406//1406 1405//1405
f 1399//1399 1401//1401 1412//1412
f 1412//1412 1413//1413 1414//1414
f 1414//1414 1415//1415 1416//1416
f 1400//1400 1408//1408 1409//1409
f 1411//1411 1409//1409 1410//1410
f 1411//1411 1407//1407 1406//1406
f 1401//1401 1413//1413 1412//1412
f 1414//1414 1413//1413 1415//1415
f 1417//1417 1418//1418 1419//1419
f 1420//1420 1421//1421 1422//1422
f 1423//1423 1424//1424 1421//1421
f 1425//1425 1419//1419 1424//1424
f 1426//1426 1422//1422 1427//1427
f 1428//1428 1427//1427 1429//1429
f 1425//1425 1417//1417 1419//1419
f 1423//1423 1421//1421 1420//1420
f 1423//1423 1425//1425 1424//1424
f 1420//1420 1422//1422 1426//1426
f 1426//1426 1427//1427 1428//1428
f 1428//1428 1429//1429 1430//1430
f 1431//1431 1432//1432 1433//1433
f 1431//1431 1434//1434 1432//1432
f 1432//1432 1435//1435 1433//1433
f 1433//1433 1435//1435 1436//1436
f 1436//1436 1435//1435 1437//1437
f 1438//1438 1439//1439 1418//1418
f 1430//1430 1429//1429 1440//1440
f 1441//1441 1440//1440 1442//1442
f 1443//1443 1444//1444 1439//1439
f 1445//1445 1442//1442 1446//1446
f 1447//1447 1446//1446 1444//1444
f 1417//1417 1438//1438 1418//1418
f 1438//1438 1443//1443 1439//1439
f 1430//1430 1440//1440 1441//1441
f 1443//1443 1447//1447 1444//1444
f 1445//1445 1446//1446 1447//1447
f 1445//1445 1441//1441 1442//1442
f 1436//1436 1437//1437 1448//1448
f 1437//1437 1449//1449 1448//1448
f 1448//1448 1449//1449 1450//1450
f 1450//1450 1449//1449 1451//1451
f 1450//1450 1451//1451 1452//1452
f 1453//1453 1454//1454 1455//1455
f 1456//1456 1457//1457 1458//1458
f 1459//1459 1455//1455 1457//1457
f 1460//1460 1458//1458 1461//1461
f 1462//1462 1463//1463 1454//1454
f 1464//1464 1461//1461 1465//1465
f 1459//1459 1453//1453 1455//1455
f 1459//1459 1457//1457 1456//1456
f 1456//1456 1458//1458 1460//1460
f 1460//1460 1461//1461 1464//1464
f 1453//1453 1462//1462 1454//1454
f 1464//1464 1465//1465 1466//1466
f 1467//1467 1468//1468 1469//1469
f 1467//1467 1469//1469 1470//1470
f 1469//1469 1471//1471 1470//1470
f 1470//1470 1471//1471 1472//1472
f 1471//1471 1473//1473 1472//1472
f 1474//1474 1475//1475 1463//1463
f 1476//1476 1477//1477 1478//1478
f 1479//1479 1480//1480 1475//1475
f 1481//1481 1478//1478 1482//1482
f 1483//1483 1482//1482 1480//1480
f 1466//1466 1465//1465 1477//1477
f 1462//1462 1474//1474 1463//1463
f 1474//1474 1479//1479 1475//1475
f 1479//1479 1483//1483 1480//1480
f 1476//1476 1478//1478 1481//1481
f 1481//1481 1482//1482 1483//1483
f 1466//1466 1477//1477 1476//1476
f 1472//1472 1473//1473 1484//1484
f 1484//1484 1485//1485 1486//1486
f 1473//1473 1485//1485 1484//1484
f 1486//1486 1487//1487 1488//1488
f 1486//1486 1485//1485 1487//1487
f 1489//1489 1490//1490 1491//1491
f 1492//1492 1491//1491 1493//1493
f 1494//1494 1495//1495 1490//1490
f 1496//1496 1493//1493 1497//1497
f 1498//1498 1497//1497 1499//1499
f 1500//1500 1499//1499 1501//1501
f 1492//1492 1493//1493 1496//1496
f 1492//1492 1489//1489 1491//1491
f 1489//1489 1494//1494 1490//1490
f 1502//1502 1503//1503 1504//1504
f 1502//1502 1504//1504 1505//1505
f 1505//1505 1506//1506 1507//1507
f 1496//1496 1497//1497 1498//1498
f 1498//1498 1499//1499 1500//1500
f 1500//1500 1501//1501 1508//1508
f 1505//1505 1504//1504 1506//1506
f 1507//1507 1506//1506 1509//1509
f 1510//1510 1511//1511 1495//1495
f 1512//1512 1513//1513 1511//1511
f 1514//1514 1515//1515 1513//1513
f 1508//1508 1501//1501 1516//1516
f 1517//1517 1516//1516 1518//1518
f 1519//1519 1518//1518 1515//1515
f 1494//1494 1510//1510 1495//1495
f 1510//1510 1512//1512 1511//1511
f 1512//1512 1514//1514 1513//1513
f 1507//1507 1509//1509 1520//1520
f 1520//1520 1521//1521 1522//1522
f 1522//1522 1523//1523 1524//1524
f 1508//1508 1516//1516 1517//1517
f 1517//1517 1518//1518 1519//1519
f 1514//1514 1519//1519 1515//1515
f 1509//1509 1521//1521 1520//1520
f 1522//1522 1521//1521 1523//1523
f 1525//1525 1526//1526 1527//1527
f 1528//1528 1529//1529 1530//1530
f 1531//1531 1532//1532 1529//1529
f 1533//1533 1527//1527 1532//1532
f 1534//1534 1530//1530 1535//1535
f 1536//1536 1535//1535 1537//1537
f 1533//1533 1525//1525 1527//1527
f 1531//1531 1529//1529 1528//1528
f 1531//1531 1533//1533 1532//1532
f 1528//1528 1530//1530 1534//1534
f 1534//1534 1535//1535 1536//1536
f 1536//1536 1537//1537 1538//1538
f 1539//1539 1540//1540 1541//1541
f 1539//1539 1542//1542 1540//1540
f 1540//1540 1543//1543 1541//1541
f 1541//1541 1543//1543 1544//1544
f 1544//1544 1543//1543 1545//1545
f 1546//1546 1547//1547 1526//1526
f 1538//1538 1537//1537 1548//1548
f 1549//1549 1548//1548 1550//1550
f 1551//1551 1552//1552 1547//1547
f 1553//1553 1550//1550 1554//1554
f 1555//1555 1554//1554 1552//1552
f 1525//1525 1546//1546 1526//1526
f 1546//1546 1551//1551 1547//1547
f 1538//1538 1548//1548 1549//1549
f 1551//1551 1555//1555 1552//1552
f 1553//1553 1554//1554 1555//1555
f 1549//1549 1550//1550 1553//1553
f 1544//1544 1545//1545 1556//1556
f 1545//1545 1557//1557 1556//1556
f 1556//1556 1557//1557 1558//1558
f 1558//1558 1557//1557 1559//1559
f 1558//1558 1559//1559 1560//1560
f 1561//1561 1562//1562 1563//1563
f 1564//1564 1565//1565 1566//1566
f 1567//1567 1563//1563 1565//1565
f 1568//1568 1566//1566 1569//1569
f 1570//1570 1571//1571 1562//1562
f 1572//1572 1569//1569 1573//1573
f 1567//1567 1561//1561 1563//1563
f 1567//1567 1565//1565 1564//1564
f 1564//1564 1566//1566 1568//1568
f 1568//1568 1569//1569 1572//1572
f 1561//1561 1570//1570 1562//1562
f 1572//1572 1573//1573 1574//1574
f 1575//1575 1576//1576 1577//1577
f 1575//1575 1577//1577 1578//1578
f 1577//1577 1579//1579 1578//1578
f 1578//1578 1579//1579 1580//1580
f 1580//1580 1579//1579 1581//1581
f 1582//1582 1583//1583 1571//1571
f 1584//1584 1585//1585 1586//1586
f 1587//1587 1588//1588 1583//1583
f 1589//1589 1586//1586 1590//1590
f 1591//1591 1590//1590 1588//1588
f 1574//1574 1573//1573 1585//1585
f 1570//1570 1582//1582 1571//1571
f 1582//1582 1587//1587 1583//1583
f 1587//1587 1591//1591 1588//1588
f 1589//1589 1584//1584 1586//1586
f 1589//1589 1590//1590 1591//1591
f 1574//1574 1585//1585 1584//1584
f 1580//1580 1581//1581 1592//1592
f 1592//1592 1593//1593 1594//1594
f 1581//1581 1593//1593 1592//1592
f 1594//1594 1595//1595 1596//1596
f 1594//1594 1593//1593 1595//1595
f 1597//1597 1598//1598 1599//1599
f 1600//1600 1599//1599 1601//1601
f 1602//1602 1603//1603 1598//1598
f 1604//1604 1601//1601 1605//1605
f 1606//1606 1605//1605 1607//1607
f 1608//1608 1607//1607 1609//1609
f 1600//1600 1601//1601 1604//1604
f 1600//1600 1597//1597 1599//1599
f 1597//1597 1602//1602 1598//1598
f 1610//1610 1611//1611 1612//1612
f 1612//1612 1613//1613 1614//1614
f 1604//1604 1605//1605 1606//1606
f 1606//1606 1607//1607 1608//1608
f 1608//1608 1609//1609 1615//1615
f 1610//1610 1616//1616 1611//1611
f 1612//1612 1611//1611 1613//1613
f 1614//1614 1613//1613 1617//1617
f 1618//1618 1619//1619 1603//1603
f 1620//1620 1621//1621 1619//1619
f 1622//1622 1623//1623 1621//1621
f 1615//1615 1609//1609 1624//1624
f 1625//1625 1624//1624 1626//1626
f 1627//1627 1626//1626 1623//1623
f 1602//1602 1618//1618 1603//1603
f 1618//1618 1620//1620 1619//1619
f 1620//1620 1622//1622 1621//1621
f 1614//1614 1617//1617 1628//1628
f 1628//1628 1629//1629 1630//1630
f 1615//1615 1624//1624 1625//1625
f 1625//1625 1626//1626 1627//1627
f 1627//1627 1623//1623 1622//1622
f 1617//1617 1629//1629 1628//1628
f 1630//1630 1629//1629 1631//1631
f 1630//1630 1631//1631 1632//1632
f 1633//1633 1634//1634 1635//1635
f 1636//1636 1637//1637 1638//1638
f 1639//1639 1640//1640 1637//1637
f 1641//1641 1635//1635 1640//1640
f 1642//1642 1638//1638 1643//1643
f 1644//1644 1643//1643 1645//1645
f 1641//1641 1633//1633 1635//1635
f 1639//1639 1637//1637 1636//1636
f 1639//1639 1641//1641 1640//1640
f 1636//1636 1638//1638 1642//1642
f 1642//1642 1643//1643 1644//1644
f 1644//1644 1645//1645 1646//1646
f 1647//1647 1648//1648 1649//1649
f 1647//1647 1650//1650 1648//1648
f 1648//1648 1651//1651 1649//1649
f 1649//1649 1651//1651 1652//1652
f 1651//1651 1653//1653 1652//1652
f 1654//1654 1655//1655 1634//1634
f 1646//1646 1645//1645 1656//1656
f 1657//1657 1656//1656 1658//1658
f 1659//1659 1660//1660 1655//1655
f 1661//1661 1658//1658 1662//1662
f 1663//1663 1662//1662 1660//1660
f 1633//1633 1654//1654 1634//1634
f 1654//1654 1659//1659 1655//1655
f 1646//1646 1656//1656 1657//1657
f 1659//1659 1663//1663 1660//1660
f 1661//1661 1662//1662 1663//1663
f 1657//1657 1658//1658 1661//1661
f 1652//1652 1653//1653 1664//1664
f 1653//1653 1665//1665 1664//1664
f 1664//1664 1665//1665 1666//1666
f 1666//1666 1665//1665 1667//1667
f 1666//1666 1667//1667 1668//1668
f 1669//1669 1670//1670 1671//1671
f 1672//1672 1673//1673 1674//1674
f 1675//1675 1671//1671 1673//1673
f 1676//1676 1674//1674 1677//1677
f 1678//1678 1679//1679 1670//1670
f 1680//1680 1677//1677 1681//1681
f 1675//1675 1669//1669 1671//1671
f 1675//1675 1673//1673 1672//1672
f 1672//1672 1674//1674 1676//1676
f 1676//1676 1677//1677 1680//1680
f 1669//1669 1678//1678 1670//1670
f 1680//1680 1681//1681 1682//1682
f 1683//1683 1684//1684 1685//1685
f 1683//1683 1685//1685 1686//1686
f 1685//1685 1687//1687 1686//1686
f 1686//1686 1687//1687 1688//1688
f 1688//1688 1687//1687 1689//1689
f 1690//1690 1691//1691 1679//1679
f 1692//1692 1693//1693 1694//1694
f 1695//1695 1696//1696 1691//1691
f 1697//1697 1694//1694 1698//1698
f 1699//1699 1698//1698 1696//1696
f 1682//1682 1681//1681 1693//1693
f 1678//1678 1690//1690 1679//1679
f 1690//1690 1695//1695 1691//1691
f 1695//1695 1699//1699 1696//1696
f 1692//1692 1694//1694 1697//1697
f 1699//1699 1697//1697 1698//1698
f 1682//1682 1693//1693 1692//1692
f 1688//1688 1689//1689 1700//1700
f 1700//1700 1701//1701 1702//1702
f 1689//1689 1701//1701 1700//1700
f 1702//1702 1703//1703 1704//1704
f 1702//1702 1701//1701 1703//1703
f 1705//1705 1706//1706 1707//1707
f 1708//1708 1707//1707 1709//1709
f 1710//1710 1711//1711 1706//1706
f 1712//1712 1709//1709 1713//1713
f 1714//1714 1713//1713 1715//1715
f 1716//1716 1715//1715 1717//1717
f 1708//1708 1709//1709 1712//1712
f 1708//1708 1705//1705 1707//1707
f 1705//1705 1710//1710 1706//1706
f 1718//1718 1719//1719 1720//1720
f 1720//1720 1721//1721 1722//1722
f 1712//1712 1713//1713 1714//1714
f 1714//1714 1715//1715 1716//1716
f 1716//1716 1717//1717 1723//1723
f 1718//1718 1724//1724 1719//1719
f 1720//1720 1719//1719 1721//1721
f 1722//1722 1721//1721 1725//1725
f 1726//1726 1727//1727 1711//1711
f 1728//1728 1729//1729 1727//1727
f 1730//1730 1731//1731 1729//1729
f 1723//1723 1717//1717 1732//1732
f 1733//1733 1732//1732 1734//1734
f 1735//1735 1734//1734 1731//1731
f 1710//1710 1726//1726 1711//1711
f 1726//1726 1728//1728 1727//1727
f 1728//1728 1730//1730 1729//1729
f 1722//1722 1725//1725 1736//1736
f 1736//1736 1737//1737 1738//1738
f 1723//1723 1732//1732 1733//1733
f 1735//1735 1733//1733 1734//1734
f 1735//1735 1731//1731 1730//1730
f 1725//1725 1737//1737 1736//1736
f 1738//1738 1737//1737 1739//1739
f 1738//1738 1739//1739 1740//1740
f 1741//1741 1742//1742 1743//1743
f 1744//1744 1745//1745 1746//1746
f 1747//1747 1748//1748 1745//1745
f 1749//1749 1743//1743 1748//1748
f 1750//1750 1746//1746 1751//1751
f 1752//1752 1751//1751 1753//1753
f 1749//1749 1741//1741 1743//1743
f 1747//1747 1745//1745 1744//1744
f 1747//1747 1749//1749 1748//1748
f 1744//1744 1746//1746 1750//1750
f 1750//1750 1751//1751 1752//1752
f 1752//1752 1753//1753 1754//1754
f 1755//1755 1756//1756 1757//1757
f 1755//1755 1758//1758 1756//1756
f 1756//1756 1759//1759 1757//1757
f 1757//1757 1759//1759 1760//1760
f 1759//1759 1761//1761 1760//1760
f 1762//1762 1763//1763 1742//1742
f 1754//1754 1753//1753 1764//1764
f 1765//1765 1764//1764 1766//1766
f 1767//1767 1768//1768 1763//1763
f 1769//1769 1766//1766 1770//1770
f 1771//1771 1770//1770 1768//1768
f 1741//1741 1762//1762 1742//1742
f 1762//1762 1767//1767 1763//1763
f 1754//1754 1764//1764 1765//1765
f 1767//1767 1771//1771 1768//1768
f 1769//1769 1770//1770 1771//1771
f 1765//1765 1766//1766 1769//1769
f 1760//1760 1761//1761 1772//1772
f 1761//1761 1773//1773 1772//1772
f 1772//1772 1773//1773 1774//1774
f 1774//1774 1773//1773 1775//1775
f 1774//1774 1775//1775 1776//1776
f 1777//1777 1778//1778 1779//1779
f 1780//1780 1779//1779 1781//1781
f 1780//1780 1777//1777 1779//1779
f 1780//1780 1781//1781 1782//1782
f 1783//1783 1784//1784 1785//1785
f 1786//1786 1787//1787 1778//1778
f 1782//1782 1781//1781 1788//1788
f 1789//1789 1790//1790 1787//1787
f 1791//1791 1792//1792 1790//1790
f 1793//1793 1788//1788 1794//1794
f 1795//1795 1794//1794 1796//1796
f 1797//1797 1798//1798 1792//1792
f 1799//1799 1796//1796 1800//1800
f 1801//1801 1802//1802 1798//1798
f 1803//1803 1800//1800 1802//1802
f 1777//1777 1786//1786 1778//1778
f 1786//1786 1789//1789 1787//1787
f 1782//1782 1788//1788 1793//1793
f 1789//1789 1791//1791 1790//1790
f 1793//1793 1794//1794 1795//1795
f 1795//1795 1796//1796 1799//1799
f 1785//1785 1784//1784 1804//1804
f 1784//1784 1805//1805 1804//1804
f 1804//1804 1805//1805 1806//1806
f 1805//1805 1807//1807 1806//1806
f 1806//1806 1807//1807 1808//1808
f 1807//1807 1809//1809 1808//1808
f 1791//1791 1797//1797 1792//1792
f 1797//1797 1801//1801 1798//1798
f 1801//1801 1803//1803 1802//1802
f 1799//1799 1800//1800 1803//1803
f 1808//1808 1809//1809 1810//1810
f 1810//1810 1811//1811 1812//1812
f 1810//1810 1809//1809 1811//1811
f 1813//1813 1814//1814 1815//1815
f 1816//1816 1815//1815 1817//1817
f 1816//1816 1813//1813 1815//1815
f 1818//1818 1819//1819 1820//1820
f 1816//1816 1817//1817 1821//1821
f 1822//1822 1823//1823 1814//1814
f 1824//1824 1825//1825 1823//1823
f 1826//1826 1827//1827 1825//1825
f 1828//1828 1829//1829 1827//1827
f 1830//1830 1831//1831 1829//1829
f 1821//1821 1817//1817 1832//1832
f 1833//1833 1832//1832 1834//1834
f 1835//1835 1834//1834 1836//1836
f 1837//1837 1836//1836 1838//1838
f 1839//1839 1838//1838 1831//1831
f 1813//1813 1822//1822 1814//1814
f 1822//1822 1824//1824 1823//1823
f 1824//1824 1826//1826 1825//1825
f 1820//1820 1819//1819 1840//1840
f 1840//1840 1841//1841 1842//1842
f 1842//1842 1843//1843 1844//1844
f 1826//1826 1828//1828 1827//1827
f 1828//1828 1830//1830 1829//1829
f 1844//1844 1845//1845 1846//1846
f 1846//1846 1847//1847 1848//1848
f 1821//1821 1832//1832 1833//1833
f 1833//1833 1834//1834 1835//1835
f 1835//1835 1836//1836 1837//1837
f 1819//1819 1841//1841 1840//1840
f 1842//1842 1841//1841 1843//1843
f 1844//1844 1843//1843 1845//1845
f 1839//1839 1837//1837 1838//1838
f 1839//1839 1831//1831 1830//1830
f 1846//1846 1845//1845 1847//1847
f 1849//1849 1850//1850 1851//1851
f 1852//1852 1851//1851 1853//1853
f 1849//1849 1851//1851 1852//1852
f 1852//1852 1853//1853 1854//1854
f 1855//1855 1856//1856 1857//1857
f 1858//1858 1859//1859 1860//1860
f 1861//1861 1862//1862 1859//1859
f 1863//1863 1860//1860 1850//1850
f 1854//1854 1853//1853 1864//1864
f 1865//1865 1864//1864 1866//1866
f 1867//1867 1866//1866 1868//1868
f 1869//1869 1870//1870 1862//1862
f 1871//1871 1872//1872 1870//1870
f 1873//1873 1874//1874 1872//1872
f 1875//1875 1868//1868 1874//1874
f 1863//1863 1858//1858 1860//1860
f 1858//1858 1861//1861 1859//1859
f 1849//1849 1863//1863 1850//1850
f 1854//1854 1864//1864 1865//1865
f 1865//1865 1866//1866 1867//1867
f 1867//1867 1868//1868 1875//1875
f 1855//1855 1857//1857 1876//1876
f 1857//1857 1877//1877 1876//1876
f 1876//1876 1877//1877 1878//1878
f 1878//1878 1877//1877 1879//1879
f 1878//1878 1879//1879 1880//1880
f 1879//1879 1881//1881 1880//1880
f 1861//1861 1869//1869 1862//1862
f 1869//1869 1871//1871 1870//1870
f 1871//1871 1873//1873 1872//1872
f 1873//1873 1875//1875 1874//1874
f 1880//1880 1881//1881 1882//1882
f 1882//1882 1881//1881 1883//1883
f 1882//1882 1883//1883 1884//1884
f 1885//1885 1886//1886 1887//1887
f 1888//1888 1887//1887 1889//1889
f 1885//1885 1887//1887 1888//1888
f 1888//1888 1889//1889 1890//1890
f 1891//1891 1892//1892 1893//1893
f 1894//1894 1895//1895 1886//1886
f 1890//1890 1889//1889 1896//1896
f 1897//1897 1898//1898 1895//1895
f 1899//1899 1900//1900 1898//1898
f 1901//1901 1896//1896 1902//1902
f 1903//1903 1902//1902 1904//1904
f 1905//1905 1906//1906 1900//1900
f 1907//1907 1904//1904 1908//1908
f 1909//1909 1910//1910 1906//1906
f 1911//1911 1908//1908 1910//1910
f 1885//1885 1894//1894 1886//1886
f 1894//1894 1897//1897 1895//1895
f 1890//1890 1896//1896 1901//1901
f 1897//1897 1899//1899 1898//1898
f 1901//1901 1902//1902 1903//1903
f 1903//1903 1904//1904 1907//1907
f 1891//1891 1893//1893 1912//1912
f 1893//1893 1913//1913 1912//1912
f 1912//1912 1913//1913 1914//1914
f 1913//1913 1915//1915 1914//1914
f 1914//1914 1915//1915 1916//1916
f 1915//1915 1917//1917 1916//1916
f 1899//1899 1905//1905 1900//1900
f 1905//1905 1909//1909 1906//1906
f 1909//1909 1911//1911 1910//1910
f 1907//1907 1908//1908 1911//1911
f 1916//1916 1917//1917 1918//1918
f 1918//1918 1919//1919 1920//1920
f 1918//1918 1917//1917 1919//1919
f 1921//1921 1922//1922 1923//1923
f 1924//1924 1923//1923 1925//1925
f 1924//1924 1921//1921 1923//1923
f 1926//1926 1927//1927 1928//1928
f 1924//1924 1925//1925 1929//1929
f 1930//1930 1931//1931 1922//1922
f 1932//1932 1933//1933 1931//1931
f 1934//1934 1935//1935 1933//1933
f 1936//1936 1937//1937 1935//1935
f 1938//1938 1939//1939 1937//1937
f 1929//1929 1925//1925 1940//1940
f 1941//1941 1940//1940 1942//1942
f 1943//1943 1942//1942 1944//1944
f 1945//1945 1944//1944 1946//1946
f 1947//1947 1946//1946 1939//1939
f 1921//1921 1930//1930 1922//1922
f 1930//1930 1932//1932 1931//1931
f 1932//1932 1934//1934 1933//1933
f 1928//1928 1927//1927 1948//1948
f 1948//1948 1949//1949 1950//1950
f 1950//1950 1951//1951 1952//1952
f 1934//1934 1936//1936 1935//1935
f 1936//1936 1938//1938 1937//1937
f 1952//1952 1953//1953 1954//1954
f 1954//1954 1955//1955 1956//1956
f 1929//1929 1940//1940 1941//1941
f 1941//1941 1942//1942 1943//1943
f 1943//1943 1944//1944 1945//1945
f 1927//1927 1949//1949 1948//1948
f 1950//1950 1949//1949 1951//1951
f 1952//1952 1951//1951 1953//1953
f 1945//1945 1946//1946 1947//1947
f 1938//1938 1947//1947 1939//1939
f 1954//1954 1953//1953 1955//1955
f 1957//1957 1958//1958 1959//1959
f 1960//1960 1959//1959 1961//1961
f 1960//1960 1957//1957 1959//1959
f 1960//1960 1961//1961 1962//1962
f 1963//1963 1964//1964 1965//1965
f 1966//1966 1967//1967 1968//1968
f 1969//1969 1970//1970 1967//1967
f 1971//1971 1968//1968 1958//1958
f 1962//1962 1961//1961 1972//1972
f 1973//1973 1972//1972 1974//1974
f 1975//1975 1974//1974 1976//1976
f 1977//1977 1978//1978 1970//1970
f 1979//1979 1980//1980 1978//1978
f 1981//1981 1982//1982 1980//1980
f 1983//1983 1976//1976 1982//1982
f 1971//1971 1966//1966 1968//1968
f 1966//1966 1969//1969 1967//1967
f 1957//1957 1971//1971 1958//1958
f 1962//1962 1972//1972 1973//1973
f 1973//1973 1974//1974 1975//1975
f 1975//1975 1976//1976 1983//1983
f 1965//1965 1964//1964 1984//1984
f 1964//1964 1985//1985 1984//1984
f 1984//1984 1985//1985 1986//1986
f 1986//1986 1985//1985 1987//1987
f 1986//1986 1987//1987 1988//1988
f 1987//1987 1989//1989 1988//1988
f 1969//1969 1977//1977 1970//1970
f 1977//1977 1979//1979 1978//1978
f 1979//1979 1981//1981 1980//1980
f 1983//1983 1982//1982 1981//1981
f 1988//1988 1989//1989 1990//1990
f 1990//1990 1989//1989 1991//1991
f 1990//1990 1991//1991 1992//1992
f 1993//1993 1994//1994 1995//1995
f 1996//1996 1995//1995 1997//1997
f 1993//1993 1995//1995 1996//1996
f 1996//1996 1997//1997 1998//1998
f 1999//1999 2000//2000 2001//2001
f 2002//2002 2003//2003 1994//1994
f 1998//1998 1997//1997 2004//2004
f 2005//2005 2006//2006 2003//2003
f 2007//2007 2008//2008 2006//2006
f 2009//2009 2004//2004 2010//2010
f 2011//2011 2010//2010 2012//2012
f 2013//2013 2014//2014 2008//2008
f 2015//2015 2012//2012 2016//2016
f 2017//2017 2018//2018 2014//2014
f 2019//2019 2016//2016 2018//2018
f 1993//1993 2002//2002 1994//1994
f 2002//2002 2005//2005 2003//2003
f 1998//1998 2004//2004 2009//2009
f 2005//2005 2007//2007 2006//2006
f 2009//2009 2010//2010 2011//2011
f 2011//2011 2012//2012 2015//2015
f 1999//1999 2001//2001 2020//2020
f 2001//2001 2021//2021 2020//2020
f 2020//2020 2021//2021 2022//2022
f 2022//2022 2021//2021 2023//2023
f 2022//2022 2023//2023 2024//2024
f 2023//2023 2025//2025 2024//2024
f 2007//2007 2013//2013 2008//2008
f 2013//2013 2017//2017 2014//2014
f 2017//2017 2019//2019 2018//2018
f 2019//2019 2015//2015 2016//2016
f 2024//2024 2025//2025 2026//2026
f 2026//2026 2027//2027 2028//2028
f 2026//2026 2025//2025 2027//2027
f 2029//2029 2030//2030 2031//2031
f 2032//2032 2031//2031 2033//2033
f 2029//2029 2031//2031 2032//2032
f 2032//2032 2033//2033 2034//2034
f 2035//2035 2036//2036 2037//2037
f 2038//2038 2039//2039 2030//2030
f 2040//2040 2041//2041 2039//2039
f 2042//2042 2043//2043 2041//2041
f 2044//2044 2045//2045 2043//2043
f 2046//2046 2047//2047 2045//2045
f 2034//2034 2033//2033 2048//2048
f 2049//2049 2048//2048 2050//2050
f 2051//2051 2050//2050 2052//2052
f 2053//2053 2052//2052 2054//2054
f 2055//2055 2054//2054 2047//2047
f 2029//2029 2038//2038 2030//2030
f 2038//2038 2040//2040 2039//2039
f 2040//2040 2042//2042 2041//2041
f 2035//2035 2037//2037 2056//2056
f 2056//2056 2057//2057 2058//2058
f 2058//2058 2059//2059 2060//2060
f 2042//2042 2044//2044 2043//2043
f 2044//2044 2046//2046 2045//2045
f 2060//2060 2061//2061 2062//2062
f 2034//2034 2048//2048 2049//2049
f 2049//2049 2050//2050 2051//2051
f 2051//2051 2052//2052 2053//2053
f 2037//2037 2057//2057 2056//2056
f 2058//2058 2057//2057 2059//2059
f 2060//2060 2059//2059 2061//2061
f 2046//2046 2055//2055 2047//2047
f 2053//2053 2054//2054 2055//2055
f 2062//2062 2061//2061 2063//2063
f 2062//2062 2063//2063 2064//2064
f 2065//2065 2066//2066 2067//2067
f 2068//2068 2067//2067 2069//2069
f 2068//2068 2065//2065 2067//2067
f 2068//2068 2069//2069 2070//2070
f 2071//2071 2072//2072 2073//2073
f 2074//2074 2075//2075 2076//2076
f 2077//2077 2078//2078 2075//2075
f 2079//2079 2076//2076 2066//2066
f 2070//2070 2069//2069 2080//2080
f 2081//2081 2080//2080 2082//2082
f 2083//2083 2082//2082 2084//2084
f 2085//2085 2086//2086 2078//2078
f 2087//2087 2088//2088 2086//2086
f 2089//2089 2090//2090 2088//2088
f 2091//2091 2084//2084 2090//2090
f 2079//2079 2074//2074 2076//2076
f 2074//2074 2077//2077 2075//2075
f 2065//2065 2079//2079 2066//2066
f 2070//2070 2080//2080 2081//2081
f 2081//2081 2082//2082 2083//2083
f 2083//2083 2084//2084 2091//2091
f 2073//2073 2072//2072 2092//2092
f 2072//2072 2093//2093 2092//2092
f 2092//2092 2093//2093 2094//2094
f 2093//2093 2095//2095 2094//2094
f 2094//2094 2095//2095 2096//2096
f 2095//2095 2097//2097 2096//2096
f 2077//2077 2085//2085 2078//2078
f 2085//2085 2087//2087 2086//2086
f 2087//2087 2089//2089 2088//2088
f 2091//2091 2090//2090 2089//2089
f 2096//2096 2097//2097 2098//2098
f 2098//2098 2097//2097 2099//2099
f 2098//2098 2099//2099 2100//2100
f 2101//2101 2102//2102 2103//2103
f 2104//2104 2103//2103 2105//2105
f 2104//2104 2101//2101 2103//2103
f 2104//2104 2105//2105 2106//2106
f 2107//2107 2108//2108 2109//2109
f 2110//2110 2111//2111 2102//2102
f 2106//2106 2105//2105 2112//2112
f 2113//2113 2114//2114 2111//2111
f 2115//2115 2116//2116 2114//2114
f 2117//2117 2112//2112 2118//2118
f 2119//2119 2118//2118 2120//2120
f 2121//2121 2122//2122 2116//2116
f 2123//2123 2120//2120 2124//2124
f 2125//2125 2126//2126 2122//2122
f 2127//2127 2124//2124 2126//2126
f 2101//2101 2110//2110 2102//2102
f 2110//2110 2113//2113 2111//2111
f 2106//2106 2112//2112 2117//2117
f 2113//2113 2115//2115 2114//2114
f 2117//2117 2118//2118 2119//2119
f 2119//2119 2120//2120 2123//2123
f 2109//2109 2108//2108 2128//2128
f 2108//2108 2129//2129 2128//2128
f 2128//2128 2129//2129 2130//2130
f 2130//2130 2129//2129 2131//2131
f 2130//2130 2131//2131 2132//2132
f 2131//2131 2133//2133 2132//2132
f 2115//2115 2121//2121 2116//2116
f 2121//2121 2125//2125 2122//2122
f 2125//2125 2127//2127 2126//2126
f 2123//2123 2124//2124 2127//2127
f 2132//2132 2133//2133 2134//2134
f 2134//2134 2135//2135 2136//2136
f 2134//2134 2133//2133 2135//2135
f 2137//2137 2138//2138 2139//2139
f 2140//2140 2139//2139 2141//2141
f 2137//2137 2139//2139 2140//2140
f 2140//2140 2141//2141 2142//2142
f 2143//2143 2144//2144 2145//2145
f 2146//2146 2147//2147 2138//2138
f 2148//2148 2149//2149 2147//2147
f 2150//2150 2151//2151 2149//2149
f 2152//2152 2153//2153 2151//2151
f 2154//2154 2155//2155 2153//2153
f 2142//2142 2141//2141 2156//2156
f 2157//2157 2156//2156 2158//2158
f 2159//2159 2158//2158 2160//2160
f 2161//2161 2160//2160 2162//2162
f 2163//2163 2162//2162 2155//2155
f 2137//2137 2146//2146 2138//2138
f 2146//2146 2148//2148 2147//2147
f 2148//2148 2150//2150 2149//2149
f 2143//2143 2145//2145 2164//2164
f 2164//2164 2165//2165 2166//2166
f 2166//2166 2167//2167 2168//2168
f 2150//2150 2152//2152 2151//2151
f 2152//2152 2154//2154 2153//2153
f 2168//2168 2169//2169 2170//2170
f 2142//2142 2156//2156 2157//2157
f 2157//2157 2158//2158 2159//2159
f 2159//2159 2160//2160 2161//2161
f 2145//2145 2165//2165 2164//2164
f 2166//2166 2165//2165 2167//2167
f 2168//2168 2167//2167 2169//2169
f 2154//2154 2163//2163 2155//2155
f 2163//2163 2161//2161 2162//2162
f 2170//2170 2169//2169 2171//2171
f 2170//2170 2171//2171 2172//2172
f 2173//2173 2174//2174 2175//2175
f 2176//2176 2175//2175 2177//2177
f 2173//2173 2175//2175 2176//2176
f 2176//2176 2177//2177 2178//2178
f 2179//2179 2180//2180 2181//2181
f 2182//2182 2183//2183 2184//2184
f 2185//2185 2186//2186 2183//2183
f 2187//2187 2184//2184 2174//2174
f 2178//2178 2177//2177 2188//2188
f 2189//2189 2188//2188 2190//2190
f 2191//2191 2190//2190 2192//2192
f 2193//2193 2194//2194 2186//2186
f 2195//2195 2196//2196 2194//2194
f 2197//2197 2198//2198 2196//2196
f 2199//2199 2192//2192 2198//2198
f 2187//2187 2182//2182 2184//2184
f 2182//2182 2185//2185 2183//2183
f 2173//2173 2187//2187 2174//2174
f 2178//2178 2188//2188 2189//2189
f 2189//2189 2190//2190 2191//2191
f 2191//2191 2192//2192 2199//2199
f 2179//2179 2181//2181 2200//2200
f 2181//2181 2201//2201 2200//2200
f 2200//2200 2201//2201 2202//2202
f 2201//2201 2203//2203 2202//2202
f 2202//2202 2203//2203 2204//2204
f 2203//2203 2205//2205 2204//2204
f 2185//2185 2193//2193 2186//2186
f 2193//2193 2195//2195 2194//2194
f 2195//2195 2197//2197 2196//2196
f 2199//2199 2198//2198 2197//2197
f 2204//2204 2205//2205 2206//2206
f 2206//2206 2205//2205 2207//2207
f 2206//2206 2207//2207 2208//2208
f 2209//2209 2210//2210 2211//2211
f 2212//2212 2211//2211 2213//2213
f 2214//2214 2213//2213 2215//2215
f 2216//2216 2215//2215 2217//2217
f 2218//2218 2219//2219 2210//2210
f 2220//2220 2221//2221 2219//2219
f 2222//2222 2223//2223 2221//2221
f 2224//2224 2225//2225 2226//2226
f 2227//2227 2217//2217 2228//2228
f 2229//2229 2228//2228 2225//2225
f 2212//2212 2209//2209 2211//2211
f 2212//2212 2213//2213 2214//2214
f 2214//2214 2215//2215 2216//2216
f 2216//2216 2217//2217 2227//2227
f 2230//2230 2231//2231 2232//2232
f 2230//2230 2232//2232 2233//2233
f 2232//2232 2234//2234 2233//2233
f 2209//2209 2218//2218 2210//2210
f 2218//2218 2220//2220 2219//2219
f 2220//2220 2222//2222 2221//2221
f 2224//2224 2226//2226 2235//2235
f 2227//2227 2228//2228 2229//2229
f 2229//2229 2225//2225 2224//2224
f 2233//2233 2234//2234 2236//2236
f 2236//2236 2234//2234 2237//2237
f 2236//2236 2237//2237 2238//2238
f 2237//2237 2239//2239 2238//2238
f 2238//2238 2239//2239 2240//2240
f 2239//2239 2241//2241 2240//2240
f 2242//2242 2243//2243 2223//2223
f 2235//2235 2226//2226 2243//2243
f 2222//2222 2242//2242 2223//2223
f 2242//2242 2235//2235 2243//2243
f 2240//2240 2241//2241 2244//2244
f 2245//2245 2246//2246 2247//2247
f 2248//2248 2249//2249 2246//2246
f 2250//2250 2251//2251 2249//2249
f 2252//2252 2253//2253 2251//2251
f 2254//2254 2255//2255 2253//2253
f 2256//2256 2247//2247 2257//2257
f 2258//2258 2257//2257 2259//2259
f 2260//2260 2259//2259 2261//2261
f 2262//2262 2261//2261 2263//2263
f 2264//2264 2263//2263 2265//2265
f 2245//2245 2248//2248 2246//2246
f 2245//2245 2247//2247 2256//2256
f 2266//2266 2267//2267 2268//2268
f 2266//2266 2268//2268 2269//2269
f 2248//2248 2250//2250 2249//2249
f 2250//2250 2252//2252 2251//2251
f 2252//2252 2254//2254 2253//2253
f 2269//2269 2270//2270 2271//2271
f 2271//2271 2272//2272 2273//2273
f 2273//2273 2274//2274 2275//2275
f 2256//2256 2257//2257 2258//2258
f 2258//2258 2259//2259 2260//2260
f 2268//2268 2270//2270 2269//2269
f 2260//2260 2261//2261 2262//2262
f 2262//2262 2263//2263 2264//2264
f 2264//2264 2265//2265 2276//2276
f 2271//2271 2270//2270 2272//2272
f 2273//2273 2272//2272 2274//2274
f 2274//2274 2277//2277 2275//2275
f 2278//2278 2279//2279 2255//2255
f 2276//2276 2265//2265 2279//2279
f 2254//2254 2278//2278 2255//2255
f 2275//2275 2277//2277 2280//2280
f 2276//2276 2279//2279 2278//2278
f 2281//2281 2282//2282 2283//2283
f 2284//2284 2283//2283 2285//2285
f 2286//2286 2287//2287 2282//2282
f 2288//2288 2285//2285 2289//2289
f 2290//2290 2291//2291 2287//2287
f 2292//2292 2293//2293 2291//2291
f 2294//2294 2289//2289 2295//2295
f 2296//2296 2295//2295 2297//2297
f 2298//2298 2299//2299 2293//2293
f 2300//2300 2297//2297 2301//2301
f 2281//2281 2286//2286 2282//2282
f 2281//2281 2283//2283 2284//2284
f 2284//2284 2285//2285 2288//2288
f 2288//2288 2289//2289 2294//2294
f 2302//2302 2303//2303 2304//2304
f 2302//2302 2305//2305 2303//2303
f 2303//2303 2306//2306 2304//2304
f 2286//2286 2290//2290 2287//2287
f 2290//2290 2292//2292 2291//2291
f 2294//2294 2295//2295 2296//2296
f 2292//2292 2298//2298 2293//2293
f 2296//2296 2297//2297 2300//2300
f 2300//2300 2301//2301 2307//2307
f 2304//2304 2306//2306 2308//2308
f 2308//2308 2306//2306 2309//2309
f 2308//2308 2309//2309 2310//2310
f 2310//2310 2309//2309 2311//2311
f 2310//2310 2311//2311 2312//2312
f 2311//2311 2313//2313 2312//2312
f 2314//2314 2315//2315 2299//2299
f 2307//2307 2301//2301 2315//2315
f 2298//2298 2314//2314 2299//2299
f 2307//2307 2315//2315 2314//2314
f 2312//2312 2313//2313 2316//2316
f 2317//2317 2318//2318 2319//2319
f 2320//2320 2319//2319 2321//2321
f 2322//2322 2321//2321 2323//2323
f 2324//2324 2323//2323 2325//2325
f 2326//2326 2327//2327 2318//2318
f 2328//2328 2329//2329 2327//2327
f 2330//2330 2331//2331 2329//2329
f 2332//2332 2333//2333 2334//2334
f 2335//2335 2325//2325 2336//2336
f 2337//2337 2336//2336 2333//2333
f 2320//2320 2317//2317 2319//2319
f 2320//2320 2321//2321 2322//2322
f 2322//2322 2323//2323 2324//2324
f 2324//2324 2325//2325 2335//2335
f 2338//2338 2339//2339 2340//2340
f 2338//2338 2340//2340 2341//2341
f 2340//2340 2342//2342 2341//2341
f 2317//2317 2326//2326 2318//2318
f 2326//2326 2328//2328 2327//2327
f 2328//2328 2330//2330 2329//2329
f 2332//2332 2334//2334 2343//2343
f 2335//2335 2336//2336 2337//2337
f 2337//2337 2333//2333 2332//2332
f 2341//2341 2342//2342 2344//2344
f 2344//2344 2342//2342 2345//2345
f 2344//2344 2345//2345 2346//2346
f 2345//2345 2347//2347 2346//2346
f 2346//2346 2347//2347 2348//2348
f 2347//2347 2349//2349 2348//2348
f 2350//2350 2351//2351 2331//2331
f 2343//2343 2334//2334 2351//2351
f 2330//2330 2350//2350 2331//2331
f 2343//2343 2351//2351 2350//2350
f 2348//2348 2349//2349 2352//2352
f 2353//2353 2354//2354 2355//2355
f 2356//2356 2357//2357 2354//2354
f 2358//2358 2359//2359 2357//2357
f 2360//2360 2361//2361 2359//2359
f 2362//2362 2363//2363 2361//2361
f 2364//2364 2355//2355 2365//2365
f 2366//2366 2365//2365 2367//2367
f 2368//2368 2367//2367 2369//2369
f 2370//2370 2369//2369 2371//2371
f 2372//2372 2371//2371 2373//2373
f 2353//2353 2356//2356 2354//2354
f 2353//2353 2355//2355 2364//2364
f 2374//2374 2375//2375 2376//2376
f 2374//2374 2376//2376 2377//2377
f 2356//2356 2358//2358 2357//2357
f 2358//2358 2360//2360 2359//2359
f 2360//2360 2362//2362 2361//2361
f 2377//2377 2378//2378 2379//2379
f 2379//2379 2380//2380 2381//2381
f 2381//2381 2382//2382 2383//2383
f 2364//2364 2365//2365 2366//2366
f 2366//2366 2367//2367 2368//2368
f 2377//2377 2376//2376 2378//2378
f 2368//2368 2369//2369 2370//2370
f 2370//2370 2371//2371 2372//2372
f 2372//2372 2373//2373 2384//2384
f 2379//2379 2378//2378 2380//2380
f 2381//2381 2380//2380 2382//2382
f 2382//2382 2385//2385 2383//2383
f 2386//2386 2387//2387 2363//2363
f 2384//2384 2373//2373 2387//2387
f 2362//2362 2386//2386 2363//2363
f 2383//2383 2385//2385 2388//2388
f 2386//2386 2384//2384 2387//2387
f 2389//2389 2390//2390 2391//2391
f 2392//2392 2391//2391 2393//2393
f 2394//2394 2395//2395 2390//2390
f 2396//2396 2393//2393 2397//2397
f 2398//2398 2399//2399 2395//2395
f 2400//2400 2401//2401 2399//2399
f 2402//2402 2397//2397 2403//2403
f 2404//2404 2403//2403 2405//2405
f 2406//2406 2407//2407 2401//2401
f 2408//2408 2405//2405 2409//2409
f 2389//2389 2394//2394 2390//2390
f 2389//2389 2391//2391 2392//2392
f 2392//2392 2393//2393 2396//2396
f 2396//2396 2397//2397 2402//2402
f 2410//2410 2411//2411 2412//2412
f 2410//2410 2413//2413 2411//2411
f 2411//2411 2414//2414 2412//2412
f 2394//2394 2398//2398 2395//2395
f 2398//2398 2400//2400 2399//2399
f 2402//2402 2403//2403 2404//2404
f 2400//2400 2406//2406 2401//2401
f 2404//2404 2405//2405 2408//2408
f 2408//2408 2409//2409 2415//2415
f 2412//2412 2414//2414 2416//2416
f 2416//2416 2414//2414 2417//2417
f 2416//2416 2417//2417 2418//2418
f 2418//2418 2417//2417 2419//2419
f 2418//2418 2419//2419 2420//2420
f 2419//2419 2421//2421 2420//2420
f 2422//2422 2423//2423 2407//2407
f 2415//2415 2409//2409 2423//2423
f 2406//2406 2422//2422 2407//2407
f 2422//2422 2415//2415 2423//2423
f 2420//2420 2421//2421 2424//2424
f 2425//2425 2426//2426 2427//2427
f 2428//2428 2427//2427 2429//2429
f 2430//2430 2429//2429 2431//2431
f 2432//2432 2431//2431 2433//2433
f 2434//2434 2435//2435 2426//2426
f 2436//2436 2437//2437 2435//2435
f 2438//2438 2439//2439 2437//2437
f 2440//2440 2441//2441 2442//2442
f 2443//2443 2433//2433 2444//2444
f 2445//2445 2444//2444 2441//2441
f 2428//2428 2425//2425 2427//2427
f 2428//2428 2429//2429 2430//2430
f 2430//2430 2431//2431 2432//2432
f 2432//2432 2433//2433 2443//2443
f 2446//2446 2447//2447 2448//2448
f 2446//2446 2448//2448 2449//2449
f 2448//2448 2450//2450 2449//2449
f 2425//2425 2434//2434 2426//2426
f 2434//2434 2436//2436 2435//2435
f 2436//2436 2438//2438 2437//2437
f 2440//2440 2442//2442 2451//2451
f 2443//2443 2444//2444 2445//2445
f 2445//2445 2441//2441 2440//2440
f 2449//2449 2450//2450 2452//2452
f 2452//2452 2450//2450 2453//2453
f 2452//2452 2453//2453 2454//2454
f 2454//2454 2453//2453 2455//2455
f 2454//2454 2455//2455 2456//2456
f 2455//2455 2457//2457 2456//2456
f 2458//2458 2459//2459 2439//2439
f 2451//2451 2442//2442 2459//2459
f 2438//2438 2458//2458 2439//2439
f 2451//2451 2459//2459 2458//2458
f 2456//2456 2457//2457 2460//2460
f 2461//2461 2462//2462 2463//2463
f 2464//2464 2465//2465 2462//2462
f 2466//2466 2467//2467 2465//2465
f 2468//2468 2469//2469 2467//2467
f 2470//2470 2471//2471 2469//2469
f 2472//2472 2463//2463 2473//2473
f 2474//2474 2473//2473 2475//2475
f 2476//2476 2475//2475 2477//2477
f 2478//2478 2477//2477 2479//2479
f 2480//2480 2479//2479 2481//2481
f 2461//2461 2463//2463 2472//2472
f 2461//2461 2464//2464 2462//2462
f 2482//2482 2483//2483 2484//2484
f 2464//2464 2466//2466 2465//2465
f 2466//2466 2468//2468 2467//2467
f 2468//2468 2470//2470 2469//2469
f 2484//2484 2485//2485 2486//2486
f 2486//2486 2487//2487 2488//2488
f 2488//2488 2489//2489 2490//2490
f 2472//2472 2473//2473 2474//2474
f 2474//2474 2475//2475 2476//2476
f 2482//2482 2491//2491 2483//2483
f 2484//2484 2483//2483 2485//2485
f 2476//2476 2477//2477 2478//2478
f 2478//2478 2479//2479 2480//2480
f 2480//2480 2481//2481 2492//2492
f 2486//2486 2485//2485 2487//2487
f 2488//2488 2487//2487 2489//2489
f 2489//2489 2493//2493 2490//2490
f 2494//2494 2495//2495 2471//2471
f 2492//2492 2481//2481 2495//2495
f 2470//2470 2494//2494 2471//2471
f 2492//2492 2495//2495 2494//2494
f 2490//2490 2493//2493 2496//2496
f 2497//2497 2498//2498 2499//2499
f 2500//2500 2499//2499 2501//2501
f 2502//2502 2503//2503 2498//2498
f 2504//2504 2501//2501 2505//2505
f 2506//2506 2507//2507 2503//2503
f 2508//2508 2509//2509 2507//2507
f 2510//2510 2505//2505 2511//2511
f 2512//2512 2511//2511 2513//2513
f 2514//2514 2515//2515 2509//2509
f 2516//2516 2513//2513 2517//2517
f 2497//2497 2502//2502 2498//2498
f 2497//2497 2499//2499 2500//2500
f 2500//2500 2501//2501 2504//2504
f 2504//2504 2505//2505 2510//2510
f 2518//2518 2519//2519 2520//2520
f 2518//2518 2521//2521 2519//2519
f 2519//2519 2522//2522 2520//2520
f 2502//2502 2506//2506 2503//2503
f 2506//2506 2508//2508 2507//2507
f 2510//2510 2511//2511 2512//2512
f 2508//2508 2514//2514 2509//2509
f 2512//2512 2513//2513 2516//2516
f 2516//2516 2517//2517 2523//2523
f 2520//2520 2522//2522 2524//2524
f 2524//2524 2522//2522 2525//2525
f 2524//2524 2525//2525 2526//2526
f 2525//2525 2527//2527 2526//2526
f 2526//2526 2527//2527 2528//2528
f 2527//2527 2529//2529 2528//2528
f 2530//2530 2531//2531 2515//2515
f 2523//2523 2517//2517 2531//2531
f 2514//2514 2530//2530 2515//2515
f 2530//2530 2523//2523 2531//2531
f 2528//2528 2529//2529 2532//2532
f 2533//2533 2534//2534 2535//2535
f 2536//2536 2535//2535 2537//2537
f 2538//2538 2537//2537 2539//2539
f 2540//2540 2539//2539 2541//2541
f 2542//2542 2543//2543 2534//2534
f 2544//2544 2545//2545 2543//2543
f 2546//2546 2547//2547 2545//2545
f 2548//2548 2549//2549 2550//2550
f 2551//2551 2541//2541 2552//2552
f 2553//2553 2552//2552 2549//2549
f 2536//2536 2533//2533 2535//2535
f 2536//2536 2537//2537 2538//2538
f 2538//2538 2539//2539 2540//2540
f 2540//2540 2541//2541 2551//2551
f 2554//2554 2555//2555 2556//2556
f 2554//2554 2556//2556 2557//2557
f 2556//2556 2558//2558 2557//2557
f 2533//2533 2542//2542 2534//2534
f 2542//2542 2544//2544 2543//2543
f 2544//2544 2546//2546 2545//2545
f 2548//2548 2550//2550 2559//2559
f 2551//2551 2552//2552 2553//2553
f 2553//2553 2549//2549 2548//2548
f 2557//2557 2558//2558 2560//2560
f 2560//2560 2558//2558 2561//2561
f 2560//2560 2561//2561 2562//2562
f 2562//2562 2561//2561 2563//2563
f 2562//2562 2563//2563 2564//2564
f 2563//2563 2565//2565 2564//2564
f 2566//2566 2567//2567 2547//2547
f 2559//2559 2550//2550 2567//2567
f 2546//2546 2566//2566 2547//2547
f 2566//2566 2559//2559 2567//2567
f 2564//2564 2565//2565 2568//2568
f 2569//2569 2570//2570 2571//2571
f 2572//2572 2573//2573 2570//2570
f 2574//2574 2575//2575 2573//2573
f 2576//2576 2577//2577 2575//2575
f 2578//2578 2579//2579 2577//2577
f 2580//2580 2571//2571 2581//2581
f 2582//2582 2581//2581 2583//2583
f 2584//2584 2583//2583 2585//2585
f 2586//2586 2585//2585 2587//2587
f 2588//2588 2587//2587 2589//2589
f 2569//2569 2571//2571 2580//2580
f 2569//2569 2572//2572 2570//2570
f 2590//2590 2591//2591 2592//2592
f 2572//2572 2574//2574 2573//2573
f 2574//2574 2576//2576 2575//2575
f 2576//2576 2578//2578 2577//2577
f 2592//2592 2593//2593 2594//2594
f 2594//2594 2595//2595 2596//2596
f 2596//2596 2597//2597 2598//2598
f 2580//2580 2581//2581 2582//2582
f 2582//2582 2583//2583 2584//2584
f 2590//2590 2599//2599 2591//2591
f 2592//2592 2591//2591 2593//2593
f 2584//2584 2585//2585 2586//2586
f 2586//2586 2587//2587 2588//2588
f 2588//2588 2589//2589 2600//2600
f 2594//2594 2593//2593 2595//2595
f 2596//2596 2595//2595 2597//2597
f 2597//2597 2601//2601 2598//2598
f 2602//2602 2603//2603 2579//2579
f 2600//2600 2589//2589 2603//2603
f 2578//2578 2602//2602 2579//2579
f 2600//2600 2603//2603 2602//2602
f 2598//2598 2601//2601 2604//2604
f 2605//2605 2606//2606 2607//2607
f 2608//2608 2607//2607 2609//2609
f 2610//2610 2611//2611 2606//2606
f 2612//2612 2609//2609 2613//2613
f 2614//2614 2615//2615 2611//2611
f 2616//2616 2617//2617 2615//2615
f 2618//2618 2613//2613 2619//2619
f 2620//2620 2619//2619 2621//2621
f 2622//2622 2623//2623 2617//2617
f 2624//2624 2621//2621 2625//2625
f 2605//2605 2610//2610 2606//2606
f 2605//2605 2607//2607 2608//2608
f 2608//2608 2609//2609 2612//2612
f 2612//2612 2613//2613 2618//2618
f 2626//2626 2627//2627 2628//2628
f 2626//2626 2629//2629 2627//2627
f 2627//2627 2630//2630 2628//2628
f 2610//2610 2614//2614 2611//2611
f 2614//2614 2616//2616 2615//2615
f 2618//2618 2619//2619 2620//2620
f 2616//2616 2622//2622 2617//2617
f 2620//2620 2621//2621 2624//2624
f 2624//2624 2625//2625 2631//2631
f 2628//2628 2630//2630 2632//2632
f 2632//2632 2630//2630 2633//2633
f 2632//2632 2633//2633 2634//2634
f 2633//2633 2635//2635 2634//2634
f 2634//2634 2635//2635 2636//2636
f 2635//2635 2637//2637 2636//2636
f 2638//2638 2639//2639 2623//2623
f 2631//2631 2625//2625 2639//2639
f 2622//2622 2638//2638 2623//2623
f 2631//2631 2639//2639 2638//2638
f 2636//2636 2637//2637 2640//2640
f 2641//2641 2642//2642 2643//2643
f 2644//2644 2645//2645 2642//2642
f 2646//2646 2643//2643 2647//2647
f 2648//2648 2649//2649 2645//2645
f 2650//2650 2651//2651 2649//2649
f 2652//2652 2647//2647 2653//2653
f 2644//2644 2648//2648 2645//2645
f 2641//2641 2644//2644 2642//2642
f 2641//2641 2643//2643 2646//2646
f 2648//2648 2650//2650 2649//2649
f 2646//2646 2647//2647 2652//2652
f 2652//2652 2653//2653 2654//2654
f 2655//2655 2656//2656 2657//2657
f 2657//2657 2656//2656 2658//2658
f 2658//2658 2656//2656 2659//2659
f 2658//2658 2659//2659 2660//2660
f 2659//2659 2661//2661 2660//2660
f 2662//2662 2663//2663 2651//2651
f 2664//2664 2665//2665 2663//2663
f 2666//2666 2667//2667 2668//2668
f 2669//2669 2668//2668 2670//2670
f 2671//2671 2670//2670 2665//2665
f 2654//2654 2653//2653 2667//2667
f 2650//2650 2662//2662 2651//2651
f 2662//2662 2664//2664 2663//2663
f 2664//2664 2671//2671 2665//2665
f 2666//2666 2668//2668 2669//2669
f 2671//2671 2669//2669 2670//2670
f 2654//2654 2667//2667 2666//2666
f 2660//2660 2661//2661 2672//2672
f 2661//2661 2673//2673 2672//2672
f 2672//2672 2673//2673 2674//2674
f 2674//2674 2675//2675 2676//2676
f 2673//2673 2675//2675 2674//2674
f 2677//2677 2678//2678 2679//2679
f 2680//2680 2681//2681 2678//2678
f 2682//2682 2683//2683 2681//2681
f 2684//2684 2679//2679 2685//2685
f 2686//2686 2685//2685 2687//2687
f 2688//2688 2687//2687 2689//2689
f 2684//2684 2677//2677 2679//2679
f 2680//2680 2678//2678 2677//2677
f 2680//2680 2682//2682 2681//2681
f 2690//2690 2691//2691 2692//2692
f 2693//2693 2692//2692 2691//2691
f 2693//2693 2694//2694 2695//2695
f 2684//2684 2685//2685 2686//2686
f 2686//2686 2687//2687 2688//2688
f 2688//2688 2689//2689 2696//2696
f 2693//2693 2691//2691 2694//2694
f 2694//2694 2697//2697 2695//2695
f 2698//2698 2699//2699 2683//2683
f 2700//2700 2701//2701 2699//2699
f 2702//2702 2703//2703 2701//2701
f 2696//2696 2689//2689 2704//2704
f 2705//2705 2706//2706 2703//2703
f 2707//2707 2704//2704 2706//2706
f 2682//2682 2698//2698 2683//2683
f 2698//2698 2700//2700 2699//2699
f 2700//2700 2702//2702 2701//2701
f 2695//2695 2697//2697 2708//2708
f 2708//2708 2709//2709 2710//2710
f 2710//2710 2711//2711 2712//2712
f 2696//2696 2704//2704 2707//2707
f 2705//2705 2707//2707 2706//2706
f 2705//2705 2703//2703 2702//2702
f 2708//2708 2697//2697 2709//2709
f 2710//2710 2709//2709 2711//2711
f 2713//2713 2714//2714 2715//2715
f 2716//2716 2717//2717 2718//2718
f 2719//2719 2720//2720 2717//2717
f 2721//2721 2718//2718 2722//2722
f 2723//2723 2715//2715 2720//2720
f 2724//2724 2722//2722 2725//2725
f 2723//2723 2713//2713 2715//2715
f 2719//2719 2717//2717 2716//2716
f 2719//2719 2723//2723 2720//2720
f 2716//2716 2718//2718 2721//2721
f 2721//2721 2722//2722 2724//2724
f 2724//2724 2725//2725 2726//2726
f 2727//2727 2728//2728 2729//2729
f 2727//2727 2730//2730 2728//2728
f 2729//2729 2731//2731 2732//2732
f 2729//2729 2728//2728 2731//2731
f 2731//2731 2733//2733 2732//2732
f 2734//2734 2735//2735 2714//2714
f 2726//2726 2725//2725 2736//2736
f 2737//2737 2738//2738 2735//2735
f 2739//2739 2740//2740 2741//2741
f 2742//2742 2741//2741 2738//2738
f 2743//2743 2736//2736 2740//2740
f 2713//2713 2734//2734 2714//2714
f 2726//2726 2736//2736 2743//2743
f 2734//2734 2737//2737 2735//2735
f 2737//2737 2742//2742 2738//2738
f 2742//2742 2739//2739 2741//2741
f 2743//2743 2740//2740 2739//2739
f 2732//2732 2733//2733 2744//2744
f 2744//2744 2733//2733 2745//2745
f 2744//2744 2745//2745 2746//2746
f 2745//2745 2747//2747 2746//2746
f 2746//2746 2747//2747 2748//2748
f 2749//2749 2750//2750 2751//2751
f 2752//2752 2753//2753 2750//2750
f 2754//2754 2751//2751 2755//2755
f 2756//2756 2757//2757 2753//2753
f 2758//2758 2759//2759 2757//2757
f 2760//2760 2755//2755 2761//2761
f 2752//2752 2756//2756 2753//2753
f 2749//2749 2752//2752 2750//2750
f 2749//2749 2751//2751 2754//2754
f 2756//2756 2758//2758 2757//2757
f 2754//2754 2755//2755 2760//2760
f 2760//2760 2761//2761 2762//2762
f 2763//2763 2764//2764 2765//2765
f 2765//2765 2764//2764 2766//2766
f 2766//2766 2764//2764 2767//2767
f 2766//2766 2767//2767 2768//2768
f 2767//2767 2769//2769 2768//2768
f 2770//2770 2771//2771 2759//2759
f 2772//2772 2773//2773 2771//2771
f 2774//2774 2775//2775 2776//2776
f 2777//2777 2776//2776 2778//2778
f 2779//2779 2778//2778 2773//2773
f 2762//2762 2761//2761 2775//2775
f 2758//2758 2770//2770 2759//2759
f 2770//2770 2772//2772 2771//2771
f 2772//2772 2779//2779 2773//2773
f 2774//2774 2776//2776 2777//2777
f 2779//2779 2777//2777 2778//2778
f 2762//2762 2775//2775 2774//2774
f 2768//2768 2769//2769 2780//2780
f 2769//2769 2781//2781 2780//2780
f 2780//2780 2781//2781 2782//2782
f 2782//2782 2783//2783 2784//2784
f 2781//2781 2783//2783 2782//2782
f 2785//2785 2786//2786 2787//2787
f 2788//2788 2789//2789 2786//2786
f 2790//2790 2791//2791 2789//2789
f 2792//2792 2787//2787 2793//2793
f 2794//2794 2793//2793 2795//2795
f 2796//2796 2795//2795 2797//2797
f 2792//2792 2785//2785 2787//2787
f 2785//2785 2788//2788 2786//2786
f 2788//2788 2790//2790 2789//2789
f 2798//2798 2799//2799 2800//2800
f 2800//2800 2799//2799 2801//2801
f 2801//2801 2802//2802 2803//2803
f 2792//2792 2793//2793 2794//2794
f 2794//2794 2795//2795 2796//2796
f 2796//2796 2797//2797 2804//2804
f 2801//2801 2799//2799 2802//2802
f 2802//2802 2805//2805 2803//2803
f 2806//2806 2807//2807 2791//2791
f 2808//2808 2809//2809 2807//2807
f 2810//2810 2811//2811 2809//2809
f 2804//2804 2797//2797 2812//2812
f 2813//2813 2814//2814 2811//2811
f 2815//2815 2812//2812 2814//2814
f 2790//2790 2806//2806 2791//2791
f 2806//2806 2808//2808 2807//2807
f 2808//2808 2810//2810 2809//2809
f 2803//2803 2805//2805 2816//2816
f 2816//2816 2817//2817 2818//2818
f 2818//2818 2819//2819 2820//2820
f 2804//2804 2812//2812 2815//2815
f 2815//2815 2814//2814 2813//2813
f 2810//2810 2813//2813 2811//2811
f 2816//2816 2805//2805 2817//2817
f 2818//2818 2817//2817 2819//2819
f 2821//2821 2822//2822 2823//2823
f 2824//2824 2825//2825 2826//2826
f 2827//2827 2828//2828 2825//2825
f 2829//2829 2826//2826 2830//2830
f 2831//2831 2823//2823 2828//2828
f 2832//2832 2830//2830 2833//2833
f 2831//2831 2821//2821 2823//2823
f 2824//2824 2827//2827 2825//2825
f 2831//2831 2828//2828 2827//2827
f 2824//2824 2826//2826 2829//2829
f 2829//2829 2830//2830 2832//2832
f 2832//2832 2833//2833 2834//2834
f 2835//2835 2836//2836 2837//2837
f 2838//2838 2837//2837 2836//2836
f 2835//2835 2839//2839 2840//2840
f 2835//2835 2837//2837 2839//2839
f 2839//2839 2841//2841 2840//2840
f 2842//2842 2843//2843 2822//2822
f 2834//2834 2833//2833 2844//2844
f 2845//2845 2846//2846 2843//2843
f 2847//2847 2848//2848 2849//2849
f 2850//2850 2849//2849 2846//2846
f 2851//2851 2844//2844 2848//2848
f 2821//2821 2842//2842 2822//2822
f 2834//2834 2844//2844 2851//2851
f 2842//2842 2845//2845 2843//2843
f 2845//2845 2850//2850 2846//2846
f 2850//2850 2847//2847 2849//2849
f 2851//2851 2848//2848 2847//2847
f 2840//2840 2841//2841 2852//2852
f 2852//2852 2841//2841 2853//2853
f 2852//2852 2853//2853 2854//2854
f 2853//2853 2855//2855 2854//2854
f 2854//2854 2855//2855 2856//2856
f 2857//2857 2858//2858 2859//2859
f 2860//2860 2861//2861 2858//2858
f 2862//2862 2859//2859 2863//2863
f 2864//2864 2865//2865 2861//2861
f 2866//2866 2867//2867 2865//2865
f 2868//2868 2863//2863 2869//2869
f 2860//2860 2864//2864 2861//2861
f 2857//2857 2860//2860 2858//2858
f 2857//2857 2859//2859 2862//2862
f 2864//2864 2866//2866 2865//2865
f 2862//2862 2863//2863 2868//2868
f 2868//2868 2869//2869 2870//2870
f 2871//2871 2872//2872 2873//2873
f 2873//2873 2872//2872 2874//2874
f 2874//2874 2872//2872 2875//2875
f 2874//2874 2875//2875 2876//2876
f 2875//2875 2877//2877 2876//2876
f 2878//2878 2879//2879 2867//2867
f 2880//2880 2881//2881 2879//2879
f 2882//2882 2883//2883 2884//2884
f 2885//2885 2884//2884 2886//2886
f 2887//2887 2886//2886 2881//2881
f 2870//2870 2869//2869 2883//2883
f 2866//2866 2878//2878 2867//2867
f 2878//2878 2880//2880 2879//2879
f 2880//2880 2887//2887 2881//2881
f 2882//2882 2884//2884 2885//2885
f 2887//2887 2885//2885 2886//2886
f 2870//2870 2883//2883 2882//2882
f 2876//2876 2877//2877 2888//2888
f 2888//2888 2877//2877 2889//2889
f 2888//2888 2889//2889 2890//2890
f 2890//2890 2891//2891 2892//2892
f 2889//2889 2891//2891 2890//2890
f 2893//2893 2894//2894 2895//2895
f 2896//2896 2897//2897 2894//2894
f 2898//2898 2899//2899 2897//2897
f 2900//2900 2895//2895 2901//2901
f 2902//2902 2901//2901 2903//2903
f 2904//2904 2903//2903 2905//2905
f 2893//2893 2895//2895 2900//2900
f 2893//2893 2896//2896 2894//2894
f 2896//2896 2898//2898 2897//2897
f 2906//2906 2907//2907 2908//2908
f 2908//2908 2909//2909 2910//2910
f 2900//2900 2901//2901 2902//2902
f 2902//2902 2903//2903 2904//2904
f 2904//2904 2905//2905 2911//2911
f 2906//2906 2912//2912 2907//2907
f 2908//2908 2907//2907 2909//2909
f 2909//2909 2913//2913 2910//2910
f 2914//2914 2915//2915 2899//2899
f 2916//2916 2917//2917 2915//2915
f 2918//2918 2919//2919 2917//2917
f 2911//2911 2905//2905 2920//2920
f 2921//2921 2922//2922 2919//2919
f 2923//2923 2920//2920 2922//2922
f 2898//2898 2914//2914 2899//2899
f 2914//2914 2916//2916 2915//2915
f 2916//2916 2918//2918 2917//2917
f 2910//2910 2913//2913 2924//2924
f 2924//2924 2925//2925 2926//2926
f 2911//2911 2920//2920 2923//2923
f 2923//2923 2922//2922 2921//2921
f 2918//2918 2921//2921 2919//2919
f 2924//2924 2913//2913 2925//2925
f 2926//2926 2925//2925 2927//2927
f 2926//2926 2927//2927 2928//2928
f 2929//2929 2930//2930 2931//2931
f 2932//2932 2933//2933 2934//2934
f 2935//2935 2936//2936 2933//2933
f 2937//2937 2934//2934 2938//2938
f 2939//2939 2931//2931 2936//2936
f 2940//2940 2938//2938 2941//2941
f 2939//2939 2929//2929 2931//2931
f 2932//2932 2935//2935 2933//2933
f 2935//2935 2939//2939 2936//2936
f 2932//2932 2934//2934 2937//2937
f 2937//2937 2938//2938 2940//2940
f 2940//2940 2941//2941 2942//2942
f 2943//2943 2944//2944 2945//2945
f 2946//2946 2944//2944 2943//2943
f 2945//2945 2947//2947 2948//2948
f 2945//2945 2944//2944 2947//2947
f 2947//2947 2949//2949 2948//2948
f 2950//2950 2951//2951 2930//2930
f 2942//2942 2941//2941 2952//2952
f 2953//2953 2954//2954 2951//2951
f 2955//2955 2956//2956 2957//2957
f 2958//2958 2957//2957 2954//2954
f 2959//2959 2952//2952 2956//2956
f 2929//2929 2950//2950 2930//2930
f 2942//2942 2952//2952 2959//2959
f 2950//2950 2953//2953 2951//2951
f 2953//2953 2958//2958 2954//2954
f 2958//2958 2955//2955 2957//2957
f 2959//2959 2956//2956 2955//2955
f 2948//2948 2949//2949 2960//2960
f 2949//2949 2961//2961 2960//2960
f 2960//2960 2961//2961 2962//2962
f 2961//2961 2963//2963 2962//2962
f 2962//2962 2963//2963 2964//2964
f 2965//2965 2966//2966 2967//2967
f 2968//2968 2969//2969 2966//2966
f 2970//2970 2967//2967 2971//2971
f 2972//2972 2973//2973 2969//2969
f 2974//2974 2975//2975 2973//2973
f 2976//2976 2971//2971 2977//2977
f 2972//2972 2969//2969 2968//2968
f 2965//2965 2968//2968 2966//2966
f 2965//2965 2967//2967 2970//2970
f 2972//2972 2974//2974 2973//2973
f 2970//2970 2971//2971 2976//2976
f 2976//2976 2977//2977 2978//2978
f 2979//2979 2980//2980 2981//2981
f 2982//2982 2981//2981 2980//2980
f 2982//2982 2980//2980 2983//2983
f 2982//2982 2983//2983 2984//2984
f 2983//2983 2985//2985 2984//2984
f 2986//2986 2987//2987 2975//2975
f 2988//2988 2989//2989 2987//2987
f 2990//2990 2991//2991 2992//2992
f 2993//2993 2992//2992 2994//2994
f 2995//2995 2994//2994 2989//2989
f 2978//2978 2977//2977 2991//2991
f 2974//2974 2986//2986 2975//2975
f 2986//2986 2988//2988 2987//2987
f 2988//2988 2995//2995 2989//2989
f 2990//2990 2992//2992 2993//2993
f 2995//2995 2993//2993 2994//2994
f 2978//2978 2991//2991 2990//2990
f 2984//2984 2985//2985 2996//2996
f 2996//2996 2985//2985 2997//2997
f 2996//2996 2997//2997 2998//2998
f 2998//2998 2999//2999 3000//3000
f 2997//2997 2999//2999 2998//2998
f 3001//3001 3002//3002 3003//3003
f 3004//3004 3005//3005 3002//3002
f 3006//3006 3007//3007 3005//3005
f 3008//3008 3003//3003 3009//3009
f 3010//3010 3009//3009 3011//3011
f 3012//3012 3011//3011 3013//3013
f 3001//3001 3003//3003 3008//3008
f 3001//3001 3004//3004 3002//3002
f 3004//3004 3006//3006 3005//3005
f 3014//3014 3015//3015 3016//3016
f 3016//3016 3017//3017 3018//3018
f 3008//3008 3009//3009 3010//3010
f 3010//3010 3011//3011 3012//3012
f 3012//3012 3013//3013 3019//3019
f 3014//3014 3020//3020 3015//3015
f 3016//3016 3015//3015 3017//3017
f 3017//3017 3021//3021 3018//3018
f 3022//3022 3023//3023 3007//3007
f 3024//3024 3025//3025 3023//3023
f 3026//3026 3027//3027 3025//3025
f 3019//3019 3013//3013 3028//3028
f 3029//3029 3030//3030 3027//3027
f 3031//3031 3028//3028 3030//3030
f 3006//3006 3022//3022 3007//3007
f 3022//3022 3024//3024 3023//3023
f 3024//3024 3026//3026 3025//3025
f 3018//3018 3021//3021 3032//3032
f 3032//3032 3033//3033 3034//3034
f 3019//3019 3028//3028 3031//3031
f 3031//3031 3030//3030 3029//3029
f 3026//3026 3029//3029 3027//3027
f 3032//3032 3021//3021 3033//3033
f 3034//3034 3033//3033 3035//3035
f 3034//3034 3035//3035 3036//3036
f 3037//3037 3038//3038 3039//3039
f 3040//3040 3041//3041 3042//3042
f 3043//3043 3044//3044 3041//3041
f 3045//3045 3042//3042 3046//3046
f 3047//3047 3039//3039 3044//3044
f 3048//3048 3046//3046 3049//3049
f 3047//3047 3037//3037 3039//3039
f 3040//3040 3043//3043 3041//3041
f 3043//3043 3047//3047 3044//3044
f 3040//3040 3042//3042 3045//3045
f 3045//3045 3046//3046 3048//3048
f 3048//3048 3049//3049 3050//3050
f 3051//3051 3052//3052 3053//3053
f 3054//3054 3052//3052 3051//3051
f 3053//3053 3055//3055 3056//3056
f 3053//3053 3052//3052 3055//3055
f 3055//3055 3057//3057 3056//3056
f 3058//3058 3059//3059 3038//3038
f 3050//3050 3049//3049 3060//3060
f 3061//3061 3062//3062 3059//3059
f 3063//3063 3064//3064 3065//3065
f 3066//3066 3065//3065 3062//3062
f 3067//3067 3060//3060 3064//3064
f 3037//3037 3058//3058 3038//3038
f 3050//3050 3060//3060 3067//3067
f 3058//3058 3061//3061 3059//3059
f 3061//3061 3066//3066 3062//3062
f 3066//3066 3063//3063 3065//3065
f 3067//3067 3064//3064 3063//3063
f 3056//3056 3057//3057 3068//3068
f 3057//3057 3069//3069 3068//3068
f 3068//3068 3069//3069 3070//3070
f 3069//3069 3071//3071 3070//3070
f 3070//3070 3071//3071 3072//3072
f 3073//3073 3074//3074 3075//3075
f 3076//3076 3075//3075 3077//3077
f 3073//3073 3075//3075 3076//3076
f 3076//3076 3077//3077 3078//3078
f 3079//3079 3080//3080 3081//3081
f 3082//3082 3083//3083 3074//3074
f 3078//3078 3077//3077 3084//3084
f 3085//3085 3086//3086 3083//3083
f 3087//3087 3088//3088 3086//3086
f 3089//3089 3084//3084 3090//3090
f 3091//3091 3090//3090 3092//3092
f 3093//3093 3094//3094 3088//3088
f 3095//3095 3092//3092 3096//3096
f 3097//3097 3098//3098 3094//3094
f 3099//3099 3096//3096 3098//3098
f 3073//3073 3082//3082 3074//3074
f 3082//3082 3085//3085 3083//3083
f 3078//3078 3084//3084 3089//3089
f 3085//3085 3087//3087 3086//3086
f 3089//3089 3090//3090 3091//3091
f 3091//3091 3092//3092 3095//3095
f 3079//3079 3081//3081 3100//3100
f 3081//3081 3101//3101 3100//3100
f 3100//3100 3101//3101 3102//3102
f 3101//3101 3103//3103 3102//3102
f 3102//3102 3103//3103 3104//3104
f 3103//3103 3105//3105 3104//3104
f 3087//3087 3093//3093 3088//3088
f 3093//3093 3097//3097 3094//3094
f 3097//3097 3099//3099 3098//3098
f 3095//3095 3096//3096 3099//3099
f 3104//3104 3105//3105 3106//3106
f 3106//3106 3107//3107 3108//3108
f 3106//3106 3105//3105 3107//3107
f 3109//3109 3110//3110 3111//3111
f 3112//3112 3111//3111 3113//3113
f 3109//3109 3111//3111 3112//3112
f 3114//3114 3115//3115 3116//3116
f 3112//3112 3113//3113 3117//3117
f 3118//3118 3119//3119 3110//3110
f 3120//3120 3121//3121 3119//3119
f 3122//3122 3123//3123 3121//3121
f 3124//3124 3125//3125 3123//3123
f 3126//3126 3127//3127 3125//3125
f 3117//3117 3113//3113 3128//3128
f 3129//3129 3128//3128 3130//3130
f 3131//3131 3130//3130 3132//3132
f 3133//3133 3132//3132 3134//3134
f 3135//3135 3134//3134 3127//3127
f 3109//3109 3118//3118 3110//3110
f 3118//3118 3120//3120 3119//3119
f 3120//3120 3122//3122 3121//3121
f 3114//3114 3116//3116 3136//3136
f 3136//3136 3137//3137 3138//3138
f 3138//3138 3139//3139 3140//3140
f 3122//3122 3124//3124 3123//3123
f 3124//3124 3126//3126 3125//3125
f 3140//3140 3141//3141 3142//3142
f 3142//3142 3143//3143 3144//3144
f 3117//3117 3128//3128 3129//3129
f 3129//3129 3130//3130 3131//3131
f 3131//3131 3132//3132 3133//3133
f 3116//3116 3137//3137 3136//3136
f 3138//3138 3137//3137 3139//3139
f 3140//3140 3139//3139 3141//3141
f 3135//3135 3133//3133 3134//3134
f 3126//3126 3135//3135 3127//3127
f 3142//3142 3141//3141 3143//3143
f 3145//3145 3146//3146 3147//3147
f 3148//3148 3147//3147 3149//3149
f 3145//3145 3147//3147 3148//3148
f 3148//3148 3149//3149 3150//3150
f 3151//3151 3152//3152 3153//3153
f 3154//3154 3155//3155 3156//3156
f 3157//3157 3158//3158 3155//3155
f 3159//3159 3156//3156 3146//3146
f 3150//3150 3149//3149 3160//3160
f 3161//3161 3160//3160 3162//3162
f 3163//3163 3162//3162 3164//3164
f 3165//3165 3166//3166 3158//3158
f 3167//3167 3168//3168 3166//3166
f 3169//3169 3170//3170 3168//3168
f 3171//3171 3164//3164 3170//3170
f 3159//3159 3154//3154 3156//3156
f 3154//3154 3157//3157 3155//3155
f 3145//3145 3159//3159 3146//3146
f 3150//3150 3160//3160 3161//3161
f 3161//3161 3162//3162 3163//3163
f 3163//3163 3164//3164 3171//3171
f 3151//3151 3153//3153 3172//3172
f 3172//3172 3153//3153 3173//3173
f 3172//3172 3173//3173 3174//3174
f 3173//3173 3175//3175 3174//3174
f 3174//3174 3175//3175 3176//3176
f 3176//3176 3175//3175 3177//3177
f 3157//3157 3165//3165 3158//3158
f 3165//3165 3167//3167 3166//3166
f 3167//3167 3169//3169 3168//3168
f 3169//3169 3171//3171 3170//3170
f 3176//3176 3177//3177 3178//3178
f 3178//3178 3177//3177 3179//3179
f 3178//3178 3179//3179 3180//3180
f 3181//3181 3182//3182 3183//3183
f 3184//3184 3183//3183 3185//3185
f 3181//3181 3183//3183 3184//3184
f 3184//3184 3185//3185 3186//3186
f 3187//3187 3188//3188 3189//3189
f 3190//3190 3191//3191 3182//3182
f 3186//3186 3185//3185 3192//3192
f 3193//3193 3194//3194 3191//3191
f 3195//3195 3196//3196 3194//3194
f 3197//3197 3192//3192 3198//3198
f 3199//3199 3198//3198 3200//3200
f 3201//3201 3202//3202 3196//3196
f 3203//3203 3200//3200 3204//3204
f 3205//3205 3206//3206 3202//3202
f 3207//3207 3204//3204 3206//3206
f 3181//3181 3190//3190 3182//3182
f 3190//3190 3193//3193 3191//3191
f 3186//3186 3192//3192 3197//3197
f 3193//3193 3195//3195 3194//3194
f 3197//3197 3198//3198 3199//3199
f 3199//3199 3200//3200 3203//3203
f 3187//3187 3189//3189 3208//3208
f 3189//3189 3209//3209 3208//3208
f 3208//3208 3209//3209 3210//3210
f 3209//3209 3211//3211 3210//3210
f 3210//3210 3211//3211 3212//3212
f 3211//3211 3213//3213 3212//3212
f 3195//3195 3201//3201 3196//3196
f 3201//3201 3205//3205 3202//3202
f 3205//3205 3207//3207 3206//3206
f 3203//3203 3204//3204 3207//3207
f 3212//3212 3213//3213 3214//3214
f 3214//3214 3215//3215 3216//3216
f 3214//3214 3213//3213 3215//3215
f 3217//3217 3218//3218 3219//3219
f 3220//3220 3219//3219 3221//3221
f 3217//3217 3219//3219 3220//3220
f 3222//3222 3223//3223 3224//3224
f 3220//3220 3221//3221 3225//3225
f 3226//3226 3227//3227 3218//3218
f 3228//3228 3229//3229 3227//3227
f 3230//3230 3231//3231 3229//3229
f 3232//3232 3233//3233 3231//3231
f 3234//3234 3235//3235 3233//3233
f 3225//3225 3221//3221 3236//3236
f 3237//3237 3236//3236 3238//3238
f 3239//3239 3238//3238 3240//3240
f 3241//3241 3240//3240 3242//3242
f 3243//3243 3242//3242 3235//3235
f 3217//3217 3226//3226 3218//3218
f 3226//3226 3228//3228 3227//3227
f 3228//3228 3230//3230 3229//3229
f 3222//3222 3224//3224 3244//3244
f 3244//3244 3245//3245 3246//3246
f 3246//3246 3247//3247 3248//3248
f 3230//3230 3232//3232 3231//3231
f 3232//3232 3234//3234 3233//3233
f 3248//3248 3249//3249 3250//3250
f 3250//3250 3251//3251 3252//3252
f 3225//3225 3236//3236 3237//3237
f 3237//3237 3238//3238 3239//3239
f 3239//3239 3240//3240 3241//3241
f 3244//3244 3224//3224 3245//3245
f 3246//3246 3245//3245 3247//3247
f 3248//3248 3247//3247 3249//3249
f 3241//3241 3242//3242 3243//3243
f 3234//3234 3243//3243 3235//3235
f 3250//3250 3249//3249 3251//3251
f 3253//3253 3254//3254 3255//3255
f 3256//3256 3255//3255 3257//3257
f 3253//3253 3255//3255 3256//3256
f 3256//3256 3257//3257 3258//3258
f 3259//3259 3260//3260 3261//3261
f 3262//3262 3263//3263 3264//3264
f 3265//3265 3266//3266 3263//3263
f 3267//3267 3264//3264 3254//3254
f 3258//3258 3257//3257 3268//3268
f 3269//3269 3268//3268 3270//3270
f 3271//3271 3270//3270 3272//3272
f 3273//3273 3274//3274 3266//3266
f 3275//3275 3276//3276 3274//3274
f 3277//3277 3278//3278 3276//3276
f 3279//3279 3272//3272 3278//3278
f 3267//3267 3262//3262 3264//3264
f 3262//3262 3265//3265 3263//3263
f 3267//3267 3254//3254 3253//3253
f 3258//3258 3268//3268 3269//3269
f 3269//3269 3270//3270 3271//3271
f 3271//3271 3272//3272 3279//3279
f 3280//3280 3259//3259 3261//3261
f 3280//3280 3261//3261 3281//3281
f 3280//3280 3281//3281 3282//3282
f 3281//3281 3283//3283 3282//3282
f 3282//3282 3283//3283 3284//3284
f 3284//3284 3283//3283 3285//3285
f 3265//3265 3273//3273 3266//3266
f 3273//3273 3275//3275 3274//3274
f 3275//3275 3277//3277 3276//3276
f 3279//3279 3278//3278 3277//3277
f 3284//3284 3285//3285 3286//3286
f 3286//3286 3285//3285 3287//3287
f 3286//3286 3287//3287 3288//3288
f 3289//3289 3290//3290 3291//3291
f 3292//3292 3291//3291 3293//3293
f 3289//3289 3291//3291 3292//3292
f 3292//3292 3293//3293 3294//3294
f 3295//3295 3296//3296 3297//3297
f 3298//3298 3299//3299 3290//3290
f 3294//3294 3293//3293 3300//3300
f 3301//3301 3302//3302 3299//3299
f 3303//3303 3304//3304 3302//3302
f 3305//3305 3300//3300 3306//3306
f 3307//3307 3306//3306 3308//3308
f 3309//3309 3310//3310 3304//3304
f 3311//3311 3308//3308 3312//3312
f 3313//3313 3314//3314 3310//3310
f 3315//3315 3312//3312 3314//3314
f 3289//3289 3298//3298 3290//3290
f 3298//3298 3301//3301 3299//3299
f 3294//3294 3300//3300 3305//3305
f 3301//3301 3303//3303 3302//3302
f 3305//3305 3306//3306 3307//3307
f 3307//3307 3308//3308 3311//3311
f 3295//3295 3297//3297 3316//3316
f 3297//3297 3317//3317 3316//3316
f 3316//3316 3317//3317 3318//3318
f 3317//3317 3319//3319 3318//3318
f 3318//3318 3319//3319 3320//3320
f 3320//3320 3319//3319 3321//3321
f 3303//3303 3309//3309 3304//3304
f 3309//3309 3313//3313 3310//3310
f 3313//3313 3315//3315 3314//3314
f 3315//3315 3311//3311 3312//3312
f 3320//3320 3321//3321 3322//3322
f 3322//3322 3323//3323 3324//3324
f 3322//3322 3321//3321 3323//3323
f 3325//3325 3326//3326 3327//3327
f 3328//3328 3327//3327 3329//3329
f 3325//3325 3327//3327 3328//3328
f 3328//3328 3329//3329 3330//3330
f 3331//3331 3332//3332 3333//3333
f 3334//3334 3335//3335 3326//3326
f 3336//3336 3337//3337 3335//3335
f 3338//3338 3339//3339 3337//3337
f 3340//3340 3341//3341 3339//3339
f 3342//3342 3343//3343 3341//3341
f 3330//3330 3329//3329 3344//3344
f 3345//3345 3344//3344 3346//3346
f 3347//3347 3346//3346 3348//3348
f 3349//3349 3348//3348 3350//3350
f 3351//3351 3350//3350 3343//3343
f 3325//3325 3334//3334 3326//3326
f 3334//3334 3336//3336 3335//3335
f 3336//3336 3338//3338 3337//3337
f 3331//3331 3333//3333 3352//3352
f 3352//3352 3353//3353 3354//3354
f 3354//3354 3355//3355 3356//3356
f 3338//3338 3340//3340 3339//3339
f 3340//3340 3342//3342 3341//3341
f 3356//3356 3357//3357 3358//3358
f 3330//3330 3344//3344 3345//3345
f 3345//3345 3346//3346 3347//3347
f 3347//3347 3348//3348 3349//3349
f 3352//3352 3333//3333 3353//3353
f 3354//3354 3353//3353 3355//3355
f 3356//3356 3355//3355 3357//3357
f 3342//3342 3351//3351 3343//3343
f 3349//3349 3350//3350 3351//3351
f 3358//3358 3357//3357 3359//3359
f 3358//3358 3359//3359 3360//3360
f 3361//3361 3362//3362 3363//3363
f 3364//3364 3363//3363 3365//3365
f 3361//3361 3363//3363 3364//3364
f 3364//3364 3365//3365 3366//3366
f 3367//3367 3368//3368 3369//3369
f 3370//3370 3371//3371 3372//3372
f 3373//3373 3374//3374 3371//3371
f 3375//3375 3372//3372 3362//3362
f 3366//3366 3365//3365 3376//3376
f 3377//3377 3376//3376 3378//3378
f 3379//3379 3378//3378 3380//3380
f 3381//3381 3382//3382 3374//3374
f 3383//3383 3384//3384 3382//3382
f 3385//3385 3386//3386 3384//3384
f 3387//3387 3380//3380 3386//3386
f 3375//3375 3370//3370 3372//3372
f 3370//3370 3373//3373 3371//3371
f 3361//3361 3375//3375 3362//3362
f 3366//3366 3376//3376 3377//3377
f 3377//3377 3378//3378 3379//3379
f 3379//3379 3380//3380 3387//3387
f 3367//3367 3369//3369 3388//3388
f 3369//3369 3389//3389 3388//3388
f 3388//3388 3389//3389 3390//3390
f 3389//3389 3391//3391 3390//3390
f 3390//3390 3391//3391 3392//3392
f 3391//3391 3393//3393 3392//3392
f 3373//3373 3381//3381 3374//3374
f 3381//3381 3383//3383 3382//3382
f 3383//3383 3385//3385 3384//3384
f 3387//3387 3386//3386 3385//3385
f 3392//3392 3393//3393 3394//3394
f 3394//3394 3393//3393 3395//3395
f 3394//3394 3395//3395 3396//3396
f 3397//3397 3398//3398 3399//3399
f 3400//3400 3399//3399 3401//3401
f 3397//3397 3399//3399 3400//3400
f 3400//3400 3401//3401 3402//3402
f 3403//3403 3404//3404 3405//3405
f 3406//3406 3407//3407 3398//3398
f 3402//3402 3401//3401 3408//3408
f 3409//3409 3410//3410 3407//3407
f 3411//3411 3412//3412 3410//3410
f 3413//3413 3408//3408 3414//3414
f 3415//3415 3414//3414 3416//3416
f 3417//3417 3418//3418 3412//3412
f 3419//3419 3416//3416 3420//3420
f 3421//3421 3422//3422 3418//3418
f 3423//3423 3420//3420 3422//3422
f 3397//3397 3406//3406 3398//3398
f 3406//3406 3409//3409 3407//3407
f 3402//3402 3408//3408 3413//3413
f 3409//3409 3411//3411 3410//3410
f 3413//3413 3414//3414 3415//3415
f 3415//3415 3416//3416 3419//3419
f 3403//3403 3405//3405 3424//3424
f 3424//3424 3405//3405 3425//3425
f 3424//3424 3425//3425 3426//3426
f 3425//3425 3427//3427 3426//3426
f 3426//3426 3427//3427 3428//3428
f 3428//3428 3427//3427 3429//3429
f 3411//3411 3417//3417 3412//3412
f 3417//3417 3421//3421 3418//3418
f 3421//3421 3423//3423 3422//3422
f 3419//3419 3420//3420 3423//3423
f 3428//3428 3429//3429 3430//3430
f 3430//3430 3431//3431 3432//3432
f 3430//3430 3429//3429 3431//3431
f 3433//3433 3434//3434 3435//3435
f 3436//3436 3435//3435 3437//3437
f 3433//3433 3435//3435 3436//3436
f 3436//3436 3437//3437 3438//3438
f 3439//3439 3440//3440 3441//3441
f 3442//3442 3443//3443 3434//3434
f 3444//3444 3445//3445 3443//3443
f 3446//3446 3447//3447 3445//3445
f 3448//3448 3449//3449 3447//3447
f 3450//3450 3451//3451 3449//3449
f 3438//3438 3437//3437 3452//3452
f 3453//3453 3452//3452 3454//3454
f 3455//3455 3454//3454 3456//3456
f 3457//3457 3456//3456 3458//3458
f 3459//3459 3458//3458 3451//3451
f 3433//3433 3442//3442 3434//3434
f 3442//3442 3444//3444 3443//3443
f 3444//3444 3446//3446 3445//3445
f 3439//3439 3441//3441 3460//3460
f 3460//3460 3461//3461 3462//3462
f 3462//3462 3463//3463 3464//3464
f 3446//3446 3448//3448 3447//3447
f 3448//3448 3450//3450 3449//3449
f 3464//3464 3465//3465 3466//3466
f 3438//3438 3452//3452 3453//3453
f 3453//3453 3454//3454 3455//3455
f 3455//3455 3456//3456 3457//3457
f 3460//3460 3441//3441 3461//3461
f 3462//3462 3461//3461 3463//3463
f 3464//3464 3463//3463 3465//3465
f 3450//3450 3459//3459 3451//3451
f 3459//3459 3457//3457 3458//3458
f 3466//3466 3465//3465 3467//3467
f 3466//3466 3467//3467 3468//3468
f 3469//3469 3470//3470 3471//3471
f 3472//3472 3471//3471 3473//3473
f 3469//3469 3471//3471 3472//3472
f 3472//3472 3473//3473 3474//3474
f 3475//3475 3476//3476 3477//3477
f 3478//3478 3479//3479 3480//3480
f 3481//3481 3482//3482 3479//3479
f 3483//3483 3480//3480 3470//3470
f 3474//3474 3473//3473 3484//3484
f 3485//3485 3484//3484 3486//3486
f 3487//3487 3486//3486 3488//3488
f 3489//3489 3490//3490 3482//3482
f 3491//3491 3492//3492 3490//3490
f 3493//3493 3494//3494 3492//3492
f 3495//3495 3488//3488 3494//3494
f 3483//3483 3478//3478 3480//3480
f 3478//3478 3481//3481 3479//3479
f 3469//3469 3483//3483 3470//3470
f 3474//3474 3484//3484 3485//3485
f 3485//3485 3486//3486 3487//3487
f 3487//3487 3488//3488 3495//3495
f 3475//3475 3477//3477 3496//3496
f 3477//3477 3497//3497 3496//3496
f 3496//3496 3497//3497 3498//3498
f 3497//3497 3499//3499 3498//3498
f 3498//3498 3499//3499 3500//3500
f 3499//3499 3501//3501 3500//3500
f 3481//3481 3489//3489 3482//3482
f 3489//3489 3491//3491 3490//3490
f 3491//3491 3493//3493 3492//3492
f 3495//3495 3494//3494 3493//3493
f 3500//3500 3501//3501 3502//3502
f 3502//3502 3501//3501 3503//3503
f 3502//3502 3503//3503 3504//3504
