v -0.74000 -0.04900 -1.24000
v -0.74566 -0.04666 -1.24000
v -0.74000 -0.04666 -1.24566
v -0.74566 -0.04100 -1.24566
v -0.74800 -0.04100 -1.24000
v -0.74000 -0.04100 -1.24800
v -0.74566 0.04100 -1.24566
v -0.74566 -0.04666 1.24000
v -0.74800 0.04100 -1.24000
v -0.74000 0.04100 -1.24800
v -0.74800 0.04100 1.24000
v 0.74000 -0.04900 -1.24000
v 0.74000 -0.04100 -1.24800
v 0.74000 0.04100 -1.24800
v -0.74000 -0.04900 1.24000
v -0.74800 -0.04100 1.24000
v -0.74000 -0.04666 1.24566
v -0.74566 -0.04100 1.24566
v -0.74000 -0.04100 1.24800
v -0.74566 0.04100 1.24566
v -0.74000 0.04100 1.24800
v 0.74000 -0.04900 1.24000
v 0.74000 -0.04666 1.24566
v 0.74000 -0.04100 1.24800
v -0.74566 0.04666 -1.24000
v -0.74000 0.04666 -1.24566
v -0.74000 0.04900 -1.24000
v -0.70000 0.04900 -1.12500
v -0.68995 0.04900 -1.16250
v -0.66250 0.04900 -1.18995
v -0.62500 0.04900 -1.20000
v -0.70000 0.04900 -0.87500
v -0.68995 0.04900 -1.08750
v -0.68995 0.04900 -0.91250
v -0.66250 0.04900 -1.06005
v -0.66250 0.04900 -0.93995
v -0.37500 0.04900 -1.20000
v -0.62500 0.04900 -0.95000
v -0.62500 0.04900 -1.05000
v -0.58750 0.04900 -1.06005
v -0.56005 0.04900 -0.91250
v -0.56005 0.04900 -1.08750
v -0.58750 0.04900 -0.93995
v -0.70000 0.04900 -0.62500
v -0.70000 0.04900 -0.37500
v -0.68995 0.04900 -0.83750
v -0.68995 0.04900 -0.66250
v -0.66250 0.04900 -0.81005
v -0.66250 0.04900 -0.68995
v -0.62500 0.04900 -0.80000
v -0.62500 0.04900 -0.70000
v -0.58750 0.04900 -0.68995
v -0.58750 0.04900 -0.81005
v -0.56005 0.04900 -0.83750
v -0.56005 0.04900 -0.66250
v -0.58750 0.04900 -1.18995
v -0.41250 0.04900 -1.18995
v -0.56005 0.04900 -1.16250
v -0.55000 0.04900 -1.12500
v -0.45000 0.04900 -1.12500
v -0.43995 0.04900 -1.16250
v -0.43995 0.04900 -1.08750
v -0.43995 0.04900 -0.91250
v -0.12500 0.04900 -1.20000
v -0.41250 0.04900 -1.06005
v -0.41250 0.04900 -0.93995
v -0.37500 0.04900 -0.95000
v -0.37500 0.04900 -1.05000
v -0.55000 0.04900 -0.87500
v -0.45000 0.04900 -0.87500
v -0.43995 0.04900 -0.83750
v -0.43995 0.04900 -0.66250
v -0.55000 0.04900 -0.62500
v -0.45000 0.04900 -0.62500
v -0.41250 0.04900 -0.81005
v -0.41250 0.04900 -0.68995
v -0.37500 0.04900 -0.80000
v -0.37500 0.04900 -0.70000
v -0.70000 0.04900 -0.12500
v -0.68995 0.04900 -0.58750
v -0.68995 0.04900 -0.41250
v -0.66250 0.04900 -0.56005
v -0.66250 0.04900 -0.43995
v -0.74000 0.04900 1.24000
v -0.70000 0.04900 0.12500
v -0.62500 0.04900 -0.55000
v -0.62500 0.04900 -0.45000
v -0.58750 0.04900 -0.56005
v -0.58750 0.04900 -0.43995
v -0.56005 0.04900 -0.58750
v -0.56005 0.04900 -0.41250
v -0.70000 0.04900 0.37500
v -0.68995 0.04900 -0.16250
v -0.68995 0.04900 -0.33750
v -0.66250 0.04900 -0.31005
v -0.66250 0.04900 -0.18995
v -0.70000 0.04900 0.62500
v -0.68995 0.04900 -0.08750
v -0.68995 0.04900 0.08750
v -0.66250 0.04900 -0.06005
v -0.62500 0.04900 -0.30000
v -0.62500 0.04900 -0.20000
v -0.58750 0.04900 -0.18995
v -0.58750 0.04900 -0.31005
v -0.56005 0.04900 -0.33750
v -0.56005 0.04900 -0.16250
v -0.66250 0.04900 0.06005
v -0.62500 0.04900 -0.05000
v -0.62500 0.04900 0.05000
v -0.58750 0.04900 -0.06005
v -0.58750 0.04900 0.06005
v -0.56005 0.04900 -0.08750
v -0.43995 0.04900 -0.41250
v -0.43995 0.04900 -0.58750
v -0.55000 0.04900 -0.37500
v -0.45000 0.04900 -0.37500
v -0.43995 0.04900 -0.33750
v -0.41250 0.04900 -0.56005
v -0.41250 0.04900 -0.43995
v -0.37500 0.04900 -0.55000
v -0.37500 0.04900 -0.45000
v -0.43995 0.04900 -0.16250
v -0.55000 0.04900 -0.12500
v -0.45000 0.04900 -0.12500
v -0.43995 0.04900 -0.08750
v -0.43995 0.04900 0.08750
v -0.41250 0.04900 -0.31005
v -0.41250 0.04900 -0.18995
v -0.37500 0.04900 -0.30000
v -0.37500 0.04900 -0.20000
v -0.41250 0.04900 -0.06005
v -0.41250 0.04900 0.06005
v -0.37500 0.04900 -0.05000
v -0.33750 0.04900 -1.18995
v -0.16250 0.04900 -1.18995
v -0.33750 0.04900 -1.06005
v -0.33750 0.04900 -0.93995
v -0.31005 0.04900 -0.91250
v -0.31005 0.04900 -1.16250
v -0.18995 0.04900 -1.16250
v 0.74000 0.04900 -1.24000
v 0.12500 0.04900 -1.20000
v -0.30000 0.04900 -1.12500
v -0.31005 0.04900 -1.08750
v -0.18995 0.04900 -1.08750
v -0.20000 0.04900 -1.12500
v -0.16250 0.04900 -0.93995
v -0.18995 0.04900 -0.91250
v -0.16250 0.04900 -1.06005
v -0.33750 0.04900 -0.68995
v -0.33750 0.04900 -0.81005
v -0.31005 0.04900 -0.83750
v -0.31005 0.04900 -0.66250
v -0.30000 0.04900 -0.87500
v -0.18995 0.04900 -0.83750
v -0.20000 0.04900 -0.87500
v -0.16250 0.04900 -0.81005
v -0.18995 0.04900 -0.66250
v -0.30000 0.04900 -0.62500
v -0.16250 0.04900 -0.68995
v -0.20000 0.04900 -0.62500
v -0.12500 0.04900 -0.95000
v -0.12500 0.04900 -1.05000
v -0.08750 0.04900 -1.06005
v -0.08750 0.04900 -0.93995
v 0.37500 0.04900 -1.20000
v -0.08750 0.04900 -1.18995
v 0.08750 0.04900 -1.18995
v -0.06005 0.04900 -1.16250
v 0.06005 0.04900 -1.16250
v -0.05000 0.04900 -1.12500
v 0.05000 0.04900 -1.12500
v -0.06005 0.04900 -1.08750
v 0.06005 0.04900 -1.08750
v -0.06005 0.04900 -0.91250
v 0.08750 0.04900 -0.93995
v 0.06005 0.04900 -0.91250
v -0.12500 0.04900 -0.80000
v -0.12500 0.04900 -0.70000
v -0.08750 0.04900 -0.68995
v -0.08750 0.04900 -0.81005
v -0.05000 0.04900 -0.87500
v 0.05000 0.04900 -0.87500
v -0.06005 0.04900 -0.83750
v 0.06005 0.04900 -0.83750
v -0.06005 0.04900 -0.66250
v 0.06005 0.04900 -0.66250
v -0.05000 0.04900 -0.62500
v 0.05000 0.04900 -0.62500
v -0.33750 0.04900 -0.56005
v -0.33750 0.04900 -0.43995
v -0.31005 0.04900 -0.58750
v -0.31005 0.04900 -0.41250
v -0.18995 0.04900 -0.58750
v -0.18995 0.04900 -0.41250
v -0.16250 0.04900 -0.56005
v -0.16250 0.04900 -0.43995
v -0.30000 0.04900 -0.37500
v -0.31005 0.04900 -0.33750
v -0.18995 0.04900 -0.33750
v -0.20000 0.04900 -0.37500
v -0.16250 0.04900 -0.31005
v -0.33750 0.04900 -0.31005
v -0.33750 0.04900 -0.18995
v -0.31005 0.04900 -0.16250
v -0.37500 0.04900 0.05000
v -0.33750 0.04900 -0.06005
v -0.33750 0.04900 0.06005
v -0.31005 0.04900 -0.08750
v -0.18995 0.04900 -0.16250
v -0.16250 0.04900 -0.18995
v -0.30000 0.04900 -0.12500
v -0.18995 0.04900 -0.08750
v -0.20000 0.04900 -0.12500
v -0.16250 0.04900 -0.06005
v -0.16250 0.04900 0.06005
v -0.12500 0.04900 -0.55000
v -0.12500 0.04900 -0.45000
v -0.08750 0.04900 -0.56005
v -0.08750 0.04900 -0.43995
v -0.06005 0.04900 -0.58750
v -0.06005 0.04900 -0.41250
v 0.06005 0.04900 -0.58750
v 0.06005 0.04900 -0.41250
v -0.08750 0.04900 -0.31005
v 0.06005 0.04900 -0.33750
v -0.06005 0.04900 -0.33750
v -0.05000 0.04900 -0.37500
v 0.05000 0.04900 -0.37500
v -0.12500 0.04900 -0.30000
v -0.08750 0.04900 -0.18995
v -0.12500 0.04900 -0.20000
v -0.12500 0.04900 -0.05000
v -0.12500 0.04900 0.05000
v -0.08750 0.04900 -0.06005
v -0.06005 0.04900 -0.16250
v 0.08750 0.04900 -0.31005
v 0.05000 0.04900 -0.12500
v -0.06005 0.04900 -0.08750
v -0.05000 0.04900 -0.12500
v -0.08750 0.04900 0.06005
v -0.68995 0.04900 0.16250
v -0.68995 0.04900 0.33750
v -0.66250 0.04900 0.18995
v -0.66250 0.04900 0.31005
v -0.56005 0.04900 0.08750
v -0.62500 0.04900 0.20000
v -0.62500 0.04900 0.30000
v -0.58750 0.04900 0.18995
v -0.58750 0.04900 0.31005
v -0.56005 0.04900 0.16250
v -0.56005 0.04900 0.33750
v -0.74566 0.04666 1.24000
v -0.68995 0.04900 0.41250
v -0.68995 0.04900 0.58750
v -0.66250 0.04900 0.43995
v -0.66250 0.04900 0.56005
v -0.62500 0.04900 0.45000
v -0.62500 0.04900 0.55000
v -0.58750 0.04900 0.43995
v -0.58750 0.04900 0.56005
v -0.56005 0.04900 0.41250
v -0.56005 0.04900 0.58750
v -0.55000 0.04900 0.12500
v -0.45000 0.04900 0.12500
v -0.43995 0.04900 0.16250
v -0.43995 0.04900 0.33750
v -0.41250 0.04900 0.18995
v -0.41250 0.04900 0.31005
v -0.37500 0.04900 0.20000
v -0.37500 0.04900 0.30000
v -0.55000 0.04900 0.37500
v -0.45000 0.04900 0.37500
v -0.43995 0.04900 0.41250
v -0.43995 0.04900 0.58750
v -0.45000 0.04900 0.62500
v -0.55000 0.04900 0.62500
v -0.41250 0.04900 0.43995
v -0.41250 0.04900 0.56005
v -0.37500 0.04900 0.45000
v -0.37500 0.04900 0.55000
v -0.74000 0.04666 1.24566
v -0.70000 0.04900 0.87500
v -0.68995 0.04900 0.66250
v -0.68995 0.04900 0.83750
v -0.66250 0.04900 0.68995
v -0.66250 0.04900 0.81005
v -0.62500 0.04900 0.80000
v -0.62500 0.04900 0.70000
v -0.58750 0.04900 0.68995
v -0.58750 0.04900 0.81005
v -0.56005 0.04900 0.66250
v -0.56005 0.04900 0.83750
v -0.70000 0.04900 1.12500
v -0.68995 0.04900 0.91250
v -0.68995 0.04900 1.08750
v -0.66250 0.04900 0.93995
v -0.66250 0.04900 1.06005
v -0.68995 0.04900 1.16250
v -0.66250 0.04900 1.18995
v -0.62500 0.04900 1.20000
v -0.62500 0.04900 1.05000
v -0.62500 0.04900 0.95000
v -0.58750 0.04900 0.93995
v -0.56005 0.04900 0.91250
v -0.37500 0.04900 1.20000
v -0.43995 0.04900 0.66250
v -0.41250 0.04900 0.68995
v -0.55000 0.04900 0.87500
v -0.43995 0.04900 0.83750
v -0.45000 0.04900 0.87500
v -0.41250 0.04900 0.81005
v -0.37500 0.04900 0.80000
v -0.37500 0.04900 0.70000
v -0.58750 0.04900 1.06005
v -0.43995 0.04900 0.91250
v -0.56005 0.04900 1.08750
v -0.43995 0.04900 1.08750
v -0.55000 0.04900 1.12500
v -0.45000 0.04900 1.12500
v -0.56005 0.04900 1.16250
v -0.58750 0.04900 1.18995
v -0.41250 0.04900 1.18995
v -0.43995 0.04900 1.16250
v -0.41250 0.04900 0.93995
v -0.41250 0.04900 1.06005
v -0.37500 0.04900 0.95000
v -0.37500 0.04900 1.05000
v -0.12500 0.04900 1.20000
v -0.31005 0.04900 0.08750
v -0.33750 0.04900 0.18995
v -0.33750 0.04900 0.31005
v -0.18995 0.04900 0.16250
v -0.18995 0.04900 0.08750
v -0.30000 0.04900 0.12500
v -0.31005 0.04900 0.16250
v -0.20000 0.04900 0.12500
v -0.31005 0.04900 0.33750
v -0.16250 0.04900 0.18995
v -0.30000 0.04900 0.37500
v -0.12500 0.04900 0.20000
v -0.33750 0.04900 0.43995
v -0.33750 0.04900 0.56005
v -0.31005 0.04900 0.58750
v -0.31005 0.04900 0.41250
v -0.18995 0.04900 0.33750
v -0.20000 0.04900 0.37500
v -0.18995 0.04900 0.41250
v -0.18995 0.04900 0.58750
v -0.30000 0.04900 0.62500
v -0.20000 0.04900 0.62500
v -0.16250 0.04900 0.31005
v -0.08750 0.04900 0.31005
v -0.08750 0.04900 0.18995
v -0.12500 0.04900 0.30000
v -0.06005 0.04900 0.08750
v -0.05000 0.04900 0.12500
v -0.06005 0.04900 0.16250
v -0.06005 0.04900 0.33750
v -0.05000 0.04900 0.37500
v 0.05000 0.04900 0.37500
v -0.16250 0.04900 0.43995
v -0.16250 0.04900 0.56005
v -0.12500 0.04900 0.45000
v -0.12500 0.04900 0.55000
v -0.08750 0.04900 0.43995
v -0.08750 0.04900 0.56005
v -0.06005 0.04900 0.41250
v -0.06005 0.04900 0.58750
v -0.05000 0.04900 0.62500
v 0.05000 0.04900 0.62500
v -0.33750 0.04900 0.68995
v -0.31005 0.04900 0.66250
v -0.33750 0.04900 0.81005
v -0.18995 0.04900 0.66250
v -0.31005 0.04900 0.83750
v -0.18995 0.04900 0.83750
v -0.30000 0.04900 0.87500
v -0.31005 0.04900 0.91250
v -0.18995 0.04900 0.91250
v -0.20000 0.04900 0.87500
v -0.33750 0.04900 0.93995
v -0.33750 0.04900 1.06005
v -0.31005 0.04900 1.08750
v -0.16250 0.04900 1.18995
v -0.33750 0.04900 1.18995
v -0.18995 0.04900 1.08750
v 0.74000 0.04666 1.24566
v -0.30000 0.04900 1.12500
v -0.31005 0.04900 1.16250
v -0.18995 0.04900 1.16250
v 0.12500 0.04900 1.20000
v 0.74000 0.04900 1.24000
v -0.20000 0.04900 1.12500
v -0.16250 0.04900 0.68995
v -0.16250 0.04900 0.81005
v -0.12500 0.04900 0.80000
v -0.12500 0.04900 0.70000
v -0.08750 0.04900 0.68995
v -0.08750 0.04900 0.81005
v -0.06005 0.04900 0.66250
v -0.06005 0.04900 0.83750
v -0.05000 0.04900 0.87500
v 0.05000 0.04900 0.87500
v -0.16250 0.04900 0.93995
v -0.16250 0.04900 1.06005
v -0.12500 0.04900 0.95000
v -0.12500 0.04900 1.05000
v -0.08750 0.04900 0.93995
v -0.08750 0.04900 1.06005
v -0.06005 0.04900 0.91250
v -0.06005 0.04900 1.08750
v -0.05000 0.04900 1.12500
v 0.05000 0.04900 1.12500
v -0.06005 0.04900 1.16250
v 0.06005 0.04900 1.16250
v -0.08750 0.04900 1.18995
v 0.08750 0.04900 1.18995
v 0.74000 -0.04666 -1.24566
v 0.74566 -0.04666 -1.24000
v 0.74566 -0.04100 -1.24566
v 0.74800 -0.04100 -1.24000
v 0.74566 0.04100 -1.24566
v 0.74566 -0.04666 1.24000
v 0.74800 0.04100 -1.24000
v 0.74800 -0.04100 1.24000
v 0.74000 0.04100 1.24800
v 0.74566 -0.04100 1.24566
v 0.74800 0.04100 1.24000
v 0.74566 0.04100 1.24566
v 0.08750 0.04900 -1.06005
v 0.12500 0.04900 -0.95000
v 0.12500 0.04900 -1.05000
v 0.16250 0.04900 -1.06005
v 0.18995 0.04900 -0.91250
v 0.18995 0.04900 -1.08750
v 0.16250 0.04900 -0.93995
v 0.08750 0.04900 -0.81005
v 0.08750 0.04900 -0.68995
v 0.12500 0.04900 -0.80000
v 0.12500 0.04900 -0.70000
v 0.16250 0.04900 -0.68995
v 0.16250 0.04900 -0.81005
v 0.18995 0.04900 -0.83750
v 0.18995 0.04900 -0.66250
v 0.16250 0.04900 -1.18995
v 0.33750 0.04900 -1.18995
v 0.18995 0.04900 -1.16250
v 0.31005 0.04900 -1.16250
v 0.20000 0.04900 -1.12500
v 0.31005 0.04900 -1.08750
v 0.74000 0.04666 -1.24566
v 0.30000 0.04900 -1.12500
v 0.31005 0.04900 -0.91250
v 0.33750 0.04900 -1.06005
v 0.37500 0.04900 -0.95000
v 0.37500 0.04900 -1.05000
v 0.33750 0.04900 -0.93995
v 0.20000 0.04900 -0.87500
v 0.31005 0.04900 -0.83750
v 0.30000 0.04900 -0.87500
v 0.20000 0.04900 -0.62500
v 0.31005 0.04900 -0.66250
v 0.30000 0.04900 -0.62500
v 0.33750 0.04900 -0.81005
v 0.33750 0.04900 -0.68995
v 0.37500 0.04900 -0.80000
v 0.37500 0.04900 -0.70000
v 0.08750 0.04900 -0.56005
v 0.08750 0.04900 -0.43995
v 0.12500 0.04900 -0.55000
v 0.12500 0.04900 -0.45000
v 0.16250 0.04900 -0.56005
v 0.16250 0.04900 -0.43995
v 0.18995 0.04900 -0.58750
v 0.18995 0.04900 -0.41250
v 0.06005 0.04900 -0.16250
v 0.08750 0.04900 -0.18995
v 0.06005 0.04900 -0.08750
v 0.08750 0.04900 -0.06005
v 0.12500 0.04900 -0.20000
v 0.12500 0.04900 -0.30000
v 0.16250 0.04900 -0.31005
v 0.18995 0.04900 -0.33750
v 0.16250 0.04900 -0.06005
v 0.08750 0.04900 0.06005
v 0.31005 0.04900 -0.16250
v 0.30000 0.04900 -0.12500
v 0.12500 0.04900 0.05000
v 0.31005 0.04900 -0.58750
v 0.33750 0.04900 -0.56005
v 0.16250 0.04900 -0.18995
v 0.20000 0.04900 -0.37500
v 0.20000 0.04900 -0.12500
v 0.30000 0.04900 -0.37500
v 0.33750 0.04900 -0.43995
v 0.37500 0.04900 -0.55000
v 0.31005 0.04900 -0.41250
v 0.18995 0.04900 -0.16250
v 0.18995 0.04900 -0.08750
v 0.31005 0.04900 -0.08750
v 0.31005 0.04900 -0.33750
v 0.33750 0.04900 -0.31005
v 0.33750 0.04900 -0.18995
v 0.37500 0.04900 -0.30000
v 0.37500 0.04900 -0.20000
v 0.31005 0.04900 0.08750
v 0.33750 0.04900 -0.06005
v 0.33750 0.04900 0.06005
v 0.37500 0.04900 -0.05000
v 0.41250 0.04900 -1.18995
v 0.58750 0.04900 -1.18995
v 0.41250 0.04900 -1.06005
v 0.41250 0.04900 -0.93995
v 0.43995 0.04900 -0.91250
v 0.43995 0.04900 -1.08750
v 0.43995 0.04900 -1.16250
v 0.56005 0.04900 -1.16250
v 0.45000 0.04900 -1.12500
v 0.55000 0.04900 -1.12500
v 0.56005 0.04900 -1.08750
v 0.62500 0.04900 -1.20000
v 0.45000 0.04900 -0.87500
v 0.62500 0.04900 -1.05000
v 0.58750 0.04900 -1.06005
v 0.41250 0.04900 -0.68995
v 0.41250 0.04900 -0.81005
v 0.43995 0.04900 -0.83750
v 0.43995 0.04900 -0.66250
v 0.55000 0.04900 -0.87500
v 0.56005 0.04900 -0.91250
v 0.56005 0.04900 -0.66250
v 0.56005 0.04900 -0.83750
v 0.45000 0.04900 -0.62500
v 0.43995 0.04900 -0.58750
v 0.74566 0.04666 -1.24000
v 0.58750 0.04900 -0.93995
v 0.66250 0.04900 -0.93995
v 0.66250 0.04900 -1.06005
v 0.62500 0.04900 -0.95000
v 0.66250 0.04900 -1.18995
v 0.68995 0.04900 -1.16250
v 0.70000 0.04900 -1.12500
v 0.68995 0.04900 -0.91250
v 0.68995 0.04900 -1.08750
v 0.70000 0.04900 -0.87500
v 0.58750 0.04900 -0.81005
v 0.58750 0.04900 -0.68995
v 0.62500 0.04900 -0.80000
v 0.62500 0.04900 -0.70000
v 0.66250 0.04900 -0.68995
v 0.66250 0.04900 -0.81005
v 0.68995 0.04900 -0.83750
v 0.68995 0.04900 -0.66250
v 0.70000 0.04900 -0.62500
v 0.70000 0.04900 -0.37500
v 0.41250 0.04900 -0.56005
v 0.37500 0.04900 -0.45000
v 0.55000 0.04900 -0.62500
v 0.41250 0.04900 -0.43995
v 0.56005 0.04900 -0.58750
v 0.43995 0.04900 -0.41250
v 0.56005 0.04900 -0.41250
v 0.45000 0.04900 -0.37500
v 0.55000 0.04900 -0.37500
v 0.43995 0.04900 -0.33750
v 0.56005 0.04900 -0.33750
v 0.41250 0.04900 -0.18995
v 0.41250 0.04900 -0.31005
v 0.43995 0.04900 -0.16250
v 0.37500 0.04900 0.05000
v 0.41250 0.04900 -0.06005
v 0.41250 0.04900 0.06005
v 0.43995 0.04900 -0.08750
v 0.56005 0.04900 -0.16250
v 0.45000 0.04900 -0.12500
v 0.55000 0.04900 -0.12500
v 0.56005 0.04900 -0.08750
v 0.56005 0.04900 0.08750
v 0.58750 0.04900 -0.56005
v 0.58750 0.04900 -0.43995
v 0.62500 0.04900 -0.55000
v 0.62500 0.04900 -0.45000
v 0.66250 0.04900 -0.56005
v 0.66250 0.04900 -0.43995
v 0.68995 0.04900 -0.58750
v 0.68995 0.04900 -0.41250
v 0.70000 0.04900 -0.12500
v 0.70000 0.04900 0.12500
v 0.58750 0.04900 -0.31005
v 0.58750 0.04900 -0.18995
v 0.62500 0.04900 -0.30000
v 0.66250 0.04900 -0.18995
v 0.66250 0.04900 -0.31005
v 0.62500 0.04900 -0.20000
v 0.58750 0.04900 -0.06005
v 0.58750 0.04900 0.06005
v 0.62500 0.04900 -0.05000
v 0.62500 0.04900 0.05000
v 0.66250 0.04900 -0.06005
v 0.68995 0.04900 -0.33750
v 0.68995 0.04900 -0.16250
v 0.70000 0.04900 0.37500
v 0.66250 0.04900 0.06005
v 0.68995 0.04900 -0.08750
v 0.68995 0.04900 0.08750
v 0.70000 0.04900 0.62500
v 0.05000 0.04900 0.12500
v 0.06005 0.04900 0.08750
v 0.12500 0.04900 -0.05000
v 0.06005 0.04900 0.16250
v 0.06005 0.04900 0.33750
v 0.08750 0.04900 0.18995
v 0.08750 0.04900 0.31005
v 0.12500 0.04900 0.20000
v 0.12500 0.04900 0.30000
v 0.16250 0.04900 0.18995
v 0.16250 0.04900 0.31005
v 0.18995 0.04900 0.16250
v 0.18995 0.04900 0.33750
v 0.06005 0.04900 0.41250
v 0.06005 0.04900 0.58750
v 0.08750 0.04900 0.43995
v 0.08750 0.04900 0.56005
v 0.12500 0.04900 0.45000
v 0.12500 0.04900 0.55000
v 0.16250 0.04900 0.43995
v 0.16250 0.04900 0.56005
v 0.18995 0.04900 0.41250
v 0.18995 0.04900 0.58750
v 0.16250 0.04900 0.06005
v 0.18995 0.04900 0.08750
v 0.20000 0.04900 0.12500
v 0.31005 0.04900 0.16250
v 0.30000 0.04900 0.12500
v 0.31005 0.04900 0.33750
v 0.33750 0.04900 0.18995
v 0.33750 0.04900 0.31005
v 0.37500 0.04900 0.20000
v 0.37500 0.04900 0.30000
v 0.20000 0.04900 0.37500
v 0.31005 0.04900 0.41250
v 0.30000 0.04900 0.37500
v 0.31005 0.04900 0.58750
v 0.20000 0.04900 0.62500
v 0.30000 0.04900 0.62500
v 0.33750 0.04900 0.43995
v 0.33750 0.04900 0.56005
v 0.37500 0.04900 0.45000
v 0.37500 0.04900 0.55000
v 0.06005 0.04900 0.66250
v 0.06005 0.04900 0.83750
v 0.08750 0.04900 0.68995
v 0.08750 0.04900 0.81005
v 0.12500 0.04900 0.80000
v 0.12500 0.04900 0.70000
v 0.16250 0.04900 0.68995
v 0.16250 0.04900 0.81005
v 0.18995 0.04900 0.66250
v 0.18995 0.04900 0.83750
v 0.06005 0.04900 0.91250
v 0.06005 0.04900 1.08750
v 0.08750 0.04900 0.93995
v 0.08750 0.04900 1.06005
v 0.12500 0.04900 0.95000
v 0.12500 0.04900 1.05000
v 0.16250 0.04900 0.93995
v 0.16250 0.04900 1.06005
v 0.18995 0.04900 0.91250
v 0.18995 0.04900 1.08750
v 0.31005 0.04900 0.66250
v 0.31005 0.04900 0.83750
v 0.20000 0.04900 0.87500
v 0.31005 0.04900 0.91250
v 0.30000 0.04900 0.87500
v 0.33750 0.04900 0.68995
v 0.33750 0.04900 0.81005
v 0.37500 0.04900 0.80000
v 0.37500 0.04900 0.70000
v 0.31005 0.04900 1.08750
v 0.20000 0.04900 1.12500
v 0.18995 0.04900 1.16250
v 0.31005 0.04900 1.16250
v 0.33750 0.04900 1.18995
v 0.16250 0.04900 1.18995
v 0.30000 0.04900 1.12500
v 0.37500 0.04900 1.20000
v 0.33750 0.04900 0.93995
v 0.33750 0.04900 1.06005
v 0.37500 0.04900 0.95000
v 0.37500 0.04900 1.05000
v 0.43995 0.04900 0.08750
v 0.41250 0.04900 0.18995
v 0.41250 0.04900 0.31005
v 0.43995 0.04900 0.16250
v 0.43995 0.04900 0.33750
v 0.45000 0.04900 0.12500
v 0.55000 0.04900 0.12500
v 0.56005 0.04900 0.16250
v 0.56005 0.04900 0.33750
v 0.41250 0.04900 0.43995
v 0.41250 0.04900 0.56005
v 0.43995 0.04900 0.41250
v 0.43995 0.04900 0.58750
v 0.45000 0.04900 0.37500
v 0.55000 0.04900 0.37500
v 0.56005 0.04900 0.41250
v 0.56005 0.04900 0.58750
v 0.55000 0.04900 0.62500
v 0.45000 0.04900 0.62500
v 0.58750 0.04900 0.18995
v 0.58750 0.04900 0.31005
v 0.62500 0.04900 0.20000
v 0.62500 0.04900 0.30000
v 0.66250 0.04900 0.18995
v 0.66250 0.04900 0.31005
v 0.68995 0.04900 0.16250
v 0.68995 0.04900 0.33750
v 0.58750 0.04900 0.43995
v 0.58750 0.04900 0.56005
v 0.62500 0.04900 0.45000
v 0.62500 0.04900 0.55000
v 0.66250 0.04900 0.43995
v 0.66250 0.04900 0.56005
v 0.68995 0.04900 0.41250
v 0.68995 0.04900 0.58750
v 0.74566 0.04666 1.24000
v 0.41250 0.04900 0.68995
v 0.41250 0.04900 0.81005
v 0.43995 0.04900 0.66250
v 0.43995 0.04900 0.83750
v 0.56005 0.04900 0.66250
v 0.56005 0.04900 0.83750
v 0.45000 0.04900 0.87500
v 0.55000 0.04900 0.87500
v 0.43995 0.04900 0.91250
v 0.56005 0.04900 0.91250
v 0.41250 0.04900 0.93995
v 0.41250 0.04900 1.06005
v 0.43995 0.04900 1.08750
v 0.56005 0.04900 1.08750
v 0.45000 0.04900 1.12500
v 0.55000 0.04900 1.12500
v 0.43995 0.04900 1.16250
v 0.56005 0.04900 1.16250
v 0.62500 0.04900 1.20000
v 0.41250 0.04900 1.18995
v 0.58750 0.04900 1.18995
v 0.58750 0.04900 0.68995
v 0.58750 0.04900 0.81005
v 0.62500 0.04900 0.80000
v 0.62500 0.04900 0.70000
v 0.66250 0.04900 0.68995
v 0.66250 0.04900 0.81005
v 0.68995 0.04900 0.66250
v 0.68995 0.04900 0.83750
v 0.70000 0.04900 0.87500
v 0.58750 0.04900 0.93995
v 0.58750 0.04900 1.06005
v 0.62500 0.04900 0.95000
v 0.62500 0.04900 1.05000
v 0.66250 0.04900 0.93995
v 0.66250 0.04900 1.06005
v 0.68995 0.04900 0.91250
v 0.68995 0.04900 1.08750
v 0.70000 0.04900 1.12500
v 0.66250 0.04900 1.18995
v 0.68995 0.04900 1.16250
v -0.66250 0.09900 -1.18995
v -0.66250 0.04900 -1.18995
v -0.68995 0.04900 -1.16250
v -0.68995 0.09900 -1.16250
v -0.70000 0.04900 -1.12500
v -0.70000 0.09900 -1.12500
v -0.68995 0.04900 -1.08750
v -0.68995 0.09900 -1.08750
v -0.66250 0.04900 -1.06005
v -0.62500 0.09900 -1.20000
v -0.62500 0.04900 -1.20000
v -0.58750 0.09900 -1.18995
v -0.58750 0.04900 -1.18995
v -0.56005 0.09900 -1.16250
v -0.56005 0.04900 -1.16250
v -0.66250 0.09900 -1.06005
v -0.62500 0.04900 -1.05000
v -0.62500 0.09900 -1.05000
v -0.58750 0.04900 -1.06005
v -0.58750 0.09900 -1.06005
v -0.56005 0.04900 -1.08750
v -0.68995 0.09900 -1.16250
v -0.68995 0.09900 -1.08750
v -0.66250 0.09900 -1.18995
v -0.70000 0.09900 -1.12500
v -0.66250 0.09900 -1.06005
v -0.56005 0.09900 -1.08750
v -0.62500 0.09900 -1.20000
v -0.62500 0.09900 -1.05000
v -0.58750 0.09900 -1.18995
v -0.58750 0.09900 -1.06005
v -0.56005 0.09900 -1.16250
v -0.56005 0.09900 -1.08750
v -0.55000 0.09900 -1.12500
v -0.55000 0.04900 -1.12500
v -0.55000 0.09900 -1.12500
v -0.62500 0.09900 -0.95000
v -0.62500 0.04900 -0.95000
v -0.66250 0.04900 -0.93995
v -0.58750 0.09900 -0.93995
v -0.58750 0.04900 -0.93995
v -0.68995 0.09900 -0.91250
v -0.68995 0.04900 -0.91250
v -0.70000 0.04900 -0.87500
v -0.70000 0.09900 -0.87500
v -0.68995 0.04900 -0.83750
v -0.66250 0.09900 -0.93995
v -0.68995 0.09900 -0.83750
v -0.66250 0.04900 -0.81005
v -0.66250 0.09900 -0.81005
v -0.62500 0.04900 -0.80000
v -0.62500 0.09900 -0.80000
v -0.58750 0.04900 -0.81005
v -0.56005 0.09900 -0.91250
v -0.56005 0.04900 -0.91250
v -0.58750 0.09900 -0.81005
v -0.56005 0.04900 -0.83750
v -0.68995 0.09900 -0.91250
v -0.70000 0.09900 -0.87500
v -0.68995 0.09900 -0.83750
v -0.66250 0.09900 -0.93995
v -0.66250 0.09900 -0.81005
v -0.56005 0.09900 -0.83750
v -0.62500 0.09900 -0.95000
v -0.62500 0.09900 -0.80000
v -0.58750 0.09900 -0.93995
v -0.58750 0.09900 -0.81005
v -0.56005 0.09900 -0.91250
v -0.56005 0.09900 -0.83750
v -0.55000 0.09900 -0.87500
v -0.55000 0.04900 -0.87500
v -0.55000 0.09900 -0.87500
v -0.68995 0.09900 -0.66250
v -0.68995 0.04900 -0.66250
v -0.70000 0.04900 -0.62500
v -0.66250 0.09900 -0.68995
v -0.66250 0.04900 -0.68995
v -0.62500 0.09900 -0.70000
v -0.62500 0.04900 -0.70000
v -0.58750 0.09900 -0.68995
v -0.58750 0.04900 -0.68995
v -0.56005 0.09900 -0.66250
v -0.56005 0.04900 -0.66250
v -0.70000 0.09900 -0.62500
v -0.68995 0.09900 -0.66250
v -0.70000 0.09900 -0.62500
v -0.68995 0.09900 -0.58750
v -0.66250 0.09900 -0.68995
v -0.66250 0.09900 -0.56005
v -0.62500 0.09900 -0.70000
v -0.62500 0.09900 -0.55000
v -0.58750 0.09900 -0.68995
v -0.58750 0.09900 -0.56005
v -0.56005 0.09900 -0.66250
v -0.55000 0.09900 -0.62500
v -0.55000 0.04900 -0.62500
v -0.56005 0.09900 -0.58750
v -0.55000 0.09900 -0.62500
v -0.68995 0.04900 -0.58750
v -0.68995 0.09900 -0.58750
v -0.66250 0.04900 -0.56005
v -0.66250 0.09900 -0.56005
v -0.62500 0.04900 -0.55000
v -0.62500 0.09900 -0.55000
v -0.58750 0.04900 -0.56005
v -0.58750 0.09900 -0.56005
v -0.56005 0.04900 -0.58750
v -0.56005 0.09900 -0.58750
v -0.68995 0.09900 -0.41250
v -0.68995 0.04900 -0.41250
v -0.70000 0.04900 -0.37500
v -0.66250 0.09900 -0.43995
v -0.66250 0.04900 -0.43995
v -0.70000 0.09900 -0.37500
v -0.68995 0.04900 -0.33750
v -0.68995 0.09900 -0.33750
v -0.66250 0.04900 -0.31005
v -0.62500 0.09900 -0.45000
v -0.62500 0.04900 -0.45000
v -0.58750 0.09900 -0.43995
v -0.58750 0.04900 -0.43995
v -0.56005 0.09900 -0.41250
v -0.56005 0.04900 -0.41250
v -0.58750 0.09900 -0.31005
v -0.58750 0.04900 -0.31005
v -0.56005 0.04900 -0.33750
v -0.66250 0.09900 -0.31005
v -0.62500 0.04900 -0.30000
v -0.62500 0.09900 -0.30000
v -0.68995 0.09900 -0.41250
v -0.68995 0.09900 -0.33750
v -0.66250 0.09900 -0.43995
v -0.70000 0.09900 -0.37500
v -0.66250 0.09900 -0.31005
v -0.56005 0.09900 -0.33750
v -0.62500 0.09900 -0.45000
v -0.62500 0.09900 -0.30000
v -0.58750 0.09900 -0.43995
v -0.58750 0.09900 -0.31005
v -0.56005 0.09900 -0.41250
v -0.56005 0.09900 -0.33750
v -0.55000 0.09900 -0.37500
v -0.55000 0.04900 -0.37500
v -0.55000 0.09900 -0.37500
v -0.66250 0.09900 -0.18995
v -0.66250 0.04900 -0.18995
v -0.68995 0.04900 -0.16250
v -0.68995 0.09900 -0.16250
v -0.70000 0.04900 -0.12500
v -0.70000 0.09900 -0.12500
v -0.68995 0.04900 -0.08750
v -0.68995 0.09900 -0.08750
v -0.66250 0.04900 -0.06005
v -0.62500 0.09900 -0.20000
v -0.62500 0.04900 -0.20000
v -0.58750 0.09900 -0.18995
v -0.58750 0.04900 -0.18995
v -0.56005 0.09900 -0.16250
v -0.56005 0.04900 -0.16250
v -0.66250 0.09900 -0.06005
v -0.62500 0.04900 -0.05000
v -0.62500 0.09900 -0.05000
v -0.58750 0.04900 -0.06005
v -0.58750 0.09900 -0.06005
v -0.56005 0.04900 -0.08750
v -0.68995 0.09900 -0.16250
v -0.70000 0.09900 -0.12500
v -0.68995 0.09900 -0.08750
v -0.66250 0.09900 -0.18995
v -0.66250 0.09900 -0.06005
v -0.56005 0.09900 -0.08750
v -0.62500 0.09900 -0.20000
v -0.62500 0.09900 -0.05000
v -0.58750 0.09900 -0.18995
v -0.58750 0.09900 -0.06005
v -0.56005 0.09900 -0.16250
v -0.56005 0.09900 -0.08750
v -0.55000 0.09900 -0.12500
v -0.55000 0.04900 -0.12500
v -0.55000 0.09900 -0.12500
v -0.66250 0.09900 0.06005
v -0.66250 0.04900 0.06005
v -0.68995 0.04900 0.08750
v -0.68995 0.09900 0.08750
v -0.70000 0.04900 0.12500
v -0.70000 0.09900 0.12500
v -0.68995 0.04900 0.16250
v -0.68995 0.09900 0.16250
v -0.66250 0.04900 0.18995
v -0.62500 0.09900 0.05000
v -0.62500 0.04900 0.05000
v -0.58750 0.09900 0.06005
v -0.58750 0.04900 0.06005
v -0.56005 0.09900 0.08750
v -0.56005 0.04900 0.08750
v -0.66250 0.09900 0.18995
v -0.62500 0.04900 0.20000
v -0.62500 0.09900 0.20000
v -0.58750 0.04900 0.18995
v -0.58750 0.09900 0.18995
v -0.56005 0.04900 0.16250
v -0.66250 0.09900 0.06005
v -0.68995 0.09900 0.08750
v -0.68995 0.09900 0.16250
v -0.70000 0.09900 0.12500
v -0.66250 0.09900 0.18995
v -0.56005 0.09900 0.16250
v -0.62500 0.09900 0.05000
v -0.62500 0.09900 0.20000
v -0.58750 0.09900 0.06005
v -0.58750 0.09900 0.18995
v -0.56005 0.09900 0.08750
v -0.56005 0.09900 0.16250
v -0.55000 0.09900 0.12500
v -0.55000 0.04900 0.12500
v -0.55000 0.09900 0.12500
v -0.62500 0.09900 0.30000
v -0.62500 0.04900 0.30000
v -0.66250 0.04900 0.31005
v -0.58750 0.09900 0.31005
v -0.58750 0.04900 0.31005
v -0.68995 0.09900 0.33750
v -0.68995 0.04900 0.33750
v -0.70000 0.04900 0.37500
v -0.70000 0.09900 0.37500
v -0.68995 0.04900 0.41250
v -0.66250 0.09900 0.31005
v -0.68995 0.09900 0.41250
v -0.66250 0.04900 0.43995
v -0.66250 0.09900 0.43995
v -0.62500 0.04900 0.45000
v -0.62500 0.09900 0.45000
v -0.58750 0.04900 0.43995
v -0.56005 0.09900 0.33750
v -0.56005 0.04900 0.33750
v -0.58750 0.09900 0.43995
v -0.56005 0.04900 0.41250
v -0.68995 0.09900 0.33750
v -0.70000 0.09900 0.37500
v -0.68995 0.09900 0.41250
v -0.66250 0.09900 0.31005
v -0.66250 0.09900 0.43995
v -0.56005 0.09900 0.41250
v -0.62500 0.09900 0.30000
v -0.62500 0.09900 0.45000
v -0.58750 0.09900 0.31005
v -0.58750 0.09900 0.43995
v -0.56005 0.09900 0.33750
v -0.56005 0.09900 0.41250
v -0.55000 0.09900 0.37500
v -0.55000 0.04900 0.37500
v -0.55000 0.09900 0.37500
v -0.68995 0.09900 0.58750
v -0.68995 0.04900 0.58750
v -0.70000 0.04900 0.62500
v -0.66250 0.09900 0.56005
v -0.66250 0.04900 0.56005
v -0.62500 0.09900 0.55000
v -0.62500 0.04900 0.55000
v -0.58750 0.09900 0.56005
v -0.58750 0.04900 0.56005
v -0.56005 0.09900 0.58750
v -0.56005 0.04900 0.58750
v -0.70000 0.09900 0.62500
v -0.68995 0.09900 0.58750
v -0.68995 0.09900 0.66250
v -0.66250 0.09900 0.56005
v -0.66250 0.09900 0.68995
v -0.62500 0.09900 0.55000
v -0.62500 0.09900 0.70000
v -0.58750 0.09900 0.56005
v -0.58750 0.09900 0.68995
v -0.56005 0.09900 0.58750
v -0.55000 0.09900 0.62500
v -0.55000 0.04900 0.62500
v -0.68995 0.04900 0.66250
v -0.68995 0.09900 0.66250
v -0.66250 0.04900 0.68995
v -0.66250 0.09900 0.68995
v -0.62500 0.04900 0.70000
v -0.62500 0.09900 0.70000
v -0.58750 0.04900 0.68995
v -0.58750 0.09900 0.68995
v -0.56005 0.04900 0.66250
v -0.70000 0.09900 0.62500
v -0.56005 0.09900 0.66250
v -0.56005 0.09900 0.66250
v -0.55000 0.09900 0.62500
v -0.68995 0.09900 0.83750
v -0.68995 0.04900 0.83750
v -0.70000 0.04900 0.87500
v -0.66250 0.09900 0.81005
v -0.66250 0.04900 0.81005
v -0.70000 0.09900 0.87500
v -0.68995 0.04900 0.91250
v -0.68995 0.09900 0.91250
v -0.66250 0.04900 0.93995
v -0.62500 0.09900 0.80000
v -0.62500 0.04900 0.80000
v -0.58750 0.09900 0.81005
v -0.58750 0.04900 0.81005
v -0.56005 0.09900 0.83750
v -0.56005 0.04900 0.83750
v -0.58750 0.09900 0.93995
v -0.58750 0.04900 0.93995
v -0.56005 0.04900 0.91250
v -0.66250 0.09900 0.93995
v -0.62500 0.04900 0.95000
v -0.62500 0.09900 0.95000
v -0.66250 0.09900 0.81005
v -0.68995 0.09900 0.83750
v -0.68995 0.09900 0.91250
v -0.70000 0.09900 0.87500
v -0.66250 0.09900 0.93995
v -0.56005 0.09900 0.91250
v -0.62500 0.09900 0.80000
v -0.62500 0.09900 0.95000
v -0.58750 0.09900 0.81005
v -0.58750 0.09900 0.93995
v -0.56005 0.09900 0.83750
v -0.56005 0.09900 0.91250
v -0.55000 0.09900 0.87500
v -0.55000 0.04900 0.87500
v -0.55000 0.09900 0.87500
v -0.66250 0.09900 1.06005
v -0.66250 0.04900 1.06005
v -0.68995 0.04900 1.08750
v -0.68995 0.09900 1.08750
v -0.70000 0.04900 1.12500
v -0.70000 0.09900 1.12500
v -0.68995 0.04900 1.16250
v -0.68995 0.09900 1.16250
v -0.66250 0.04900 1.18995
v -0.62500 0.09900 1.05000
v -0.62500 0.04900 1.05000
v -0.58750 0.09900 1.06005
v -0.58750 0.04900 1.06005
v -0.56005 0.09900 1.08750
v -0.56005 0.04900 1.08750
v -0.66250 0.09900 1.18995
v -0.62500 0.04900 1.20000
v -0.62500 0.09900 1.20000
v -0.58750 0.04900 1.18995
v -0.58750 0.09900 1.18995
v -0.56005 0.04900 1.16250
v -0.68995 0.09900 1.08750
v -0.70000 0.09900 1.12500
v -0.68995 0.09900 1.16250
v -0.66250 0.09900 1.06005
v -0.66250 0.09900 1.18995
v -0.56005 0.09900 1.16250
v -0.62500 0.09900 1.05000
v -0.62500 0.09900 1.20000
v -0.58750 0.09900 1.06005
v -0.58750 0.09900 1.18995
v -0.56005 0.09900 1.08750
v -0.56005 0.09900 1.16250
v -0.55000 0.09900 1.12500
v -0.55000 0.04900 1.12500
v -0.55000 0.09900 1.12500
v -0.41250 0.09900 -1.18995
v -0.41250 0.04900 -1.18995
v -0.43995 0.04900 -1.16250
v -0.45000 0.09900 -1.12500
v -0.45000 0.04900 -1.12500
v -0.43995 0.04900 -1.08750
v -0.43995 0.09900 -1.16250
v -0.37500 0.09900 -1.20000
v -0.37500 0.04900 -1.20000
v -0.43995 0.09900 -1.08750
v -0.41250 0.04900 -1.06005
v -0.41250 0.09900 -1.06005
v -0.37500 0.04900 -1.05000
v -0.37500 0.09900 -1.05000
v -0.43995 0.09900 -1.16250
v -0.43995 0.09900 -1.08750
v -0.41250 0.09900 -1.18995
v -0.45000 0.09900 -1.12500
v -0.41250 0.09900 -1.06005
v -0.37500 0.09900 -1.20000
v -0.37500 0.09900 -1.05000
v -0.33750 0.09900 -1.18995
v -0.33750 0.04900 -1.18995
v -0.31005 0.09900 -1.16250
v -0.31005 0.04900 -1.16250
v -0.31005 0.09900 -1.08750
v -0.31005 0.04900 -1.08750
v -0.30000 0.04900 -1.12500
v -0.30000 0.09900 -1.12500
v -0.33750 0.04900 -1.06005
v -0.33750 0.09900 -1.06005
v -0.33750 0.09900 -1.18995
v -0.33750 0.09900 -1.06005
v -0.31005 0.09900 -1.16250
v -0.31005 0.09900 -1.08750
v -0.30000 0.09900 -1.12500
v -0.37500 0.09900 -0.95000
v -0.37500 0.04900 -0.95000
v -0.41250 0.04900 -0.93995
v -0.45000 0.09900 -0.87500
v -0.45000 0.04900 -0.87500
v -0.43995 0.04900 -0.83750
v -0.43995 0.09900 -0.91250
v -0.43995 0.04900 -0.91250
v -0.41250 0.09900 -0.93995
v -0.43995 0.09900 -0.83750
v -0.41250 0.04900 -0.81005
v -0.41250 0.09900 -0.81005
v -0.37500 0.04900 -0.80000
v -0.37500 0.09900 -0.80000
v -0.43995 0.09900 -0.91250
v -0.45000 0.09900 -0.87500
v -0.43995 0.09900 -0.83750
v -0.41250 0.09900 -0.93995
v -0.41250 0.09900 -0.81005
v -0.37500 0.09900 -0.95000
v -0.37500 0.09900 -0.80000
v -0.33750 0.09900 -0.93995
v -0.33750 0.04900 -0.93995
v -0.33750 0.04900 -0.81005
v -0.33750 0.09900 -0.81005
v -0.31005 0.04900 -0.83750
v -0.31005 0.09900 -0.91250
v -0.31005 0.04900 -0.91250
v -0.30000 0.09900 -0.87500
v -0.30000 0.04900 -0.87500
v -0.31005 0.09900 -0.83750
v -0.33750 0.09900 -0.93995
v -0.33750 0.09900 -0.81005
v -0.31005 0.09900 -0.91250
v -0.31005 0.09900 -0.83750
v -0.30000 0.09900 -0.87500
v -0.41250 0.09900 -0.68995
v -0.41250 0.04900 -0.68995
v -0.43995 0.04900 -0.66250
v -0.43995 0.09900 -0.66250
v -0.45000 0.04900 -0.62500
v -0.37500 0.09900 -0.70000
v -0.37500 0.04900 -0.70000
v -0.45000 0.09900 -0.62500
v -0.43995 0.09900 -0.66250
v -0.45000 0.09900 -0.62500
v -0.43995 0.09900 -0.58750
v -0.41250 0.09900 -0.68995
v -0.41250 0.09900 -0.56005
v -0.37500 0.09900 -0.70000
v -0.43995 0.04900 -0.58750
v -0.43995 0.09900 -0.58750
v -0.41250 0.04900 -0.56005
v -0.41250 0.09900 -0.56005
v -0.37500 0.04900 -0.55000
v -0.37500 0.09900 -0.55000
v -0.37500 0.09900 -0.55000
v -0.33750 0.09900 -0.68995
v -0.33750 0.04900 -0.68995
v -0.31005 0.09900 -0.66250
v -0.31005 0.04900 -0.66250
v -0.30000 0.09900 -0.62500
v -0.30000 0.04900 -0.62500
v -0.33750 0.09900 -0.68995
v -0.33750 0.09900 -0.56005
v -0.31005 0.09900 -0.66250
v -0.31005 0.09900 -0.58750
v -0.30000 0.09900 -0.62500
v -0.33750 0.04900 -0.56005
v -0.33750 0.09900 -0.56005
v -0.31005 0.04900 -0.58750
v -0.31005 0.09900 -0.58750
v -0.41250 0.09900 -0.43995
v -0.41250 0.04900 -0.43995
v -0.43995 0.04900 -0.41250
v -0.43995 0.09900 -0.41250
v -0.45000 0.04900 -0.37500
v -0.45000 0.09900 -0.37500
v -0.43995 0.04900 -0.33750
v -0.43995 0.09900 -0.33750
v -0.41250 0.04900 -0.31005
v -0.37500 0.09900 -0.45000
v -0.37500 0.04900 -0.45000
v -0.41250 0.09900 -0.31005
v -0.37500 0.04900 -0.30000
v -0.43995 0.09900 -0.41250
v -0.43995 0.09900 -0.33750
v -0.41250 0.09900 -0.43995
v -0.45000 0.09900 -0.37500
v -0.41250 0.09900 -0.31005
v -0.37500 0.09900 -0.45000
v -0.37500 0.09900 -0.30000
v -0.37500 0.09900 -0.30000
v -0.33750 0.09900 -0.43995
v -0.33750 0.04900 -0.43995
v -0.33750 0.09900 -0.31005
v -0.33750 0.04900 -0.31005
v -0.31005 0.04900 -0.33750
v -0.31005 0.09900 -0.41250
v -0.31005 0.04900 -0.41250
v -0.31005 0.09900 -0.33750
v -0.30000 0.04900 -0.37500
v -0.30000 0.09900 -0.37500
v -0.33750 0.09900 -0.43995
v -0.33750 0.09900 -0.31005
v -0.31005 0.09900 -0.41250
v -0.31005 0.09900 -0.33750
v -0.30000 0.09900 -0.37500
v -0.41250 0.09900 -0.18995
v -0.41250 0.04900 -0.18995
v -0.43995 0.04900 -0.16250
v -0.37500 0.09900 -0.20000
v -0.37500 0.04900 -0.20000
v -0.45000 0.09900 -0.12500
v -0.45000 0.04900 -0.12500
v -0.43995 0.04900 -0.08750
v -0.43995 0.09900 -0.16250
v -0.43995 0.09900 -0.08750
v -0.41250 0.04900 -0.06005
v -0.41250 0.09900 -0.06005
v -0.37500 0.04900 -0.05000
v -0.37500 0.09900 -0.05000
v -0.43995 0.09900 -0.16250
v -0.45000 0.09900 -0.12500
v -0.43995 0.09900 -0.08750
v -0.41250 0.09900 -0.18995
v -0.41250 0.09900 -0.06005
v -0.37500 0.09900 -0.20000
v -0.37500 0.09900 -0.05000
v -0.33750 0.09900 -0.18995
v -0.33750 0.04900 -0.18995
v -0.31005 0.09900 -0.16250
v -0.31005 0.04900 -0.16250
v -0.33750 0.04900 -0.06005
v -0.33750 0.09900 -0.06005
v -0.31005 0.04900 -0.08750
v -0.31005 0.09900 -0.08750
v -0.30000 0.04900 -0.12500
v -0.30000 0.09900 -0.12500
v -0.33750 0.09900 -0.18995
v -0.33750 0.09900 -0.06005
v -0.31005 0.09900 -0.16250
v -0.31005 0.09900 -0.08750
v -0.30000 0.09900 -0.12500
v -0.41250 0.09900 0.06005
v -0.41250 0.04900 0.06005
v -0.43995 0.04900 0.08750
v -0.45000 0.09900 0.12500
v -0.45000 0.04900 0.12500
v -0.43995 0.04900 0.16250
v -0.43995 0.09900 0.08750
v -0.37500 0.09900 0.05000
v -0.37500 0.04900 0.05000
v -0.43995 0.09900 0.16250
v -0.41250 0.04900 0.18995
v -0.41250 0.09900 0.18995
v -0.37500 0.04900 0.20000
v -0.37500 0.09900 0.20000
v -0.43995 0.09900 0.08750
v -0.43995 0.09900 0.16250
v -0.41250 0.09900 0.06005
v -0.45000 0.09900 0.12500
v -0.41250 0.09900 0.18995
v -0.37500 0.09900 0.05000
v -0.37500 0.09900 0.20000
v -0.33750 0.09900 0.06005
v -0.33750 0.04900 0.06005
v -0.31005 0.09900 0.08750
v -0.31005 0.04900 0.08750
v -0.31005 0.09900 0.16250
v -0.31005 0.04900 0.16250
v -0.30000 0.04900 0.12500
v -0.30000 0.09900 0.12500
v -0.33750 0.04900 0.18995
v -0.33750 0.09900 0.18995
v -0.33750 0.09900 0.06005
v -0.33750 0.09900 0.18995
v -0.31005 0.09900 0.08750
v -0.31005 0.09900 0.16250
v -0.30000 0.09900 0.12500
v -0.37500 0.09900 0.30000
v -0.37500 0.04900 0.30000
v -0.41250 0.04900 0.31005
v -0.45000 0.09900 0.37500
v -0.45000 0.04900 0.37500
v -0.43995 0.04900 0.41250
v -0.43995 0.09900 0.33750
v -0.43995 0.04900 0.33750
v -0.41250 0.09900 0.31005
v -0.43995 0.09900 0.41250
v -0.41250 0.04900 0.43995
v -0.41250 0.09900 0.43995
v -0.37500 0.04900 0.45000
v -0.37500 0.09900 0.45000
v -0.43995 0.09900 0.33750
v -0.45000 0.09900 0.37500
v -0.43995 0.09900 0.41250
v -0.41250 0.09900 0.31005
v -0.41250 0.09900 0.43995
v -0.37500 0.09900 0.30000
v -0.37500 0.09900 0.45000
v -0.33750 0.09900 0.31005
v -0.33750 0.04900 0.31005
v -0.33750 0.04900 0.43995
v -0.33750 0.09900 0.43995
v -0.31005 0.04900 0.41250
v -0.31005 0.09900 0.33750
v -0.31005 0.04900 0.33750
v -0.30000 0.09900 0.37500
v -0.30000 0.04900 0.37500
v -0.31005 0.09900 0.41250
v -0.33750 0.09900 0.31005
v -0.33750 0.09900 0.43995
v -0.31005 0.09900 0.33750
v -0.31005 0.09900 0.41250
v -0.30000 0.09900 0.37500
v -0.41250 0.09900 0.56005
v -0.41250 0.04900 0.56005
v -0.43995 0.04900 0.58750
v -0.43995 0.09900 0.58750
v -0.45000 0.04900 0.62500
v -0.37500 0.09900 0.55000
v -0.37500 0.04900 0.55000
v -0.45000 0.09900 0.62500
v -0.43995 0.09900 0.58750
v -0.43995 0.09900 0.66250
v -0.41250 0.09900 0.56005
v -0.41250 0.09900 0.68995
v -0.37500 0.09900 0.55000
v -0.43995 0.04900 0.66250
v -0.43995 0.09900 0.66250
v -0.41250 0.04900 0.68995
v -0.41250 0.09900 0.68995
v -0.37500 0.04900 0.70000
v -0.37500 0.09900 0.70000
v -0.45000 0.09900 0.62500
v -0.37500 0.09900 0.70000
v -0.33750 0.09900 0.56005
v -0.33750 0.04900 0.56005
v -0.31005 0.09900 0.58750
v -0.31005 0.04900 0.58750
v -0.30000 0.09900 0.62500
v -0.30000 0.04900 0.62500
v -0.33750 0.09900 0.56005
v -0.33750 0.09900 0.68995
v -0.31005 0.09900 0.58750
v -0.33750 0.04900 0.68995
v -0.33750 0.09900 0.68995
v -0.31005 0.04900 0.66250
v -0.31005 0.09900 0.66250
v -0.31005 0.09900 0.66250
v -0.30000 0.09900 0.62500
v -0.43995 0.09900 0.83750
v -0.43995 0.04900 0.83750
v -0.45000 0.04900 0.87500
v -0.41250 0.09900 0.81005
v -0.41250 0.04900 0.81005
v -0.45000 0.09900 0.87500
v -0.43995 0.04900 0.91250
v -0.43995 0.09900 0.91250
v -0.41250 0.04900 0.93995
v -0.37500 0.09900 0.80000
v -0.37500 0.04900 0.80000
v -0.41250 0.09900 0.93995
v -0.37500 0.04900 0.95000
v -0.43995 0.09900 0.83750
v -0.43995 0.09900 0.91250
v -0.41250 0.09900 0.81005
v -0.45000 0.09900 0.87500
v -0.41250 0.09900 0.93995
v -0.37500 0.09900 0.80000
v -0.37500 0.09900 0.95000
v -0.37500 0.09900 0.95000
v -0.33750 0.09900 0.81005
v -0.33750 0.04900 0.81005
v -0.33750 0.09900 0.93995
v -0.33750 0.04900 0.93995
v -0.31005 0.04900 0.91250
v -0.31005 0.09900 0.83750
v -0.31005 0.04900 0.83750
v -0.31005 0.09900 0.91250
v -0.30000 0.04900 0.87500
v -0.30000 0.09900 0.87500
v -0.33750 0.09900 0.81005
v -0.33750 0.09900 0.93995
v -0.31005 0.09900 0.83750
v -0.31005 0.09900 0.91250
v -0.30000 0.09900 0.87500
v -0.41250 0.09900 1.06005
v -0.41250 0.04900 1.06005
v -0.43995 0.04900 1.08750
v -0.37500 0.09900 1.05000
v -0.37500 0.04900 1.05000
v -0.45000 0.09900 1.12500
v -0.45000 0.04900 1.12500
v -0.43995 0.04900 1.16250
v -0.43995 0.09900 1.08750
v -0.43995 0.09900 1.16250
v -0.41250 0.04900 1.18995
v -0.41250 0.09900 1.18995
v -0.37500 0.04900 1.20000
v -0.37500 0.09900 1.20000
v -0.43995 0.09900 1.08750
v -0.45000 0.09900 1.12500
v -0.43995 0.09900 1.16250
v -0.41250 0.09900 1.06005
v -0.41250 0.09900 1.18995
v -0.37500 0.09900 1.05000
v -0.37500 0.09900 1.20000
v -0.33750 0.09900 1.06005
v -0.33750 0.04900 1.06005
v -0.31005 0.09900 1.08750
v -0.31005 0.04900 1.08750
v -0.33750 0.04900 1.18995
v -0.33750 0.09900 1.18995
v -0.31005 0.04900 1.16250
v -0.31005 0.09900 1.16250
v -0.30000 0.04900 1.12500
v -0.30000 0.09900 1.12500
v -0.33750 0.09900 1.06005
v -0.33750 0.09900 1.18995
v -0.31005 0.09900 1.08750
v -0.31005 0.09900 1.16250
v -0.30000 0.09900 1.12500
v -0.18995 0.09900 -1.16250
v -0.18995 0.04900 -1.16250
v -0.20000 0.04900 -1.12500
v -0.20000 0.09900 -1.12500
v -0.18995 0.04900 -1.08750
v -0.18995 0.09900 -1.08750
v -0.20000 0.09900 -1.12500
v -0.18995 0.09900 -1.08750
v -0.18995 0.09900 -1.16250
v -0.16250 0.09900 -1.18995
v -0.16250 0.04900 -1.18995
v -0.12500 0.09900 -1.20000
v -0.12500 0.04900 -1.20000
v -0.08750 0.09900 -1.18995
v -0.08750 0.04900 -1.18995
v -0.16250 0.04900 -1.06005
v -0.16250 0.09900 -1.06005
v -0.12500 0.04900 -1.05000
v -0.12500 0.09900 -1.05000
v -0.08750 0.04900 -1.06005
v -0.06005 0.09900 -1.16250
v -0.06005 0.04900 -1.16250
v -0.05000 0.09900 -1.12500
v -0.05000 0.04900 -1.12500
v -0.06005 0.09900 -1.08750
v -0.06005 0.04900 -1.08750
v -0.08750 0.09900 -1.06005
v -0.16250 0.09900 -1.18995
v -0.16250 0.09900 -1.06005
v -0.12500 0.09900 -1.20000
v -0.12500 0.09900 -1.05000
v -0.08750 0.09900 -1.18995
v -0.08750 0.09900 -1.06005
v -0.06005 0.09900 -1.16250
v -0.06005 0.09900 -1.08750
v -0.05000 0.09900 -1.12500
v -0.18995 0.09900 -0.91250
v -0.18995 0.04900 -0.91250
v -0.20000 0.04900 -0.87500
v -0.20000 0.09900 -0.87500
v -0.18995 0.04900 -0.83750
v -0.18995 0.09900 -0.83750
v -0.18995 0.09900 -0.91250
v -0.20000 0.09900 -0.87500
v -0.18995 0.09900 -0.83750
v -0.12500 0.09900 -0.95000
v -0.12500 0.04900 -0.95000
v -0.16250 0.04900 -0.93995
v -0.08750 0.09900 -0.93995
v -0.08750 0.04900 -0.93995
v -0.16250 0.09900 -0.93995
v -0.16250 0.04900 -0.81005
v -0.16250 0.09900 -0.81005
v -0.12500 0.04900 -0.80000
v -0.12500 0.09900 -0.80000
v -0.08750 0.04900 -0.81005
v -0.06005 0.09900 -0.91250
v -0.06005 0.04900 -0.91250
v -0.05000 0.09900 -0.87500
v -0.05000 0.04900 -0.87500
v -0.08750 0.09900 -0.81005
v -0.06005 0.04900 -0.83750
v -0.06005 0.09900 -0.83750
v -0.16250 0.09900 -0.93995
v -0.16250 0.09900 -0.81005
v -0.12500 0.09900 -0.95000
v -0.12500 0.09900 -0.80000
v -0.08750 0.09900 -0.93995
v -0.08750 0.09900 -0.81005
v -0.06005 0.09900 -0.91250
v -0.06005 0.09900 -0.83750
v -0.05000 0.09900 -0.87500
v -0.18995 0.09900 -0.66250
v -0.18995 0.04900 -0.66250
v -0.20000 0.04900 -0.62500
v -0.20000 0.09900 -0.62500
v -0.20000 0.09900 -0.62500
v -0.18995 0.09900 -0.58750
v -0.18995 0.09900 -0.66250
v -0.16250 0.09900 -0.68995
v -0.16250 0.04900 -0.68995
v -0.12500 0.09900 -0.70000
v -0.12500 0.04900 -0.70000
v -0.08750 0.09900 -0.68995
v -0.08750 0.04900 -0.68995
v -0.06005 0.09900 -0.66250
v -0.06005 0.04900 -0.66250
v -0.05000 0.09900 -0.62500
v -0.05000 0.04900 -0.62500
v -0.16250 0.09900 -0.68995
v -0.16250 0.09900 -0.56005
v -0.12500 0.09900 -0.70000
v -0.12500 0.09900 -0.55000
v -0.08750 0.09900 -0.68995
v -0.08750 0.09900 -0.56005
v -0.06005 0.09900 -0.66250
v -0.06005 0.09900 -0.58750
v -0.05000 0.09900 -0.62500
v -0.18995 0.04900 -0.58750
v -0.18995 0.09900 -0.58750
v -0.16250 0.04900 -0.56005
v -0.16250 0.09900 -0.56005
v -0.12500 0.04900 -0.55000
v -0.12500 0.09900 -0.55000
v -0.08750 0.04900 -0.56005
v -0.08750 0.09900 -0.56005
v -0.06005 0.04900 -0.58750
v -0.06005 0.09900 -0.58750
v -0.18995 0.09900 -0.41250
v -0.18995 0.04900 -0.41250
v -0.20000 0.04900 -0.37500
v -0.20000 0.09900 -0.37500
v -0.18995 0.04900 -0.33750
v -0.18995 0.09900 -0.33750
v -0.20000 0.09900 -0.37500
v -0.18995 0.09900 -0.33750
v -0.18995 0.09900 -0.41250
v -0.16250 0.09900 -0.43995
v -0.16250 0.04900 -0.43995
v -0.16250 0.04900 -0.31005
v -0.12500 0.09900 -0.45000
v -0.12500 0.04900 -0.45000
v -0.08750 0.09900 -0.43995
v -0.08750 0.04900 -0.43995
v -0.06005 0.09900 -0.41250
v -0.06005 0.04900 -0.41250
v -0.08750 0.09900 -0.31005
v -0.08750 0.04900 -0.31005
v -0.06005 0.04900 -0.33750
v -0.05000 0.09900 -0.37500
v -0.05000 0.04900 -0.37500
v -0.06005 0.09900 -0.33750
v -0.16250 0.09900 -0.31005
v -0.12500 0.04900 -0.30000
v -0.12500 0.09900 -0.30000
v -0.16250 0.09900 -0.43995
v -0.12500 0.09900 -0.45000
v -0.16250 0.09900 -0.31005
v -0.12500 0.09900 -0.30000
v -0.08750 0.09900 -0.43995
v -0.08750 0.09900 -0.31005
v -0.06005 0.09900 -0.41250
v -0.06005 0.09900 -0.33750
v -0.05000 0.09900 -0.37500
v -0.18995 0.09900 -0.16250
v -0.18995 0.04900 -0.16250
v -0.20000 0.04900 -0.12500
v -0.20000 0.09900 -0.12500
v -0.18995 0.04900 -0.08750
v -0.18995 0.09900 -0.08750
v -0.18995 0.09900 -0.16250
v -0.20000 0.09900 -0.12500
v -0.18995 0.09900 -0.08750
v -0.16250 0.09900 -0.18995
v -0.16250 0.04900 -0.18995
v -0.12500 0.09900 -0.20000
v -0.12500 0.04900 -0.20000
v -0.08750 0.09900 -0.18995
v -0.08750 0.04900 -0.18995
v -0.16250 0.04900 -0.06005
v -0.16250 0.09900 -0.06005
v -0.12500 0.04900 -0.05000
v -0.12500 0.09900 -0.05000
v -0.08750 0.04900 -0.06005
v -0.06005 0.09900 -0.16250
v -0.06005 0.04900 -0.16250
v -0.05000 0.09900 -0.12500
v -0.05000 0.04900 -0.12500
v -0.06005 0.09900 -0.08750
v -0.06005 0.04900 -0.08750
v -0.08750 0.09900 -0.06005
v -0.16250 0.09900 -0.18995
v -0.16250 0.09900 -0.06005
v -0.12500 0.09900 -0.20000
v -0.12500 0.09900 -0.05000
v -0.08750 0.09900 -0.18995
v -0.08750 0.09900 -0.06005
v -0.06005 0.09900 -0.16250
v -0.06005 0.09900 -0.08750
v -0.05000 0.09900 -0.12500
v -0.18995 0.09900 0.08750
v -0.18995 0.04900 0.08750
v -0.20000 0.04900 0.12500
v -0.20000 0.09900 0.12500
v -0.18995 0.04900 0.16250
v -0.18995 0.09900 0.16250
v -0.20000 0.09900 0.12500
v -0.18995 0.09900 0.16250
v -0.18995 0.09900 0.08750
v -0.16250 0.09900 0.06005
v -0.16250 0.04900 0.06005
v -0.12500 0.09900 0.05000
v -0.12500 0.04900 0.05000
v -0.08750 0.09900 0.06005
v -0.08750 0.04900 0.06005
v -0.16250 0.04900 0.18995
v -0.16250 0.09900 0.18995
v -0.12500 0.04900 0.20000
v -0.12500 0.09900 0.20000
v -0.08750 0.04900 0.18995
v -0.06005 0.09900 0.08750
v -0.06005 0.04900 0.08750
v -0.05000 0.09900 0.12500
v -0.05000 0.04900 0.12500
v -0.06005 0.09900 0.16250
v -0.06005 0.04900 0.16250
v -0.08750 0.09900 0.18995
v -0.16250 0.09900 0.06005
v -0.16250 0.09900 0.18995
v -0.12500 0.09900 0.05000
v -0.12500 0.09900 0.20000
v -0.08750 0.09900 0.06005
v -0.08750 0.09900 0.18995
v -0.06005 0.09900 0.08750
v -0.06005 0.09900 0.16250
v -0.05000 0.09900 0.12500
v -0.18995 0.09900 0.33750
v -0.18995 0.04900 0.33750
v -0.20000 0.04900 0.37500
v -0.20000 0.09900 0.37500
v -0.18995 0.04900 0.41250
v -0.18995 0.09900 0.41250
v -0.20000 0.09900 0.37500
v -0.18995 0.09900 0.41250
v -0.18995 0.09900 0.33750
v -0.12500 0.09900 0.30000
v -0.12500 0.04900 0.30000
v -0.16250 0.04900 0.31005
v -0.08750 0.09900 0.31005
v -0.08750 0.04900 0.31005
v -0.16250 0.09900 0.31005
v -0.16250 0.04900 0.43995
v -0.16250 0.09900 0.43995
v -0.12500 0.04900 0.45000
v -0.12500 0.09900 0.45000
v -0.08750 0.04900 0.43995
v -0.06005 0.09900 0.33750
v -0.06005 0.04900 0.33750
v -0.05000 0.09900 0.37500
v -0.05000 0.04900 0.37500
v -0.08750 0.09900 0.43995
v -0.06005 0.04900 0.41250
v -0.06005 0.09900 0.41250
v -0.16250 0.09900 0.31005
v -0.16250 0.09900 0.43995
v -0.12500 0.09900 0.30000
v -0.12500 0.09900 0.45000
v -0.08750 0.09900 0.31005
v -0.08750 0.09900 0.43995
v -0.06005 0.09900 0.33750
v -0.06005 0.09900 0.41250
v -0.05000 0.09900 0.37500
v -0.18995 0.09900 0.58750
v -0.18995 0.04900 0.58750
v -0.20000 0.04900 0.62500
v -0.20000 0.09900 0.62500
v -0.16250 0.09900 0.56005
v -0.16250 0.04900 0.56005
v -0.12500 0.09900 0.55000
v -0.12500 0.04900 0.55000
v -0.08750 0.09900 0.56005
v -0.08750 0.04900 0.56005
v -0.06005 0.09900 0.58750
v -0.06005 0.04900 0.58750
v -0.05000 0.09900 0.62500
v -0.05000 0.04900 0.62500
v -0.18995 0.09900 0.58750
v -0.18995 0.09900 0.66250
v -0.16250 0.09900 0.56005
v -0.16250 0.09900 0.68995
v -0.12500 0.09900 0.55000
v -0.12500 0.09900 0.70000
v -0.08750 0.09900 0.56005
v -0.08750 0.09900 0.68995
v -0.06005 0.09900 0.58750
v -0.18995 0.04900 0.66250
v -0.18995 0.09900 0.66250
v -0.20000 0.09900 0.62500
v -0.16250 0.04900 0.68995
v -0.16250 0.09900 0.68995
v -0.12500 0.04900 0.70000
v -0.12500 0.09900 0.70000
v -0.08750 0.04900 0.68995
v -0.08750 0.09900 0.68995
v -0.06005 0.04900 0.66250
v -0.06005 0.09900 0.66250
v -0.06005 0.09900 0.66250
v -0.05000 0.09900 0.62500
v -0.18995 0.09900 0.83750
v -0.18995 0.04900 0.83750
v -0.20000 0.04900 0.87500
v -0.20000 0.09900 0.87500
v -0.18995 0.04900 0.91250
v -0.18995 0.09900 0.91250
v -0.20000 0.09900 0.87500
v -0.18995 0.09900 0.91250
v -0.18995 0.09900 0.83750
v -0.16250 0.09900 0.81005
v -0.16250 0.04900 0.81005
v -0.16250 0.04900 0.93995
v -0.12500 0.09900 0.80000
v -0.12500 0.04900 0.80000
v -0.08750 0.09900 0.81005
v -0.08750 0.04900 0.81005
v -0.06005 0.09900 0.83750
v -0.06005 0.04900 0.83750
v -0.08750 0.09900 0.93995
v -0.08750 0.04900 0.93995
v -0.06005 0.04900 0.91250
v -0.05000 0.09900 0.87500
v -0.05000 0.04900 0.87500
v -0.06005 0.09900 0.91250
v -0.16250 0.09900 0.93995
v -0.12500 0.04900 0.95000
v -0.12500 0.09900 0.95000
v -0.16250 0.09900 0.81005
v -0.16250 0.09900 0.93995
v -0.12500 0.09900 0.80000
v -0.12500 0.09900 0.95000
v -0.08750 0.09900 0.81005
v -0.08750 0.09900 0.93995
v -0.06005 0.09900 0.83750
v -0.06005 0.09900 0.91250
v -0.05000 0.09900 0.87500
v -0.18995 0.09900 1.08750
v -0.18995 0.04900 1.08750
v -0.20000 0.04900 1.12500
v -0.20000 0.09900 1.12500
v -0.18995 0.04900 1.16250
v -0.18995 0.09900 1.16250
v -0.20000 0.09900 1.12500
v -0.18995 0.09900 1.16250
v -0.18995 0.09900 1.08750
v -0.16250 0.09900 1.06005
v -0.16250 0.04900 1.06005
v -0.12500 0.09900 1.05000
v -0.12500 0.04900 1.05000
v -0.08750 0.09900 1.06005
v -0.08750 0.04900 1.06005
v -0.16250 0.04900 1.18995
v -0.16250 0.09900 1.18995
v -0.12500 0.04900 1.20000
v -0.12500 0.09900 1.20000
v -0.08750 0.04900 1.18995
v -0.06005 0.09900 1.08750
v -0.06005 0.04900 1.08750
v -0.05000 0.09900 1.12500
v -0.05000 0.04900 1.12500
v -0.06005 0.09900 1.16250
v -0.06005 0.04900 1.16250
v -0.08750 0.09900 1.18995
v -0.16250 0.09900 1.06005
v -0.16250 0.09900 1.18995
v -0.12500 0.09900 1.05000
v -0.12500 0.09900 1.20000
v -0.08750 0.09900 1.06005
v -0.08750 0.09900 1.18995
v -0.06005 0.09900 1.08750
v -0.06005 0.09900 1.16250
v -0.05000 0.09900 1.12500
v 0.08750 0.09900 -1.18995
v 0.08750 0.04900 -1.18995
v 0.06005 0.04900 -1.16250
v 0.06005 0.09900 -1.16250
v 0.05000 0.04900 -1.12500
v 0.05000 0.09900 -1.12500
v 0.06005 0.04900 -1.08750
v 0.06005 0.09900 -1.08750
v 0.08750 0.04900 -1.06005
v 0.12500 0.09900 -1.20000
v 0.12500 0.04900 -1.20000
v 0.16250 0.09900 -1.18995
v 0.16250 0.04900 -1.18995
v 0.18995 0.09900 -1.16250
v 0.18995 0.04900 -1.16250
v 0.08750 0.09900 -1.06005
v 0.12500 0.04900 -1.05000
v 0.12500 0.09900 -1.05000
v 0.16250 0.04900 -1.06005
v 0.16250 0.09900 -1.06005
v 0.18995 0.04900 -1.08750
v 0.06005 0.09900 -1.16250
v 0.06005 0.09900 -1.08750
v 0.08750 0.09900 -1.18995
v 0.05000 0.09900 -1.12500
v 0.08750 0.09900 -1.06005
v 0.18995 0.09900 -1.08750
v 0.12500 0.09900 -1.20000
v 0.12500 0.09900 -1.05000
v 0.16250 0.09900 -1.18995
v 0.16250 0.09900 -1.06005
v 0.18995 0.09900 -1.16250
v 0.18995 0.09900 -1.08750
v 0.20000 0.09900 -1.12500
v 0.20000 0.04900 -1.12500
v 0.20000 0.09900 -1.12500
v 0.12500 0.09900 -0.95000
v 0.12500 0.04900 -0.95000
v 0.08750 0.04900 -0.93995
v 0.16250 0.09900 -0.93995
v 0.16250 0.04900 -0.93995
v 0.06005 0.09900 -0.91250
v 0.06005 0.04900 -0.91250
v 0.05000 0.04900 -0.87500
v 0.05000 0.09900 -0.87500
v 0.06005 0.04900 -0.83750
v 0.08750 0.09900 -0.93995
v 0.06005 0.09900 -0.83750
v 0.08750 0.04900 -0.81005
v 0.08750 0.09900 -0.81005
v 0.12500 0.04900 -0.80000
v 0.12500 0.09900 -0.80000
v 0.16250 0.04900 -0.81005
v 0.18995 0.09900 -0.91250
v 0.18995 0.04900 -0.91250
v 0.16250 0.09900 -0.81005
v 0.18995 0.04900 -0.83750
v 0.06005 0.09900 -0.91250
v 0.05000 0.09900 -0.87500
v 0.06005 0.09900 -0.83750
v 0.08750 0.09900 -0.93995
v 0.08750 0.09900 -0.81005
v 0.18995 0.09900 -0.83750
v 0.12500 0.09900 -0.95000
v 0.12500 0.09900 -0.80000
v 0.16250 0.09900 -0.93995
v 0.16250 0.09900 -0.81005
v 0.18995 0.09900 -0.91250
v 0.18995 0.09900 -0.83750
v 0.20000 0.09900 -0.87500
v 0.20000 0.04900 -0.87500
v 0.20000 0.09900 -0.87500
v 0.06005 0.09900 -0.66250
v 0.06005 0.04900 -0.66250
v 0.05000 0.04900 -0.62500
v 0.08750 0.09900 -0.68995
v 0.08750 0.04900 -0.68995
v 0.12500 0.09900 -0.70000
v 0.12500 0.04900 -0.70000
v 0.16250 0.09900 -0.68995
v 0.16250 0.04900 -0.68995
v 0.18995 0.09900 -0.66250
v 0.18995 0.04900 -0.66250
v 0.05000 0.09900 -0.62500
v 0.06005 0.09900 -0.66250
v 0.05000 0.09900 -0.62500
v 0.06005 0.09900 -0.58750
v 0.08750 0.09900 -0.68995
v 0.08750 0.09900 -0.56005
v 0.12500 0.09900 -0.70000
v 0.12500 0.09900 -0.55000
v 0.16250 0.09900 -0.68995
v 0.16250 0.09900 -0.56005
v 0.18995 0.09900 -0.66250
v 0.20000 0.09900 -0.62500
v 0.20000 0.04900 -0.62500
v 0.18995 0.09900 -0.58750
v 0.20000 0.09900 -0.62500
v 0.06005 0.04900 -0.58750
v 0.06005 0.09900 -0.58750
v 0.08750 0.04900 -0.56005
v 0.08750 0.09900 -0.56005
v 0.12500 0.04900 -0.55000
v 0.12500 0.09900 -0.55000
v 0.16250 0.04900 -0.56005
v 0.16250 0.09900 -0.56005
v 0.18995 0.04900 -0.58750
v 0.18995 0.09900 -0.58750
v 0.06005 0.09900 -0.41250
v 0.06005 0.04900 -0.41250
v 0.05000 0.04900 -0.37500
v 0.08750 0.09900 -0.43995
v 0.08750 0.04900 -0.43995
v 0.05000 0.09900 -0.37500
v 0.06005 0.04900 -0.33750
v 0.06005 0.09900 -0.33750
v 0.08750 0.04900 -0.31005
v 0.12500 0.09900 -0.45000
v 0.12500 0.04900 -0.45000
v 0.16250 0.09900 -0.43995
v 0.16250 0.04900 -0.43995
v 0.18995 0.09900 -0.41250
v 0.18995 0.04900 -0.41250
v 0.16250 0.09900 -0.31005
v 0.16250 0.04900 -0.31005
v 0.18995 0.04900 -0.33750
v 0.08750 0.09900 -0.31005
v 0.12500 0.04900 -0.30000
v 0.12500 0.09900 -0.30000
v 0.06005 0.09900 -0.41250
v 0.06005 0.09900 -0.33750
v 0.08750 0.09900 -0.43995
v 0.05000 0.09900 -0.37500
v 0.08750 0.09900 -0.31005
v 0.18995 0.09900 -0.33750
v 0.12500 0.09900 -0.45000
v 0.12500 0.09900 -0.30000
v 0.16250 0.09900 -0.43995
v 0.16250 0.09900 -0.31005
v 0.18995 0.09900 -0.41250
v 0.18995 0.09900 -0.33750
v 0.20000 0.09900 -0.37500
v 0.20000 0.04900 -0.37500
v 0.20000 0.09900 -0.37500
v 0.08750 0.09900 -0.18995
v 0.08750 0.04900 -0.18995
v 0.06005 0.04900 -0.16250
v 0.06005 0.09900 -0.16250
v 0.05000 0.04900 -0.12500
v 0.05000 0.09900 -0.12500
v 0.06005 0.04900 -0.08750
v 0.06005 0.09900 -0.08750
v 0.08750 0.04900 -0.06005
v 0.12500 0.09900 -0.20000
v 0.12500 0.04900 -0.20000
v 0.16250 0.09900 -0.18995
v 0.16250 0.04900 -0.18995
v 0.18995 0.09900 -0.16250
v 0.18995 0.04900 -0.16250
v 0.08750 0.09900 -0.06005
v 0.12500 0.04900 -0.05000
v 0.12500 0.09900 -0.05000
v 0.16250 0.04900 -0.06005
v 0.16250 0.09900 -0.06005
v 0.18995 0.04900 -0.08750
v 0.06005 0.09900 -0.16250
v 0.05000 0.09900 -0.12500
v 0.06005 0.09900 -0.08750
v 0.08750 0.09900 -0.18995
v 0.08750 0.09900 -0.06005
v 0.18995 0.09900 -0.08750
v 0.12500 0.09900 -0.20000
v 0.12500 0.09900 -0.05000
v 0.16250 0.09900 -0.18995
v 0.16250 0.09900 -0.06005
v 0.18995 0.09900 -0.16250
v 0.18995 0.09900 -0.08750
v 0.20000 0.09900 -0.12500
v 0.20000 0.04900 -0.12500
v 0.20000 0.09900 -0.12500
v 0.08750 0.09900 0.06005
v 0.08750 0.04900 0.06005
v 0.06005 0.04900 0.08750
v 0.06005 0.09900 0.08750
v 0.05000 0.04900 0.12500
v 0.05000 0.09900 0.12500
v 0.06005 0.04900 0.16250
v 0.06005 0.09900 0.16250
v 0.08750 0.04900 0.18995
v 0.12500 0.09900 0.05000
v 0.12500 0.04900 0.05000
v 0.16250 0.09900 0.06005
v 0.16250 0.04900 0.06005
v 0.18995 0.09900 0.08750
v 0.18995 0.04900 0.08750
v 0.08750 0.09900 0.18995
v 0.12500 0.04900 0.20000
v 0.12500 0.09900 0.20000
v 0.16250 0.04900 0.18995
v 0.16250 0.09900 0.18995
v 0.18995 0.04900 0.16250
v 0.06005 0.09900 0.08750
v 0.06005 0.09900 0.16250
v 0.08750 0.09900 0.06005
v 0.05000 0.09900 0.12500
v 0.08750 0.09900 0.18995
v 0.18995 0.09900 0.16250
v 0.12500 0.09900 0.05000
v 0.12500 0.09900 0.20000
v 0.16250 0.09900 0.06005
v 0.16250 0.09900 0.18995
v 0.18995 0.09900 0.08750
v 0.18995 0.09900 0.16250
v 0.20000 0.09900 0.12500
v 0.20000 0.04900 0.12500
v 0.20000 0.09900 0.12500
v 0.12500 0.09900 0.30000
v 0.12500 0.04900 0.30000
v 0.08750 0.04900 0.31005
v 0.16250 0.09900 0.31005
v 0.16250 0.04900 0.31005
v 0.06005 0.09900 0.33750
v 0.06005 0.04900 0.33750
v 0.05000 0.04900 0.37500
v 0.05000 0.09900 0.37500
v 0.06005 0.04900 0.41250
v 0.08750 0.09900 0.31005
v 0.06005 0.09900 0.41250
v 0.08750 0.04900 0.43995
v 0.08750 0.09900 0.43995
v 0.12500 0.04900 0.45000
v 0.12500 0.09900 0.45000
v 0.16250 0.04900 0.43995
v 0.18995 0.09900 0.33750
v 0.18995 0.04900 0.33750
v 0.16250 0.09900 0.43995
v 0.18995 0.04900 0.41250
v 0.06005 0.09900 0.33750
v 0.05000 0.09900 0.37500
v 0.06005 0.09900 0.41250
v 0.08750 0.09900 0.31005
v 0.08750 0.09900 0.43995
v 0.18995 0.09900 0.41250
v 0.12500 0.09900 0.30000
v 0.12500 0.09900 0.45000
v 0.16250 0.09900 0.31005
v 0.16250 0.09900 0.43995
v 0.18995 0.09900 0.33750
v 0.18995 0.09900 0.41250
v 0.20000 0.09900 0.37500
v 0.20000 0.04900 0.37500
v 0.20000 0.09900 0.37500
v 0.06005 0.09900 0.58750
v 0.06005 0.04900 0.58750
v 0.05000 0.04900 0.62500
v 0.08750 0.09900 0.56005
v 0.08750 0.04900 0.56005
v 0.12500 0.09900 0.55000
v 0.12500 0.04900 0.55000
v 0.16250 0.09900 0.56005
v 0.16250 0.04900 0.56005
v 0.18995 0.09900 0.58750
v 0.18995 0.04900 0.58750
v 0.05000 0.09900 0.62500
v 0.06005 0.09900 0.58750
v 0.06005 0.09900 0.66250
v 0.08750 0.09900 0.56005
v 0.08750 0.09900 0.68995
v 0.12500 0.09900 0.55000
v 0.12500 0.09900 0.70000
v 0.16250 0.09900 0.56005
v 0.16250 0.09900 0.68995
v 0.18995 0.09900 0.58750
v 0.20000 0.09900 0.62500
v 0.20000 0.04900 0.62500
v 0.06005 0.04900 0.66250
v 0.06005 0.09900 0.66250
v 0.08750 0.04900 0.68995
v 0.08750 0.09900 0.68995
v 0.12500 0.04900 0.70000
v 0.12500 0.09900 0.70000
v 0.16250 0.04900 0.68995
v 0.16250 0.09900 0.68995
v 0.18995 0.04900 0.66250
v 0.05000 0.09900 0.62500
v 0.18995 0.09900 0.66250
v 0.18995 0.09900 0.66250
v 0.20000 0.09900 0.62500
v 0.06005 0.09900 0.83750
v 0.06005 0.04900 0.83750
v 0.05000 0.04900 0.87500
v 0.08750 0.09900 0.81005
v 0.08750 0.04900 0.81005
v 0.05000 0.09900 0.87500
v 0.06005 0.04900 0.91250
v 0.06005 0.09900 0.91250
v 0.08750 0.04900 0.93995
v 0.12500 0.09900 0.80000
v 0.12500 0.04900 0.80000
v 0.16250 0.09900 0.81005
v 0.16250 0.04900 0.81005
v 0.18995 0.09900 0.83750
v 0.18995 0.04900 0.83750
v 0.16250 0.09900 0.93995
v 0.16250 0.04900 0.93995
v 0.18995 0.04900 0.91250
v 0.08750 0.09900 0.93995
v 0.12500 0.04900 0.95000
v 0.12500 0.09900 0.95000
v 0.06005 0.09900 0.83750
v 0.06005 0.09900 0.91250
v 0.08750 0.09900 0.81005
v 0.05000 0.09900 0.87500
v 0.08750 0.09900 0.93995
v 0.18995 0.09900 0.91250
v 0.12500 0.09900 0.80000
v 0.12500 0.09900 0.95000
v 0.16250 0.09900 0.81005
v 0.16250 0.09900 0.93995
v 0.18995 0.09900 0.83750
v 0.18995 0.09900 0.91250
v 0.20000 0.09900 0.87500
v 0.20000 0.04900 0.87500
v 0.20000 0.09900 0.87500
v 0.08750 0.09900 1.06005
v 0.08750 0.04900 1.06005
v 0.06005 0.04900 1.08750
v 0.06005 0.09900 1.08750
v 0.05000 0.04900 1.12500
v 0.05000 0.09900 1.12500
v 0.06005 0.04900 1.16250
v 0.06005 0.09900 1.16250
v 0.08750 0.04900 1.18995
v 0.12500 0.09900 1.05000
v 0.12500 0.04900 1.05000
v 0.16250 0.09900 1.06005
v 0.16250 0.04900 1.06005
v 0.18995 0.09900 1.08750
v 0.18995 0.04900 1.08750
v 0.08750 0.09900 1.18995
v 0.12500 0.04900 1.20000
v 0.12500 0.09900 1.20000
v 0.16250 0.04900 1.18995
v 0.16250 0.09900 1.18995
v 0.18995 0.04900 1.16250
v 0.06005 0.09900 1.08750
v 0.05000 0.09900 1.12500
v 0.06005 0.09900 1.16250
v 0.08750 0.09900 1.06005
v 0.08750 0.09900 1.18995
v 0.18995 0.09900 1.16250
v 0.12500 0.09900 1.05000
v 0.12500 0.09900 1.20000
v 0.16250 0.09900 1.06005
v 0.16250 0.09900 1.18995
v 0.18995 0.09900 1.08750
v 0.18995 0.09900 1.16250
v 0.20000 0.09900 1.12500
v 0.20000 0.04900 1.12500
v 0.20000 0.09900 1.12500
v 0.30000 0.09900 -1.12500
v 0.30000 0.04900 -1.12500
v 0.31005 0.04900 -1.08750
v 0.31005 0.09900 -1.16250
v 0.31005 0.04900 -1.16250
v 0.33750 0.09900 -1.18995
v 0.33750 0.04900 -1.18995
v 0.37500 0.09900 -1.20000
v 0.37500 0.04900 -1.20000
v 0.31005 0.09900 -1.08750
v 0.33750 0.04900 -1.06005
v 0.33750 0.09900 -1.06005
v 0.37500 0.04900 -1.05000
v 0.37500 0.09900 -1.05000
v 0.31005 0.09900 -1.16250
v 0.31005 0.09900 -1.08750
v 0.33750 0.09900 -1.18995
v 0.30000 0.09900 -1.12500
v 0.33750 0.09900 -1.06005
v 0.37500 0.09900 -1.20000
v 0.37500 0.09900 -1.05000
v 0.41250 0.09900 -1.18995
v 0.41250 0.04900 -1.18995
v 0.43995 0.09900 -1.16250
v 0.43995 0.04900 -1.16250
v 0.43995 0.09900 -1.08750
v 0.43995 0.04900 -1.08750
v 0.45000 0.04900 -1.12500
v 0.45000 0.09900 -1.12500
v 0.41250 0.04900 -1.06005
v 0.41250 0.09900 -1.06005
v 0.41250 0.09900 -1.18995
v 0.41250 0.09900 -1.06005
v 0.43995 0.09900 -1.16250
v 0.43995 0.09900 -1.08750
v 0.45000 0.09900 -1.12500
v 0.37500 0.09900 -0.95000
v 0.37500 0.04900 -0.95000
v 0.33750 0.04900 -0.93995
v 0.30000 0.09900 -0.87500
v 0.30000 0.04900 -0.87500
v 0.31005 0.04900 -0.83750
v 0.31005 0.09900 -0.91250
v 0.31005 0.04900 -0.91250
v 0.31005 0.09900 -0.83750
v 0.33750 0.04900 -0.81005
v 0.33750 0.09900 -0.93995
v 0.33750 0.09900 -0.81005
v 0.37500 0.04900 -0.80000
v 0.37500 0.09900 -0.80000
v 0.31005 0.09900 -0.91250
v 0.30000 0.09900 -0.87500
v 0.31005 0.09900 -0.83750
v 0.33750 0.09900 -0.93995
v 0.33750 0.09900 -0.81005
v 0.37500 0.09900 -0.95000
v 0.37500 0.09900 -0.80000
v 0.41250 0.09900 -0.93995
v 0.41250 0.04900 -0.93995
v 0.41250 0.04900 -0.81005
v 0.43995 0.09900 -0.91250
v 0.43995 0.04900 -0.91250
v 0.45000 0.09900 -0.87500
v 0.45000 0.04900 -0.87500
v 0.41250 0.09900 -0.81005
v 0.43995 0.04900 -0.83750
v 0.43995 0.09900 -0.83750
v 0.41250 0.09900 -0.93995
v 0.41250 0.09900 -0.81005
v 0.43995 0.09900 -0.91250
v 0.43995 0.09900 -0.83750
v 0.45000 0.09900 -0.87500
v 0.31005 0.09900 -0.66250
v 0.31005 0.04900 -0.66250
v 0.30000 0.04900 -0.62500
v 0.33750 0.09900 -0.68995
v 0.33750 0.04900 -0.68995
v 0.37500 0.09900 -0.70000
v 0.37500 0.04900 -0.70000
v 0.30000 0.09900 -0.62500
v 0.30000 0.09900 -0.62500
v 0.31005 0.09900 -0.58750
v 0.31005 0.09900 -0.66250
v 0.33750 0.09900 -0.68995
v 0.33750 0.09900 -0.56005
v 0.37500 0.09900 -0.70000
v 0.31005 0.04900 -0.58750
v 0.31005 0.09900 -0.58750
v 0.33750 0.04900 -0.56005
v 0.33750 0.09900 -0.56005
v 0.37500 0.04900 -0.55000
v 0.37500 0.09900 -0.55000
v 0.37500 0.09900 -0.55000
v 0.41250 0.09900 -0.68995
v 0.41250 0.04900 -0.68995
v 0.43995 0.09900 -0.66250
v 0.43995 0.04900 -0.66250
v 0.45000 0.09900 -0.62500
v 0.45000 0.04900 -0.62500
v 0.41250 0.09900 -0.68995
v 0.41250 0.09900 -0.56005
v 0.43995 0.09900 -0.66250
v 0.43995 0.09900 -0.58750
v 0.45000 0.09900 -0.62500
v 0.41250 0.04900 -0.56005
v 0.43995 0.09900 -0.58750
v 0.43995 0.04900 -0.58750
v 0.41250 0.09900 -0.56005
v 0.31005 0.09900 -0.41250
v 0.31005 0.04900 -0.41250
v 0.30000 0.04900 -0.37500
v 0.30000 0.09900 -0.37500
v 0.31005 0.04900 -0.33750
v 0.31005 0.09900 -0.33750
v 0.33750 0.04900 -0.31005
v 0.33750 0.09900 -0.43995
v 0.33750 0.04900 -0.43995
v 0.37500 0.09900 -0.45000
v 0.37500 0.04900 -0.45000
v 0.33750 0.09900 -0.31005
v 0.37500 0.04900 -0.30000
v 0.31005 0.09900 -0.41250
v 0.31005 0.09900 -0.33750
v 0.33750 0.09900 -0.43995
v 0.30000 0.09900 -0.37500
v 0.33750 0.09900 -0.31005
v 0.37500 0.09900 -0.45000
v 0.37500 0.09900 -0.30000
v 0.37500 0.09900 -0.30000
v 0.41250 0.09900 -0.43995
v 0.41250 0.04900 -0.43995
v 0.43995 0.09900 -0.41250
v 0.43995 0.04900 -0.41250
v 0.41250 0.09900 -0.31005
v 0.41250 0.04900 -0.31005
v 0.43995 0.04900 -0.33750
v 0.43995 0.09900 -0.33750
v 0.45000 0.04900 -0.37500
v 0.45000 0.09900 -0.37500
v 0.41250 0.09900 -0.43995
v 0.41250 0.09900 -0.31005
v 0.43995 0.09900 -0.41250
v 0.43995 0.09900 -0.33750
v 0.45000 0.09900 -0.37500
v 0.33750 0.09900 -0.18995
v 0.33750 0.04900 -0.18995
v 0.31005 0.04900 -0.16250
v 0.37500 0.09900 -0.20000
v 0.37500 0.04900 -0.20000
v 0.30000 0.09900 -0.12500
v 0.30000 0.04900 -0.12500
v 0.31005 0.04900 -0.08750
v 0.31005 0.09900 -0.16250
v 0.31005 0.09900 -0.08750
v 0.33750 0.04900 -0.06005
v 0.33750 0.09900 -0.06005
v 0.37500 0.04900 -0.05000
v 0.37500 0.09900 -0.05000
v 0.31005 0.09900 -0.16250
v 0.30000 0.09900 -0.12500
v 0.31005 0.09900 -0.08750
v 0.33750 0.09900 -0.18995
v 0.33750 0.09900 -0.06005
v 0.37500 0.09900 -0.20000
v 0.37500 0.09900 -0.05000
v 0.41250 0.09900 -0.18995
v 0.41250 0.04900 -0.18995
v 0.43995 0.09900 -0.16250
v 0.43995 0.04900 -0.16250
v 0.41250 0.04900 -0.06005
v 0.43995 0.09900 -0.08750
v 0.43995 0.04900 -0.08750
v 0.45000 0.04900 -0.12500
v 0.45000 0.09900 -0.12500
v 0.41250 0.09900 -0.06005
v 0.41250 0.09900 -0.18995
v 0.41250 0.09900 -0.06005
v 0.43995 0.09900 -0.16250
v 0.43995 0.09900 -0.08750
v 0.45000 0.09900 -0.12500
v 0.30000 0.09900 0.12500
v 0.30000 0.04900 0.12500
v 0.31005 0.04900 0.16250
v 0.31005 0.09900 0.08750
v 0.31005 0.04900 0.08750
v 0.33750 0.09900 0.06005
v 0.33750 0.04900 0.06005
v 0.37500 0.09900 0.05000
v 0.37500 0.04900 0.05000
v 0.31005 0.09900 0.16250
v 0.33750 0.04900 0.18995
v 0.33750 0.09900 0.18995
v 0.37500 0.04900 0.20000
v 0.37500 0.09900 0.20000
v 0.33750 0.09900 0.06005
v 0.31005 0.09900 0.08750
v 0.31005 0.09900 0.16250
v 0.30000 0.09900 0.12500
v 0.33750 0.09900 0.18995
v 0.37500 0.09900 0.05000
v 0.37500 0.09900 0.20000
v 0.41250 0.09900 0.06005
v 0.41250 0.04900 0.06005
v 0.43995 0.09900 0.08750
v 0.43995 0.04900 0.08750
v 0.43995 0.09900 0.16250
v 0.43995 0.04900 0.16250
v 0.45000 0.04900 0.12500
v 0.45000 0.09900 0.12500
v 0.41250 0.04900 0.18995
v 0.41250 0.09900 0.18995
v 0.41250 0.09900 0.06005
v 0.41250 0.09900 0.18995
v 0.43995 0.09900 0.08750
v 0.43995 0.09900 0.16250
v 0.45000 0.09900 0.12500
v 0.37500 0.09900 0.30000
v 0.37500 0.04900 0.30000
v 0.33750 0.04900 0.31005
v 0.30000 0.09900 0.37500
v 0.30000 0.04900 0.37500
v 0.31005 0.04900 0.41250
v 0.31005 0.09900 0.33750
v 0.31005 0.04900 0.33750
v 0.31005 0.09900 0.41250
v 0.33750 0.04900 0.43995
v 0.33750 0.09900 0.31005
v 0.33750 0.09900 0.43995
v 0.37500 0.04900 0.45000
v 0.37500 0.09900 0.45000
v 0.30000 0.09900 0.37500
v 0.31005 0.09900 0.41250
v 0.31005 0.09900 0.33750
v 0.33750 0.09900 0.31005
v 0.33750 0.09900 0.43995
v 0.37500 0.09900 0.30000
v 0.37500 0.09900 0.45000
v 0.41250 0.09900 0.31005
v 0.41250 0.04900 0.31005
v 0.41250 0.04900 0.43995
v 0.43995 0.09900 0.33750
v 0.43995 0.04900 0.33750
v 0.45000 0.09900 0.37500
v 0.45000 0.04900 0.37500
v 0.43995 0.09900 0.41250
v 0.43995 0.04900 0.41250
v 0.41250 0.09900 0.43995
v 0.41250 0.09900 0.31005
v 0.41250 0.09900 0.43995
v 0.43995 0.09900 0.33750
v 0.43995 0.09900 0.41250
v 0.45000 0.09900 0.37500
v 0.31005 0.09900 0.58750
v 0.31005 0.04900 0.58750
v 0.30000 0.04900 0.62500
v 0.33750 0.09900 0.56005
v 0.33750 0.04900 0.56005
v 0.37500 0.09900 0.55000
v 0.37500 0.04900 0.55000
v 0.30000 0.09900 0.62500
v 0.31005 0.09900 0.58750
v 0.31005 0.09900 0.66250
v 0.33750 0.09900 0.56005
v 0.33750 0.09900 0.68995
v 0.37500 0.09900 0.55000
v 0.31005 0.04900 0.66250
v 0.31005 0.09900 0.66250
v 0.33750 0.04900 0.68995
v 0.33750 0.09900 0.68995
v 0.37500 0.04900 0.70000
v 0.37500 0.09900 0.70000
v 0.30000 0.09900 0.62500
v 0.37500 0.09900 0.70000
v 0.41250 0.09900 0.56005
v 0.41250 0.04900 0.56005
v 0.43995 0.09900 0.58750
v 0.43995 0.04900 0.58750
v 0.45000 0.09900 0.62500
v 0.45000 0.04900 0.62500
v 0.41250 0.09900 0.56005
v 0.41250 0.09900 0.68995
v 0.43995 0.09900 0.58750
v 0.41250 0.04900 0.68995
v 0.43995 0.09900 0.66250
v 0.43995 0.04900 0.66250
v 0.41250 0.09900 0.68995
v 0.43995 0.09900 0.66250
v 0.45000 0.09900 0.62500
v 0.31005 0.09900 0.83750
v 0.31005 0.04900 0.83750
v 0.30000 0.04900 0.87500
v 0.30000 0.09900 0.87500
v 0.31005 0.04900 0.91250
v 0.31005 0.09900 0.91250
v 0.33750 0.04900 0.93995
v 0.33750 0.09900 0.81005
v 0.33750 0.04900 0.81005
v 0.37500 0.09900 0.80000
v 0.37500 0.04900 0.80000
v 0.33750 0.09900 0.93995
v 0.37500 0.04900 0.95000
v 0.33750 0.09900 0.81005
v 0.31005 0.09900 0.83750
v 0.31005 0.09900 0.91250
v 0.30000 0.09900 0.87500
v 0.33750 0.09900 0.93995
v 0.37500 0.09900 0.80000
v 0.37500 0.09900 0.95000
v 0.37500 0.09900 0.95000
v 0.41250 0.09900 0.81005
v 0.41250 0.04900 0.81005
v 0.43995 0.09900 0.83750
v 0.43995 0.04900 0.83750
v 0.41250 0.09900 0.93995
v 0.41250 0.04900 0.93995
v 0.43995 0.04900 0.91250
v 0.43995 0.09900 0.91250
v 0.45000 0.04900 0.87500
v 0.45000 0.09900 0.87500
v 0.41250 0.09900 0.81005
v 0.41250 0.09900 0.93995
v 0.43995 0.09900 0.83750
v 0.43995 0.09900 0.91250
v 0.45000 0.09900 0.87500
v 0.33750 0.09900 1.06005
v 0.33750 0.04900 1.06005
v 0.31005 0.04900 1.08750
v 0.37500 0.09900 1.05000
v 0.37500 0.04900 1.05000
v 0.30000 0.09900 1.12500
v 0.30000 0.04900 1.12500
v 0.31005 0.04900 1.16250
v 0.31005 0.09900 1.08750
v 0.31005 0.09900 1.16250
v 0.33750 0.04900 1.18995
v 0.33750 0.09900 1.18995
v 0.37500 0.04900 1.20000
v 0.37500 0.09900 1.20000
v 0.30000 0.09900 1.12500
v 0.31005 0.09900 1.16250
v 0.31005 0.09900 1.08750
v 0.33750 0.09900 1.06005
v 0.33750 0.09900 1.18995
v 0.37500 0.09900 1.05000
v 0.37500 0.09900 1.20000
v 0.41250 0.09900 1.06005
v 0.41250 0.04900 1.06005
v 0.43995 0.09900 1.08750
v 0.43995 0.04900 1.08750
v 0.41250 0.04900 1.18995
v 0.43995 0.09900 1.16250
v 0.43995 0.04900 1.16250
v 0.45000 0.04900 1.12500
v 0.45000 0.09900 1.12500
v 0.41250 0.09900 1.18995
v 0.41250 0.09900 1.06005
v 0.41250 0.09900 1.18995
v 0.43995 0.09900 1.08750
v 0.43995 0.09900 1.16250
v 0.45000 0.09900 1.12500
v 0.56005 0.09900 -1.16250
v 0.56005 0.04900 -1.16250
v 0.55000 0.04900 -1.12500
v 0.55000 0.09900 -1.12500
v 0.56005 0.04900 -1.08750
v 0.56005 0.09900 -1.08750
v 0.55000 0.09900 -1.12500
v 0.56005 0.09900 -1.08750
v 0.56005 0.09900 -1.16250
v 0.58750 0.09900 -1.18995
v 0.58750 0.04900 -1.18995
v 0.62500 0.09900 -1.20000
v 0.62500 0.04900 -1.20000
v 0.66250 0.09900 -1.18995
v 0.66250 0.04900 -1.18995
v 0.58750 0.04900 -1.06005
v 0.58750 0.09900 -1.06005
v 0.62500 0.04900 -1.05000
v 0.62500 0.09900 -1.05000
v 0.66250 0.04900 -1.06005
v 0.68995 0.09900 -1.16250
v 0.68995 0.04900 -1.16250
v 0.70000 0.09900 -1.12500
v 0.70000 0.04900 -1.12500
v 0.68995 0.09900 -1.08750
v 0.68995 0.04900 -1.08750
v 0.66250 0.09900 -1.06005
v 0.58750 0.09900 -1.18995
v 0.58750 0.09900 -1.06005
v 0.62500 0.09900 -1.20000
v 0.62500 0.09900 -1.05000
v 0.66250 0.09900 -1.18995
v 0.66250 0.09900 -1.06005
v 0.68995 0.09900 -1.16250
v 0.68995 0.09900 -1.08750
v 0.70000 0.09900 -1.12500
v 0.56005 0.09900 -0.91250
v 0.56005 0.04900 -0.91250
v 0.55000 0.04900 -0.87500
v 0.55000 0.09900 -0.87500
v 0.56005 0.04900 -0.83750
v 0.56005 0.09900 -0.83750
v 0.56005 0.09900 -0.91250
v 0.55000 0.09900 -0.87500
v 0.56005 0.09900 -0.83750
v 0.62500 0.09900 -0.95000
v 0.62500 0.04900 -0.95000
v 0.58750 0.04900 -0.93995
v 0.66250 0.09900 -0.93995
v 0.66250 0.04900 -0.93995
v 0.58750 0.09900 -0.93995
v 0.58750 0.04900 -0.81005
v 0.58750 0.09900 -0.81005
v 0.62500 0.04900 -0.80000
v 0.62500 0.09900 -0.80000
v 0.66250 0.04900 -0.81005
v 0.68995 0.09900 -0.91250
v 0.68995 0.04900 -0.91250
v 0.70000 0.09900 -0.87500
v 0.70000 0.04900 -0.87500
v 0.66250 0.09900 -0.81005
v 0.68995 0.04900 -0.83750
v 0.68995 0.09900 -0.83750
v 0.58750 0.09900 -0.93995
v 0.58750 0.09900 -0.81005
v 0.62500 0.09900 -0.95000
v 0.62500 0.09900 -0.80000
v 0.66250 0.09900 -0.93995
v 0.66250 0.09900 -0.81005
v 0.68995 0.09900 -0.91250
v 0.68995 0.09900 -0.83750
v 0.70000 0.09900 -0.87500
v 0.56005 0.09900 -0.66250
v 0.56005 0.04900 -0.66250
v 0.55000 0.04900 -0.62500
v 0.55000 0.09900 -0.62500
v 0.56005 0.09900 -0.66250
v 0.55000 0.09900 -0.62500
v 0.56005 0.09900 -0.58750
v 0.58750 0.09900 -0.68995
v 0.58750 0.04900 -0.68995
v 0.62500 0.09900 -0.70000
v 0.62500 0.04900 -0.70000
v 0.66250 0.09900 -0.68995
v 0.66250 0.04900 -0.68995
v 0.68995 0.09900 -0.66250
v 0.68995 0.04900 -0.66250
v 0.70000 0.09900 -0.62500
v 0.70000 0.04900 -0.62500
v 0.58750 0.09900 -0.68995
v 0.58750 0.09900 -0.56005
v 0.62500 0.09900 -0.70000
v 0.62500 0.09900 -0.55000
v 0.66250 0.09900 -0.68995
v 0.66250 0.09900 -0.56005
v 0.68995 0.09900 -0.66250
v 0.68995 0.09900 -0.58750
v 0.70000 0.09900 -0.62500
v 0.56005 0.04900 -0.58750
v 0.56005 0.09900 -0.58750
v 0.58750 0.04900 -0.56005
v 0.58750 0.09900 -0.56005
v 0.62500 0.04900 -0.55000
v 0.62500 0.09900 -0.55000
v 0.66250 0.04900 -0.56005
v 0.66250 0.09900 -0.56005
v 0.68995 0.04900 -0.58750
v 0.68995 0.09900 -0.58750
v 0.56005 0.09900 -0.41250
v 0.56005 0.04900 -0.41250
v 0.55000 0.04900 -0.37500
v 0.55000 0.09900 -0.37500
v 0.56005 0.04900 -0.33750
v 0.56005 0.09900 -0.33750
v 0.56005 0.09900 -0.41250
v 0.55000 0.09900 -0.37500
v 0.56005 0.09900 -0.33750
v 0.58750 0.09900 -0.43995
v 0.58750 0.04900 -0.43995
v 0.58750 0.04900 -0.31005
v 0.62500 0.09900 -0.45000
v 0.62500 0.04900 -0.45000
v 0.66250 0.09900 -0.43995
v 0.66250 0.04900 -0.43995
v 0.68995 0.09900 -0.41250
v 0.68995 0.04900 -0.41250
v 0.66250 0.09900 -0.31005
v 0.66250 0.04900 -0.31005
v 0.68995 0.04900 -0.33750
v 0.70000 0.09900 -0.37500
v 0.70000 0.04900 -0.37500
v 0.68995 0.09900 -0.33750
v 0.58750 0.09900 -0.31005
v 0.62500 0.04900 -0.30000
v 0.62500 0.09900 -0.30000
v 0.58750 0.09900 -0.43995
v 0.58750 0.09900 -0.31005
v 0.62500 0.09900 -0.45000
v 0.62500 0.09900 -0.30000
v 0.66250 0.09900 -0.43995
v 0.66250 0.09900 -0.31005
v 0.68995 0.09900 -0.41250
v 0.68995 0.09900 -0.33750
v 0.70000 0.09900 -0.37500
v 0.56005 0.09900 -0.16250
v 0.56005 0.04900 -0.16250
v 0.55000 0.04900 -0.12500
v 0.55000 0.09900 -0.12500
v 0.56005 0.04900 -0.08750
v 0.56005 0.09900 -0.08750
v 0.56005 0.09900 -0.16250
v 0.55000 0.09900 -0.12500
v 0.56005 0.09900 -0.08750
v 0.58750 0.09900 -0.18995
v 0.58750 0.04900 -0.18995
v 0.62500 0.09900 -0.20000
v 0.62500 0.04900 -0.20000
v 0.66250 0.09900 -0.18995
v 0.66250 0.04900 -0.18995
v 0.58750 0.04900 -0.06005
v 0.58750 0.09900 -0.06005
v 0.62500 0.04900 -0.05000
v 0.62500 0.09900 -0.05000
v 0.66250 0.04900 -0.06005
v 0.68995 0.09900 -0.16250
v 0.68995 0.04900 -0.16250
v 0.70000 0.09900 -0.12500
v 0.70000 0.04900 -0.12500
v 0.68995 0.09900 -0.08750
v 0.68995 0.04900 -0.08750
v 0.66250 0.09900 -0.06005
v 0.58750 0.09900 -0.18995
v 0.58750 0.09900 -0.06005
v 0.62500 0.09900 -0.20000
v 0.62500 0.09900 -0.05000
v 0.66250 0.09900 -0.18995
v 0.66250 0.09900 -0.06005
v 0.68995 0.09900 -0.16250
v 0.68995 0.09900 -0.08750
v 0.70000 0.09900 -0.12500
v 0.56005 0.09900 0.08750
v 0.56005 0.04900 0.08750
v 0.55000 0.04900 0.12500
v 0.55000 0.09900 0.12500
v 0.56005 0.04900 0.16250
v 0.56005 0.09900 0.16250
v 0.56005 0.09900 0.08750
v 0.55000 0.09900 0.12500
v 0.56005 0.09900 0.16250
v 0.58750 0.09900 0.06005
v 0.58750 0.04900 0.06005
v 0.62500 0.09900 0.05000
v 0.62500 0.04900 0.05000
v 0.66250 0.09900 0.06005
v 0.66250 0.04900 0.06005
v 0.58750 0.04900 0.18995
v 0.58750 0.09900 0.18995
v 0.62500 0.04900 0.20000
v 0.62500 0.09900 0.20000
v 0.66250 0.04900 0.18995
v 0.68995 0.09900 0.08750
v 0.68995 0.04900 0.08750
v 0.70000 0.09900 0.12500
v 0.70000 0.04900 0.12500
v 0.68995 0.09900 0.16250
v 0.68995 0.04900 0.16250
v 0.66250 0.09900 0.18995
v 0.58750 0.09900 0.06005
v 0.58750 0.09900 0.18995
v 0.62500 0.09900 0.05000
v 0.62500 0.09900 0.20000
v 0.66250 0.09900 0.06005
v 0.66250 0.09900 0.18995
v 0.68995 0.09900 0.08750
v 0.68995 0.09900 0.16250
v 0.70000 0.09900 0.12500
v 0.56005 0.09900 0.33750
v 0.56005 0.04900 0.33750
v 0.55000 0.04900 0.37500
v 0.55000 0.09900 0.37500
v 0.56005 0.04900 0.41250
v 0.56005 0.09900 0.41250
v 0.56005 0.09900 0.33750
v 0.55000 0.09900 0.37500
v 0.56005 0.09900 0.41250
v 0.62500 0.09900 0.30000
v 0.62500 0.04900 0.30000
v 0.58750 0.04900 0.31005
v 0.66250 0.09900 0.31005
v 0.66250 0.04900 0.31005
v 0.58750 0.09900 0.31005
v 0.58750 0.04900 0.43995
v 0.58750 0.09900 0.43995
v 0.62500 0.04900 0.45000
v 0.62500 0.09900 0.45000
v 0.66250 0.04900 0.43995
v 0.68995 0.09900 0.33750
v 0.68995 0.04900 0.33750
v 0.70000 0.09900 0.37500
v 0.70000 0.04900 0.37500
v 0.66250 0.09900 0.43995
v 0.68995 0.04900 0.41250
v 0.68995 0.09900 0.41250
v 0.58750 0.09900 0.31005
v 0.58750 0.09900 0.43995
v 0.62500 0.09900 0.30000
v 0.62500 0.09900 0.45000
v 0.66250 0.09900 0.31005
v 0.66250 0.09900 0.43995
v 0.68995 0.09900 0.33750
v 0.68995 0.09900 0.41250
v 0.70000 0.09900 0.37500
v 0.56005 0.09900 0.58750
v 0.56005 0.04900 0.58750
v 0.55000 0.04900 0.62500
v 0.55000 0.09900 0.62500
v 0.58750 0.09900 0.56005
v 0.58750 0.04900 0.56005
v 0.62500 0.09900 0.55000
v 0.62500 0.04900 0.55000
v 0.66250 0.09900 0.56005
v 0.66250 0.04900 0.56005
v 0.68995 0.09900 0.58750
v 0.68995 0.04900 0.58750
v 0.70000 0.09900 0.62500
v 0.70000 0.04900 0.62500
v 0.56005 0.09900 0.58750
v 0.56005 0.09900 0.66250
v 0.58750 0.09900 0.56005
v 0.58750 0.09900 0.68995
v 0.62500 0.09900 0.55000
v 0.62500 0.09900 0.70000
v 0.66250 0.09900 0.56005
v 0.66250 0.09900 0.68995
v 0.68995 0.09900 0.58750
v 0.56005 0.04900 0.66250
v 0.56005 0.09900 0.66250
v 0.55000 0.09900 0.62500
v 0.58750 0.04900 0.68995
v 0.58750 0.09900 0.68995
v 0.62500 0.04900 0.70000
v 0.62500 0.09900 0.70000
v 0.66250 0.04900 0.68995
v 0.66250 0.09900 0.68995
v 0.68995 0.04900 0.66250
v 0.68995 0.09900 0.66250
v 0.68995 0.09900 0.66250
v 0.70000 0.09900 0.62500
v 0.56005 0.09900 0.83750
v 0.56005 0.04900 0.83750
v 0.55000 0.04900 0.87500
v 0.55000 0.09900 0.87500
v 0.56005 0.04900 0.91250
v 0.56005 0.09900 0.91250
v 0.56005 0.09900 0.83750
v 0.55000 0.09900 0.87500
v 0.56005 0.09900 0.91250
v 0.58750 0.09900 0.81005
v 0.58750 0.04900 0.81005
v 0.58750 0.04900 0.93995
v 0.62500 0.09900 0.80000
v 0.62500 0.04900 0.80000
v 0.66250 0.09900 0.81005
v 0.66250 0.04900 0.81005
v 0.68995 0.09900 0.83750
v 0.68995 0.04900 0.83750
v 0.66250 0.09900 0.93995
v 0.66250 0.04900 0.93995
v 0.68995 0.04900 0.91250
v 0.70000 0.09900 0.87500
v 0.70000 0.04900 0.87500
v 0.68995 0.09900 0.91250
v 0.58750 0.09900 0.93995
v 0.62500 0.04900 0.95000
v 0.62500 0.09900 0.95000
v 0.58750 0.09900 0.81005
v 0.58750 0.09900 0.93995
v 0.62500 0.09900 0.80000
v 0.62500 0.09900 0.95000
v 0.66250 0.09900 0.81005
v 0.66250 0.09900 0.93995
v 0.68995 0.09900 0.83750
v 0.68995 0.09900 0.91250
v 0.70000 0.09900 0.87500
v 0.56005 0.09900 1.08750
v 0.56005 0.04900 1.08750
v 0.55000 0.04900 1.12500
v 0.55000 0.09900 1.12500
v 0.56005 0.04900 1.16250
v 0.56005 0.09900 1.16250
v 0.56005 0.09900 1.08750
v 0.55000 0.09900 1.12500
v 0.56005 0.09900 1.16250
v 0.58750 0.09900 1.06005
v 0.58750 0.04900 1.06005
v 0.62500 0.09900 1.05000
v 0.62500 0.04900 1.05000
v 0.66250 0.09900 1.06005
v 0.66250 0.04900 1.06005
v 0.58750 0.04900 1.18995
v 0.58750 0.09900 1.18995
v 0.62500 0.04900 1.20000
v 0.62500 0.09900 1.20000
v 0.66250 0.04900 1.18995
v 0.68995 0.09900 1.08750
v 0.68995 0.04900 1.08750
v 0.70000 0.09900 1.12500
v 0.70000 0.04900 1.12500
v 0.68995 0.09900 1.16250
v 0.68995 0.04900 1.16250
v 0.66250 0.09900 1.18995
v 0.58750 0.09900 1.06005
v 0.58750 0.09900 1.18995
v 0.62500 0.09900 1.05000
v 0.62500 0.09900 1.20000
v 0.66250 0.09900 1.06005
v 0.66250 0.09900 1.18995
v 0.68995 0.09900 1.08750
v 0.68995 0.09900 1.16250
v 0.70000 0.09900 1.12500
vn -0.1877 -0.9641 -0.1877
vn -0.6887 -0.6887 -0.2265
vn -0.2265 -0.6887 -0.6887
vn -0.6887 -0.2265 -0.6887
vn -0.9641 -0.1877 -0.1877
vn -0.1877 -0.1877 -0.9641
vn -0.6887 0.2265 -0.6887
vn -0.6887 -0.6887 0.2265
vn -0.9641 0.1877 -0.1877
vn -0.1877 0.1877 -0.9641
vn -0.9641 0.1877 0.1877
vn 0.1877 -0.9641 -0.1877
vn 0.1877 -0.1877 -0.9641
vn 0.1877 0.1877 -0.9641
vn -0.1877 -0.9641 0.1877
vn -0.9641 -0.1877 0.1877
vn -0.2265 -0.6887 0.6887
vn -0.6887 -0.2265 0.6887
vn -0.1877 -0.1877 0.9641
vn -0.6887 0.2265 0.6887
vn -0.1877 0.1877 0.9641
vn 0.1877 -0.9641 0.1877
vn 0.2265 -0.6887 0.6887
vn 0.1877 -0.1877 0.9641
vn -0.6887 0.6887 -0.2265
vn -0.2265 0.6887 -0.6887
vn -0.1877 0.9641 -0.1877
vn 0.0000 1.0000 0.0000
vn 0.0000 1.0000 0.0000
vn 0.0000 1.0000 0.0000
vn 0.0000 1.0000 0.0000
vn 0.0000 1.0000 0.0000
vn 0.0000 1.0000 0.0000
vn 0.0000 1.0000 0.0000
vn 0.0000 1.0000 0.0000
vn 0.0000 1.0000 0.0000
vn 0.0000 1.0000 0.0000
vn 0.0000 1.0000 0.0000
vn 0.0000 1.0000 0.0000
vn 0.0000 1.0000 0.0000
vn 0.0000 1.0000 0.0000
vn 0.0000 1.0000 0.0000
vn 0.0000 1.0000 0.0000
vn 0.0000 1.0000 0.0000
vn 0.0000 1.0000 0.0000
vn 0.0000 1.0000 0.0000
vn 0.0000 1.0000 0.0000
vn 0.0000 1.0000 0.0000
vn 0.0000 1.0000 0.0000
vn 0.0000 1.0000 0.0000
vn 0.0000 1.0000 0.0000
vn 0.0000 1.0000 0.0000
vn 0.0000 1.0000 0.0000
vn 0.0000 1.0000 0.0000
vn 0.0000 1.0000 0.0000
vn 0.0000 1.0000 0.0000
vn 0.0000 1.0000 0.0000
vn 0.0000 1.0000 0.0000
vn 0.0000 1.0000 0.0000
vn 0.0000 1.0000 0.0000
vn 0.0000 1.0000 0.0000
vn 0.0000 1.0000 0.0000
vn 0.0000 1.0000 0.0000
vn 0.0000 1.0000 0.0000
vn 0.0000 1.0000 0.0000
vn 0.0000 1.0000 0.0000
vn 0.0000 1.0000 0.0000
vn 0.0000 1.0000 0.0000
vn 0.0000 1.0000 0.0000
vn 0.0000 1.0000 0.0000
vn 0.0000 1.0000 0.0000
vn 0.0000 1.0000 0.0000
vn 0.0000 1.0000 0.0000
vn 0.0000 1.0000 0.0000
vn 0.0000 1.0000 0.0000
vn 0.0000 1.0000 0.0000
vn 0.0000 1.0000 0.0000
vn 0.0000 1.0000 0.0000
vn 0.0000 1.0000 0.0000
vn 0.0000 1.0000 0.0000
vn 0.0000 1.0000 0.0000
vn 0.0000 1.0000 0.0000
vn 0.0000 1.0000 0.0000
vn -0.1877 0.9641 0.1877
vn 0.0000 1.0000 0.0000
vn 0.0000 1.0000 0.0000
vn 0.0000 1.0000 0.0000
vn 0.0000 1.0000 0.0000
vn 0.0000 1.0000 0.0000
vn 0.0000 1.0000 0.0000
vn 0.0000 1.0000 0.0000
vn 0.0000 1.0000 0.0000
vn 0.0000 1.0000 0.0000
vn 0.0000 1.0000 0.0000
vn 0.0000 1.0000 0.0000
vn 0.0000 1.0000 0.0000
vn 0.0000 1.0000 0.0000
vn 0.0000 1.0000 0.0000
vn 0.0000 1.0000 0.0000
vn 0.0000 1.0000 0.0000
vn 0.0000 1.0000 0.0000
vn 0.0000 1.0000 0.0000
vn 0.0000 1.0000 0.0000
vn 0.0000 1.0000 0.0000
vn 0.0000 1.0000 0.0000
vn 0.0000 1.0000 0.0000
vn 0.0000 1.0000 0.0000
vn 0.0000 1.0000 0.0000
vn 0.0000 1.0000 0.0000
vn 0.0000 1.0000 0.0000
vn 0.0000 1.0000 0.0000
vn 0.0000 1.0000 0.0000
vn 0.0000 1.0000 0.0000
vn 0.0000 1.0000 0.0000
vn 0.0000 1.0000 0.0000
vn 0.0000 1.0000 0.0000
vn 0.0000 1.0000 0.0000
vn 0.0000 1.0000 0.0000
vn 0.0000 1.0000 0.0000
vn 0.0000 1.0000 0.0000
vn 0.0000 1.0000 0.0000
vn 0.0000 1.0000 0.0000
vn 0.0000 1.0000 0.0000
vn 0.0000 1.0000 0.0000
vn 0.0000 1.0000 0.0000
vn 0.0000 1.0000 0.0000
vn 0.0000 1.0000 0.0000
vn 0.0000 1.0000 0.0000
vn 0.0000 1.0000 0.0000
vn 0.0000 1.0000 0.0000
vn 0.0000 1.0000 0.0000
vn 0.0000 1.0000 0.0000
vn 0.0000 1.0000 0.0000
vn 0.0000 1.0000 0.0000
vn 0.0000 1.0000 0.0000
vn 0.0000 1.0000 0.0000
vn 0.0000 1.0000 0.0000
vn 0.0000 1.0000 0.0000
vn 0.0000 1.0000 0.0000
vn 0.0000 1.0000 0.0000
vn 0.1877 0.9641 -0.1877
vn 0.0000 1.0000 0.0000
vn 0.0000 1.0000 0.0000
vn 0.0000 1.0000 0.0000
vn 0.0000 1.0000 0.0000
vn 0.0000 1.0000 0.0000
vn 0.0000 1.0000 0.0000
vn 0.0000 1.0000 0.0000
vn 0.0000 1.0000 0.0000
vn 0.0000 1.0000 0.0000
vn 0.0000 1.0000 0.0000
vn 0.0000 1.0000 0.0000
vn 0.0000 1.0000 0.0000
vn 0.0000 1.0000 0.0000
vn 0.0000 1.0000 0.0000
vn 0.0000 1.0000 0.0000
vn 0.0000 1.0000 0.0000
vn 0.0000 1.0000 0.0000
vn 0.0000 1.0000 0.0000
vn 0.0000 1.0000 0.0000
vn 0.0000 1.0000 0.0000
vn 0.0000 1.0000 0.0000
vn 0.0000 1.0000 0.0000
vn 0.0000 1.0000 0.0000
vn 0.0000 1.0000 0.0000
vn 0.0000 1.0000 0.0000
vn 0.0000 1.0000 0.0000
vn 0.0000 1.0000 0.0000
vn 0.0000 1.0000 0.0000
vn 0.0000 1.0000 0.0000
vn 0.0000 1.0000 0.0000
vn 0.0000 1.0000 0.0000
vn 0.0000 1.0000 0.0000
vn 0.0000 1.0000 0.0000
vn 0.0000 1.0000 0.0000
vn 0.0000 1.0000 0.0000
vn 0.0000 1.0000 0.0000
vn 0.0000 1.0000 0.0000
vn 0.0000 1.0000 0.0000
vn 0.0000 1.0000 0.0000
vn 0.0000 1.0000 0.0000
vn 0.0000 1.0000 0.0000
vn 0.0000 1.0000 0.0000
vn 0.0000 1.0000 0.0000
vn 0.0000 1.0000 0.0000
vn 0.0000 1.0000 0.0000
vn 0.0000 1.0000 0.0000
vn 0.0000 1.0000 0.0000
vn 0.0000 1.0000 0.0000
vn 0.0000 1.0000 0.0000
vn 0.0000 1.0000 0.0000
vn 0.0000 1.0000 0.0000
vn 0.0000 1.0000 0.0000
vn 0.0000 1.0000 0.0000
vn 0.0000 1.0000 0.0000
vn 0.0000 1.0000 0.0000
vn 0.0000 1.0000 0.0000
vn 0.0000 1.0000 0.0000
vn 0.0000 1.0000 0.0000
vn 0.0000 1.0000 0.0000
vn 0.0000 1.0000 0.0000
vn 0.0000 1.0000 0.0000
vn 0.0000 1.0000 0.0000
vn 0.0000 1.0000 0.0000
vn 0.0000 1.0000 0.0000
vn 0.0000 1.0000 0.0000
vn 0.0000 1.0000 0.0000
vn 0.0000 1.0000 0.0000
vn 0.0000 1.0000 0.0000
vn 0.0000 1.0000 0.0000
vn 0.0000 1.0000 0.0000
vn 0.0000 1.0000 0.0000
vn 0.0000 1.0000 0.0000
vn 0.0000 1.0000 0.0000
vn 0.0000 1.0000 0.0000
vn 0.0000 1.0000 0.0000
vn 0.0000 1.0000 0.0000
vn 0.0000 1.0000 0.0000
vn 0.0000 1.0000 0.0000
vn 0.0000 1.0000 0.0000
vn 0.0000 1.0000 0.0000
vn 0.0000 1.0000 0.0000
vn 0.0000 1.0000 0.0000
vn 0.0000 1.0000 0.0000
vn 0.0000 1.0000 0.0000
vn 0.0000 1.0000 0.0000
vn 0.0000 1.0000 0.0000
vn 0.0000 1.0000 0.0000
vn 0.0000 1.0000 0.0000
vn 0.0000 1.0000 0.0000
vn 0.0000 1.0000 0.0000
vn 0.0000 1.0000 0.0000
vn 0.0000 1.0000 0.0000
vn 0.0000 1.0000 0.0000
vn 0.0000 1.0000 0.0000
vn 0.0000 1.0000 0.0000
vn 0.0000 1.0000 0.0000
vn 0.0000 1.0000 0.0000
vn 0.0000 1.0000 0.0000
vn 0.0000 1.0000 0.0000
vn 0.0000 1.0000 0.0000
vn 0.0000 1.0000 0.0000
vn 0.0000 1.0000 0.0000
vn 0.0000 1.0000 0.0000
vn 0.0000 1.0000 0.0000
vn 0.0000 1.0000 0.0000
vn 0.0000 1.0000 0.0000
vn 0.0000 1.0000 0.0000
vn 0.0000 1.0000 0.0000
vn 0.0000 1.0000 0.0000
vn 0.0000 1.0000 0.0000
vn 0.0000 1.0000 0.0000
vn -0.6887 0.6887 0.2265
vn 0.0000 1.0000 0.0000
vn 0.0000 1.0000 0.0000
vn 0.0000 1.0000 0.0000
vn 0.0000 1.0000 0.0000
vn 0.0000 1.0000 0.0000
vn 0.0000 1.0000 0.0000
vn 0.0000 1.0000 0.0000
vn 0.0000 1.0000 0.0000
vn 0.0000 1.0000 0.0000
vn 0.0000 1.0000 0.0000
vn 0.0000 1.0000 0.0000
vn 0.0000 1.0000 0.0000
vn 0.0000 1.0000 0.0000
vn 0.0000 1.0000 0.0000
vn 0.0000 1.0000 0.0000
vn 0.0000 1.0000 0.0000
vn 0.0000 1.0000 0.0000
vn 0.0000 1.0000 0.0000
vn 0.0000 1.0000 0.0000
vn 0.0000 1.0000 0.0000
vn 0.0000 1.0000 0.0000
vn 0.0000 1.0000 0.0000
vn 0.0000 1.0000 0.0000
vn 0.0000 1.0000 0.0000
vn 0.0000 1.0000 0.0000
vn 0.0000 1.0000 0.0000
vn 0.0000 1.0000 0.0000
vn 0.0000 1.0000 0.0000
vn -0.2265 0.6887 0.6887
vn 0.0000 1.0000 0.0000
vn 0.0000 1.0000 0.0000
vn 0.0000 1.0000 0.0000
vn 0.0000 1.0000 0.0000
vn 0.0000 1.0000 0.0000
vn 0.0000 1.0000 0.0000
vn 0.0000 1.0000 0.0000
vn 0.0000 1.0000 0.0000
vn 0.0000 1.0000 0.0000
vn 0.0000 1.0000 0.0000
vn 0.0000 1.0000 0.0000
vn 0.0000 1.0000 0.0000
vn 0.0000 1.0000 0.0000
vn 0.0000 1.0000 0.0000
vn 0.0000 1.0000 0.0000
vn 0.0000 1.0000 0.0000
vn 0.0000 1.0000 0.0000
vn 0.0000 1.0000 0.0000
vn 0.0000 1.0000 0.0000
vn 0.0000 1.0000 0.0000
vn 0.0000 1.0000 0.0000
vn 0.0000 1.0000 0.0000
vn 0.0000 1.0000 0.0000
vn 0.0000 1.0000 0.0000
vn 0.0000 1.0000 0.0000
vn 0.0000 1.0000 0.0000
vn 0.0000 1.0000 0.0000
vn 0.0000 1.0000 0.0000
vn 0.0000 1.0000 0.0000
vn 0.0000 1.0000 0.0000
vn 0.0000 1.0000 0.0000
vn 0.0000 1.0000 0.0000
vn 0.0000 1.0000 0.0000
vn 0.0000 1.0000 0.0000
vn 0.0000 1.0000 0.0000
vn 0.0000 1.0000 0.0000
vn 0.0000 1.0000 0.0000
vn 0.0000 1.0000 0.0000
vn 0.0000 1.0000 0.0000
vn 0.0000 1.0000 0.0000
vn 0.0000 1.0000 0.0000
vn 0.0000 1.0000 0.0000
vn 0.0000 1.0000 0.0000
vn 0.0000 1.0000 0.0000
vn 0.0000 1.0000 0.0000
vn 0.0000 1.0000 0.0000
vn 0.0000 1.0000 0.0000
vn 0.0000 1.0000 0.0000
vn 0.0000 1.0000 0.0000
vn 0.0000 1.0000 0.0000
vn 0.0000 1.0000 0.0000
vn 0.0000 1.0000 0.0000
vn 0.0000 1.0000 0.0000
vn 0.0000 1.0000 0.0000
vn 0.0000 1.0000 0.0000
vn 0.0000 1.0000 0.0000
vn 0.0000 1.0000 0.0000
vn 0.0000 1.0000 0.0000
vn 0.0000 1.0000 0.0000
vn 0.0000 1.0000 0.0000
vn 0.0000 1.0000 0.0000
vn 0.0000 1.0000 0.0000
vn 0.0000 1.0000 0.0000
vn 0.0000 1.0000 0.0000
vn 0.0000 1.0000 0.0000
vn 0.0000 1.0000 0.0000
vn 0.0000 1.0000 0.0000
vn 0.0000 1.0000 0.0000
vn 0.0000 1.0000 0.0000
vn 0.0000 1.0000 0.0000
vn 0.0000 1.0000 0.0000
vn 0.0000 1.0000 0.0000
vn 0.0000 1.0000 0.0000
vn 0.0000 1.0000 0.0000
vn 0.0000 1.0000 0.0000
vn 0.0000 1.0000 0.0000
vn 0.0000 1.0000 0.0000
vn 0.0000 1.0000 0.0000
vn 0.0000 1.0000 0.0000
vn 0.0000 1.0000 0.0000
vn 0.0000 1.0000 0.0000
vn 0.0000 1.0000 0.0000
vn 0.0000 1.0000 0.0000
vn 0.0000 1.0000 0.0000
vn 0.0000 1.0000 0.0000
vn 0.0000 1.0000 0.0000
vn 0.0000 1.0000 0.0000
vn 0.0000 1.0000 0.0000
vn 0.0000 1.0000 0.0000
vn 0.0000 1.0000 0.0000
vn 0.0000 1.0000 0.0000
vn 0.0000 1.0000 0.0000
vn 0.0000 1.0000 0.0000
vn 0.0000 1.0000 0.0000
vn 0.0000 1.0000 0.0000
vn 0.0000 1.0000 0.0000
vn 0.0000 1.0000 0.0000
vn 0.0000 1.0000 0.0000
vn 0.0000 1.0000 0.0000
vn 0.0000 1.0000 0.0000
vn 0.0000 1.0000 0.0000
vn 0.0000 1.0000 0.0000
vn 0.0000 1.0000 0.0000
vn 0.0000 1.0000 0.0000
vn 0.0000 1.0000 0.0000
vn 0.2265 0.6887 0.6887
vn 0.0000 1.0000 0.0000
vn 0.0000 1.0000 0.0000
vn 0.0000 1.0000 0.0000
vn 0.0000 1.0000 0.0000
vn 0.1877 0.9641 0.1877
vn 0.0000 1.0000 0.0000
vn 0.0000 1.0000 0.0000
vn 0.0000 1.0000 0.0000
vn 0.0000 1.0000 0.0000
vn 0.0000 1.0000 0.0000
vn 0.0000 1.0000 0.0000
vn 0.0000 1.0000 0.0000
vn 0.0000 1.0000 0.0000
vn 0.0000 1.0000 0.0000
vn 0.0000 1.0000 0.0000
vn 0.0000 1.0000 0.0000
vn 0.0000 1.0000 0.0000
vn 0.0000 1.0000 0.0000
vn 0.0000 1.0000 0.0000
vn 0.0000 1.0000 0.0000
vn 0.0000 1.0000 0.0000
vn 0.0000 1.0000 0.0000
vn 0.0000 1.0000 0.0000
vn 0.0000 1.0000 0.0000
vn 0.0000 1.0000 0.0000
vn 0.0000 1.0000 0.0000
vn 0.0000 1.0000 0.0000
vn 0.0000 1.0000 0.0000
vn 0.0000 1.0000 0.0000
vn 0.0000 1.0000 0.0000
vn 0.2265 -0.6887 -0.6887
vn 0.6887 -0.6887 -0.2265
vn 0.6887 -0.2265 -0.6887
vn 0.9641 -0.1877 -0.1877
vn 0.6887 0.2265 -0.6887
vn 0.6887 -0.6887 0.2265
vn 0.9641 0.1877 -0.1877
vn 0.9641 -0.1877 0.1877
vn 0.1877 0.1877 0.9641
vn 0.6887 -0.2265 0.6887
vn 0.9641 0.1877 0.1877
vn 0.6887 0.2265 0.6887
vn 0.0000 1.0000 0.0000
vn 0.0000 1.0000 0.0000
vn 0.0000 1.0000 0.0000
vn 0.0000 1.0000 0.0000
vn 0.0000 1.0000 0.0000
vn 0.0000 1.0000 0.0000
vn 0.0000 1.0000 0.0000
vn 0.0000 1.0000 0.0000
vn 0.0000 1.0000 0.0000
vn 0.0000 1.0000 0.0000
vn 0.0000 1.0000 0.0000
vn 0.0000 1.0000 0.0000
vn 0.0000 1.0000 0.0000
vn 0.0000 1.0000 0.0000
vn 0.0000 1.0000 0.0000
vn 0.0000 1.0000 0.0000
vn 0.0000 1.0000 0.0000
vn 0.0000 1.0000 0.0000
vn 0.0000 1.0000 0.0000
vn 0.0000 1.0000 0.0000
vn 0.0000 1.0000 0.0000
vn 0.2265 0.6887 -0.6887
vn 0.0000 1.0000 0.0000
vn 0.0000 1.0000 0.0000
vn 0.0000 1.0000 0.0000
vn 0.0000 1.0000 0.0000
vn 0.0000 1.0000 0.0000
vn 0.0000 1.0000 0.0000
vn 0.0000 1.0000 0.0000
vn 0.0000 1.0000 0.0000
vn 0.0000 1.0000 0.0000
vn 0.0000 1.0000 0.0000
vn 0.0000 1.0000 0.0000
vn 0.0000 1.0000 0.0000
vn 0.0000 1.0000 0.0000
vn 0.0000 1.0000 0.0000
vn 0.0000 1.0000 0.0000
vn 0.0000 1.0000 0.0000
vn 0.0000 1.0000 0.0000
vn 0.0000 1.0000 0.0000
vn 0.0000 1.0000 0.0000
vn 0.0000 1.0000 0.0000
vn 0.0000 1.0000 0.0000
vn 0.0000 1.0000 0.0000
vn 0.0000 1.0000 0.0000
vn 0.0000 1.0000 0.0000
vn 0.0000 1.0000 0.0000
vn 0.0000 1.0000 0.0000
vn 0.0000 1.0000 0.0000
vn 0.0000 1.0000 0.0000
vn 0.0000 1.0000 0.0000
vn 0.0000 1.0000 0.0000
vn 0.0000 1.0000 0.0000
vn 0.0000 1.0000 0.0000
vn 0.0000 1.0000 0.0000
vn 0.0000 1.0000 0.0000
vn 0.0000 1.0000 0.0000
vn 0.0000 1.0000 0.0000
vn 0.0000 1.0000 0.0000
vn 0.0000 1.0000 0.0000
vn 0.0000 1.0000 0.0000
vn 0.0000 1.0000 0.0000
vn 0.0000 1.0000 0.0000
vn 0.0000 1.0000 0.0000
vn 0.0000 1.0000 0.0000
vn 0.0000 1.0000 0.0000
vn 0.0000 1.0000 0.0000
vn 0.0000 1.0000 0.0000
vn 0.0000 1.0000 0.0000
vn 0.0000 1.0000 0.0000
vn 0.0000 1.0000 0.0000
vn 0.0000 1.0000 0.0000
vn 0.0000 1.0000 0.0000
vn 0.0000 1.0000 0.0000
vn 0.0000 1.0000 0.0000
vn 0.0000 1.0000 0.0000
vn 0.0000 1.0000 0.0000
vn 0.0000 1.0000 0.0000
vn 0.0000 1.0000 0.0000
vn 0.0000 1.0000 0.0000
vn 0.0000 1.0000 0.0000
vn 0.0000 1.0000 0.0000
vn 0.0000 1.0000 0.0000
vn 0.0000 1.0000 0.0000
vn 0.0000 1.0000 0.0000
vn 0.0000 1.0000 0.0000
vn 0.0000 1.0000 0.0000
vn 0.0000 1.0000 0.0000
vn 0.0000 1.0000 0.0000
vn 0.0000 1.0000 0.0000
vn 0.0000 1.0000 0.0000
vn 0.0000 1.0000 0.0000
vn 0.0000 1.0000 0.0000
vn 0.0000 1.0000 0.0000
vn 0.0000 1.0000 0.0000
vn 0.0000 1.0000 0.0000
vn 0.0000 1.0000 0.0000
vn 0.0000 1.0000 0.0000
vn 0.0000 1.0000 0.0000
vn 0.0000 1.0000 0.0000
vn 0.0000 1.0000 0.0000
vn 0.0000 1.0000 0.0000
vn 0.0000 1.0000 0.0000
vn 0.0000 1.0000 0.0000
vn 0.0000 1.0000 0.0000
vn 0.6887 0.6887 -0.2265
vn 0.0000 1.0000 0.0000
vn 0.0000 1.0000 0.0000
vn 0.0000 1.0000 0.0000
vn 0.0000 1.0000 0.0000
vn 0.0000 1.0000 0.0000
vn 0.0000 1.0000 0.0000
vn 0.0000 1.0000 0.0000
vn 0.0000 1.0000 0.0000
vn 0.0000 1.0000 0.0000
vn 0.0000 1.0000 0.0000
vn 0.0000 1.0000 0.0000
vn 0.0000 1.0000 0.0000
vn 0.0000 1.0000 0.0000
vn 0.0000 1.0000 0.0000
vn 0.0000 1.0000 0.0000
vn 0.0000 1.0000 0.0000
vn 0.0000 1.0000 0.0000
vn 0.0000 1.0000 0.0000
vn 0.0000 1.0000 0.0000
vn 0.0000 1.0000 0.0000
vn 0.0000 1.0000 0.0000
vn 0.0000 1.0000 0.0000
vn 0.0000 1.0000 0.0000
vn 0.0000 1.0000 0.0000
vn 0.0000 1.0000 0.0000
vn 0.0000 1.0000 0.0000
vn 0.0000 1.0000 0.0000
vn 0.0000 1.0000 0.0000
vn 0.0000 1.0000 0.0000
vn 0.0000 1.0000 0.0000
vn 0.0000 1.0000 0.0000
vn 0.0000 1.0000 0.0000
vn 0.0000 1.0000 0.0000
vn 0.0000 1.0000 0.0000
vn 0.0000 1.0000 0.0000
vn 0.0000 1.0000 0.0000
vn 0.0000 1.0000 0.0000
vn 0.0000 1.0000 0.0000
vn 0.0000 1.0000 0.0000
vn 0.0000 1.0000 0.0000
vn 0.0000 1.0000 0.0000
vn 0.0000 1.0000 0.0000
vn 0.0000 1.0000 0.0000
vn 0.0000 1.0000 0.0000
vn 0.0000 1.0000 0.0000
vn 0.0000 1.0000 0.0000
vn 0.0000 1.0000 0.0000
vn 0.0000 1.0000 0.0000
vn 0.0000 1.0000 0.0000
vn 0.0000 1.0000 0.0000
vn 0.0000 1.0000 0.0000
vn 0.0000 1.0000 0.0000
vn 0.0000 1.0000 0.0000
vn 0.0000 1.0000 0.0000
vn 0.0000 1.0000 0.0000
vn 0.0000 1.0000 0.0000
vn 0.0000 1.0000 0.0000
vn 0.0000 1.0000 0.0000
vn 0.0000 1.0000 0.0000
vn 0.0000 1.0000 0.0000
vn 0.0000 1.0000 0.0000
vn 0.0000 1.0000 0.0000
vn 0.0000 1.0000 0.0000
vn 0.0000 1.0000 0.0000
vn 0.0000 1.0000 0.0000
vn 0.0000 1.0000 0.0000
vn 0.0000 1.0000 0.0000
vn 0.0000 1.0000 0.0000
vn 0.0000 1.0000 0.0000
vn 0.0000 1.0000 0.0000
vn 0.0000 1.0000 0.0000
vn 0.0000 1.0000 0.0000
vn 0.0000 1.0000 0.0000
vn 0.0000 1.0000 0.0000
vn 0.0000 1.0000 0.0000
vn 0.0000 1.0000 0.0000
vn 0.0000 1.0000 0.0000
vn 0.0000 1.0000 0.0000
vn 0.0000 1.0000 0.0000
vn 0.0000 1.0000 0.0000
vn 0.0000 1.0000 0.0000
vn 0.0000 1.0000 0.0000
vn 0.0000 1.0000 0.0000
vn 0.0000 1.0000 0.0000
vn 0.0000 1.0000 0.0000
vn 0.0000 1.0000 0.0000
vn 0.0000 1.0000 0.0000
vn 0.0000 1.0000 0.0000
vn 0.0000 1.0000 0.0000
vn 0.0000 1.0000 0.0000
vn 0.0000 1.0000 0.0000
vn 0.0000 1.0000 0.0000
vn 0.0000 1.0000 0.0000
vn 0.0000 1.0000 0.0000
vn 0.0000 1.0000 0.0000
vn 0.0000 1.0000 0.0000
vn 0.0000 1.0000 0.0000
vn 0.0000 1.0000 0.0000
vn 0.0000 1.0000 0.0000
vn 0.0000 1.0000 0.0000
vn 0.0000 1.0000 0.0000
vn 0.0000 1.0000 0.0000
vn 0.0000 1.0000 0.0000
vn 0.0000 1.0000 0.0000
vn 0.0000 1.0000 0.0000
vn 0.0000 1.0000 0.0000
vn 0.0000 1.0000 0.0000
vn 0.0000 1.0000 0.0000
vn 0.0000 1.0000 0.0000
vn 0.0000 1.0000 0.0000
vn 0.0000 1.0000 0.0000
vn 0.0000 1.0000 0.0000
vn 0.0000 1.0000 0.0000
vn 0.0000 1.0000 0.0000
vn 0.0000 1.0000 0.0000
vn 0.0000 1.0000 0.0000
vn 0.0000 1.0000 0.0000
vn 0.0000 1.0000 0.0000
vn 0.0000 1.0000 0.0000
vn 0.0000 1.0000 0.0000
vn 0.0000 1.0000 0.0000
vn 0.0000 1.0000 0.0000
vn 0.0000 1.0000 0.0000
vn 0.0000 1.0000 0.0000
vn 0.0000 1.0000 0.0000
vn 0.0000 1.0000 0.0000
vn 0.0000 1.0000 0.0000
vn 0.0000 1.0000 0.0000
vn 0.0000 1.0000 0.0000
vn 0.0000 1.0000 0.0000
vn 0.0000 1.0000 0.0000
vn 0.0000 1.0000 0.0000
vn 0.0000 1.0000 0.0000
vn 0.0000 1.0000 0.0000
vn 0.0000 1.0000 0.0000
vn 0.0000 1.0000 0.0000
vn 0.0000 1.0000 0.0000
vn 0.0000 1.0000 0.0000
vn 0.0000 1.0000 0.0000
vn 0.0000 1.0000 0.0000
vn 0.0000 1.0000 0.0000
vn 0.0000 1.0000 0.0000
vn 0.0000 1.0000 0.0000
vn 0.0000 1.0000 0.0000
vn 0.0000 1.0000 0.0000
vn 0.0000 1.0000 0.0000
vn 0.0000 1.0000 0.0000
vn 0.0000 1.0000 0.0000
vn 0.0000 1.0000 0.0000
vn 0.0000 1.0000 0.0000
vn 0.0000 1.0000 0.0000
vn 0.0000 1.0000 0.0000
vn 0.0000 1.0000 0.0000
vn 0.0000 1.0000 0.0000
vn 0.0000 1.0000 0.0000
vn 0.0000 1.0000 0.0000
vn 0.0000 1.0000 0.0000
vn 0.0000 1.0000 0.0000
vn 0.0000 1.0000 0.0000
vn 0.0000 1.0000 0.0000
vn 0.0000 1.0000 0.0000
vn 0.0000 1.0000 0.0000
vn 0.0000 1.0000 0.0000
vn 0.0000 1.0000 0.0000
vn 0.0000 1.0000 0.0000
vn 0.0000 1.0000 0.0000
vn 0.0000 1.0000 0.0000
vn 0.0000 1.0000 0.0000
vn 0.0000 1.0000 0.0000
vn 0.0000 1.0000 0.0000
vn 0.0000 1.0000 0.0000
vn 0.0000 1.0000 0.0000
vn 0.0000 1.0000 0.0000
vn 0.0000 1.0000 0.0000
vn 0.0000 1.0000 0.0000
vn 0.0000 1.0000 0.0000
vn 0.0000 1.0000 0.0000
vn 0.0000 1.0000 0.0000
vn 0.0000 1.0000 0.0000
vn 0.0000 1.0000 0.0000
vn 0.0000 1.0000 0.0000
vn 0.0000 1.0000 0.0000
vn 0.0000 1.0000 0.0000
vn 0.0000 1.0000 0.0000
vn 0.0000 1.0000 0.0000
vn 0.0000 1.0000 0.0000
vn 0.0000 1.0000 0.0000
vn 0.0000 1.0000 0.0000
vn 0.0000 1.0000 0.0000
vn 0.0000 1.0000 0.0000
vn 0.6887 0.6887 0.2265
vn 0.0000 1.0000 0.0000
vn 0.0000 1.0000 0.0000
vn 0.0000 1.0000 0.0000
vn 0.0000 1.0000 0.0000
vn 0.0000 1.0000 0.0000
vn 0.0000 1.0000 0.0000
vn 0.0000 1.0000 0.0000
vn 0.0000 1.0000 0.0000
vn 0.0000 1.0000 0.0000
vn 0.0000 1.0000 0.0000
vn 0.0000 1.0000 0.0000
vn 0.0000 1.0000 0.0000
vn 0.0000 1.0000 0.0000
vn 0.0000 1.0000 0.0000
vn 0.0000 1.0000 0.0000
vn 0.0000 1.0000 0.0000
vn 0.0000 1.0000 0.0000
vn 0.0000 1.0000 0.0000
vn 0.0000 1.0000 0.0000
vn 0.0000 1.0000 0.0000
vn 0.0000 1.0000 0.0000
vn 0.0000 1.0000 0.0000
vn 0.0000 1.0000 0.0000
vn 0.0000 1.0000 0.0000
vn 0.0000 1.0000 0.0000
vn 0.0000 1.0000 0.0000
vn 0.0000 1.0000 0.0000
vn 0.0000 1.0000 0.0000
vn 0.0000 1.0000 0.0000
vn 0.0000 1.0000 0.0000
vn 0.0000 1.0000 0.0000
vn 0.0000 1.0000 0.0000
vn 0.0000 1.0000 0.0000
vn 0.0000 1.0000 0.0000
vn 0.0000 1.0000 0.0000
vn 0.0000 1.0000 0.0000
vn 0.0000 1.0000 0.0000
vn 0.0000 1.0000 0.0000
vn 0.0000 1.0000 0.0000
vn 0.0000 1.0000 0.0000
vn 0.0000 1.0000 0.0000
vn -0.5000 0.0000 -0.8660
vn -0.5000 0.0000 -0.8660
vn -0.8660 0.0000 -0.5000
vn -0.8660 -0.0000 -0.5000
vn -1.0000 -0.0000 0.0000
vn -1.0000 0.0000 0.0000
vn -0.8660 0.0000 0.5000
vn -0.8660 0.0000 0.5000
vn -0.5000 0.0000 0.8660
vn 0.0000 0.0000 -1.0000
vn -0.0000 0.0000 -1.0000
vn 0.5000 0.0000 -0.8660
vn 0.5000 0.0000 -0.8660
vn 0.8660 0.0000 -0.5000
vn 0.8660 0.0000 -0.5000
vn -0.5000 0.0000 0.8660
vn 0.0000 0.0000 1.0000
vn -0.0000 0.0000 1.0000
vn 0.5000 0.0000 0.8660
vn 0.5000 0.0000 0.8660
vn 0.8660 0.0000 0.5000
vn 0.0000 1.0000 0.0000
vn 0.0000 1.0000 0.0000
vn 0.0000 1.0000 0.0000
vn 0.0000 1.0000 0.0000
vn 0.0000 1.0000 0.0000
vn 0.8660 -0.0000 0.5000
vn 0.0000 1.0000 0.0000
vn 0.0000 1.0000 0.0000
vn 0.0000 1.0000 0.0000
vn 0.0000 1.0000 0.0000
vn 0.0000 1.0000 0.0000
vn 0.0000 1.0000 0.0000
vn 1.0000 0.0000 0.0000
vn 1.0000 -0.0000 0.0000
vn 0.0000 1.0000 0.0000
vn 0.0000 0.0000 -1.0000
vn -0.0000 0.0000 -1.0000
vn -0.5000 0.0000 -0.8660
vn 0.5000 0.0000 -0.8660
vn 0.5000 0.0000 -0.8660
vn -0.8660 0.0000 -0.5000
vn -0.8660 0.0000 -0.5000
vn -1.0000 0.0000 0.0000
vn -1.0000 -0.0000 0.0000
vn -0.8660 -0.0000 0.5000
vn -0.5000 0.0000 -0.8660
vn -0.8660 0.0000 0.5000
vn -0.5000 0.0000 0.8660
vn -0.5000 0.0000 0.8660
vn 0.0000 0.0000 1.0000
vn -0.0000 0.0000 1.0000
vn 0.5000 0.0000 0.8660
vn 0.8660 0.0000 -0.5000
vn 0.8660 -0.0000 -0.5000
vn 0.5000 0.0000 0.8660
vn 0.8660 0.0000 0.5000
vn 0.0000 1.0000 0.0000
vn 0.0000 1.0000 0.0000
vn 0.0000 1.0000 0.0000
vn 0.0000 1.0000 0.0000
vn 0.0000 1.0000 0.0000
vn 0.8660 0.0000 0.5000
vn 0.0000 1.0000 0.0000
vn 0.0000 1.0000 0.0000
vn 0.0000 1.0000 0.0000
vn 0.0000 1.0000 0.0000
vn 0.0000 1.0000 0.0000
vn 0.0000 1.0000 0.0000
vn 1.0000 -0.0000 0.0000
vn 1.0000 0.0000 0.0000
vn 0.0000 1.0000 0.0000
vn -0.8660 0.0000 -0.5000
vn -0.8660 0.0000 -0.5000
vn -1.0000 0.0000 0.0000
vn -0.5000 0.0000 -0.8660
vn -0.5000 0.0000 -0.8660
vn 0.0000 0.0000 -1.0000
vn -0.0000 0.0000 -1.0000
vn 0.5000 0.0000 -0.8660
vn 0.5000 0.0000 -0.8660
vn 0.8660 0.0000 -0.5000
vn 0.8660 -0.0000 -0.5000
vn -1.0000 -0.0000 0.0000
vn 0.0000 1.0000 0.0000
vn 0.0000 1.0000 0.0000
vn 0.0000 1.0000 0.0000
vn 0.0000 1.0000 0.0000
vn 0.0000 1.0000 0.0000
vn 0.0000 1.0000 0.0000
vn 0.0000 1.0000 0.0000
vn 0.0000 1.0000 0.0000
vn 0.0000 1.0000 0.0000
vn 0.0000 1.0000 0.0000
vn 1.0000 -0.0000 0.0000
vn 1.0000 0.0000 0.0000
vn 0.0000 1.0000 0.0000
vn 0.0000 1.0000 0.0000
vn -0.8660 -0.0000 0.5000
vn -0.8660 0.0000 0.5000
vn -0.5000 0.0000 0.8660
vn -0.5000 0.0000 0.8660
vn 0.0000 0.0000 1.0000
vn -0.0000 0.0000 1.0000
vn 0.5000 0.0000 0.8660
vn 0.5000 0.0000 0.8660
vn 0.8660 0.0000 0.5000
vn 0.8660 0.0000 0.5000
vn -0.8660 0.0000 -0.5000
vn -0.8660 0.0000 -0.5000
vn -1.0000 0.0000 0.0000
vn -0.5000 0.0000 -0.8660
vn -0.5000 0.0000 -0.8660
vn -1.0000 -0.0000 0.0000
vn -0.8660 -0.0000 0.5000
vn -0.8660 0.0000 0.5000
vn -0.5000 0.0000 0.8660
vn 0.0000 0.0000 -1.0000
vn -0.0000 0.0000 -1.0000
vn 0.5000 0.0000 -0.8660
vn 0.5000 0.0000 -0.8660
vn 0.8660 0.0000 -0.5000
vn 0.8660 -0.0000 -0.5000
vn 0.5000 0.0000 0.8660
vn 0.5000 0.0000 0.8660
vn 0.8660 0.0000 0.5000
vn -0.5000 0.0000 0.8660
vn 0.0000 0.0000 1.0000
vn -0.0000 0.0000 1.0000
vn 0.0000 1.0000 0.0000
vn 0.0000 1.0000 0.0000
vn 0.0000 1.0000 0.0000
vn 0.0000 1.0000 0.0000
vn 0.0000 1.0000 0.0000
vn 0.8660 0.0000 0.5000
vn 0.0000 1.0000 0.0000
vn 0.0000 1.0000 0.0000
vn 0.0000 1.0000 0.0000
vn 0.0000 1.0000 0.0000
vn 0.0000 1.0000 0.0000
vn 0.0000 1.0000 0.0000
vn 1.0000 -0.0000 0.0000
vn 1.0000 0.0000 0.0000
vn 0.0000 1.0000 0.0000
vn -0.5000 0.0000 -0.8660
vn -0.5000 0.0000 -0.8660
vn -0.8660 0.0000 -0.5000
vn -0.8660 -0.0000 -0.5000
vn -1.0000 -0.0000 0.0000
vn -1.0000 0.0000 0.0000
vn -0.8660 0.0000 0.5000
vn -0.8660 0.0000 0.5000
vn -0.5000 0.0000 0.8660
vn 0.0000 0.0000 -1.0000
vn -0.0000 0.0000 -1.0000
vn 0.5000 0.0000 -0.8660
vn 0.5000 0.0000 -0.8660
vn 0.8660 0.0000 -0.5000
vn 0.8660 0.0000 -0.5000
vn -0.5000 0.0000 0.8660
vn 0.0000 0.0000 1.0000
vn -0.0000 0.0000 1.0000
vn 0.5000 0.0000 0.8660
vn 0.5000 0.0000 0.8660
vn 0.8660 0.0000 0.5000
vn 0.0000 1.0000 0.0000
vn 0.0000 1.0000 0.0000
vn 0.0000 1.0000 0.0000
vn 0.0000 1.0000 0.0000
vn 0.0000 1.0000 0.0000
vn 0.8660 -0.0000 0.5000
vn 0.0000 1.0000 0.0000
vn 0.0000 1.0000 0.0000
vn 0.0000 1.0000 0.0000
vn 0.0000 1.0000 0.0000
vn 0.0000 1.0000 0.0000
vn 0.0000 1.0000 0.0000
vn 1.0000 0.0000 0.0000
vn 1.0000 -0.0000 0.0000
vn 0.0000 1.0000 0.0000
vn -0.5000 0.0000 -0.8660
vn -0.5000 0.0000 -0.8660
vn -0.8660 0.0000 -0.5000
vn -0.8660 -0.0000 -0.5000
vn -1.0000 -0.0000 0.0000
vn -1.0000 0.0000 0.0000
vn -0.8660 0.0000 0.5000
vn -0.8660 0.0000 0.5000
vn -0.5000 0.0000 0.8660
vn 0.0000 0.0000 -1.0000
vn -0.0000 0.0000 -1.0000
vn 0.5000 0.0000 -0.8660
vn 0.5000 0.0000 -0.8660
vn 0.8660 0.0000 -0.5000
vn 0.8660 0.0000 -0.5000
vn -0.5000 0.0000 0.8660
vn 0.0000 0.0000 1.0000
vn -0.0000 0.0000 1.0000
vn 0.5000 0.0000 0.8660
vn 0.5000 0.0000 0.8660
vn 0.8660 0.0000 0.5000
vn 0.0000 1.0000 0.0000
vn 0.0000 1.0000 0.0000
vn 0.0000 1.0000 0.0000
vn 0.0000 1.0000 0.0000
vn 0.0000 1.0000 0.0000
vn 0.8660 -0.0000 0.5000
vn 0.0000 1.0000 0.0000
vn 0.0000 1.0000 0.0000
vn 0.0000 1.0000 0.0000
vn 0.0000 1.0000 0.0000
vn 0.0000 1.0000 0.0000
vn 0.0000 1.0000 0.0000
vn 1.0000 0.0000 0.0000
vn 1.0000 -0.0000 0.0000
vn 0.0000 1.0000 0.0000
vn 0.0000 0.0000 -1.0000
vn -0.0000 0.0000 -1.0000
vn -0.5000 0.0000 -0.8660
vn 0.5000 0.0000 -0.8660
vn 0.5000 0.0000 -0.8660
vn -0.8660 -0.0000 -0.5000
vn -0.8660 0.0000 -0.5000
vn -1.0000 -0.0000 0.0000
vn -1.0000 0.0000 0.0000
vn -0.8660 0.0000 0.5000
vn -0.5000 0.0000 -0.8660
vn -0.8660 0.0000 0.5000
vn -0.5000 0.0000 0.8660
vn -0.5000 0.0000 0.8660
vn 0.0000 0.0000 1.0000
vn -0.0000 0.0000 1.0000
vn 0.5000 0.0000 0.8660
vn 0.8660 0.0000 -0.5000
vn 0.8660 0.0000 -0.5000
vn 0.5000 0.0000 0.8660
vn 0.8660 0.0000 0.5000
vn 0.0000 1.0000 0.0000
vn 0.0000 1.0000 0.0000
vn 0.0000 1.0000 0.0000
vn 0.0000 1.0000 0.0000
vn 0.0000 1.0000 0.0000
vn 0.8660 -0.0000 0.5000
vn 0.0000 1.0000 0.0000
vn 0.0000 1.0000 0.0000
vn 0.0000 1.0000 0.0000
vn 0.0000 1.0000 0.0000
vn 0.0000 1.0000 0.0000
vn 0.0000 1.0000 0.0000
vn 1.0000 0.0000 0.0000
vn 1.0000 -0.0000 0.0000
vn 0.0000 1.0000 0.0000
vn -0.8660 -0.0000 -0.5000
vn -0.8660 0.0000 -0.5000
vn -1.0000 -0.0000 0.0000
vn -0.5000 0.0000 -0.8660
vn -0.5000 0.0000 -0.8660
vn 0.0000 0.0000 -1.0000
vn -0.0000 0.0000 -1.0000
vn 0.5000 0.0000 -0.8660
vn 0.5000 0.0000 -0.8660
vn 0.8660 0.0000 -0.5000
vn 0.8660 0.0000 -0.5000
vn -1.0000 0.0000 0.0000
vn 0.0000 1.0000 0.0000
vn 0.0000 1.0000 0.0000
vn 0.0000 1.0000 0.0000
vn 0.0000 1.0000 0.0000
vn 0.0000 1.0000 0.0000
vn 0.0000 1.0000 0.0000
vn 0.0000 1.0000 0.0000
vn 0.0000 1.0000 0.0000
vn 0.0000 1.0000 0.0000
vn 1.0000 0.0000 0.0000
vn 1.0000 -0.0000 0.0000
vn -0.8660 0.0000 0.5000
vn -0.8660 0.0000 0.5000
vn -0.5000 0.0000 0.8660
vn -0.5000 0.0000 0.8660
vn 0.0000 0.0000 1.0000
vn -0.0000 0.0000 1.0000
vn 0.5000 0.0000 0.8660
vn 0.5000 0.0000 0.8660
vn 0.8660 0.0000 0.5000
vn 0.0000 1.0000 0.0000
vn 0.8660 -0.0000 0.5000
vn 0.0000 1.0000 0.0000
vn 0.0000 1.0000 0.0000
vn -0.8660 -0.0000 -0.5000
vn -0.8660 0.0000 -0.5000
vn -1.0000 -0.0000 0.0000
vn -0.5000 0.0000 -0.8660
vn -0.5000 -0.0000 -0.8660
vn -1.0000 0.0000 0.0000
vn -0.8660 0.0000 0.5000
vn -0.8660 0.0000 0.5000
vn -0.5000 0.0000 0.8660
vn -0.0000 -0.0000 -1.0000
vn 0.0000 0.0000 -1.0000
vn 0.5000 0.0000 -0.8660
vn 0.5000 0.0000 -0.8660
vn 0.8660 0.0000 -0.5000
vn 0.8660 0.0000 -0.5000
vn 0.5000 0.0000 0.8660
vn 0.5000 -0.0000 0.8660
vn 0.8660 0.0000 0.5000
vn -0.5000 0.0000 0.8660
vn -0.0000 0.0000 1.0000
vn 0.0000 -0.0000 1.0000
vn 0.0000 1.0000 0.0000
vn 0.0000 1.0000 0.0000
vn 0.0000 1.0000 0.0000
vn 0.0000 1.0000 0.0000
vn 0.0000 1.0000 0.0000
vn 0.8660 -0.0000 0.5000
vn 0.0000 1.0000 0.0000
vn 0.0000 1.0000 0.0000
vn 0.0000 1.0000 0.0000
vn 0.0000 1.0000 0.0000
vn 0.0000 1.0000 0.0000
vn 0.0000 1.0000 0.0000
vn 1.0000 0.0000 0.0000
vn 1.0000 -0.0000 0.0000
vn 0.0000 1.0000 0.0000
vn -0.5000 0.0000 -0.8660
vn -0.5000 -0.0000 -0.8660
vn -0.8660 0.0000 -0.5000
vn -0.8660 -0.0000 -0.5000
vn -1.0000 -0.0000 0.0000
vn -1.0000 0.0000 0.0000
vn -0.8660 0.0000 0.5000
vn -0.8660 0.0000 0.5000
vn -0.5000 0.0000 0.8660
vn -0.0000 -0.0000 -1.0000
vn 0.0000 0.0000 -1.0000
vn 0.5000 0.0000 -0.8660
vn 0.5000 0.0000 -0.8660
vn 0.8660 0.0000 -0.5000
vn 0.8660 0.0000 -0.5000
vn -0.5000 0.0000 0.8660
vn -0.0000 0.0000 1.0000
vn 0.0000 -0.0000 1.0000
vn 0.5000 -0.0000 0.8660
vn 0.5000 0.0000 0.8660
vn 0.8660 0.0000 0.5000
vn 0.0000 1.0000 0.0000
vn 0.0000 1.0000 0.0000
vn 0.0000 1.0000 0.0000
vn 0.0000 1.0000 0.0000
vn 0.0000 1.0000 0.0000
vn 0.8660 -0.0000 0.5000
vn 0.0000 1.0000 0.0000
vn 0.0000 1.0000 0.0000
vn 0.0000 1.0000 0.0000
vn 0.0000 1.0000 0.0000
vn 0.0000 1.0000 0.0000
vn 0.0000 1.0000 0.0000
vn 1.0000 0.0000 0.0000
vn 1.0000 -0.0000 0.0000
vn 0.0000 1.0000 0.0000
vn -0.5000 0.0000 -0.8660
vn -0.5000 0.0000 -0.8660
vn -0.8660 0.0000 -0.5000
vn -1.0000 0.0000 0.0000
vn -1.0000 -0.0000 -0.0000
vn -0.8660 0.0000 0.5000
vn -0.8660 -0.0000 -0.5000
vn 0.0000 0.0000 -1.0000
vn -0.0000 0.0000 -1.0000
vn -0.8660 0.0000 0.5000
vn -0.5000 0.0000 0.8660
vn -0.5000 0.0000 0.8660
vn 0.0000 0.0000 1.0000
vn -0.0000 0.0000 1.0000
vn 0.0000 1.0000 0.0000
vn 0.0000 1.0000 0.0000
vn 0.0000 1.0000 0.0000
vn 0.0000 1.0000 0.0000
vn 0.0000 1.0000 0.0000
vn 0.0000 1.0000 0.0000
vn 0.0000 1.0000 0.0000
vn 0.5000 0.0000 -0.8660
vn 0.5000 0.0000 -0.8660
vn 0.8660 0.0000 -0.5000
vn 0.8660 0.0000 -0.5000
vn 0.8660 -0.0000 0.5000
vn 0.8660 0.0000 0.5000
vn 1.0000 -0.0000 0.0000
vn 1.0000 0.0000 -0.0000
vn 0.5000 0.0000 0.8660
vn 0.5000 0.0000 0.8660
vn 0.0000 1.0000 0.0000
vn 0.0000 1.0000 0.0000
vn 0.0000 1.0000 0.0000
vn 0.0000 1.0000 0.0000
vn 0.0000 1.0000 0.0000
vn 0.0000 0.0000 -1.0000
vn -0.0000 0.0000 -1.0000
vn -0.5000 0.0000 -0.8660
vn -1.0000 0.0000 -0.0000
vn -1.0000 0.0000 0.0000
vn -0.8660 0.0000 0.5000
vn -0.8660 0.0000 -0.5000
vn -0.8660 0.0000 -0.5000
vn -0.5000 0.0000 -0.8660
vn -0.8660 0.0000 0.5000
vn -0.5000 0.0000 0.8660
vn -0.5000 0.0000 0.8660
vn 0.0000 0.0000 1.0000
vn -0.0000 0.0000 1.0000
vn 0.0000 1.0000 0.0000
vn 0.0000 1.0000 0.0000
vn 0.0000 1.0000 0.0000
vn 0.0000 1.0000 0.0000
vn 0.0000 1.0000 0.0000
vn 0.0000 1.0000 0.0000
vn 0.0000 1.0000 0.0000
vn 0.5000 0.0000 -0.8660
vn 0.5000 0.0000 -0.8660
vn 0.5000 0.0000 0.8660
vn 0.5000 0.0000 0.8660
vn 0.8660 0.0000 0.5000
vn 0.8660 0.0000 -0.5000
vn 0.8660 0.0000 -0.5000
vn 1.0000 0.0000 0.0000
vn 1.0000 0.0000 -0.0000
vn 0.8660 0.0000 0.5000
vn 0.0000 1.0000 0.0000
vn 0.0000 1.0000 0.0000
vn 0.0000 1.0000 0.0000
vn 0.0000 1.0000 0.0000
vn 0.0000 1.0000 0.0000
vn -0.5000 0.0000 -0.8660
vn -0.5000 0.0000 -0.8660
vn -0.8660 0.0000 -0.5000
vn -0.8660 0.0000 -0.5000
vn -1.0000 0.0000 0.0000
vn 0.0000 0.0000 -1.0000
vn -0.0000 0.0000 -1.0000
vn -1.0000 0.0000 -0.0000
vn 0.0000 1.0000 0.0000
vn 0.0000 1.0000 0.0000
vn 0.0000 1.0000 0.0000
vn 0.0000 1.0000 0.0000
vn 0.0000 1.0000 0.0000
vn 0.0000 1.0000 0.0000
vn -0.8660 0.0000 0.5000
vn -0.8660 0.0000 0.5000
vn -0.5000 0.0000 0.8660
vn -0.5000 0.0000 0.8660
vn 0.0000 0.0000 1.0000
vn -0.0000 0.0000 1.0000
vn 0.0000 1.0000 0.0000
vn 0.5000 0.0000 -0.8660
vn 0.5000 0.0000 -0.8660
vn 0.8660 0.0000 -0.5000
vn 0.8660 0.0000 -0.5000
vn 1.0000 0.0000 0.0000
vn 1.0000 0.0000 -0.0000
vn 0.0000 1.0000 0.0000
vn 0.0000 1.0000 0.0000
vn 0.0000 1.0000 0.0000
vn 0.0000 1.0000 0.0000
vn 0.0000 1.0000 0.0000
vn 0.5000 0.0000 0.8660
vn 0.5000 0.0000 0.8660
vn 0.8660 0.0000 0.5000
vn 0.8660 0.0000 0.5000
vn -0.5000 0.0000 -0.8660
vn -0.5000 0.0000 -0.8660
vn -0.8660 0.0000 -0.5000
vn -0.8660 0.0000 -0.5000
vn -1.0000 0.0000 0.0000
vn -1.0000 0.0000 -0.0000
vn -0.8660 0.0000 0.5000
vn -0.8660 0.0000 0.5000
vn -0.5000 0.0000 0.8660
vn 0.0000 0.0000 -1.0000
vn -0.0000 0.0000 -1.0000
vn -0.5000 0.0000 0.8660
vn 0.0000 0.0000 1.0000
vn 0.0000 1.0000 0.0000
vn 0.0000 1.0000 0.0000
vn 0.0000 1.0000 0.0000
vn 0.0000 1.0000 0.0000
vn 0.0000 1.0000 0.0000
vn 0.0000 1.0000 0.0000
vn 0.0000 1.0000 0.0000
vn -0.0000 0.0000 1.0000
vn 0.5000 0.0000 -0.8660
vn 0.5000 0.0000 -0.8660
vn 0.5000 0.0000 0.8660
vn 0.5000 0.0000 0.8660
vn 0.8660 0.0000 0.5000
vn 0.8660 0.0000 -0.5000
vn 0.8660 0.0000 -0.5000
vn 0.8660 0.0000 0.5000
vn 1.0000 0.0000 -0.0000
vn 1.0000 0.0000 0.0000
vn 0.0000 1.0000 0.0000
vn 0.0000 1.0000 0.0000
vn 0.0000 1.0000 0.0000
vn 0.0000 1.0000 0.0000
vn 0.0000 1.0000 0.0000
vn -0.5000 0.0000 -0.8660
vn -0.5000 0.0000 -0.8660
vn -0.8660 0.0000 -0.5000
vn 0.0000 0.0000 -1.0000
vn -0.0000 0.0000 -1.0000
vn -1.0000 0.0000 0.0000
vn -1.0000 -0.0000 -0.0000
vn -0.8660 0.0000 0.5000
vn -0.8660 -0.0000 -0.5000
vn -0.8660 0.0000 0.5000
vn -0.5000 0.0000 0.8660
vn -0.5000 0.0000 0.8660
vn 0.0000 0.0000 1.0000
vn -0.0000 0.0000 1.0000
vn 0.0000 1.0000 0.0000
vn 0.0000 1.0000 0.0000
vn 0.0000 1.0000 0.0000
vn 0.0000 1.0000 0.0000
vn 0.0000 1.0000 0.0000
vn 0.0000 1.0000 0.0000
vn 0.0000 1.0000 0.0000
vn 0.5000 0.0000 -0.8660
vn 0.5000 0.0000 -0.8660
vn 0.8660 0.0000 -0.5000
vn 0.8660 0.0000 -0.5000
vn 0.5000 0.0000 0.8660
vn 0.5000 0.0000 0.8660
vn 0.8660 0.0000 0.5000
vn 0.8660 -0.0000 0.5000
vn 1.0000 -0.0000 0.0000
vn 1.0000 0.0000 -0.0000
vn 0.0000 1.0000 0.0000
vn 0.0000 1.0000 0.0000
vn 0.0000 1.0000 0.0000
vn 0.0000 1.0000 0.0000
vn 0.0000 1.0000 0.0000
vn -0.5000 0.0000 -0.8660
vn -0.5000 0.0000 -0.8660
vn -0.8660 0.0000 -0.5000
vn -1.0000 0.0000 0.0000
vn -1.0000 -0.0000 -0.0000
vn -0.8660 0.0000 0.5000
vn -0.8660 -0.0000 -0.5000
vn 0.0000 0.0000 -1.0000
vn -0.0000 0.0000 -1.0000
vn -0.8660 0.0000 0.5000
vn -0.5000 0.0000 0.8660
vn -0.5000 0.0000 0.8660
vn 0.0000 0.0000 1.0000
vn -0.0000 0.0000 1.0000
vn 0.0000 1.0000 0.0000
vn 0.0000 1.0000 0.0000
vn 0.0000 1.0000 0.0000
vn 0.0000 1.0000 0.0000
vn 0.0000 1.0000 0.0000
vn 0.0000 1.0000 0.0000
vn 0.0000 1.0000 0.0000
vn 0.5000 0.0000 -0.8660
vn 0.5000 0.0000 -0.8660
vn 0.8660 0.0000 -0.5000
vn 0.8660 0.0000 -0.5000
vn 0.8660 -0.0000 0.5000
vn 0.8660 0.0000 0.5000
vn 1.0000 -0.0000 0.0000
vn 1.0000 0.0000 -0.0000
vn 0.5000 0.0000 0.8660
vn 0.5000 0.0000 0.8660
vn 0.0000 1.0000 0.0000
vn 0.0000 1.0000 0.0000
vn 0.0000 1.0000 0.0000
vn 0.0000 1.0000 0.0000
vn 0.0000 1.0000 0.0000
vn 0.0000 0.0000 -1.0000
vn -0.0000 0.0000 -1.0000
vn -0.5000 0.0000 -0.8660
vn -1.0000 0.0000 0.0000
vn -1.0000 -0.0000 -0.0000
vn -0.8660 0.0000 0.5000
vn -0.8660 -0.0000 -0.5000
vn -0.8660 0.0000 -0.5000
vn -0.5000 0.0000 -0.8660
vn -0.8660 0.0000 0.5000
vn -0.5000 0.0000 0.8660
vn -0.5000 0.0000 0.8660
vn 0.0000 0.0000 1.0000
vn -0.0000 0.0000 1.0000
vn 0.0000 1.0000 0.0000
vn 0.0000 1.0000 0.0000
vn 0.0000 1.0000 0.0000
vn 0.0000 1.0000 0.0000
vn 0.0000 1.0000 0.0000
vn 0.0000 1.0000 0.0000
vn 0.0000 1.0000 0.0000
vn 0.5000 0.0000 -0.8660
vn 0.5000 0.0000 -0.8660
vn 0.5000 0.0000 0.8660
vn 0.5000 0.0000 0.8660
vn 0.8660 0.0000 0.5000
vn 0.8660 0.0000 -0.5000
vn 0.8660 0.0000 -0.5000
vn 1.0000 0.0000 -0.0000
vn 1.0000 -0.0000 0.0000
vn 0.8660 -0.0000 0.5000
vn 0.0000 1.0000 0.0000
vn 0.0000 1.0000 0.0000
vn 0.0000 1.0000 0.0000
vn 0.0000 1.0000 0.0000
vn 0.0000 1.0000 0.0000
vn -0.5000 0.0000 -0.8660
vn -0.5000 0.0000 -0.8660
vn -0.8660 0.0000 -0.5000
vn -0.8660 -0.0000 -0.5000
vn -1.0000 -0.0000 -0.0000
vn 0.0000 0.0000 -1.0000
vn -0.0000 0.0000 -1.0000
vn -1.0000 0.0000 0.0000
vn 0.0000 1.0000 0.0000
vn 0.0000 1.0000 0.0000
vn 0.0000 1.0000 0.0000
vn 0.0000 1.0000 0.0000
vn 0.0000 1.0000 0.0000
vn -0.8660 0.0000 0.5000
vn -0.8660 0.0000 0.5000
vn -0.5000 0.0000 0.8660
vn -0.5000 0.0000 0.8660
vn 0.0000 0.0000 1.0000
vn -0.0000 0.0000 1.0000
vn 0.0000 1.0000 0.0000
vn 0.0000 1.0000 0.0000
vn 0.5000 0.0000 -0.8660
vn 0.5000 0.0000 -0.8660
vn 0.8660 0.0000 -0.5000
vn 0.8660 0.0000 -0.5000
vn 1.0000 0.0000 -0.0000
vn 1.0000 -0.0000 0.0000
vn 0.0000 1.0000 0.0000
vn 0.0000 1.0000 0.0000
vn 0.0000 1.0000 0.0000
vn 0.5000 0.0000 0.8660
vn 0.5000 0.0000 0.8660
vn 0.8660 0.0000 0.5000
vn 0.8660 -0.0000 0.5000
vn 0.0000 1.0000 0.0000
vn 0.0000 1.0000 0.0000
vn -0.8660 -0.0000 -0.5000
vn -0.8660 0.0000 -0.5000
vn -1.0000 -0.0000 -0.0000
vn -0.5000 0.0000 -0.8660
vn -0.5000 -0.0000 -0.8660
vn -1.0000 0.0000 0.0000
vn -0.8660 0.0000 0.5000
vn -0.8660 0.0000 0.5000
vn -0.5000 0.0000 0.8660
vn -0.0000 -0.0000 -1.0000
vn 0.0000 0.0000 -1.0000
vn -0.5000 0.0000 0.8660
vn -0.0000 0.0000 1.0000
vn 0.0000 1.0000 0.0000
vn 0.0000 1.0000 0.0000
vn 0.0000 1.0000 0.0000
vn 0.0000 1.0000 0.0000
vn 0.0000 1.0000 0.0000
vn 0.0000 1.0000 0.0000
vn 0.0000 1.0000 0.0000
vn 0.0000 -0.0000 1.0000
vn 0.5000 0.0000 -0.8660
vn 0.5000 0.0000 -0.8660
vn 0.5000 0.0000 0.8660
vn 0.5000 -0.0000 0.8660
vn 0.8660 0.0000 0.5000
vn 0.8660 0.0000 -0.5000
vn 0.8660 0.0000 -0.5000
vn 0.8660 -0.0000 0.5000
vn 1.0000 -0.0000 0.0000
vn 1.0000 0.0000 -0.0000
vn 0.0000 1.0000 0.0000
vn 0.0000 1.0000 0.0000
vn 0.0000 1.0000 0.0000
vn 0.0000 1.0000 0.0000
vn 0.0000 1.0000 0.0000
vn -0.5000 0.0000 -0.8660
vn -0.5000 -0.0000 -0.8660
vn -0.8660 0.0000 -0.5000
vn -0.0000 -0.0000 -1.0000
vn 0.0000 0.0000 -1.0000
vn -1.0000 0.0000 0.0000
vn -1.0000 -0.0000 -0.0000
vn -0.8660 0.0000 0.5000
vn -0.8660 -0.0000 -0.5000
vn -0.8660 0.0000 0.5000
vn -0.5000 0.0000 0.8660
vn -0.5000 0.0000 0.8660
vn -0.0000 0.0000 1.0000
vn 0.0000 -0.0000 1.0000
vn 0.0000 1.0000 0.0000
vn 0.0000 1.0000 0.0000
vn 0.0000 1.0000 0.0000
vn 0.0000 1.0000 0.0000
vn 0.0000 1.0000 0.0000
vn 0.0000 1.0000 0.0000
vn 0.0000 1.0000 0.0000
vn 0.5000 0.0000 -0.8660
vn 0.5000 0.0000 -0.8660
vn 0.8660 0.0000 -0.5000
vn 0.8660 0.0000 -0.5000
vn 0.5000 -0.0000 0.8660
vn 0.5000 0.0000 0.8660
vn 0.8660 0.0000 0.5000
vn 0.8660 -0.0000 0.5000
vn 1.0000 -0.0000 0.0000
vn 1.0000 0.0000 -0.0000
vn 0.0000 1.0000 0.0000
vn 0.0000 1.0000 0.0000
vn 0.0000 1.0000 0.0000
vn 0.0000 1.0000 0.0000
vn 0.0000 1.0000 0.0000
vn -0.8660 -0.0000 -0.5000
vn -0.8660 0.0000 -0.5000
vn -1.0000 -0.0000 0.0000
vn -1.0000 0.0000 0.0000
vn -0.8660 0.0000 0.5000
vn -0.8660 0.0000 0.5000
vn 0.0000 1.0000 0.0000
vn 0.0000 1.0000 0.0000
vn 0.0000 1.0000 0.0000
vn -0.5000 0.0000 -0.8660
vn -0.5000 0.0000 -0.8660
vn 0.0000 0.0000 -1.0000
vn -0.0000 0.0000 -1.0000
vn 0.5000 0.0000 -0.8660
vn 0.5000 0.0000 -0.8660
vn -0.5000 0.0000 0.8660
vn -0.5000 0.0000 0.8660
vn 0.0000 0.0000 1.0000
vn -0.0000 0.0000 1.0000
vn 0.5000 0.0000 0.8660
vn 0.8660 0.0000 -0.5000
vn 0.8660 0.0000 -0.5000
vn 1.0000 0.0000 0.0000
vn 1.0000 -0.0000 0.0000
vn 0.8660 -0.0000 0.5000
vn 0.8660 0.0000 0.5000
vn 0.5000 0.0000 0.8660
vn 0.0000 1.0000 0.0000
vn 0.0000 1.0000 0.0000
vn 0.0000 1.0000 0.0000
vn 0.0000 1.0000 0.0000
vn 0.0000 1.0000 0.0000
vn 0.0000 1.0000 0.0000
vn 0.0000 1.0000 0.0000
vn 0.0000 1.0000 0.0000
vn 0.0000 1.0000 0.0000
vn -0.8660 0.0000 -0.5000
vn -0.8660 0.0000 -0.5000
vn -1.0000 0.0000 0.0000
vn -1.0000 -0.0000 0.0000
vn -0.8660 -0.0000 0.5000
vn -0.8660 0.0000 0.5000
vn 0.0000 1.0000 0.0000
vn 0.0000 1.0000 0.0000
vn 0.0000 1.0000 0.0000
vn 0.0000 0.0000 -1.0000
vn -0.0000 0.0000 -1.0000
vn -0.5000 0.0000 -0.8660
vn 0.5000 0.0000 -0.8660
vn 0.5000 0.0000 -0.8660
vn -0.5000 0.0000 -0.8660
vn -0.5000 0.0000 0.8660
vn -0.5000 0.0000 0.8660
vn 0.0000 0.0000 1.0000
vn -0.0000 0.0000 1.0000
vn 0.5000 0.0000 0.8660
vn 0.8660 0.0000 -0.5000
vn 0.8660 -0.0000 -0.5000
vn 1.0000 -0.0000 0.0000
vn 1.0000 0.0000 0.0000
vn 0.5000 0.0000 0.8660
vn 0.8660 0.0000 0.5000
vn 0.8660 0.0000 0.5000
vn 0.0000 1.0000 0.0000
vn 0.0000 1.0000 0.0000
vn 0.0000 1.0000 0.0000
vn 0.0000 1.0000 0.0000
vn 0.0000 1.0000 0.0000
vn 0.0000 1.0000 0.0000
vn 0.0000 1.0000 0.0000
vn 0.0000 1.0000 0.0000
vn 0.0000 1.0000 0.0000
vn -0.8660 0.0000 -0.5000
vn -0.8660 0.0000 -0.5000
vn -1.0000 0.0000 0.0000
vn -1.0000 -0.0000 0.0000
vn 0.0000 1.0000 0.0000
vn 0.0000 1.0000 0.0000
vn 0.0000 1.0000 0.0000
vn -0.5000 0.0000 -0.8660
vn -0.5000 0.0000 -0.8660
vn 0.0000 0.0000 -1.0000
vn -0.0000 0.0000 -1.0000
vn 0.5000 0.0000 -0.8660
vn 0.5000 0.0000 -0.8660
vn 0.8660 0.0000 -0.5000
vn 0.8660 -0.0000 -0.5000
vn 1.0000 -0.0000 0.0000
vn 1.0000 0.0000 0.0000
vn 0.0000 1.0000 0.0000
vn 0.0000 1.0000 0.0000
vn 0.0000 1.0000 0.0000
vn 0.0000 1.0000 0.0000
vn 0.0000 1.0000 0.0000
vn 0.0000 1.0000 0.0000
vn 0.0000 1.0000 0.0000
vn 0.0000 1.0000 0.0000
vn 0.0000 1.0000 0.0000
vn -0.8660 -0.0000 0.5000
vn -0.8660 0.0000 0.5000
vn -0.5000 0.0000 0.8660
vn -0.5000 0.0000 0.8660
vn 0.0000 0.0000 1.0000
vn -0.0000 0.0000 1.0000
vn 0.5000 0.0000 0.8660
vn 0.5000 0.0000 0.8660
vn 0.8660 0.0000 0.5000
vn 0.8660 0.0000 0.5000
vn -0.8660 0.0000 -0.5000
vn -0.8660 0.0000 -0.5000
vn -1.0000 0.0000 0.0000
vn -1.0000 -0.0000 0.0000
vn -0.8660 -0.0000 0.5000
vn -0.8660 0.0000 0.5000
vn 0.0000 1.0000 0.0000
vn 0.0000 1.0000 0.0000
vn 0.0000 1.0000 0.0000
vn -0.5000 0.0000 -0.8660
vn -0.5000 0.0000 -0.8660
vn -0.5000 0.0000 0.8660
vn 0.0000 0.0000 -1.0000
vn -0.0000 0.0000 -1.0000
vn 0.5000 0.0000 -0.8660
vn 0.5000 0.0000 -0.8660
vn 0.8660 0.0000 -0.5000
vn 0.8660 -0.0000 -0.5000
vn 0.5000 0.0000 0.8660
vn 0.5000 0.0000 0.8660
vn 0.8660 0.0000 0.5000
vn 1.0000 -0.0000 0.0000
vn 1.0000 0.0000 0.0000
vn 0.8660 0.0000 0.5000
vn -0.5000 0.0000 0.8660
vn 0.0000 0.0000 1.0000
vn -0.0000 0.0000 1.0000
vn 0.0000 1.0000 0.0000
vn 0.0000 1.0000 0.0000
vn 0.0000 1.0000 0.0000
vn 0.0000 1.0000 0.0000
vn 0.0000 1.0000 0.0000
vn 0.0000 1.0000 0.0000
vn 0.0000 1.0000 0.0000
vn 0.0000 1.0000 0.0000
vn 0.0000 1.0000 0.0000
vn -0.8660 -0.0000 -0.5000
vn -0.8660 0.0000 -0.5000
vn -1.0000 -0.0000 0.0000
vn -1.0000 0.0000 0.0000
vn -0.8660 0.0000 0.5000
vn -0.8660 0.0000 0.5000
vn 0.0000 1.0000 0.0000
vn 0.0000 1.0000 0.0000
vn 0.0000 1.0000 0.0000
vn -0.5000 0.0000 -0.8660
vn -0.5000 0.0000 -0.8660
vn 0.0000 0.0000 -1.0000
vn -0.0000 0.0000 -1.0000
vn 0.5000 0.0000 -0.8660
vn 0.5000 0.0000 -0.8660
vn -0.5000 0.0000 0.8660
vn -0.5000 0.0000 0.8660
vn 0.0000 0.0000 1.0000
vn -0.0000 0.0000 1.0000
vn 0.5000 0.0000 0.8660
vn 0.8660 0.0000 -0.5000
vn 0.8660 0.0000 -0.5000
vn 1.0000 0.0000 0.0000
vn 1.0000 -0.0000 0.0000
vn 0.8660 -0.0000 0.5000
vn 0.8660 0.0000 0.5000
vn 0.5000 0.0000 0.8660
vn 0.0000 1.0000 0.0000
vn 0.0000 1.0000 0.0000
vn 0.0000 1.0000 0.0000
vn 0.0000 1.0000 0.0000
vn 0.0000 1.0000 0.0000
vn 0.0000 1.0000 0.0000
vn 0.0000 1.0000 0.0000
vn 0.0000 1.0000 0.0000
vn 0.0000 1.0000 0.0000
vn -0.8660 -0.0000 -0.5000
vn -0.8660 0.0000 -0.5000
vn -1.0000 -0.0000 0.0000
vn -1.0000 0.0000 0.0000
vn -0.8660 0.0000 0.5000
vn -0.8660 0.0000 0.5000
vn 0.0000 1.0000 0.0000
vn 0.0000 1.0000 0.0000
vn 0.0000 1.0000 0.0000
vn -0.5000 0.0000 -0.8660
vn -0.5000 0.0000 -0.8660
vn 0.0000 0.0000 -1.0000
vn -0.0000 0.0000 -1.0000
vn 0.5000 0.0000 -0.8660
vn 0.5000 0.0000 -0.8660
vn -0.5000 0.0000 0.8660
vn -0.5000 0.0000 0.8660
vn 0.0000 0.0000 1.0000
vn -0.0000 0.0000 1.0000
vn 0.5000 0.0000 0.8660
vn 0.8660 0.0000 -0.5000
vn 0.8660 0.0000 -0.5000
vn 1.0000 0.0000 0.0000
vn 1.0000 -0.0000 0.0000
vn 0.8660 -0.0000 0.5000
vn 0.8660 0.0000 0.5000
vn 0.5000 0.0000 0.8660
vn 0.0000 1.0000 0.0000
vn 0.0000 1.0000 0.0000
vn 0.0000 1.0000 0.0000
vn 0.0000 1.0000 0.0000
vn 0.0000 1.0000 0.0000
vn 0.0000 1.0000 0.0000
vn 0.0000 1.0000 0.0000
vn 0.0000 1.0000 0.0000
vn 0.0000 1.0000 0.0000
vn -0.8660 -0.0000 -0.5000
vn -0.8660 0.0000 -0.5000
vn -1.0000 -0.0000 0.0000
vn -1.0000 0.0000 0.0000
vn -0.8660 0.0000 0.5000
vn -0.8660 0.0000 0.5000
vn 0.0000 1.0000 0.0000
vn 0.0000 1.0000 0.0000
vn 0.0000 1.0000 0.0000
vn 0.0000 0.0000 -1.0000
vn -0.0000 0.0000 -1.0000
vn -0.5000 0.0000 -0.8660
vn 0.5000 0.0000 -0.8660
vn 0.5000 0.0000 -0.8660
vn -0.5000 0.0000 -0.8660
vn -0.5000 0.0000 0.8660
vn -0.5000 0.0000 0.8660
vn 0.0000 0.0000 1.0000
vn -0.0000 0.0000 1.0000
vn 0.5000 0.0000 0.8660
vn 0.8660 0.0000 -0.5000
vn 0.8660 0.0000 -0.5000
vn 1.0000 0.0000 0.0000
vn 1.0000 -0.0000 0.0000
vn 0.5000 0.0000 0.8660
vn 0.8660 0.0000 0.5000
vn 0.8660 -0.0000 0.5000
vn 0.0000 1.0000 0.0000
vn 0.0000 1.0000 0.0000
vn 0.0000 1.0000 0.0000
vn 0.0000 1.0000 0.0000
vn 0.0000 1.0000 0.0000
vn 0.0000 1.0000 0.0000
vn 0.0000 1.0000 0.0000
vn 0.0000 1.0000 0.0000
vn 0.0000 1.0000 0.0000
vn -0.8660 -0.0000 -0.5000
vn -0.8660 0.0000 -0.5000
vn -1.0000 -0.0000 0.0000
vn -1.0000 0.0000 0.0000
vn -0.5000 0.0000 -0.8660
vn -0.5000 0.0000 -0.8660
vn 0.0000 0.0000 -1.0000
vn -0.0000 0.0000 -1.0000
vn 0.5000 0.0000 -0.8660
vn 0.5000 0.0000 -0.8660
vn 0.8660 0.0000 -0.5000
vn 0.8660 0.0000 -0.5000
vn 1.0000 0.0000 0.0000
vn 1.0000 -0.0000 0.0000
vn 0.0000 1.0000 0.0000
vn 0.0000 1.0000 0.0000
vn 0.0000 1.0000 0.0000
vn 0.0000 1.0000 0.0000
vn 0.0000 1.0000 0.0000
vn 0.0000 1.0000 0.0000
vn 0.0000 1.0000 0.0000
vn 0.0000 1.0000 0.0000
vn 0.0000 1.0000 0.0000
vn -0.8660 0.0000 0.5000
vn -0.8660 0.0000 0.5000
vn 0.0000 1.0000 0.0000
vn -0.5000 0.0000 0.8660
vn -0.5000 0.0000 0.8660
vn 0.0000 0.0000 1.0000
vn -0.0000 0.0000 1.0000
vn 0.5000 0.0000 0.8660
vn 0.5000 0.0000 0.8660
vn 0.8660 0.0000 0.5000
vn 0.8660 -0.0000 0.5000
vn 0.0000 1.0000 0.0000
vn 0.0000 1.0000 0.0000
vn -0.8660 -0.0000 -0.5000
vn -0.8660 0.0000 -0.5000
vn -1.0000 -0.0000 0.0000
vn -1.0000 0.0000 0.0000
vn -0.8660 0.0000 0.5000
vn -0.8660 0.0000 0.5000
vn 0.0000 1.0000 0.0000
vn 0.0000 1.0000 0.0000
vn 0.0000 1.0000 0.0000
vn -0.5000 0.0000 -0.8660
vn -0.5000 -0.0000 -0.8660
vn -0.5000 0.0000 0.8660
vn -0.0000 -0.0000 -1.0000
vn 0.0000 0.0000 -1.0000
vn 0.5000 0.0000 -0.8660
vn 0.5000 0.0000 -0.8660
vn 0.8660 0.0000 -0.5000
vn 0.8660 0.0000 -0.5000
vn 0.5000 0.0000 0.8660
vn 0.5000 -0.0000 0.8660
vn 0.8660 0.0000 0.5000
vn 1.0000 0.0000 0.0000
vn 1.0000 -0.0000 0.0000
vn 0.8660 -0.0000 0.5000
vn -0.5000 0.0000 0.8660
vn -0.0000 0.0000 1.0000
vn 0.0000 -0.0000 1.0000
vn 0.0000 1.0000 0.0000
vn 0.0000 1.0000 0.0000
vn 0.0000 1.0000 0.0000
vn 0.0000 1.0000 0.0000
vn 0.0000 1.0000 0.0000
vn 0.0000 1.0000 0.0000
vn 0.0000 1.0000 0.0000
vn 0.0000 1.0000 0.0000
vn 0.0000 1.0000 0.0000
vn -0.8660 -0.0000 -0.5000
vn -0.8660 0.0000 -0.5000
vn -1.0000 -0.0000 0.0000
vn -1.0000 0.0000 0.0000
vn -0.8660 0.0000 0.5000
vn -0.8660 0.0000 0.5000
vn 0.0000 1.0000 0.0000
vn 0.0000 1.0000 0.0000
vn 0.0000 1.0000 0.0000
vn -0.5000 0.0000 -0.8660
vn -0.5000 -0.0000 -0.8660
vn -0.0000 -0.0000 -1.0000
vn 0.0000 0.0000 -1.0000
vn 0.5000 0.0000 -0.8660
vn 0.5000 0.0000 -0.8660
vn -0.5000 0.0000 0.8660
vn -0.5000 0.0000 0.8660
vn -0.0000 0.0000 1.0000
vn 0.0000 -0.0000 1.0000
vn 0.5000 -0.0000 0.8660
vn 0.8660 0.0000 -0.5000
vn 0.8660 0.0000 -0.5000
vn 1.0000 0.0000 0.0000
vn 1.0000 -0.0000 0.0000
vn 0.8660 -0.0000 0.5000
vn 0.8660 0.0000 0.5000
vn 0.5000 0.0000 0.8660
vn 0.0000 1.0000 0.0000
vn 0.0000 1.0000 0.0000
vn 0.0000 1.0000 0.0000
vn 0.0000 1.0000 0.0000
vn 0.0000 1.0000 0.0000
vn 0.0000 1.0000 0.0000
vn 0.0000 1.0000 0.0000
vn 0.0000 1.0000 0.0000
vn 0.0000 1.0000 0.0000
vn -0.5000 0.0000 -0.8660
vn -0.5000 0.0000 -0.8660
vn -0.8660 0.0000 -0.5000
vn -0.8660 -0.0000 -0.5000
vn -1.0000 -0.0000 0.0000
vn -1.0000 0.0000 0.0000
vn -0.8660 0.0000 0.5000
vn -0.8660 0.0000 0.5000
vn -0.5000 0.0000 0.8660
vn 0.0000 0.0000 -1.0000
vn -0.0000 0.0000 -1.0000
vn 0.5000 0.0000 -0.8660
vn 0.5000 0.0000 -0.8660
vn 0.8660 0.0000 -0.5000
vn 0.8660 0.0000 -0.5000
vn -0.5000 0.0000 0.8660
vn 0.0000 0.0000 1.0000
vn -0.0000 0.0000 1.0000
vn 0.5000 0.0000 0.8660
vn 0.5000 0.0000 0.8660
vn 0.8660 0.0000 0.5000
vn 0.0000 1.0000 0.0000
vn 0.0000 1.0000 0.0000
vn 0.0000 1.0000 0.0000
vn 0.0000 1.0000 0.0000
vn 0.0000 1.0000 0.0000
vn 0.8660 -0.0000 0.5000
vn 0.0000 1.0000 0.0000
vn 0.0000 1.0000 0.0000
vn 0.0000 1.0000 0.0000
vn 0.0000 1.0000 0.0000
vn 0.0000 1.0000 0.0000
vn 0.0000 1.0000 0.0000
vn 1.0000 0.0000 0.0000
vn 1.0000 -0.0000 0.0000
vn 0.0000 1.0000 0.0000
vn 0.0000 0.0000 -1.0000
vn -0.0000 0.0000 -1.0000
vn -0.5000 0.0000 -0.8660
vn 0.5000 0.0000 -0.8660
vn 0.5000 0.0000 -0.8660
vn -0.8660 0.0000 -0.5000
vn -0.8660 0.0000 -0.5000
vn -1.0000 0.0000 0.0000
vn -1.0000 -0.0000 0.0000
vn -0.8660 -0.0000 0.5000
vn -0.5000 0.0000 -0.8660
vn -0.8660 0.0000 0.5000
vn -0.5000 0.0000 0.8660
vn -0.5000 0.0000 0.8660
vn 0.0000 0.0000 1.0000
vn -0.0000 0.0000 1.0000
vn 0.5000 0.0000 0.8660
vn 0.8660 0.0000 -0.5000
vn 0.8660 -0.0000 -0.5000
vn 0.5000 0.0000 0.8660
vn 0.8660 0.0000 0.5000
vn 0.0000 1.0000 0.0000
vn 0.0000 1.0000 0.0000
vn 0.0000 1.0000 0.0000
vn 0.0000 1.0000 0.0000
vn 0.0000 1.0000 0.0000
vn 0.8660 0.0000 0.5000
vn 0.0000 1.0000 0.0000
vn 0.0000 1.0000 0.0000
vn 0.0000 1.0000 0.0000
vn 0.0000 1.0000 0.0000
vn 0.0000 1.0000 0.0000
vn 0.0000 1.0000 0.0000
vn 1.0000 -0.0000 0.0000
vn 1.0000 0.0000 0.0000
vn 0.0000 1.0000 0.0000
vn -0.8660 0.0000 -0.5000
vn -0.8660 0.0000 -0.5000
vn -1.0000 0.0000 0.0000
vn -0.5000 0.0000 -0.8660
vn -0.5000 0.0000 -0.8660
vn 0.0000 0.0000 -1.0000
vn -0.0000 0.0000 -1.0000
vn 0.5000 0.0000 -0.8660
vn 0.5000 0.0000 -0.8660
vn 0.8660 0.0000 -0.5000
vn 0.8660 -0.0000 -0.5000
vn -1.0000 -0.0000 0.0000
vn 0.0000 1.0000 0.0000
vn 0.0000 1.0000 0.0000
vn 0.0000 1.0000 0.0000
vn 0.0000 1.0000 0.0000
vn 0.0000 1.0000 0.0000
vn 0.0000 1.0000 0.0000
vn 0.0000 1.0000 0.0000
vn 0.0000 1.0000 0.0000
vn 0.0000 1.0000 0.0000
vn 0.0000 1.0000 0.0000
vn 1.0000 -0.0000 0.0000
vn 1.0000 0.0000 0.0000
vn 0.0000 1.0000 0.0000
vn 0.0000 1.0000 0.0000
vn -0.8660 -0.0000 0.5000
vn -0.8660 0.0000 0.5000
vn -0.5000 0.0000 0.8660
vn -0.5000 0.0000 0.8660
vn 0.0000 0.0000 1.0000
vn -0.0000 0.0000 1.0000
vn 0.5000 0.0000 0.8660
vn 0.5000 0.0000 0.8660
vn 0.8660 0.0000 0.5000
vn 0.8660 0.0000 0.5000
vn -0.8660 0.0000 -0.5000
vn -0.8660 0.0000 -0.5000
vn -1.0000 0.0000 0.0000
vn -0.5000 0.0000 -0.8660
vn -0.5000 0.0000 -0.8660
vn -1.0000 -0.0000 0.0000
vn -0.8660 -0.0000 0.5000
vn -0.8660 0.0000 0.5000
vn -0.5000 0.0000 0.8660
vn 0.0000 0.0000 -1.0000
vn -0.0000 0.0000 -1.0000
vn 0.5000 0.0000 -0.8660
vn 0.5000 0.0000 -0.8660
vn 0.8660 0.0000 -0.5000
vn 0.8660 -0.0000 -0.5000
vn 0.5000 0.0000 0.8660
vn 0.5000 0.0000 0.8660
vn 0.8660 0.0000 0.5000
vn -0.5000 0.0000 0.8660
vn 0.0000 0.0000 1.0000
vn -0.0000 0.0000 1.0000
vn 0.0000 1.0000 0.0000
vn 0.0000 1.0000 0.0000
vn 0.0000 1.0000 0.0000
vn 0.0000 1.0000 0.0000
vn 0.0000 1.0000 0.0000
vn 0.8660 0.0000 0.5000
vn 0.0000 1.0000 0.0000
vn 0.0000 1.0000 0.0000
vn 0.0000 1.0000 0.0000
vn 0.0000 1.0000 0.0000
vn 0.0000 1.0000 0.0000
vn 0.0000 1.0000 0.0000
vn 1.0000 -0.0000 0.0000
vn 1.0000 0.0000 0.0000
vn 0.0000 1.0000 0.0000
vn -0.5000 0.0000 -0.8660
vn -0.5000 0.0000 -0.8660
vn -0.8660 0.0000 -0.5000
vn -0.8660 -0.0000 -0.5000
vn -1.0000 -0.0000 0.0000
vn -1.0000 0.0000 0.0000
vn -0.8660 0.0000 0.5000
vn -0.8660 0.0000 0.5000
vn -0.5000 0.0000 0.8660
vn 0.0000 0.0000 -1.0000
vn -0.0000 0.0000 -1.0000
vn 0.5000 0.0000 -0.8660
vn 0.5000 0.0000 -0.8660
vn 0.8660 0.0000 -0.5000
vn 0.8660 0.0000 -0.5000
vn -0.5000 0.0000 0.8660
vn 0.0000 0.0000 1.0000
vn -0.0000 0.0000 1.0000
vn 0.5000 0.0000 0.8660
vn 0.5000 0.0000 0.8660
vn 0.8660 0.0000 0.5000
vn 0.0000 1.0000 0.0000
vn 0.0000 1.0000 0.0000
vn 0.0000 1.0000 0.0000
vn 0.0000 1.0000 0.0000
vn 0.0000 1.0000 0.0000
vn 0.8660 -0.0000 0.5000
vn 0.0000 1.0000 0.0000
vn 0.0000 1.0000 0.0000
vn 0.0000 1.0000 0.0000
vn 0.0000 1.0000 0.0000
vn 0.0000 1.0000 0.0000
vn 0.0000 1.0000 0.0000
vn 1.0000 0.0000 0.0000
vn 1.0000 -0.0000 0.0000
vn 0.0000 1.0000 0.0000
vn -0.5000 0.0000 -0.8660
vn -0.5000 0.0000 -0.8660
vn -0.8660 0.0000 -0.5000
vn -0.8660 -0.0000 -0.5000
vn -1.0000 -0.0000 0.0000
vn -1.0000 0.0000 0.0000
vn -0.8660 0.0000 0.5000
vn -0.8660 0.0000 0.5000
vn -0.5000 0.0000 0.8660
vn 0.0000 0.0000 -1.0000
vn -0.0000 0.0000 -1.0000
vn 0.5000 0.0000 -0.8660
vn 0.5000 0.0000 -0.8660
vn 0.8660 0.0000 -0.5000
vn 0.8660 0.0000 -0.5000
vn -0.5000 0.0000 0.8660
vn 0.0000 0.0000 1.0000
vn -0.0000 0.0000 1.0000
vn 0.5000 0.0000 0.8660
vn 0.5000 0.0000 0.8660
vn 0.8660 0.0000 0.5000
vn 0.0000 1.0000 0.0000
vn 0.0000 1.0000 0.0000
vn 0.0000 1.0000 0.0000
vn 0.0000 1.0000 0.0000
vn 0.0000 1.0000 0.0000
vn 0.8660 -0.0000 0.5000
vn 0.0000 1.0000 0.0000
vn 0.0000 1.0000 0.0000
vn 0.0000 1.0000 0.0000
vn 0.0000 1.0000 0.0000
vn 0.0000 1.0000 0.0000
vn 0.0000 1.0000 0.0000
vn 1.0000 0.0000 0.0000
vn 1.0000 -0.0000 0.0000
vn 0.0000 1.0000 0.0000
vn 0.0000 0.0000 -1.0000
vn -0.0000 0.0000 -1.0000
vn -0.5000 0.0000 -0.8660
vn 0.5000 0.0000 -0.8660
vn 0.5000 0.0000 -0.8660
vn -0.8660 -0.0000 -0.5000
vn -0.8660 0.0000 -0.5000
vn -1.0000 -0.0000 0.0000
vn -1.0000 0.0000 0.0000
vn -0.8660 0.0000 0.5000
vn -0.5000 0.0000 -0.8660
vn -0.8660 0.0000 0.5000
vn -0.5000 0.0000 0.8660
vn -0.5000 0.0000 0.8660
vn 0.0000 0.0000 1.0000
vn -0.0000 0.0000 1.0000
vn 0.5000 0.0000 0.8660
vn 0.8660 0.0000 -0.5000
vn 0.8660 0.0000 -0.5000
vn 0.5000 0.0000 0.8660
vn 0.8660 0.0000 0.5000
vn 0.0000 1.0000 0.0000
vn 0.0000 1.0000 0.0000
vn 0.0000 1.0000 0.0000
vn 0.0000 1.0000 0.0000
vn 0.0000 1.0000 0.0000
vn 0.8660 -0.0000 0.5000
vn 0.0000 1.0000 0.0000
vn 0.0000 1.0000 0.0000
vn 0.0000 1.0000 0.0000
vn 0.0000 1.0000 0.0000
vn 0.0000 1.0000 0.0000
vn 0.0000 1.0000 0.0000
vn 1.0000 0.0000 0.0000
vn 1.0000 -0.0000 0.0000
vn 0.0000 1.0000 0.0000
vn -0.8660 -0.0000 -0.5000
vn -0.8660 0.0000 -0.5000
vn -1.0000 -0.0000 0.0000
vn -0.5000 0.0000 -0.8660
vn -0.5000 0.0000 -0.8660
vn 0.0000 0.0000 -1.0000
vn -0.0000 0.0000 -1.0000
vn 0.5000 0.0000 -0.8660
vn 0.5000 0.0000 -0.8660
vn 0.8660 0.0000 -0.5000
vn 0.8660 0.0000 -0.5000
vn -1.0000 0.0000 0.0000
vn 0.0000 1.0000 0.0000
vn 0.0000 1.0000 0.0000
vn 0.0000 1.0000 0.0000
vn 0.0000 1.0000 0.0000
vn 0.0000 1.0000 0.0000
vn 0.0000 1.0000 0.0000
vn 0.0000 1.0000 0.0000
vn 0.0000 1.0000 0.0000
vn 0.0000 1.0000 0.0000
vn 1.0000 0.0000 0.0000
vn 1.0000 -0.0000 0.0000
vn -0.8660 0.0000 0.5000
vn -0.8660 0.0000 0.5000
vn -0.5000 0.0000 0.8660
vn -0.5000 0.0000 0.8660
vn 0.0000 0.0000 1.0000
vn -0.0000 0.0000 1.0000
vn 0.5000 0.0000 0.8660
vn 0.5000 0.0000 0.8660
vn 0.8660 0.0000 0.5000
vn 0.0000 1.0000 0.0000
vn 0.8660 -0.0000 0.5000
vn 0.0000 1.0000 0.0000
vn 0.0000 1.0000 0.0000
vn -0.8660 -0.0000 -0.5000
vn -0.8660 0.0000 -0.5000
vn -1.0000 -0.0000 0.0000
vn -0.5000 0.0000 -0.8660
vn -0.5000 -0.0000 -0.8660
vn -1.0000 0.0000 0.0000
vn -0.8660 0.0000 0.5000
vn -0.8660 0.0000 0.5000
vn -0.5000 0.0000 0.8660
vn -0.0000 -0.0000 -1.0000
vn 0.0000 0.0000 -1.0000
vn 0.5000 0.0000 -0.8660
vn 0.5000 0.0000 -0.8660
vn 0.8660 0.0000 -0.5000
vn 0.8660 0.0000 -0.5000
vn 0.5000 0.0000 0.8660
vn 0.5000 -0.0000 0.8660
vn 0.8660 0.0000 0.5000
vn -0.5000 0.0000 0.8660
vn -0.0000 0.0000 1.0000
vn 0.0000 -0.0000 1.0000
vn 0.0000 1.0000 0.0000
vn 0.0000 1.0000 0.0000
vn 0.0000 1.0000 0.0000
vn 0.0000 1.0000 0.0000
vn 0.0000 1.0000 0.0000
vn 0.8660 -0.0000 0.5000
vn 0.0000 1.0000 0.0000
vn 0.0000 1.0000 0.0000
vn 0.0000 1.0000 0.0000
vn 0.0000 1.0000 0.0000
vn 0.0000 1.0000 0.0000
vn 0.0000 1.0000 0.0000
vn 1.0000 0.0000 0.0000
vn 1.0000 -0.0000 0.0000
vn 0.0000 1.0000 0.0000
vn -0.5000 0.0000 -0.8660
vn -0.5000 -0.0000 -0.8660
vn -0.8660 0.0000 -0.5000
vn -0.8660 -0.0000 -0.5000
vn -1.0000 -0.0000 0.0000
vn -1.0000 0.0000 0.0000
vn -0.8660 0.0000 0.5000
vn -0.8660 0.0000 0.5000
vn -0.5000 0.0000 0.8660
vn -0.0000 -0.0000 -1.0000
vn 0.0000 0.0000 -1.0000
vn 0.5000 0.0000 -0.8660
vn 0.5000 0.0000 -0.8660
vn 0.8660 0.0000 -0.5000
vn 0.8660 0.0000 -0.5000
vn -0.5000 0.0000 0.8660
vn -0.0000 0.0000 1.0000
vn 0.0000 -0.0000 1.0000
vn 0.5000 -0.0000 0.8660
vn 0.5000 0.0000 0.8660
vn 0.8660 0.0000 0.5000
vn 0.0000 1.0000 0.0000
vn 0.0000 1.0000 0.0000
vn 0.0000 1.0000 0.0000
vn 0.0000 1.0000 0.0000
vn 0.0000 1.0000 0.0000
vn 0.8660 -0.0000 0.5000
vn 0.0000 1.0000 0.0000
vn 0.0000 1.0000 0.0000
vn 0.0000 1.0000 0.0000
vn 0.0000 1.0000 0.0000
vn 0.0000 1.0000 0.0000
vn 0.0000 1.0000 0.0000
vn 1.0000 0.0000 0.0000
vn 1.0000 -0.0000 0.0000
vn 0.0000 1.0000 0.0000
vn -1.0000 0.0000 0.0000
vn -1.0000 0.0000 0.0000
vn -0.8660 0.0000 0.5000
vn -0.8660 0.0000 -0.5000
vn -0.8660 0.0000 -0.5000
vn -0.5000 0.0000 -0.8660
vn -0.5000 0.0000 -0.8660
vn 0.0000 0.0000 -1.0000
vn 0.0000 0.0000 -1.0000
vn -0.8660 0.0000 0.5000
vn -0.5000 0.0000 0.8660
vn -0.5000 0.0000 0.8660
vn 0.0000 0.0000 1.0000
vn 0.0000 0.0000 1.0000
vn 0.0000 1.0000 0.0000
vn 0.0000 1.0000 0.0000
vn 0.0000 1.0000 0.0000
vn 0.0000 1.0000 0.0000
vn 0.0000 1.0000 0.0000
vn 0.0000 1.0000 0.0000
vn 0.0000 1.0000 0.0000
vn 0.5000 0.0000 -0.8660
vn 0.5000 0.0000 -0.8660
vn 0.8660 0.0000 -0.5000
vn 0.8660 0.0000 -0.5000
vn 0.8660 0.0000 0.5000
vn 0.8660 0.0000 0.5000
vn 1.0000 0.0000 0.0000
vn 1.0000 0.0000 0.0000
vn 0.5000 0.0000 0.8660
vn 0.5000 0.0000 0.8660
vn 0.0000 1.0000 0.0000
vn 0.0000 1.0000 0.0000
vn 0.0000 1.0000 0.0000
vn 0.0000 1.0000 0.0000
vn 0.0000 1.0000 0.0000
vn 0.0000 0.0000 -1.0000
vn 0.0000 -0.0000 -1.0000
vn -0.5000 0.0000 -0.8660
vn -1.0000 0.0000 -0.0000
vn -1.0000 0.0000 0.0000
vn -0.8660 0.0000 0.5000
vn -0.8660 0.0000 -0.5000
vn -0.8660 0.0000 -0.5000
vn -0.8660 0.0000 0.5000
vn -0.5000 0.0000 0.8660
vn -0.5000 0.0000 -0.8660
vn -0.5000 -0.0000 0.8660
vn 0.0000 -0.0000 1.0000
vn 0.0000 0.0000 1.0000
vn 0.0000 1.0000 0.0000
vn 0.0000 1.0000 0.0000
vn 0.0000 1.0000 0.0000
vn 0.0000 1.0000 0.0000
vn 0.0000 1.0000 0.0000
vn 0.0000 1.0000 0.0000
vn 0.0000 1.0000 0.0000
vn 0.5000 -0.0000 -0.8660
vn 0.5000 0.0000 -0.8660
vn 0.5000 0.0000 0.8660
vn 0.8660 0.0000 -0.5000
vn 0.8660 0.0000 -0.5000
vn 1.0000 0.0000 0.0000
vn 1.0000 0.0000 -0.0000
vn 0.5000 0.0000 0.8660
vn 0.8660 0.0000 0.5000
vn 0.8660 0.0000 0.5000
vn 0.0000 1.0000 0.0000
vn 0.0000 1.0000 0.0000
vn 0.0000 1.0000 0.0000
vn 0.0000 1.0000 0.0000
vn 0.0000 1.0000 0.0000
vn -0.8660 0.0000 -0.5000
vn -0.8660 0.0000 -0.5000
vn -1.0000 0.0000 0.0000
vn -0.5000 0.0000 -0.8660
vn -0.5000 0.0000 -0.8660
vn 0.0000 0.0000 -1.0000
vn 0.0000 -0.0000 -1.0000
vn -1.0000 0.0000 -0.0000
vn 0.0000 1.0000 0.0000
vn 0.0000 1.0000 0.0000
vn 0.0000 1.0000 0.0000
vn 0.0000 1.0000 0.0000
vn 0.0000 1.0000 0.0000
vn 0.0000 1.0000 0.0000
vn -0.8660 0.0000 0.5000
vn -0.8660 0.0000 0.5000
vn -0.5000 0.0000 0.8660
vn -0.5000 -0.0000 0.8660
vn 0.0000 -0.0000 1.0000
vn 0.0000 0.0000 1.0000
vn 0.0000 1.0000 0.0000
vn 0.5000 -0.0000 -0.8660
vn 0.5000 0.0000 -0.8660
vn 0.8660 0.0000 -0.5000
vn 0.8660 0.0000 -0.5000
vn 1.0000 0.0000 0.0000
vn 1.0000 0.0000 -0.0000
vn 0.0000 1.0000 0.0000
vn 0.0000 1.0000 0.0000
vn 0.0000 1.0000 0.0000
vn 0.0000 1.0000 0.0000
vn 0.0000 1.0000 0.0000
vn 0.5000 0.0000 0.8660
vn 0.8660 0.0000 0.5000
vn 0.8660 0.0000 0.5000
vn 0.5000 0.0000 0.8660
vn -0.8660 0.0000 -0.5000
vn -0.8660 0.0000 -0.5000
vn -1.0000 0.0000 0.0000
vn -1.0000 0.0000 -0.0000
vn -0.8660 0.0000 0.5000
vn -0.8660 0.0000 0.5000
vn -0.5000 0.0000 0.8660
vn -0.5000 0.0000 -0.8660
vn -0.5000 0.0000 -0.8660
vn 0.0000 0.0000 -1.0000
vn 0.0000 -0.0000 -1.0000
vn -0.5000 -0.0000 0.8660
vn 0.0000 -0.0000 1.0000
vn 0.0000 1.0000 0.0000
vn 0.0000 1.0000 0.0000
vn 0.0000 1.0000 0.0000
vn 0.0000 1.0000 0.0000
vn 0.0000 1.0000 0.0000
vn 0.0000 1.0000 0.0000
vn 0.0000 1.0000 0.0000
vn 0.0000 0.0000 1.0000
vn 0.5000 -0.0000 -0.8660
vn 0.5000 0.0000 -0.8660
vn 0.8660 0.0000 -0.5000
vn 0.8660 0.0000 -0.5000
vn 0.5000 0.0000 0.8660
vn 0.5000 0.0000 0.8660
vn 0.8660 0.0000 0.5000
vn 0.8660 0.0000 0.5000
vn 1.0000 0.0000 -0.0000
vn 1.0000 0.0000 0.0000
vn 0.0000 1.0000 0.0000
vn 0.0000 1.0000 0.0000
vn 0.0000 1.0000 0.0000
vn 0.0000 1.0000 0.0000
vn 0.0000 1.0000 0.0000
vn -0.5000 0.0000 -0.8660
vn -0.5000 0.0000 -0.8660
vn -0.8660 0.0000 -0.5000
vn 0.0000 0.0000 -1.0000
vn 0.0000 0.0000 -1.0000
vn -1.0000 0.0000 0.0000
vn -1.0000 0.0000 0.0000
vn -0.8660 0.0000 0.5000
vn -0.8660 0.0000 -0.5000
vn -0.8660 0.0000 0.5000
vn -0.5000 0.0000 0.8660
vn -0.5000 0.0000 0.8660
vn 0.0000 0.0000 1.0000
vn 0.0000 0.0000 1.0000
vn 0.0000 1.0000 0.0000
vn 0.0000 1.0000 0.0000
vn 0.0000 1.0000 0.0000
vn 0.0000 1.0000 0.0000
vn 0.0000 1.0000 0.0000
vn 0.0000 1.0000 0.0000
vn 0.0000 1.0000 0.0000
vn 0.5000 0.0000 -0.8660
vn 0.5000 0.0000 -0.8660
vn 0.8660 0.0000 -0.5000
vn 0.8660 0.0000 -0.5000
vn 0.5000 0.0000 0.8660
vn 0.8660 0.0000 0.5000
vn 0.8660 0.0000 0.5000
vn 1.0000 0.0000 0.0000
vn 1.0000 0.0000 0.0000
vn 0.5000 0.0000 0.8660
vn 0.0000 1.0000 0.0000
vn 0.0000 1.0000 0.0000
vn 0.0000 1.0000 0.0000
vn 0.0000 1.0000 0.0000
vn 0.0000 1.0000 0.0000
vn -1.0000 0.0000 0.0000
vn -1.0000 0.0000 0.0000
vn -0.8660 0.0000 0.5000
vn -0.8660 0.0000 -0.5000
vn -0.8660 0.0000 -0.5000
vn -0.5000 0.0000 -0.8660
vn -0.5000 0.0000 -0.8660
vn 0.0000 0.0000 -1.0000
vn 0.0000 0.0000 -1.0000
vn -0.8660 0.0000 0.5000
vn -0.5000 0.0000 0.8660
vn -0.5000 0.0000 0.8660
vn 0.0000 0.0000 1.0000
vn 0.0000 0.0000 1.0000
vn 0.0000 1.0000 0.0000
vn 0.0000 1.0000 0.0000
vn 0.0000 1.0000 0.0000
vn 0.0000 1.0000 0.0000
vn 0.0000 1.0000 0.0000
vn 0.0000 1.0000 0.0000
vn 0.0000 1.0000 0.0000
vn 0.5000 0.0000 -0.8660
vn 0.5000 0.0000 -0.8660
vn 0.8660 0.0000 -0.5000
vn 0.8660 0.0000 -0.5000
vn 0.8660 0.0000 0.5000
vn 0.8660 0.0000 0.5000
vn 1.0000 0.0000 0.0000
vn 1.0000 0.0000 0.0000
vn 0.5000 0.0000 0.8660
vn 0.5000 0.0000 0.8660
vn 0.0000 1.0000 0.0000
vn 0.0000 1.0000 0.0000
vn 0.0000 1.0000 0.0000
vn 0.0000 1.0000 0.0000
vn 0.0000 1.0000 0.0000
vn 0.0000 0.0000 -1.0000
vn 0.0000 0.0000 -1.0000
vn -0.5000 0.0000 -0.8660
vn -1.0000 0.0000 0.0000
vn -1.0000 0.0000 0.0000
vn -0.8660 0.0000 0.5000
vn -0.8660 0.0000 -0.5000
vn -0.8660 0.0000 -0.5000
vn -0.8660 0.0000 0.5000
vn -0.5000 0.0000 0.8660
vn -0.5000 0.0000 -0.8660
vn -0.5000 0.0000 0.8660
vn 0.0000 0.0000 1.0000
vn 0.0000 0.0000 1.0000
vn 0.0000 1.0000 0.0000
vn 0.0000 1.0000 0.0000
vn 0.0000 1.0000 0.0000
vn 0.0000 1.0000 0.0000
vn 0.0000 1.0000 0.0000
vn 0.0000 1.0000 0.0000
vn 0.0000 1.0000 0.0000
vn 0.5000 0.0000 -0.8660
vn 0.5000 0.0000 -0.8660
vn 0.5000 0.0000 0.8660
vn 0.8660 0.0000 -0.5000
vn 0.8660 0.0000 -0.5000
vn 1.0000 0.0000 0.0000
vn 1.0000 0.0000 0.0000
vn 0.8660 0.0000 0.5000
vn 0.8660 0.0000 0.5000
vn 0.5000 0.0000 0.8660
vn 0.0000 1.0000 0.0000
vn 0.0000 1.0000 0.0000
vn 0.0000 1.0000 0.0000
vn 0.0000 1.0000 0.0000
vn 0.0000 1.0000 0.0000
vn -0.8660 0.0000 -0.5000
vn -0.8660 0.0000 -0.5000
vn -1.0000 0.0000 0.0000
vn -0.5000 0.0000 -0.8660
vn -0.5000 0.0000 -0.8660
vn 0.0000 0.0000 -1.0000
vn 0.0000 0.0000 -1.0000
vn -1.0000 0.0000 0.0000
vn 0.0000 1.0000 0.0000
vn 0.0000 1.0000 0.0000
vn 0.0000 1.0000 0.0000
vn 0.0000 1.0000 0.0000
vn 0.0000 1.0000 0.0000
vn -0.8660 0.0000 0.5000
vn -0.8660 0.0000 0.5000
vn -0.5000 0.0000 0.8660
vn -0.5000 0.0000 0.8660
vn 0.0000 0.0000 1.0000
vn 0.0000 0.0000 1.0000
vn 0.0000 1.0000 0.0000
vn 0.0000 1.0000 0.0000
vn 0.5000 0.0000 -0.8660
vn 0.5000 0.0000 -0.8660
vn 0.8660 0.0000 -0.5000
vn 0.8660 0.0000 -0.5000
vn 1.0000 0.0000 0.0000
vn 1.0000 0.0000 0.0000
vn 0.0000 1.0000 0.0000
vn 0.0000 1.0000 0.0000
vn 0.0000 1.0000 0.0000
vn 0.5000 0.0000 0.8660
vn 0.8660 0.0000 0.5000
vn 0.8660 0.0000 0.5000
vn 0.5000 0.0000 0.8660
vn 0.0000 1.0000 0.0000
vn 0.0000 1.0000 0.0000
vn -0.8660 0.0000 -0.5000
vn -0.8660 0.0000 -0.5000
vn -1.0000 0.0000 0.0000
vn -1.0000 0.0000 0.0000
vn -0.8660 0.0000 0.5000
vn -0.8660 0.0000 0.5000
vn -0.5000 0.0000 0.8660
vn -0.5000 0.0000 -0.8660
vn -0.5000 0.0000 -0.8660
vn -0.0000 0.0000 -1.0000
vn 0.0000 0.0000 -1.0000
vn -0.5000 0.0000 0.8660
vn -0.0000 0.0000 1.0000
vn 0.0000 1.0000 0.0000
vn 0.0000 1.0000 0.0000
vn 0.0000 1.0000 0.0000
vn 0.0000 1.0000 0.0000
vn 0.0000 1.0000 0.0000
vn 0.0000 1.0000 0.0000
vn 0.0000 1.0000 0.0000
vn 0.0000 0.0000 1.0000
vn 0.5000 0.0000 -0.8660
vn 0.5000 0.0000 -0.8660
vn 0.8660 0.0000 -0.5000
vn 0.8660 0.0000 -0.5000
vn 0.5000 0.0000 0.8660
vn 0.5000 0.0000 0.8660
vn 0.8660 0.0000 0.5000
vn 0.8660 0.0000 0.5000
vn 1.0000 0.0000 0.0000
vn 1.0000 0.0000 0.0000
vn 0.0000 1.0000 0.0000
vn 0.0000 1.0000 0.0000
vn 0.0000 1.0000 0.0000
vn 0.0000 1.0000 0.0000
vn 0.0000 1.0000 0.0000
vn -0.5000 0.0000 -0.8660
vn -0.5000 0.0000 -0.8660
vn -0.8660 0.0000 -0.5000
vn -0.0000 0.0000 -1.0000
vn 0.0000 0.0000 -1.0000
vn -1.0000 0.0000 0.0000
vn -1.0000 0.0000 0.0000
vn -0.8660 0.0000 0.5000
vn -0.8660 0.0000 -0.5000
vn -0.8660 0.0000 0.5000
vn -0.5000 0.0000 0.8660
vn -0.5000 0.0000 0.8660
vn -0.0000 0.0000 1.0000
vn 0.0000 0.0000 1.0000
vn 0.0000 1.0000 0.0000
vn 0.0000 1.0000 0.0000
vn 0.0000 1.0000 0.0000
vn 0.0000 1.0000 0.0000
vn 0.0000 1.0000 0.0000
vn 0.0000 1.0000 0.0000
vn 0.0000 1.0000 0.0000
vn 0.5000 0.0000 -0.8660
vn 0.5000 0.0000 -0.8660
vn 0.8660 0.0000 -0.5000
vn 0.8660 0.0000 -0.5000
vn 0.5000 0.0000 0.8660
vn 0.8660 0.0000 0.5000
vn 0.8660 0.0000 0.5000
vn 1.0000 0.0000 0.0000
vn 1.0000 0.0000 0.0000
vn 0.5000 0.0000 0.8660
vn 0.0000 1.0000 0.0000
vn 0.0000 1.0000 0.0000
vn 0.0000 1.0000 0.0000
vn 0.0000 1.0000 0.0000
vn 0.0000 1.0000 0.0000
vn -0.8660 0.0000 -0.5000
vn -0.8660 0.0000 -0.5000
vn -1.0000 0.0000 0.0000
vn -1.0000 0.0000 0.0000
vn -0.8660 0.0000 0.5000
vn -0.8660 0.0000 0.5000
vn 0.0000 1.0000 0.0000
vn 0.0000 1.0000 0.0000
vn 0.0000 1.0000 0.0000
vn -0.5000 0.0000 -0.8660
vn -0.5000 0.0000 -0.8660
vn 0.0000 0.0000 -1.0000
vn 0.0000 0.0000 -1.0000
vn 0.5000 0.0000 -0.8660
vn 0.5000 0.0000 -0.8660
vn -0.5000 0.0000 0.8660
vn -0.5000 0.0000 0.8660
vn 0.0000 0.0000 1.0000
vn 0.0000 0.0000 1.0000
vn 0.5000 0.0000 0.8660
vn 0.8660 0.0000 -0.5000
vn 0.8660 0.0000 -0.5000
vn 1.0000 0.0000 0.0000
vn 1.0000 0.0000 0.0000
vn 0.8660 0.0000 0.5000
vn 0.8660 0.0000 0.5000
vn 0.5000 0.0000 0.8660
vn 0.0000 1.0000 0.0000
vn 0.0000 1.0000 0.0000
vn 0.0000 1.0000 0.0000
vn 0.0000 1.0000 0.0000
vn 0.0000 1.0000 0.0000
vn 0.0000 1.0000 0.0000
vn 0.0000 1.0000 0.0000
vn 0.0000 1.0000 0.0000
vn 0.0000 1.0000 0.0000
vn -0.8660 0.0000 -0.5000
vn -0.8660 0.0000 -0.5000
vn -1.0000 0.0000 0.0000
vn -1.0000 0.0000 -0.0000
vn -0.8660 0.0000 0.5000
vn -0.8660 0.0000 0.5000
vn 0.0000 1.0000 0.0000
vn 0.0000 1.0000 0.0000
vn 0.0000 1.0000 0.0000
vn 0.0000 0.0000 -1.0000
vn 0.0000 -0.0000 -1.0000
vn -0.5000 0.0000 -0.8660
vn 0.5000 -0.0000 -0.8660
vn 0.5000 0.0000 -0.8660
vn -0.5000 0.0000 -0.8660
vn -0.5000 0.0000 0.8660
vn -0.5000 -0.0000 0.8660
vn 0.0000 -0.0000 1.0000
vn 0.0000 0.0000 1.0000
vn 0.5000 0.0000 0.8660
vn 0.8660 0.0000 -0.5000
vn 0.8660 0.0000 -0.5000
vn 1.0000 0.0000 0.0000
vn 1.0000 0.0000 -0.0000
vn 0.5000 0.0000 0.8660
vn 0.8660 0.0000 0.5000
vn 0.8660 0.0000 0.5000
vn 0.0000 1.0000 0.0000
vn 0.0000 1.0000 0.0000
vn 0.0000 1.0000 0.0000
vn 0.0000 1.0000 0.0000
vn 0.0000 1.0000 0.0000
vn 0.0000 1.0000 0.0000
vn 0.0000 1.0000 0.0000
vn 0.0000 1.0000 0.0000
vn 0.0000 1.0000 0.0000
vn -0.8660 0.0000 -0.5000
vn -0.8660 0.0000 -0.5000
vn -1.0000 0.0000 0.0000
vn -1.0000 0.0000 -0.0000
vn 0.0000 1.0000 0.0000
vn 0.0000 1.0000 0.0000
vn 0.0000 1.0000 0.0000
vn -0.5000 0.0000 -0.8660
vn -0.5000 0.0000 -0.8660
vn 0.0000 0.0000 -1.0000
vn 0.0000 -0.0000 -1.0000
vn 0.5000 -0.0000 -0.8660
vn 0.5000 0.0000 -0.8660
vn 0.8660 0.0000 -0.5000
vn 0.8660 0.0000 -0.5000
vn 1.0000 0.0000 0.0000
vn 1.0000 0.0000 -0.0000
vn 0.0000 1.0000 0.0000
vn 0.0000 1.0000 0.0000
vn 0.0000 1.0000 0.0000
vn 0.0000 1.0000 0.0000
vn 0.0000 1.0000 0.0000
vn 0.0000 1.0000 0.0000
vn 0.0000 1.0000 0.0000
vn 0.0000 1.0000 0.0000
vn 0.0000 1.0000 0.0000
vn -0.8660 0.0000 0.5000
vn -0.8660 0.0000 0.5000
vn -0.5000 0.0000 0.8660
vn -0.5000 -0.0000 0.8660
vn 0.0000 -0.0000 1.0000
vn 0.0000 0.0000 1.0000
vn 0.5000 0.0000 0.8660
vn 0.5000 0.0000 0.8660
vn 0.8660 0.0000 0.5000
vn 0.8660 0.0000 0.5000
vn -0.8660 0.0000 -0.5000
vn -0.8660 0.0000 -0.5000
vn -1.0000 0.0000 0.0000
vn -1.0000 0.0000 -0.0000
vn -0.8660 0.0000 0.5000
vn -0.8660 0.0000 0.5000
vn 0.0000 1.0000 0.0000
vn 0.0000 1.0000 0.0000
vn 0.0000 1.0000 0.0000
vn -0.5000 0.0000 -0.8660
vn -0.5000 0.0000 -0.8660
vn -0.5000 0.0000 0.8660
vn 0.0000 0.0000 -1.0000
vn 0.0000 -0.0000 -1.0000
vn 0.5000 -0.0000 -0.8660
vn 0.5000 0.0000 -0.8660
vn 0.8660 0.0000 -0.5000
vn 0.8660 0.0000 -0.5000
vn 0.5000 0.0000 0.8660
vn 0.5000 0.0000 0.8660
vn 0.8660 0.0000 0.5000
vn 1.0000 0.0000 0.0000
vn 1.0000 0.0000 -0.0000
vn 0.8660 0.0000 0.5000
vn -0.5000 -0.0000 0.8660
vn 0.0000 -0.0000 1.0000
vn 0.0000 0.0000 1.0000
vn 0.0000 1.0000 0.0000
vn 0.0000 1.0000 0.0000
vn 0.0000 1.0000 0.0000
vn 0.0000 1.0000 0.0000
vn 0.0000 1.0000 0.0000
vn 0.0000 1.0000 0.0000
vn 0.0000 1.0000 0.0000
vn 0.0000 1.0000 0.0000
vn 0.0000 1.0000 0.0000
vn -0.8660 0.0000 -0.5000
vn -0.8660 0.0000 -0.5000
vn -1.0000 0.0000 0.0000
vn -1.0000 0.0000 0.0000
vn -0.8660 0.0000 0.5000
vn -0.8660 0.0000 0.5000
vn 0.0000 1.0000 0.0000
vn 0.0000 1.0000 0.0000
vn 0.0000 1.0000 0.0000
vn -0.5000 0.0000 -0.8660
vn -0.5000 0.0000 -0.8660
vn 0.0000 0.0000 -1.0000
vn 0.0000 0.0000 -1.0000
vn 0.5000 0.0000 -0.8660
vn 0.5000 0.0000 -0.8660
vn -0.5000 0.0000 0.8660
vn -0.5000 0.0000 0.8660
vn 0.0000 0.0000 1.0000
vn 0.0000 0.0000 1.0000
vn 0.5000 0.0000 0.8660
vn 0.8660 0.0000 -0.5000
vn 0.8660 0.0000 -0.5000
vn 1.0000 0.0000 0.0000
vn 1.0000 0.0000 0.0000
vn 0.8660 0.0000 0.5000
vn 0.8660 0.0000 0.5000
vn 0.5000 0.0000 0.8660
vn 0.0000 1.0000 0.0000
vn 0.0000 1.0000 0.0000
vn 0.0000 1.0000 0.0000
vn 0.0000 1.0000 0.0000
vn 0.0000 1.0000 0.0000
vn 0.0000 1.0000 0.0000
vn 0.0000 1.0000 0.0000
vn 0.0000 1.0000 0.0000
vn 0.0000 1.0000 0.0000
vn -0.8660 0.0000 -0.5000
vn -0.8660 0.0000 -0.5000
vn -1.0000 0.0000 0.0000
vn -1.0000 0.0000 0.0000
vn -0.8660 0.0000 0.5000
vn -0.8660 0.0000 0.5000
vn 0.0000 1.0000 0.0000
vn 0.0000 1.0000 0.0000
vn 0.0000 1.0000 0.0000
vn -0.5000 0.0000 -0.8660
vn -0.5000 0.0000 -0.8660
vn 0.0000 0.0000 -1.0000
vn 0.0000 0.0000 -1.0000
vn 0.5000 0.0000 -0.8660
vn 0.5000 0.0000 -0.8660
vn -0.5000 0.0000 0.8660
vn -0.5000 0.0000 0.8660
vn 0.0000 0.0000 1.0000
vn 0.0000 0.0000 1.0000
vn 0.5000 0.0000 0.8660
vn 0.8660 0.0000 -0.5000
vn 0.8660 0.0000 -0.5000
vn 1.0000 0.0000 0.0000
vn 1.0000 0.0000 0.0000
vn 0.8660 0.0000 0.5000
vn 0.8660 0.0000 0.5000
vn 0.5000 0.0000 0.8660
vn 0.0000 1.0000 0.0000
vn 0.0000 1.0000 0.0000
vn 0.0000 1.0000 0.0000
vn 0.0000 1.0000 0.0000
vn 0.0000 1.0000 0.0000
vn 0.0000 1.0000 0.0000
vn 0.0000 1.0000 0.0000
vn 0.0000 1.0000 0.0000
vn 0.0000 1.0000 0.0000
vn -0.8660 0.0000 -0.5000
vn -0.8660 0.0000 -0.5000
vn -1.0000 0.0000 0.0000
vn -1.0000 0.0000 0.0000
vn -0.8660 0.0000 0.5000
vn -0.8660 0.0000 0.5000
vn 0.0000 1.0000 0.0000
vn 0.0000 1.0000 0.0000
vn 0.0000 1.0000 0.0000
vn 0.0000 0.0000 -1.0000
vn 0.0000 0.0000 -1.0000
vn -0.5000 0.0000 -0.8660
vn 0.5000 0.0000 -0.8660
vn 0.5000 0.0000 -0.8660
vn -0.5000 0.0000 -0.8660
vn -0.5000 0.0000 0.8660
vn -0.5000 0.0000 0.8660
vn 0.0000 0.0000 1.0000
vn 0.0000 0.0000 1.0000
vn 0.5000 0.0000 0.8660
vn 0.8660 0.0000 -0.5000
vn 0.8660 0.0000 -0.5000
vn 1.0000 0.0000 0.0000
vn 1.0000 0.0000 0.0000
vn 0.5000 0.0000 0.8660
vn 0.8660 0.0000 0.5000
vn 0.8660 0.0000 0.5000
vn 0.0000 1.0000 0.0000
vn 0.0000 1.0000 0.0000
vn 0.0000 1.0000 0.0000
vn 0.0000 1.0000 0.0000
vn 0.0000 1.0000 0.0000
vn 0.0000 1.0000 0.0000
vn 0.0000 1.0000 0.0000
vn 0.0000 1.0000 0.0000
vn 0.0000 1.0000 0.0000
vn -0.8660 0.0000 -0.5000
vn -0.8660 0.0000 -0.5000
vn -1.0000 0.0000 0.0000
vn -1.0000 0.0000 0.0000
vn -0.5000 0.0000 -0.8660
vn -0.5000 0.0000 -0.8660
vn 0.0000 0.0000 -1.0000
vn 0.0000 0.0000 -1.0000
vn 0.5000 0.0000 -0.8660
vn 0.5000 0.0000 -0.8660
vn 0.8660 0.0000 -0.5000
vn 0.8660 0.0000 -0.5000
vn 1.0000 0.0000 0.0000
vn 1.0000 0.0000 0.0000
vn 0.0000 1.0000 0.0000
vn 0.0000 1.0000 0.0000
vn 0.0000 1.0000 0.0000
vn 0.0000 1.0000 0.0000
vn 0.0000 1.0000 0.0000
vn 0.0000 1.0000 0.0000
vn 0.0000 1.0000 0.0000
vn 0.0000 1.0000 0.0000
vn 0.0000 1.0000 0.0000
vn -0.8660 0.0000 0.5000
vn -0.8660 0.0000 0.5000
vn 0.0000 1.0000 0.0000
vn -0.5000 0.0000 0.8660
vn -0.5000 0.0000 0.8660
vn 0.0000 0.0000 1.0000
vn 0.0000 0.0000 1.0000
vn 0.5000 0.0000 0.8660
vn 0.5000 0.0000 0.8660
vn 0.8660 0.0000 0.5000
vn 0.8660 0.0000 0.5000
vn 0.0000 1.0000 0.0000
vn 0.0000 1.0000 0.0000
vn -0.8660 0.0000 -0.5000
vn -0.8660 0.0000 -0.5000
vn -1.0000 0.0000 0.0000
vn -1.0000 0.0000 0.0000
vn -0.8660 0.0000 0.5000
vn -0.8660 0.0000 0.5000
vn 0.0000 1.0000 0.0000
vn 0.0000 1.0000 0.0000
vn 0.0000 1.0000 0.0000
vn -0.5000 0.0000 -0.8660
vn -0.5000 0.0000 -0.8660
vn -0.5000 0.0000 0.8660
vn -0.0000 0.0000 -1.0000
vn 0.0000 0.0000 -1.0000
vn 0.5000 0.0000 -0.8660
vn 0.5000 0.0000 -0.8660
vn 0.8660 0.0000 -0.5000
vn 0.8660 0.0000 -0.5000
vn 0.5000 0.0000 0.8660
vn 0.5000 0.0000 0.8660
vn 0.8660 0.0000 0.5000
vn 1.0000 0.0000 0.0000
vn 1.0000 0.0000 0.0000
vn 0.8660 0.0000 0.5000
vn -0.5000 0.0000 0.8660
vn -0.0000 0.0000 1.0000
vn 0.0000 0.0000 1.0000
vn 0.0000 1.0000 0.0000
vn 0.0000 1.0000 0.0000
vn 0.0000 1.0000 0.0000
vn 0.0000 1.0000 0.0000
vn 0.0000 1.0000 0.0000
vn 0.0000 1.0000 0.0000
vn 0.0000 1.0000 0.0000
vn 0.0000 1.0000 0.0000
vn 0.0000 1.0000 0.0000
vn -0.8660 0.0000 -0.5000
vn -0.8660 0.0000 -0.5000
vn -1.0000 0.0000 0.0000
vn -1.0000 0.0000 0.0000
vn -0.8660 0.0000 0.5000
vn -0.8660 0.0000 0.5000
vn 0.0000 1.0000 0.0000
vn 0.0000 1.0000 0.0000
vn 0.0000 1.0000 0.0000
vn -0.5000 0.0000 -0.8660
vn -0.5000 0.0000 -0.8660
vn -0.0000 0.0000 -1.0000
vn 0.0000 0.0000 -1.0000
vn 0.5000 0.0000 -0.8660
vn 0.5000 0.0000 -0.8660
vn -0.5000 0.0000 0.8660
vn -0.5000 0.0000 0.8660
vn -0.0000 0.0000 1.0000
vn 0.0000 0.0000 1.0000
vn 0.5000 0.0000 0.8660
vn 0.8660 0.0000 -0.5000
vn 0.8660 0.0000 -0.5000
vn 1.0000 0.0000 0.0000
vn 1.0000 0.0000 0.0000
vn 0.8660 0.0000 0.5000
vn 0.8660 0.0000 0.5000
vn 0.5000 0.0000 0.8660
vn 0.0000 1.0000 0.0000
vn 0.0000 1.0000 0.0000
vn 0.0000 1.0000 0.0000
vn 0.0000 1.0000 0.0000
vn 0.0000 1.0000 0.0000
vn 0.0000 1.0000 0.0000
vn 0.0000 1.0000 0.0000
vn 0.0000 1.0000 0.0000
vn 0.0000 1.0000 0.0000
f 1//1 2//2 3//3
f 2//2 4//4 3//3
f 2//2 5//5 4//4
f 3//3 4//4 6//6
f 4//4 5//5 7//7
f 4//4 7//7 6//6
f 1//1 8//8 2//2
f 2//2 8//8 5//5
f 5//5 9//9 7//7
f 6//6 7//7 10//10
f 5//5 11//11 9//9
f 1//1 3//3 12//12
f 3//3 6//6 13//13
f 6//6 10//10 14//14
f 1//1 15//15 8//8
f 5//5 8//8 16//16
f 5//5 16//16 11//11
f 15//15 17//17 8//8
f 8//8 17//17 18//18
f 8//8 18//18 16//16
f 17//17 19//19 18//18
f 16//16 18//18 20//20
f 18//18 19//19 20//20
f 16//16 20//20 11//11
f 19//19 21//21 20//20
f 1//1 22//22 15//15
f 15//15 23//23 17//17
f 17//17 23//23 19//19
f 19//19 24//24 21//21
f 7//7 9//9 25//25
f 7//7 26//26 10//10
f 7//7 25//25 26//26
f 25//25 27//27 26//26
f 27//27 28//28 29//29
f 27//27 29//29 30//30
f 27//27 30//30 31//31
f 27//27 32//32 28//28
f 28//28 32//32 33//33
f 33//33 34//34 35//35
f 33//33 32//32 34//34
f 35//35 34//34 36//36
f 27//27 31//31 37//37
f 35//35 38//38 39//39
f 39//39 38//38 40//40
f 35//35 36//36 38//38
f 40//40 41//41 42//42
f 40//40 38//38 43//43
f 40//40 43//43 41//41
f 27//27 44//44 32//32
f 27//27 45//45 44//44
f 32//32 44//44 46//46
f 46//46 47//47 48//48
f 46//46 44//44 47//47
f 48//48 47//47 49//49
f 48//48 49//49 50//50
f 50//50 49//49 51//51
f 50//50 51//51 52//52
f 50//50 52//52 53//53
f 53//53 52//52 54//54
f 54//54 52//52 55//55
f 31//31 56//56 57//57
f 56//56 58//58 57//57
f 58//58 59//59 60//60
f 42//42 60//60 59//59
f 31//31 57//57 37//37
f 58//58 61//61 57//57
f 58//58 60//60 61//61
f 42//42 62//62 60//60
f 42//42 41//41 63//63
f 42//42 63//63 62//62
f 27//27 37//37 64//64
f 62//62 63//63 65//65
f 65//65 63//63 66//66
f 65//65 67//67 68//68
f 65//65 66//66 67//67
f 41//41 69//69 70//70
f 54//54 70//70 69//69
f 41//41 70//70 63//63
f 54//54 71//71 70//70
f 54//54 55//55 72//72
f 55//55 73//73 74//74
f 54//54 72//72 71//71
f 55//55 74//74 72//72
f 71//71 72//72 75//75
f 75//75 72//72 76//76
f 75//75 76//76 77//77
f 77//77 76//76 78//78
f 9//9 11//11 25//25
f 27//27 79//79 45//45
f 44//44 45//45 80//80
f 80//80 81//81 82//82
f 82//82 81//81 83//83
f 25//25 84//84 27//27
f 27//27 85//85 79//79
f 80//80 45//45 81//81
f 82//82 83//83 86//86
f 86//86 83//83 87//87
f 86//86 87//87 88//88
f 88//88 87//87 89//89
f 88//88 89//89 90//90
f 90//90 89//89 91//91
f 27//27 92//92 85//85
f 45//45 93//93 94//94
f 94//94 93//93 95//95
f 45//45 79//79 93//93
f 95//95 93//93 96//96
f 27//27 97//97 92//92
f 79//79 85//85 98//98
f 98//98 99//99 100//100
f 95//95 96//96 101//101
f 101//101 96//96 102//102
f 101//101 102//102 103//103
f 101//101 103//103 104//104
f 104//104 103//103 105//105
f 105//105 103//103 106//106
f 100//100 107//107 108//108
f 108//108 109//109 110//110
f 110//110 111//111 112//112
f 73//73 90//90 74//74
f 90//90 91//91 113//113
f 74//74 90//90 114//114
f 114//114 90//90 113//113
f 91//91 115//115 116//116
f 105//105 116//116 115//115
f 91//91 116//116 113//113
f 105//105 117//117 116//116
f 114//114 113//113 118//118
f 118//118 113//113 119//119
f 118//118 119//119 120//120
f 120//120 119//119 121//121
f 105//105 106//106 122//122
f 105//105 122//122 117//117
f 106//106 123//123 124//124
f 112//112 124//124 123//123
f 106//106 124//124 122//122
f 112//112 125//125 124//124
f 112//112 126//126 125//125
f 117//117 122//122 127//127
f 127//127 122//122 128//128
f 127//127 128//128 129//129
f 129//129 128//128 130//130
f 125//125 126//126 131//131
f 131//131 132//132 133//133
f 10//10 26//26 14//14
f 37//37 134//134 135//135
f 68//68 67//67 136//136
f 136//136 67//67 137//137
f 136//136 137//137 138//138
f 134//134 139//139 140//140
f 26//26 27//27 141//141
f 27//27 64//64 142//142
f 143//143 140//140 139//139
f 144//144 145//145 143//143
f 134//134 140//140 135//135
f 37//37 135//135 64//64
f 143//143 146//146 140//140
f 143//143 145//145 146//146
f 136//136 147//147 144//144
f 136//136 138//138 148//148
f 144//144 149//149 145//145
f 144//144 147//147 149//149
f 136//136 148//148 147//147
f 77//77 78//78 150//150
f 77//77 150//150 151//151
f 151//151 150//150 152//152
f 152//152 150//150 153//153
f 154//154 148//148 138//138
f 154//154 152//152 155//155
f 154//154 156//156 148//148
f 154//154 155//155 156//156
f 152//152 157//157 155//155
f 152//152 153//153 158//158
f 159//159 158//158 153//153
f 152//152 160//160 157//157
f 152//152 158//158 160//160
f 159//159 161//161 158//158
f 149//149 147//147 162//162
f 149//149 162//162 163//163
f 163//163 162//162 164//164
f 164//164 162//162 165//165
f 27//27 142//142 166//166
f 64//64 167//167 168//168
f 167//167 169//169 170//170
f 169//169 171//171 172//172
f 173//173 174//174 171//171
f 164//164 165//165 175//175
f 164//164 176//176 173//173
f 164//164 175//175 177//177
f 157//157 160//160 178//178
f 178//178 160//160 179//179
f 178//178 180//180 181//181
f 178//178 179//179 180//180
f 175//175 182//182 183//183
f 182//182 184//184 185//185
f 181//181 180//180 184//184
f 184//184 180//180 186//186
f 184//184 186//186 187//187
f 186//186 188//188 189//189
f 120//120 121//121 190//190
f 190//190 191//191 192//192
f 190//190 121//121 191//191
f 192//192 191//191 193//193
f 159//159 192//192 194//194
f 192//192 193//193 195//195
f 159//159 194//194 161//161
f 194//194 192//192 196//196
f 192//192 197//197 196//196
f 192//192 195//195 197//197
f 198//198 195//195 193//193
f 199//199 200//200 198//198
f 198//198 201//201 195//195
f 198//198 200//200 201//201
f 199//199 202//202 200//200
f 203//203 204//204 199//199
f 129//129 204//204 203//203
f 129//129 130//130 204//204
f 199//199 204//204 205//205
f 133//133 206//206 207//207
f 207//207 208//208 209//209
f 199//199 205//205 210//210
f 199//199 211//211 202//202
f 199//199 210//210 211//211
f 212//212 210//210 205//205
f 212//212 209//209 213//213
f 212//212 214//214 210//210
f 212//212 213//213 214//214
f 209//209 215//215 213//213
f 209//209 216//216 215//215
f 196//196 197//197 217//217
f 217//217 197//197 218//218
f 217//217 218//218 219//219
f 219//219 218//218 220//220
f 219//219 220//220 221//221
f 221//221 220//220 222//222
f 188//188 221//221 223//223
f 221//221 222//222 224//224
f 225//225 226//226 227//227
f 222//222 228//228 229//229
f 227//227 226//226 228//228
f 202//202 211//211 230//230
f 230//230 231//231 225//225
f 230//230 211//211 232//232
f 230//230 232//232 231//231
f 215//215 216//216 233//233
f 233//233 234//234 235//235
f 225//225 231//231 226//226
f 231//231 236//236 237//237
f 238//238 239//239 235//235
f 236//236 240//240 238//238
f 238//238 240//240 239//239
f 238//238 235//235 241//241
f 98//98 85//85 99//99
f 100//100 99//99 107//107
f 27//27 84//84 97//97
f 85//85 92//92 242//242
f 242//242 243//243 244//244
f 242//242 92//92 243//243
f 244//244 243//243 245//245
f 108//108 107//107 109//109
f 110//110 109//109 111//111
f 112//112 111//111 246//246
f 244//244 245//245 247//247
f 247//247 248//248 249//249
f 247//247 245//245 248//248
f 249//249 250//250 251//251
f 249//249 248//248 250//250
f 251//251 250//250 252//252
f 25//25 11//11 253//253
f 25//25 253//253 84//84
f 92//92 97//97 254//254
f 254//254 255//255 256//256
f 254//254 97//97 255//255
f 256//256 255//255 257//257
f 256//256 257//257 258//258
f 258//258 257//257 259//259
f 258//258 259//259 260//260
f 260//260 259//259 261//261
f 260//260 261//261 262//262
f 262//262 261//261 263//263
f 112//112 246//246 126//126
f 246//246 264//264 265//265
f 251//251 265//265 264//264
f 246//246 265//265 126//126
f 251//251 266//266 265//265
f 251//251 252//252 267//267
f 251//251 267//267 266//266
f 131//131 126//126 132//132
f 133//133 132//132 206//206
f 266//266 267//267 268//268
f 268//268 267//267 269//269
f 268//268 269//269 270//270
f 270//270 269//269 271//271
f 252//252 272//272 273//273
f 262//262 273//273 272//272
f 252//252 273//273 267//267
f 262//262 274//274 273//273
f 262//262 263//263 275//275
f 276//276 263//263 277//277
f 262//262 275//275 274//274
f 276//276 275//275 263//263
f 274//274 275//275 278//278
f 278//278 275//275 279//279
f 278//278 279//279 280//280
f 280//280 279//279 281//281
f 11//11 20//20 253//253
f 20//20 21//21 282//282
f 97//97 283//283 284//284
f 284//284 285//285 286//286
f 286//286 285//285 287//287
f 84//84 283//283 97//97
f 284//284 283//283 285//285
f 286//286 288//288 289//289
f 286//286 287//287 288//288
f 289//289 288//288 290//290
f 290//290 288//288 291//291
f 290//290 291//291 292//292
f 292//292 291//291 293//293
f 84//84 294//294 283//283
f 283//283 294//294 295//295
f 295//295 296//296 297//297
f 295//295 294//294 296//296
f 297//297 296//296 298//298
f 20//20 282//282 253//253
f 253//253 282//282 84//84
f 84//84 299//299 294//294
f 84//84 300//300 299//299
f 84//84 301//301 300//300
f 302//302 303//303 297//297
f 302//302 304//304 303//303
f 302//302 297//297 298//298
f 302//302 305//305 304//304
f 84//84 306//306 301//301
f 276//276 277//277 292//292
f 292//292 293//293 307//307
f 276//276 292//292 307//307
f 293//293 308//308 307//307
f 302//302 308//308 305//305
f 308//308 293//293 309//309
f 308//308 309//309 305//305
f 302//302 310//310 308//308
f 302//302 311//311 310//310
f 308//308 310//310 312//312
f 308//308 312//312 313//313
f 308//308 313//313 314//314
f 302//302 315//315 316//316
f 315//315 317//317 316//316
f 302//302 316//316 311//311
f 317//317 318//318 316//316
f 317//317 319//319 320//320
f 321//321 320//320 319//319
f 301//301 306//306 322//322
f 322//322 323//323 321//321
f 317//317 320//320 318//318
f 321//321 324//324 320//320
f 321//321 323//323 324//324
f 316//316 318//318 325//325
f 325//325 318//318 326//326
f 325//325 326//326 327//327
f 327//327 326//326 328//328
f 322//322 306//306 323//323
f 84//84 329//329 306//306
f 207//207 206//206 208//208
f 209//209 208//208 330//330
f 270//270 271//271 331//331
f 331//331 271//271 332//332
f 331//331 332//332 333//333
f 209//209 330//330 334//334
f 330//330 335//335 334//334
f 336//336 333//333 335//335
f 209//209 334//334 216//216
f 335//335 337//337 334//334
f 335//335 333//333 337//337
f 331//331 333//333 336//336
f 333//333 332//332 338//338
f 339//339 338//338 340//340
f 333//333 338//338 339//339
f 339//339 340//340 341//341
f 280//280 281//281 342//342
f 342//342 281//281 343//343
f 344//344 342//342 343//343
f 344//344 345//345 342//342
f 341//341 340//340 345//345
f 344//344 341//341 345//345
f 344//344 346//346 341//341
f 344//344 347//347 346//346
f 344//344 348//348 347//347
f 349//349 344//344 350//350
f 348//348 344//344 349//349
f 351//351 349//349 350//350
f 233//233 216//216 234//234
f 235//235 234//234 241//241
f 341//341 346//346 352//352
f 341//341 353//353 354//354
f 341//341 352//352 355//355
f 341//341 355//355 353//353
f 238//238 241//241 356//356
f 357//357 238//238 356//356
f 354//354 353//353 358//358
f 358//358 353//353 359//359
f 358//358 359//359 360//360
f 358//358 360//360 361//361
f 348//348 349//349 362//362
f 362//362 349//349 363//363
f 362//362 363//363 364//364
f 364//364 363//363 365//365
f 364//364 365//365 366//366
f 366//366 365//365 367//367
f 368//368 369//369 360//360
f 366//366 367//367 368//368
f 368//368 367//367 369//369
f 360//360 369//369 370//370
f 360//360 370//370 371//371
f 314//314 313//313 372//372
f 372//372 351//351 373//373
f 372//372 313//313 351//351
f 313//313 374//374 375//375
f 351//351 350//350 373//373
f 351//351 313//313 375//375
f 374//374 376//376 375//375
f 376//376 377//377 375//375
f 378//378 377//377 376//376
f 378//378 379//379 380//380
f 378//378 381//381 377//377
f 378//378 380//380 381//381
f 327//327 328//328 382//382
f 382//382 383//383 379//379
f 382//382 328//328 383//383
f 379//379 383//383 384//384
f 306//306 385//385 386//386
f 379//379 384//384 387//387
f 380//380 379//379 387//387
f 21//21 388//388 282//282
f 389//389 387//387 384//384
f 390//390 391//391 389//389
f 386//386 385//385 390//390
f 84//84 392//392 329//329
f 282//282 393//393 84//84
f 389//389 394//394 387//387
f 389//389 391//391 394//394
f 390//390 385//385 391//391
f 306//306 329//329 385//385
f 375//375 377//377 395//395
f 395//395 377//377 396//396
f 395//395 396//396 397//397
f 395//395 397//397 398//398
f 398//398 397//397 399//399
f 399//399 397//397 400//400
f 399//399 400//400 401//401
f 370//370 401//401 402//402
f 401//401 400//400 402//402
f 370//370 402//402 403//403
f 370//370 403//403 404//404
f 380//380 387//387 405//405
f 405//405 406//406 407//407
f 405//405 387//387 406//406
f 407//407 408//408 409//409
f 407//407 406//406 408//408
f 409//409 408//408 410//410
f 409//409 410//410 411//411
f 403//403 411//411 412//412
f 411//411 410//410 412//412
f 403//403 412//412 413//413
f 403//403 413//413 414//414
f 415//415 416//416 413//413
f 329//329 392//392 417//417
f 417//417 418//418 415//415
f 3//3 419//419 12//12
f 3//3 13//13 419//419
f 6//6 14//14 13//13
f 1//1 12//12 22//22
f 12//12 419//419 420//420
f 419//419 421//421 420//420
f 419//419 13//13 421//421
f 420//420 421//421 422//422
f 13//13 423//423 421//421
f 421//421 423//423 422//422
f 12//12 420//420 424//424
f 420//420 422//422 424//424
f 422//422 425//425 426//426
f 13//13 14//14 423//423
f 422//422 423//423 425//425
f 15//15 22//22 23//23
f 19//19 23//23 24//24
f 21//21 24//24 427//427
f 12//12 424//424 22//22
f 422//422 426//426 424//424
f 22//22 424//424 23//23
f 23//23 424//424 428//428
f 23//23 428//428 24//24
f 424//424 426//426 428//428
f 24//24 428//428 427//427
f 426//426 429//429 428//428
f 426//426 425//425 429//429
f 428//428 430//430 427//427
f 428//428 429//429 430//430
f 167//167 170//170 168//168
f 64//64 168//168 142//142
f 169//169 172//172 170//170
f 171//171 174//174 172//172
f 173//173 431//431 174//174
f 173//173 176//176 431//431
f 164//164 177//177 176//176
f 27//27 166//166 141//141
f 431//431 432//432 433//433
f 433//433 432//432 434//434
f 431//431 176//176 432//432
f 434//434 435//435 436//436
f 434//434 432//432 437//437
f 434//434 437//437 435//435
f 175//175 183//183 177//177
f 182//182 185//185 183//183
f 184//184 438//438 185//185
f 184//184 439//439 438//438
f 184//184 187//187 439//439
f 186//186 189//189 187//187
f 438//438 439//439 440//440
f 440//440 439//439 441//441
f 440//440 441//441 442//442
f 440//440 442//442 443//443
f 443//443 442//442 444//444
f 444//444 442//442 445//445
f 142//142 446//446 447//447
f 446//446 448//448 449//449
f 448//448 450//450 449//449
f 436//436 451//451 450//450
f 26//26 452//452 14//14
f 26//26 141//141 452//452
f 142//142 447//447 166//166
f 446//446 449//449 447//447
f 450//450 453//453 449//449
f 450//450 451//451 453//453
f 436//436 435//435 451//451
f 451//451 435//435 454//454
f 451//451 454//454 455//455
f 455//455 456//456 457//457
f 455//455 458//458 456//456
f 455//455 454//454 458//458
f 454//454 435//435 459//459
f 444//444 460//460 459//459
f 454//454 459//459 461//461
f 459//459 460//460 461//461
f 444//444 445//445 460//460
f 445//445 462//462 463//463
f 445//445 463//463 460//460
f 462//462 464//464 463//463
f 460//460 463//463 465//465
f 465//465 466//466 467//467
f 465//465 463//463 466//466
f 467//467 466//466 468//468
f 188//188 223//223 189//189
f 221//221 469//469 223//223
f 221//221 470//470 469//469
f 221//221 224//224 470//470
f 222//222 229//229 224//224
f 228//228 226//226 229//229
f 469//469 470//470 471//471
f 471//471 470//470 472//472
f 471//471 472//472 473//473
f 473//473 472//472 474//474
f 473//473 474//474 475//475
f 475//475 474//474 476//476
f 231//231 237//237 226//226
f 236//236 477//477 237//237
f 237//237 477//477 478//478
f 236//236 238//238 477//477
f 357//357 479//479 238//238
f 357//357 480//480 479//479
f 481//481 482//482 237//237
f 481//481 483//483 482//482
f 481//481 237//237 478//478
f 481//481 484//484 483//483
f 485//485 486//486 487//487
f 488//488 486//486 489//489
f 462//462 475//475 490//490
f 490//490 475//475 476//476
f 462//462 490//490 464//464
f 491//491 490//490 476//476
f 481//481 492//492 491//491
f 481//481 491//491 484//484
f 491//491 476//476 493//493
f 491//491 493//493 484//484
f 491//491 494//494 495//495
f 491//491 496//496 497//497
f 491//491 498//498 496//496
f 491//491 495//495 498//498
f 491//491 492//492 499//499
f 491//491 499//499 494//494
f 495//495 494//494 487//487
f 500//500 487//487 494//494
f 485//485 487//487 500//500
f 488//488 487//487 486//486
f 488//488 489//489 501//501
f 502//502 495//495 487//487
f 502//502 487//487 503//503
f 503//503 504//504 505//505
f 503//503 487//487 504//504
f 505//505 504//504 506//506
f 501//501 507//507 508//508
f 508//508 509//509 510//510
f 166//166 511//511 512//512
f 457//457 456//456 513//513
f 513//513 456//456 514//514
f 513//513 515//515 516//516
f 513//513 514//514 515//515
f 511//511 517//517 518//518
f 517//517 519//519 520//520
f 516//516 521//521 519//519
f 511//511 518//518 512//512
f 166//166 512//512 522//522
f 517//517 520//520 518//518
f 519//519 521//521 520//520
f 516//516 515//515 521//521
f 515//515 523//523 524//524
f 515//515 525//525 521//521
f 515//515 524//524 525//525
f 526//526 467//467 468//468
f 526//526 527//527 467//467
f 526//526 528//528 527//527
f 526//526 529//529 530//530
f 524//524 523//523 528//528
f 526//526 524//524 528//528
f 526//526 530//530 531//531
f 524//524 526//526 531//531
f 530//530 532//532 533//533
f 529//529 534//534 532//532
f 534//534 535//535 532//532
f 529//529 532//532 530//530
f 14//14 452//452 423//423
f 423//423 536//536 425//425
f 141//141 166//166 522//522
f 524//524 531//531 537//537
f 524//524 538//538 539//539
f 524//524 537//537 540//540
f 524//524 540//540 538//538
f 141//141 522//522 541//541
f 141//141 541//541 542//542
f 423//423 452//452 536//536
f 452//452 141//141 536//536
f 141//141 542//542 543//543
f 539//539 544//544 545//545
f 545//545 544//544 543//543
f 539//539 538//538 544//544
f 543//543 544//544 546//546
f 141//141 543//543 546//546
f 533//533 532//532 547//547
f 547//547 532//532 548//548
f 547//547 548//548 549//549
f 549//549 548//548 550//550
f 549//549 551//551 552//552
f 549//549 550//550 551//551
f 546//546 553//553 554//554
f 141//141 546//546 555//555
f 552//552 551//551 553//553
f 553//553 551//551 554//554
f 546//546 554//554 555//555
f 141//141 555//555 556//556
f 497//497 496//496 557//557
f 532//532 557//557 496//496
f 532//532 496//496 558//558
f 559//559 558//558 560//560
f 532//532 535//535 557//557
f 559//559 532//532 558//558
f 559//559 560//560 561//561
f 561//561 560//560 562//562
f 561//561 562//562 563//563
f 562//562 564//564 565//565
f 566//566 567//567 564//564
f 562//562 565//565 563//563
f 564//564 567//567 565//565
f 505//505 568//568 569//569
f 505//505 506//506 568//568
f 569//569 568//568 566//566
f 566//566 568//568 570//570
f 510//510 571//571 572//572
f 572//572 573//573 574//574
f 566//566 570//570 575//575
f 566//566 575//575 567//567
f 570//570 576//576 577//577
f 574//574 578//578 576//576
f 570//570 577//577 575//575
f 576//576 578//578 577//577
f 574//574 579//579 578//578
f 425//425 536//536 429//429
f 561//561 563//563 580//580
f 580//580 563//563 581//581
f 580//580 581//581 582//582
f 582//582 581//581 583//583
f 582//582 583//583 584//584
f 584//584 583//583 585//585
f 584//584 585//585 586//586
f 555//555 586//586 587//587
f 586//586 585//585 587//587
f 555//555 587//587 556//556
f 141//141 556//556 588//588
f 141//141 588//588 589//589
f 536//536 141//141 393//393
f 567//567 575//575 590//590
f 590//590 591//591 592//592
f 590//590 575//575 591//591
f 592//592 593//593 594//594
f 592//592 591//591 595//595
f 592//592 595//595 593//593
f 578//578 579//579 596//596
f 596//596 597//597 598//598
f 598//598 599//599 600//600
f 594//594 593//593 601//601
f 601//601 602//602 556//556
f 601//601 593//593 602//602
f 556//556 602//602 588//588
f 141//141 589//589 603//603
f 600//600 604//604 605//605
f 588//588 605//605 606//606
f 141//141 603//603 607//607
f 358//358 485//485 357//357
f 358//358 608//608 609//609
f 357//357 610//610 480//480
f 358//358 609//609 485//485
f 357//357 485//485 610//610
f 358//358 361//361 608//608
f 608//608 361//361 611//611
f 611//611 612//612 613//613
f 611//611 361//361 612//612
f 613//613 612//612 614//614
f 485//485 609//609 486//486
f 613//613 614//614 615//615
f 615//615 616//616 617//617
f 615//615 614//614 616//616
f 617//617 618//618 619//619
f 617//617 616//616 618//618
f 619//619 618//618 620//620
f 360//360 371//371 361//361
f 361//361 371//371 621//621
f 621//621 622//622 623//623
f 621//621 371//371 622//622
f 623//623 622//622 624//624
f 623//623 624//624 625//625
f 625//625 624//624 626//626
f 625//625 626//626 627//627
f 627//627 626//626 628//628
f 627//627 628//628 629//629
f 629//629 628//628 630//630
f 501//501 489//489 631//631
f 501//501 631//631 632//632
f 632//632 633//633 507//507
f 619//619 634//634 633//633
f 501//501 632//632 507//507
f 633//633 635//635 507//507
f 633//633 634//634 635//635
f 619//619 620//620 634//634
f 634//634 620//620 636//636
f 508//508 507//507 509//509
f 510//510 509//509 571//571
f 634//634 636//636 637//637
f 637//637 638//638 639//639
f 637//637 636//636 638//638
f 639//639 638//638 640//640
f 620//620 641//641 636//636
f 629//629 642//642 641//641
f 641//641 643//643 636//636
f 641//641 642//642 643//643
f 629//629 630//630 642//642
f 644//644 630//630 645//645
f 642//642 630//630 644//644
f 646//646 644//644 645//645
f 642//642 644//644 647//647
f 647//647 648//648 649//649
f 647//647 644//644 648//648
f 649//649 648//648 650//650
f 370//370 404//404 371//371
f 371//371 404//404 651//651
f 651//651 652//652 653//653
f 653//653 652//652 654//654
f 651//651 404//404 652//652
f 653//653 655//655 656//656
f 653//653 654//654 655//655
f 656//656 655//655 657//657
f 657//657 655//655 658//658
f 657//657 658//658 659//659
f 659//659 658//658 660//660
f 403//403 414//414 404//404
f 404//404 414//414 661//661
f 661//661 662//662 663//663
f 661//661 414//414 662//662
f 663//663 662//662 664//664
f 413//413 416//416 414//414
f 415//415 418//418 416//416
f 417//417 392//392 418//418
f 84//84 393//393 392//392
f 663//663 664//664 665//665
f 665//665 666//666 667//667
f 665//665 664//664 666//666
f 667//667 668//668 669//669
f 667//667 666//666 668//668
f 669//669 668//668 670//670
f 21//21 427//427 388//388
f 659//659 671//671 645//645
f 659//659 660//660 671//671
f 646//646 645//645 671//671
f 660//660 672//672 671//671
f 660//660 673//673 672//672
f 669//669 674//674 673//673
f 673//673 675//675 672//672
f 673//673 674//674 675//675
f 671//671 672//672 676//676
f 676//676 672//672 677//677
f 676//676 677//677 678//678
f 676//676 678//678 679//679
f 669//669 670//670 674//674
f 674//674 670//670 680//680
f 670//670 681//681 680//680
f 682//682 683//683 681//681
f 392//392 684//684 685//685
f 685//685 683//683 682//682
f 282//282 388//388 393//393
f 681//681 686//686 680//680
f 681//681 683//683 686//686
f 685//685 684//684 683//683
f 392//392 687//687 684//684
f 674//674 680//680 688//688
f 688//688 689//689 690//690
f 688//688 680//680 689//689
f 690//690 689//689 691//691
f 572//572 571//571 573//573
f 574//574 573//573 692//692
f 639//639 640//640 693//693
f 693//693 640//640 694//694
f 693//693 694//694 695//695
f 695//695 694//694 696//696
f 574//574 692//692 579//579
f 692//692 697//697 698//698
f 695//695 699//699 697//697
f 692//692 698//698 579//579
f 697//697 699//699 698//698
f 695//695 696//696 700//700
f 695//695 700//700 699//699
f 649//649 650//650 701//701
f 701//701 650//650 702//702
f 701//701 702//702 703//703
f 703//703 702//702 704//704
f 696//696 705//705 706//706
f 703//703 707//707 705//705
f 696//696 706//706 700//700
f 705//705 707//707 706//706
f 703//703 704//704 708//708
f 709//709 704//704 710//710
f 703//703 708//708 707//707
f 709//709 708//708 704//704
f 596//596 579//579 597//597
f 598//598 597//597 599//599
f 600//600 599//599 604//604
f 699//699 700//700 711//711
f 711//711 712//712 713//713
f 711//711 700//700 712//712
f 713//713 714//714 715//715
f 713//713 712//712 714//714
f 715//715 714//714 716//716
f 605//605 604//604 606//606
f 588//588 606//606 589//589
f 715//715 716//716 717//717
f 717//717 718//718 589//589
f 717//717 716//716 718//718
f 589//589 718//718 603//603
f 141//141 607//607 393//393
f 707//707 708//708 719//719
f 719//719 708//708 720//720
f 719//719 720//720 721//721
f 721//721 720//720 722//722
f 721//721 722//722 723//723
f 723//723 722//722 724//724
f 725//725 726//726 603//603
f 536//536 727//727 429//429
f 536//536 393//393 727//727
f 723//723 724//724 725//725
f 725//725 724//724 726//726
f 603//603 726//726 607//607
f 679//679 678//678 728//728
f 728//728 678//678 729//729
f 728//728 729//729 730//730
f 730//730 729//729 731//731
f 730//730 732//732 710//710
f 730//730 731//731 733//733
f 709//709 710//710 732//732
f 730//730 733//733 732//732
f 731//731 734//734 735//735
f 734//734 736//736 737//737
f 731//731 735//735 733//733
f 734//734 737//737 735//735
f 690//690 691//691 738//738
f 738//738 691//691 739//739
f 738//738 739//739 736//736
f 736//736 739//739 740//740
f 393//393 687//687 392//392
f 736//736 740//740 741//741
f 736//736 741//741 737//737
f 740//740 742//742 743//743
f 744//744 745//745 742//742
f 687//687 746//746 747//747
f 747//747 748//748 744//744
f 740//740 743//743 741//741
f 742//742 745//745 743//743
f 744//744 748//748 745//745
f 747//747 746//746 748//748
f 427//427 430//430 388//388
f 429//429 727//727 430//430
f 732//732 733//733 749//749
f 749//749 733//733 750//750
f 749//749 750//750 751//751
f 749//749 751//751 752//752
f 752//752 751//751 753//753
f 753//753 751//751 754//754
f 753//753 754//754 755//755
f 607//607 755//755 756//756
f 755//755 754//754 756//756
f 607//607 756//756 757//757
f 393//393 607//607 757//757
f 737//737 741//741 758//758
f 758//758 759//759 760//760
f 758//758 741//741 759//759
f 760//760 761//761 762//762
f 760//760 759//759 761//761
f 762//762 761//761 763//763
f 393//393 746//746 687//687
f 762//762 763//763 764//764
f 757//757 764//764 765//765
f 764//764 763//763 765//765
f 757//757 765//765 766//766
f 393//393 757//757 766//766
f 393//393 767//767 746//746
f 393//393 768//768 767//767
f 430//430 727//727 388//388
f 388//388 727//727 393//393
f 393//393 766//766 768//768
f 769//769 770//770 771//771
f 772//772 771//771 773//773
f 774//774 773//773 775//775
f 776//776 775//775 777//777
f 778//778 779//779 770//770
f 780//780 781//781 779//779
f 782//782 783//783 781//781
f 784//784 777//777 785//785
f 786//786 785//785 787//787
f 788//788 787//787 789//789
f 772//772 769//769 771//771
f 772//772 773//773 774//774
f 774//774 775//775 776//776
f 776//776 777//777 784//784
f 790//790 791//791 792//792
f 790//790 793//793 791//791
f 792//792 791//791 794//794
f 769//769 778//778 770//770
f 778//778 780//780 779//779
f 780//780 782//782 781//781
f 784//784 785//785 786//786
f 786//786 787//787 788//788
f 788//788 789//789 795//795
f 792//792 794//794 796//796
f 794//794 797//797 796//796
f 796//796 797//797 798//798
f 797//797 799//799 798//798
f 798//798 799//799 800//800
f 799//799 801//801 800//800
f 802//802 803//803 783//783
f 795//795 789//789 803//803
f 782//782 802//802 783//783
f 802//802 795//795 803//803
f 800//800 801//801 804//804
f 805//805 806//806 807//807
f 808//808 809//809 806//806
f 810//810 811//811 812//812
f 813//813 812//812 814//814
f 815//815 807//807 811//811
f 816//816 814//814 817//817
f 818//818 817//817 819//819
f 820//820 819//819 821//821
f 822//822 823//823 809//809
f 824//824 821//821 825//825
f 815//815 805//805 807//807
f 805//805 808//808 806//806
f 810//810 815//815 811//811
f 810//810 812//812 813//813
f 813//813 814//814 816//816
f 816//816 817//817 818//818
f 826//826 827//827 828//828
f 826//826 828//828 829//829
f 829//829 828//828 830//830
f 818//818 819//819 820//820
f 808//808 822//822 809//809
f 820//820 821//821 824//824
f 824//824 825//825 831//831
f 829//829 830//830 832//832
f 832//832 833//833 834//834
f 832//832 830//830 833//833
f 834//834 835//835 836//836
f 834//834 833//833 835//835
f 836//836 835//835 837//837
f 838//838 839//839 823//823
f 831//831 825//825 839//839
f 822//822 838//838 823//823
f 838//838 831//831 839//839
f 836//836 837//837 840//840
f 841//841 842//842 843//843
f 844//844 845//845 842//842
f 846//846 847//847 845//845
f 848//848 849//849 847//847
f 850//850 851//851 849//849
f 844//844 842//842 841//841
f 841//841 843//843 852//852
f 853//853 854//854 855//855
f 856//856 853//853 855//855
f 844//844 846//846 845//845
f 846//846 848//848 847//847
f 848//848 850//850 849//849
f 856//856 857//857 858//858
f 858//858 859//859 860//860
f 860//860 861//861 862//862
f 863//863 864//864 851//851
f 850//850 863//863 851//851
f 862//862 865//865 866//866
f 852//852 843//843 867//867
f 868//868 867//867 869//869
f 870//870 869//869 871//871
f 872//872 871//871 873//873
f 874//874 873//873 875//875
f 852//852 867//867 868//868
f 868//868 869//869 870//870
f 856//856 855//855 857//857
f 870//870 871//871 872//872
f 872//872 873//873 874//874
f 874//874 875//875 876//876
f 858//858 857//857 859//859
f 860//860 859//859 861//861
f 862//862 861//861 865//865
f 876//876 875//875 864//864
f 863//863 876//876 864//864
f 877//877 878//878 879//879
f 880//880 881//881 878//878
f 882//882 879//879 883//883
f 884//884 883//883 885//885
f 886//886 887//887 881//881
f 888//888 889//889 887//887
f 890//890 891//891 889//889
f 892//892 893//893 894//894
f 895//895 885//885 896//896
f 897//897 896//896 893//893
f 877//877 880//880 878//878
f 877//877 879//879 882//882
f 882//882 883//883 884//884
f 884//884 885//885 895//895
f 898//898 899//899 900//900
f 898//898 901//901 899//899
f 900//900 899//899 902//902
f 886//886 881//881 880//880
f 886//886 888//888 887//887
f 888//888 890//890 889//889
f 892//892 894//894 903//903
f 904//904 900//900 902//902
f 904//904 905//905 906//906
f 904//904 902//902 905//905
f 905//905 907//907 906//906
f 906//906 907//907 908//908
f 907//907 909//909 908//908
f 895//895 896//896 897//897
f 897//897 893//893 892//892
f 910//910 911//911 891//891
f 903//903 894//894 911//911
f 890//890 910//910 891//891
f 910//910 903//903 911//911
f 908//908 909//909 912//912
f 913//913 914//914 915//915
f 916//916 915//915 917//917
f 918//918 917//917 919//919
f 920//920 919//919 921//921
f 922//922 923//923 914//914
f 924//924 925//925 923//923
f 926//926 927//927 925//925
f 928//928 921//921 929//929
f 930//930 929//929 931//931
f 932//932 931//931 933//933
f 916//916 913//913 915//915
f 916//916 917//917 918//918
f 918//918 919//919 920//920
f 920//920 921//921 928//928
f 934//934 935//935 936//936
f 934//934 936//936 937//937
f 937//937 936//936 938//938
f 913//913 922//922 914//914
f 922//922 924//924 923//923
f 924//924 926//926 925//925
f 928//928 929//929 930//930
f 932//932 933//933 939//939
f 930//930 931//931 932//932
f 937//937 938//938 940//940
f 940//940 938//938 941//941
f 940//940 941//941 942//942
f 941//941 943//943 942//942
f 942//942 943//943 944//944
f 944//944 943//943 945//945
f 946//946 947//947 927//927
f 939//939 933//933 947//947
f 926//926 946//946 927//927
f 946//946 939//939 947//947
f 944//944 945//945 948//948
f 949//949 950//950 951//951
f 952//952 951//951 953//953
f 954//954 953//953 955//955
f 956//956 955//955 957//957
f 958//958 959//959 950//950
f 960//960 961//961 959//959
f 962//962 963//963 961//961
f 964//964 957//957 965//965
f 966//966 965//965 967//967
f 968//968 967//967 969//969
f 952//952 953//953 954//954
f 949//949 951//951 952//952
f 954//954 955//955 956//956
f 956//956 957//957 964//964
f 970//970 971//971 972//972
f 971//971 973//973 972//972
f 970//970 972//972 974//974
f 949//949 958//958 950//950
f 958//958 960//960 959//959
f 960//960 962//962 961//961
f 964//964 965//965 966//966
f 966//966 967//967 968//968
f 968//968 969//969 975//975
f 970//970 974//974 976//976
f 976//976 974//974 977//977
f 976//976 977//977 978//978
f 977//977 979//979 978//978
f 978//978 979//979 980//980
f 980//980 979//979 981//981
f 982//982 983//983 963//963
f 975//975 969//969 983//983
f 962//962 982//982 963//963
f 982//982 975//975 983//983
f 980//980 981//981 984//984
f 985//985 986//986 987//987
f 988//988 989//989 986//986
f 990//990 991//991 992//992
f 993//993 992//992 994//994
f 995//995 987//987 991//991
f 996//996 994//994 997//997
f 998//998 997//997 999//999
f 1000//1000 999//999 1001//1001
f 1002//1002 1003//1003 989//989
f 1004//1004 1001//1001 1005//1005
f 985//985 987//987 995//995
f 985//985 988//988 986//986
f 990//990 995//995 991//991
f 990//990 992//992 993//993
f 993//993 994//994 996//996
f 996//996 997//997 998//998
f 1006//1006 1007//1007 1008//1008
f 1006//1006 1008//1008 1009//1009
f 1009//1009 1008//1008 1010//1010
f 998//998 999//999 1000//1000
f 988//988 1002//1002 989//989
f 1000//1000 1001//1001 1004//1004
f 1004//1004 1005//1005 1011//1011
f 1012//1012 1009//1009 1010//1010
f 1012//1012 1013//1013 1014//1014
f 1012//1012 1010//1010 1013//1013
f 1014//1014 1015//1015 1016//1016
f 1013//1013 1015//1015 1014//1014
f 1015//1015 1017//1017 1016//1016
f 1018//1018 1019//1019 1003//1003
f 1011//1011 1005//1005 1019//1019
f 1002//1002 1018//1018 1003//1003
f 1018//1018 1011//1011 1019//1019
f 1016//1016 1017//1017 1020//1020
f 1021//1021 1022//1022 1023//1023
f 1024//1024 1025//1025 1022//1022
f 1026//1026 1027//1027 1025//1025
f 1028//1028 1029//1029 1027//1027
f 1030//1030 1031//1031 1029//1029
f 1021//1021 1024//1024 1022//1022
f 1021//1021 1023//1023 1032//1032
f 1033//1033 1034//1034 1035//1035
f 1024//1024 1026//1026 1025//1025
f 1026//1026 1028//1028 1027//1027
f 1028//1028 1030//1030 1029//1029
f 1035//1035 1036//1036 1037//1037
f 1037//1037 1038//1038 1039//1039
f 1039//1039 1040//1040 1041//1041
f 1042//1042 1043//1043 1031//1031
f 1030//1030 1042//1042 1031//1031
f 1032//1032 1023//1023 1044//1044
f 1045//1045 1044//1044 1046//1046
f 1047//1047 1046//1046 1048//1048
f 1049//1049 1048//1048 1050//1050
f 1051//1051 1050//1050 1052//1052
f 1032//1032 1044//1044 1045//1045
f 1045//1045 1046//1046 1047//1047
f 1033//1033 1053//1053 1034//1034
f 1035//1035 1034//1034 1036//1036
f 1047//1047 1048//1048 1049//1049
f 1049//1049 1050//1050 1051//1051
f 1051//1051 1052//1052 1054//1054
f 1037//1037 1036//1036 1038//1038
f 1039//1039 1038//1038 1040//1040
f 1041//1041 1040//1040 1055//1055
f 1054//1054 1052//1052 1043//1043
f 1042//1042 1054//1054 1043//1043
f 1041//1041 1055//1055 1056//1056
f 1057//1057 1058//1058 1059//1059
f 1060//1060 1061//1061 1058//1058
f 1062//1062 1059//1059 1063//1063
f 1064//1064 1063//1063 1065//1065
f 1066//1066 1067//1067 1061//1061
f 1068//1068 1069//1069 1067//1067
f 1070//1070 1071//1071 1069//1069
f 1072//1072 1073//1073 1074//1074
f 1075//1075 1065//1065 1076//1076
f 1077//1077 1076//1076 1073//1073
f 1060//1060 1058//1058 1057//1057
f 1057//1057 1059//1059 1062//1062
f 1062//1062 1063//1063 1064//1064
f 1064//1064 1065//1065 1075//1075
f 1078//1078 1079//1079 1080//1080
f 1079//1079 1081//1081 1080//1080
f 1078//1078 1080//1080 1082//1082
f 1060//1060 1066//1066 1061//1061
f 1066//1066 1068//1068 1067//1067
f 1068//1068 1070//1070 1069//1069
f 1072//1072 1074//1074 1083//1083
f 1078//1078 1082//1082 1084//1084
f 1084//1084 1085//1085 1086//1086
f 1084//1084 1082//1082 1085//1085
f 1086//1086 1085//1085 1087//1087
f 1086//1086 1087//1087 1088//1088
f 1088//1088 1087//1087 1089//1089
f 1075//1075 1076//1076 1077//1077
f 1077//1077 1073//1073 1072//1072
f 1090//1090 1091//1091 1071//1071
f 1083//1083 1074//1074 1091//1091
f 1070//1070 1090//1090 1071//1071
f 1090//1090 1083//1083 1091//1091
f 1088//1088 1089//1089 1092//1092
f 1093//1093 1094//1094 1095//1095
f 1096//1096 1095//1095 1097//1097
f 1098//1098 1097//1097 1099//1099
f 1100//1100 1099//1099 1101//1101
f 1102//1102 1103//1103 1094//1094
f 1104//1104 1105//1105 1103//1103
f 1106//1106 1107//1107 1105//1105
f 1108//1108 1101//1101 1109//1109
f 1110//1110 1109//1109 1111//1111
f 1112//1112 1111//1111 1113//1113
f 1096//1096 1093//1093 1095//1095
f 1096//1096 1097//1097 1098//1098
f 1098//1098 1099//1099 1100//1100
f 1100//1100 1101//1101 1108//1108
f 1114//1114 1115//1115 1116//1116
f 1114//1114 1116//1116 1117//1117
f 1117//1117 1116//1116 1118//1118
f 1102//1102 1094//1094 1093//1093
f 1102//1102 1104//1104 1103//1103
f 1104//1104 1106//1106 1105//1105
f 1108//1108 1109//1109 1110//1110
f 1110//1110 1111//1111 1112//1112
f 1112//1112 1113//1113 1119//1119
f 1120//1120 1117//1117 1118//1118
f 1120//1120 1118//1118 1121//1121
f 1120//1120 1121//1121 1122//1122
f 1121//1121 1123//1123 1122//1122
f 1122//1122 1123//1123 1124//1124
f 1123//1123 1125//1125 1124//1124
f 1126//1126 1127//1127 1107//1107
f 1119//1119 1113//1113 1127//1127
f 1106//1106 1126//1126 1107//1107
f 1126//1126 1119//1119 1127//1127
f 1124//1124 1125//1125 1128//1128
f 1129//1129 1130//1130 1131//1131
f 1132//1132 1133//1133 1134//1134
f 1135//1135 1131//1131 1133//1133
f 1136//1136 1137//1137 1130//1130
f 1138//1138 1134//1134 1139//1139
f 1140//1140 1139//1139 1141//1141
f 1135//1135 1129//1129 1131//1131
f 1132//1132 1135//1135 1133//1133
f 1132//1132 1134//1134 1138//1138
f 1129//1129 1136//1136 1130//1130
f 1138//1138 1139//1139 1140//1140
f 1140//1140 1141//1141 1142//1142
f 1143//1143 1144//1144 1145//1145
f 1146//1146 1144//1144 1143//1143
f 1144//1144 1147//1147 1145//1145
f 1145//1145 1147//1147 1148//1148
f 1147//1147 1149//1149 1148//1148
f 1150//1150 1151//1151 1137//1137
f 1152//1152 1153//1153 1151//1151
f 1154//1154 1155//1155 1156//1156
f 1157//1157 1156//1156 1153//1153
f 1142//1142 1141//1141 1158//1158
f 1159//1159 1158//1158 1155//1155
f 1136//1136 1150//1150 1137//1137
f 1150//1150 1152//1152 1151//1151
f 1152//1152 1157//1157 1153//1153
f 1154//1154 1156//1156 1157//1157
f 1142//1142 1158//1158 1159//1159
f 1159//1159 1155//1155 1154//1154
f 1148//1148 1149//1149 1160//1160
f 1160//1160 1161//1161 1162//1162
f 1149//1149 1161//1161 1160//1160
f 1162//1162 1161//1161 1163//1163
f 1162//1162 1163//1163 1164//1164
f 1165//1165 1166//1166 1167//1167
f 1168//1168 1169//1169 1170//1170
f 1171//1171 1172//1172 1169//1169
f 1173//1173 1167//1167 1172//1172
f 1174//1174 1170//1170 1175//1175
f 1176//1176 1175//1175 1177//1177
f 1173//1173 1165//1165 1167//1167
f 1171//1171 1169//1169 1168//1168
f 1171//1171 1173//1173 1172//1172
f 1168//1168 1170//1170 1174//1174
f 1174//1174 1175//1175 1176//1176
f 1176//1176 1177//1177 1178//1178
f 1179//1179 1180//1180 1181//1181
f 1179//1179 1181//1181 1182//1182
f 1182//1182 1181//1181 1183//1183
f 1182//1182 1183//1183 1184//1184
f 1184//1184 1183//1183 1185//1185
f 1186//1186 1187//1187 1166//1166
f 1178//1178 1177//1177 1188//1188
f 1189//1189 1188//1188 1190//1190
f 1191//1191 1192//1192 1187//1187
f 1193//1193 1194//1194 1192//1192
f 1195//1195 1190//1190 1194//1194
f 1165//1165 1186//1186 1166//1166
f 1186//1186 1191//1191 1187//1187
f 1178//1178 1188//1188 1189//1189
f 1191//1191 1193//1193 1192//1192
f 1195//1195 1194//1194 1193//1193
f 1195//1195 1189//1189 1190//1190
f 1184//1184 1185//1185 1196//1196
f 1196//1196 1197//1197 1198//1198
f 1185//1185 1197//1197 1196//1196
f 1198//1198 1199//1199 1200//1200
f 1198//1198 1197//1197 1199//1199
f 1201//1201 1202//1202 1203//1203
f 1204//1204 1203//1203 1205//1205
f 1206//1206 1207//1207 1202//1202
f 1204//1204 1205//1205 1208//1208
f 1204//1204 1201//1201 1203//1203
f 1201//1201 1206//1206 1202//1202
f 1209//1209 1210//1210 1211//1211
f 1209//1209 1211//1211 1212//1212
f 1212//1212 1213//1213 1214//1214
f 1208//1208 1205//1205 1215//1215
f 1216//1216 1215//1215 1217//1217
f 1218//1218 1217//1217 1219//1219
f 1208//1208 1215//1215 1216//1216
f 1216//1216 1217//1217 1218//1218
f 1218//1218 1219//1219 1220//1220
f 1212//1212 1211//1211 1213//1213
f 1214//1214 1213//1213 1221//1221
f 1222//1222 1223//1223 1207//1207
f 1224//1224 1225//1225 1223//1223
f 1226//1226 1227//1227 1225//1225
f 1206//1206 1222//1222 1207//1207
f 1222//1222 1224//1224 1223//1223
f 1224//1224 1226//1226 1225//1225
f 1214//1214 1221//1221 1228//1228
f 1228//1228 1229//1229 1230//1230
f 1230//1230 1231//1231 1232//1232
f 1220//1220 1219//1219 1233//1233
f 1234//1234 1233//1233 1235//1235
f 1236//1236 1235//1235 1227//1227
f 1220//1220 1233//1233 1234//1234
f 1234//1234 1235//1235 1236//1236
f 1226//1226 1236//1236 1227//1227
f 1221//1221 1229//1229 1228//1228
f 1230//1230 1229//1229 1231//1231
f 1237//1237 1238//1238 1239//1239
f 1240//1240 1239//1239 1241//1241
f 1242//1242 1241//1241 1243//1243
f 1244//1244 1243//1243 1245//1245
f 1246//1246 1247//1247 1238//1238
f 1248//1248 1245//1245 1249//1249
f 1240//1240 1237//1237 1239//1239
f 1240//1240 1241//1241 1242//1242
f 1242//1242 1243//1243 1244//1244
f 1244//1244 1245//1245 1248//1248
f 1246//1246 1238//1238 1237//1237
f 1250//1250 1251//1251 1252//1252
f 1250//1250 1253//1253 1251//1251
f 1251//1251 1254//1254 1252//1252
f 1255//1255 1252//1252 1254//1254
f 1255//1255 1254//1254 1256//1256
f 1248//1248 1249//1249 1257//1257
f 1258//1258 1259//1259 1247//1247
f 1260//1260 1261//1261 1262//1262
f 1263//1263 1264//1264 1259//1259
f 1265//1265 1262//1262 1266//1266
f 1267//1267 1266//1266 1264//1264
f 1257//1257 1249//1249 1261//1261
f 1246//1246 1258//1258 1247//1247
f 1258//1258 1263//1263 1259//1259
f 1263//1263 1267//1267 1264//1264
f 1260//1260 1262//1262 1265//1265
f 1265//1265 1266//1266 1267//1267
f 1255//1255 1256//1256 1268//1268
f 1268//1268 1269//1269 1270//1270
f 1256//1256 1269//1269 1268//1268
f 1270//1270 1269//1269 1271//1271
f 1270//1270 1271//1271 1272//1272
f 1257//1257 1261//1261 1260//1260
f 1273//1273 1274//1274 1275//1275
f 1276//1276 1277//1277 1274//1274
f 1278//1278 1279//1279 1280//1280
f 1281//1281 1275//1275 1279//1279
f 1282//1282 1280//1280 1283//1283
f 1284//1284 1283//1283 1285//1285
f 1281//1281 1273//1273 1275//1275
f 1273//1273 1276//1276 1274//1274
f 1281//1281 1279//1279 1278//1278
f 1278//1278 1280//1280 1282//1282
f 1282//1282 1283//1283 1284//1284
f 1284//1284 1285//1285 1286//1286
f 1287//1287 1288//1288 1289//1289
f 1287//1287 1289//1289 1290//1290
f 1289//1289 1291//1291 1290//1290
f 1290//1290 1291//1291 1292//1292
f 1292//1292 1291//1291 1293//1293
f 1294//1294 1295//1295 1277//1277
f 1296//1296 1297//1297 1295//1295
f 1286//1286 1285//1285 1298//1298
f 1299//1299 1298//1298 1300//1300
f 1301//1301 1300//1300 1302//1302
f 1303//1303 1302//1302 1297//1297
f 1276//1276 1294//1294 1277//1277
f 1294//1294 1296//1296 1295//1295
f 1286//1286 1298//1298 1299//1299
f 1296//1296 1303//1303 1297//1297
f 1301//1301 1299//1299 1300//1300
f 1301//1301 1302//1302 1303//1303
f 1292//1292 1293//1293 1304//1304
f 1304//1304 1305//1305 1306//1306
f 1293//1293 1305//1305 1304//1304
f 1306//1306 1307//1307 1308//1308
f 1306//1306 1305//1305 1307//1307
f 1309//1309 1310//1310 1311//1311
f 1312//1312 1313//1313 1314//1314
f 1315//1315 1311//1311 1313//1313
f 1316//1316 1317//1317 1310//1310
f 1318//1318 1314//1314 1319//1319
f 1320//1320 1319//1319 1321//1321
f 1315//1315 1313//1313 1312//1312
f 1315//1315 1309//1309 1311//1311
f 1312//1312 1314//1314 1318//1318
f 1309//1309 1316//1316 1310//1310
f 1318//1318 1319//1319 1320//1320
f 1320//1320 1321//1321 1322//1322
f 1323//1323 1324//1324 1325//1325
f 1323//1323 1326//1326 1324//1324
f 1324//1324 1327//1327 1325//1325
f 1325//1325 1327//1327 1328//1328
f 1328//1328 1327//1327 1329//1329
f 1330//1330 1331//1331 1317//1317
f 1332//1332 1333//1333 1331//1331
f 1334//1334 1335//1335 1336//1336
f 1337//1337 1336//1336 1333//1333
f 1322//1322 1321//1321 1338//1338
f 1339//1339 1338//1338 1335//1335
f 1316//1316 1330//1330 1317//1317
f 1330//1330 1332//1332 1331//1331
f 1332//1332 1337//1337 1333//1333
f 1337//1337 1334//1334 1336//1336
f 1322//1322 1338//1338 1339//1339
f 1339//1339 1335//1335 1334//1334
f 1328//1328 1329//1329 1340//1340
f 1340//1340 1341//1341 1342//1342
f 1329//1329 1341//1341 1340//1340
f 1342//1342 1341//1341 1343//1343
f 1342//1342 1343//1343 1344//1344
f 1345//1345 1346//1346 1347//1347
f 1348//1348 1349//1349 1350//1350
f 1351//1351 1352//1352 1349//1349
f 1353//1353 1347//1347 1352//1352
f 1354//1354 1350//1350 1355//1355
f 1356//1356 1355//1355 1357//1357
f 1345//1345 1347//1347 1353//1353
f 1351//1351 1349//1349 1348//1348
f 1351//1351 1353//1353 1352//1352
f 1348//1348 1350//1350 1354//1354
f 1354//1354 1355//1355 1356//1356
f 1356//1356 1357//1357 1358//1358
f 1359//1359 1360//1360 1361//1361
f 1359//1359 1361//1361 1362//1362
f 1361//1361 1363//1363 1362//1362
f 1364//1364 1362//1362 1363//1363
f 1364//1364 1363//1363 1365//1365
f 1366//1366 1367//1367 1346//1346
f 1358//1358 1357//1357 1368//1368
f 1369//1369 1368//1368 1370//1370
f 1371//1371 1372//1372 1367//1367
f 1373//1373 1374//1374 1372//1372
f 1375//1375 1370//1370 1374//1374
f 1345//1345 1366//1366 1346//1346
f 1366//1366 1371//1371 1367//1367
f 1358//1358 1368//1368 1369//1369
f 1371//1371 1373//1373 1372//1372
f 1375//1375 1374//1374 1373//1373
f 1369//1369 1370//1370 1375//1375
f 1364//1364 1365//1365 1376//1376
f 1376//1376 1377//1377 1378//1378
f 1365//1365 1377//1377 1376//1376
f 1378//1378 1379//1379 1380//1380
f 1378//1378 1377//1377 1379//1379
f 1381//1381 1382//1382 1383//1383
f 1384//1384 1383//1383 1385//1385
f 1386//1386 1387//1387 1382//1382
f 1384//1384 1385//1385 1388//1388
f 1384//1384 1381//1381 1383//1383
f 1381//1381 1386//1386 1382//1382
f 1389//1389 1390//1390 1391//1391
f 1391//1391 1392//1392 1393//1393
f 1388//1388 1385//1385 1394//1394
f 1395//1395 1394//1394 1396//1396
f 1397//1397 1396//1396 1398//1398
f 1388//1388 1394//1394 1395//1395
f 1395//1395 1396//1396 1397//1397
f 1397//1397 1398//1398 1399//1399
f 1389//1389 1400//1400 1390//1390
f 1391//1391 1390//1390 1392//1392
f 1393//1393 1392//1392 1401//1401
f 1402//1402 1403//1403 1387//1387
f 1404//1404 1405//1405 1403//1403
f 1406//1406 1407//1407 1405//1405
f 1386//1386 1402//1402 1387//1387
f 1402//1402 1404//1404 1403//1403
f 1404//1404 1406//1406 1405//1405
f 1393//1393 1401//1401 1408//1408
f 1408//1408 1409//1409 1410//1410
f 1399//1399 1398//1398 1411//1411
f 1412//1412 1411//1411 1413//1413
f 1414//1414 1413//1413 1407//1407
f 1399//1399 1411//1411 1412//1412
f 1414//1414 1412//1412 1413//1413
f 1414//1414 1407//1407 1406//1406
f 1401//1401 1409//1409 1408//1408
f 1410//1410 1409//1409 1415//1415
f 1410//1410 1415//1415 1416//1416
f 1417//1417 1418//1418 1419//1419
f 1420//1420 1421//1421 1418//1418
f 1422//1422 1419//1419 1423//1423
f 1424//1424 1423//1423 1425//1425
f 1426//1426 1427//1427 1421//1421
f 1428//1428 1425//1425 1429//1429
f 1417//1417 1420//1420 1418//1418
f 1417//1417 1419//1419 1422//1422
f 1422//1422 1423//1423 1424//1424
f 1424//1424 1425//1425 1428//1428
f 1420//1420 1426//1426 1421//1421
f 1430//1430 1431//1431 1432//1432
f 1430//1430 1433//1433 1431//1431
f 1432//1432 1431//1431 1434//1434
f 1432//1432 1434//1434 1435//1435
f 1435//1435 1434//1434 1436//1436
f 1428//1428 1429//1429 1437//1437
f 1438//1438 1439//1439 1427//1427
f 1440//1440 1441//1441 1442//1442
f 1443//1443 1444//1444 1439//1439
f 1445//1445 1442//1442 1446//1446
f 1447//1447 1446//1446 1444//1444
f 1437//1437 1429//1429 1441//1441
f 1426//1426 1438//1438 1427//1427
f 1438//1438 1443//1443 1439//1439
f 1443//1443 1447//1447 1444//1444
f 1440//1440 1442//1442 1445//1445
f 1447//1447 1445//1445 1446//1446
f 1435//1435 1436//1436 1448//1448
f 1448//1448 1449//1449 1450//1450
f 1436//1436 1449//1449 1448//1448
f 1450//1450 1449//1449 1451//1451
f 1450//1450 1451//1451 1452//1452
f 1437//1437 1441//1441 1440//1440
f 1453//1453 1454//1454 1455//1455
f 1456//1456 1457//1457 1454//1454
f 1458//1458 1459//1459 1460//1460
f 1461//1461 1455//1455 1459//1459
f 1462//1462 1460//1460 1463//1463
f 1464//1464 1463//1463 1465//1465
f 1461//1461 1453//1453 1455//1455
f 1456//1456 1454//1454 1453//1453
f 1461//1461 1459//1459 1458//1458
f 1458//1458 1460//1460 1462//1462
f 1462//1462 1463//1463 1464//1464
f 1464//1464 1465//1465 1466//1466
f 1467//1467 1468//1468 1469//1469
f 1467//1467 1469//1469 1470//1470
f 1469//1469 1471//1471 1470//1470
f 1472//1472 1470//1470 1471//1471
f 1472//1472 1471//1471 1473//1473
f 1474//1474 1475//1475 1457//1457
f 1476//1476 1477//1477 1475//1475
f 1466//1466 1465//1465 1478//1478
f 1479//1479 1478//1478 1480//1480
f 1481//1481 1480//1480 1482//1482
f 1483//1483 1482//1482 1477//1477
f 1456//1456 1474//1474 1457//1457
f 1474//1474 1476//1476 1475//1475
f 1466//1466 1478//1478 1479//1479
f 1476//1476 1483//1483 1477//1477
f 1481//1481 1482//1482 1483//1483
f 1479//1479 1480//1480 1481//1481
f 1472//1472 1473//1473 1484//1484
f 1484//1484 1485//1485 1486//1486
f 1473//1473 1485//1485 1484//1484
f 1486//1486 1487//1487 1488//1488
f 1486//1486 1485//1485 1487//1487
f 1489//1489 1490//1490 1491//1491
f 1492//1492 1491//1491 1493//1493
f 1492//1492 1489//1489 1491//1491
f 1492//1492 1493//1493 1494//1494
f 1495//1495 1496//1496 1497//1497
f 1498//1498 1499//1499 1490//1490
f 1500//1500 1501//1501 1499//1499
f 1502//1502 1503//1503 1501//1501
f 1494//1494 1493//1493 1504//1504
f 1505//1505 1504//1504 1506//1506
f 1507//1507 1506//1506 1508//1508
f 1509//1509 1510//1510 1503//1503
f 1511//1511 1512//1512 1510//1510
f 1513//1513 1514//1514 1512//1512
f 1515//1515 1508//1508 1514//1514
f 1489//1489 1498//1498 1490//1490
f 1498//1498 1500//1500 1499//1499
f 1500//1500 1502//1502 1501//1501
f 1494//1494 1504//1504 1505//1505
f 1505//1505 1506//1506 1507//1507
f 1507//1507 1508//1508 1515//1515
f 1497//1497 1496//1496 1516//1516
f 1496//1496 1517//1517 1516//1516
f 1516//1516 1517//1517 1518//1518
f 1517//1517 1519//1519 1518//1518
f 1518//1518 1519//1519 1520//1520
f 1519//1519 1521//1521 1520//1520
f 1502//1502 1509//1509 1503//1503
f 1509//1509 1511//1511 1510//1510
f 1511//1511 1513//1513 1512//1512
f 1515//1515 1514//1514 1513//1513
f 1520//1520 1521//1521 1522//1522
f 1522//1522 1521//1521 1523//1523
f 1522//1522 1523//1523 1524//1524
f 1525//1525 1526//1526 1527//1527
f 1528//1528 1527//1527 1529//1529
f 1525//1525 1527//1527 1528//1528
f 1528//1528 1529//1529 1530//1530
f 1531//1531 1532//1532 1533//1533
f 1534//1534 1535//1535 1536//1536
f 1537//1537 1538//1538 1535//1535
f 1539//1539 1536//1536 1526//1526
f 1530//1530 1529//1529 1540//1540
f 1541//1541 1540//1540 1542//1542
f 1543//1543 1542//1542 1544//1544
f 1545//1545 1546//1546 1538//1538
f 1547//1547 1548//1548 1546//1546
f 1549//1549 1544//1544 1550//1550
f 1551//1551 1550//1550 1548//1548
f 1539//1539 1534//1534 1536//1536
f 1534//1534 1537//1537 1535//1535
f 1525//1525 1539//1539 1526//1526
f 1530//1530 1540//1540 1541//1541
f 1541//1541 1542//1542 1543//1543
f 1543//1543 1544//1544 1549//1549
f 1531//1531 1533//1533 1552//1552
f 1533//1533 1553//1553 1552//1552
f 1552//1552 1553//1553 1554//1554
f 1554//1554 1555//1555 1556//1556
f 1554//1554 1553//1553 1555//1555
f 1556//1556 1555//1555 1557//1557
f 1537//1537 1545//1545 1538//1538
f 1545//1545 1547//1547 1546//1546
f 1547//1547 1551//1551 1548//1548
f 1551//1551 1549//1549 1550//1550
f 1556//1556 1557//1557 1558//1558
f 1558//1558 1559//1559 1560//1560
f 1558//1558 1557//1557 1559//1559
f 1561//1561 1562//1562 1563//1563
f 1564//1564 1561//1561 1563//1563
f 1565//1565 1566//1566 1567//1567
f 1568//1568 1569//1569 1562//1562
f 1570//1570 1571//1571 1569//1569
f 1572//1572 1573//1573 1571//1571
f 1574//1574 1575//1575 1573//1573
f 1576//1576 1577//1577 1575//1575
f 1561//1561 1568//1568 1562//1562
f 1568//1568 1570//1570 1569//1569
f 1570//1570 1572//1572 1571//1571
f 1567//1567 1566//1566 1578//1578
f 1578//1578 1579//1579 1580//1580
f 1580//1580 1581//1581 1582//1582
f 1572//1572 1574//1574 1573//1573
f 1574//1574 1576//1576 1575//1575
f 1582//1582 1583//1583 1584//1584
f 1584//1584 1585//1585 1586//1586
f 1564//1564 1563//1563 1587//1587
f 1564//1564 1587//1587 1588//1588
f 1588//1588 1587//1587 1589//1589
f 1590//1590 1589//1589 1591//1591
f 1592//1592 1591//1591 1593//1593
f 1594//1594 1593//1593 1595//1595
f 1596//1596 1595//1595 1577//1577
f 1588//1588 1589//1589 1590//1590
f 1590//1590 1591//1591 1592//1592
f 1592//1592 1593//1593 1594//1594
f 1578//1578 1566//1566 1579//1579
f 1580//1580 1579//1579 1581//1581
f 1582//1582 1581//1581 1583//1583
f 1576//1576 1596//1596 1577//1577
f 1594//1594 1595//1595 1596//1596
f 1584//1584 1583//1583 1585//1585
f 1597//1597 1598//1598 1599//1599
f 1600//1600 1599//1599 1601//1601
f 1600//1600 1597//1597 1599//1599
f 1600//1600 1601//1601 1602//1602
f 1603//1603 1604//1604 1605//1605
f 1606//1606 1607//1607 1598//1598
f 1602//1602 1601//1601 1608//1608
f 1609//1609 1610//1610 1607//1607
f 1611//1611 1612//1612 1610//1610
f 1613//1613 1614//1614 1612//1612
f 1615//1615 1616//1616 1617//1617
f 1618//1618 1619//1619 1614//1614
f 1620//1620 1617//1617 1619//1619
f 1621//1621 1608//1608 1622//1622
f 1623//1623 1622//1622 1616//1616
f 1597//1597 1606//1606 1598//1598
f 1609//1609 1607//1607 1606//1606
f 1602//1602 1608//1608 1621//1621
f 1609//1609 1611//1611 1610//1610
f 1605//1605 1604//1604 1624//1624
f 1625//1625 1624//1624 1626//1626
f 1604//1604 1626//1626 1624//1624
f 1625//1625 1627//1627 1628//1628
f 1625//1625 1626//1626 1627//1627
f 1627//1627 1629//1629 1628//1628
f 1611//1611 1613//1613 1612//1612
f 1613//1613 1618//1618 1614//1614
f 1618//1618 1620//1620 1619//1619
f 1615//1615 1617//1617 1620//1620
f 1628//1628 1629//1629 1630//1630
f 1630//1630 1629//1629 1631//1631
f 1630//1630 1631//1631 1632//1632
f 1621//1621 1622//1622 1623//1623
f 1623//1623 1616//1616 1615//1615
f 1633//1633 1634//1634 1635//1635
f 1636//1636 1635//1635 1637//1637
f 1633//1633 1635//1635 1636//1636
f 1636//1636 1637//1637 1638//1638
f 1639//1639 1640//1640 1641//1641
f 1642//1642 1643//1643 1634//1634
f 1644//1644 1645//1645 1643//1643
f 1646//1646 1647//1647 1645//1645
f 1638//1638 1637//1637 1648//1648
f 1649//1649 1648//1648 1650//1650
f 1651//1651 1650//1650 1652//1652
f 1653//1653 1654//1654 1647//1647
f 1655//1655 1656//1656 1654//1654
f 1657//1657 1658//1658 1656//1656
f 1659//1659 1652//1652 1658//1658
f 1633//1633 1642//1642 1634//1634
f 1642//1642 1644//1644 1643//1643
f 1644//1644 1646//1646 1645//1645
f 1638//1638 1648//1648 1649//1649
f 1649//1649 1650//1650 1651//1651
f 1651//1651 1652//1652 1659//1659
f 1639//1639 1641//1641 1660//1660
f 1641//1641 1661//1661 1660//1660
f 1660//1660 1661//1661 1662//1662
f 1662//1662 1661//1661 1663//1663
f 1662//1662 1663//1663 1664//1664
f 1663//1663 1665//1665 1664//1664
f 1646//1646 1653//1653 1647//1647
f 1653//1653 1655//1655 1654//1654
f 1657//1657 1659//1659 1658//1658
f 1655//1655 1657//1657 1656//1656
f 1664//1664 1665//1665 1666//1666
f 1666//1666 1667//1667 1668//1668
f 1666//1666 1665//1665 1667//1667
f 1669//1669 1670//1670 1671//1671
f 1672//1672 1671//1671 1673//1673
f 1672//1672 1669//1669 1671//1671
f 1672//1672 1673//1673 1674//1674
f 1675//1675 1676//1676 1677//1677
f 1678//1678 1679//1679 1670//1670
f 1680//1680 1681//1681 1679//1679
f 1682//1682 1683//1683 1681//1681
f 1674//1674 1673//1673 1684//1684
f 1685//1685 1684//1684 1686//1686
f 1687//1687 1686//1686 1688//1688
f 1689//1689 1690//1690 1683//1683
f 1691//1691 1692//1692 1690//1690
f 1693//1693 1694//1694 1692//1692
f 1695//1695 1688//1688 1694//1694
f 1678//1678 1680//1680 1679//1679
f 1669//1669 1678//1678 1670//1670
f 1680//1680 1682//1682 1681//1681
f 1674//1674 1684//1684 1685//1685
f 1685//1685 1686//1686 1687//1687
f 1687//1687 1688//1688 1695//1695
f 1677//1677 1676//1676 1696//1696
f 1676//1676 1697//1697 1696//1696
f 1696//1696 1697//1697 1698//1698
f 1698//1698 1697//1697 1699//1699
f 1698//1698 1699//1699 1700//1700
f 1699//1699 1701//1701 1700//1700
f 1682//1682 1689//1689 1683//1683
f 1689//1689 1691//1691 1690//1690
f 1691//1691 1693//1693 1692//1692
f 1695//1695 1694//1694 1693//1693
f 1700//1700 1701//1701 1702//1702
f 1702//1702 1701//1701 1703//1703
f 1702//1702 1703//1703 1704//1704
f 1705//1705 1706//1706 1707//1707
f 1708//1708 1707//1707 1709//1709
f 1708//1708 1705//1705 1707//1707
f 1708//1708 1709//1709 1710//1710
f 1711//1711 1712//1712 1713//1713
f 1714//1714 1715//1715 1716//1716
f 1717//1717 1718//1718 1715//1715
f 1719//1719 1716//1716 1706//1706
f 1710//1710 1709//1709 1720//1720
f 1721//1721 1720//1720 1722//1722
f 1723//1723 1722//1722 1724//1724
f 1725//1725 1726//1726 1718//1718
f 1727//1727 1728//1728 1726//1726
f 1729//1729 1724//1724 1730//1730
f 1731//1731 1730//1730 1728//1728
f 1714//1714 1716//1716 1719//1719
f 1714//1714 1717//1717 1715//1715
f 1705//1705 1719//1719 1706//1706
f 1710//1710 1720//1720 1721//1721
f 1721//1721 1722//1722 1723//1723
f 1723//1723 1724//1724 1729//1729
f 1713//1713 1712//1712 1732//1732
f 1712//1712 1733//1733 1732//1732
f 1734//1734 1732//1732 1733//1733
f 1734//1734 1735//1735 1736//1736
f 1734//1734 1733//1733 1735//1735
f 1735//1735 1737//1737 1736//1736
f 1717//1717 1725//1725 1718//1718
f 1725//1725 1727//1727 1726//1726
f 1727//1727 1731//1731 1728//1728
f 1729//1729 1730//1730 1731//1731
f 1736//1736 1737//1737 1738//1738
f 1738//1738 1739//1739 1740//1740
f 1738//1738 1737//1737 1739//1739
f 1741//1741 1742//1742 1743//1743
f 1741//1741 1743//1743 1744//1744
f 1745//1745 1746//1746 1742//1742
f 1747//1747 1748//1748 1746//1746
f 1749//1749 1750//1750 1748//1748
f 1751//1751 1752//1752 1750//1750
f 1753//1753 1754//1754 1752//1752
f 1741//1741 1745//1745 1742//1742
f 1745//1745 1747//1747 1746//1746
f 1747//1747 1749//1749 1748//1748
f 1755//1755 1756//1756 1757//1757
f 1757//1757 1758//1758 1759//1759
f 1759//1759 1760//1760 1761//1761
f 1749//1749 1751//1751 1750//1750
f 1751//1751 1753//1753 1752//1752
f 1761//1761 1762//1762 1763//1763
f 1744//1744 1743//1743 1764//1764
f 1744//1744 1764//1764 1765//1765
f 1755//1755 1766//1766 1756//1756
f 1765//1765 1764//1764 1767//1767
f 1768//1768 1767//1767 1769//1769
f 1770//1770 1769//1769 1771//1771
f 1772//1772 1771//1771 1773//1773
f 1774//1774 1773//1773 1754//1754
f 1765//1765 1767//1767 1768//1768
f 1768//1768 1769//1769 1770//1770
f 1770//1770 1771//1771 1772//1772
f 1757//1757 1756//1756 1758//1758
f 1759//1759 1758//1758 1760//1760
f 1761//1761 1760//1760 1762//1762
f 1753//1753 1774//1774 1754//1754
f 1774//1774 1772//1772 1773//1773
f 1763//1763 1762//1762 1775//1775
f 1763//1763 1775//1775 1776//1776
f 1777//1777 1778//1778 1779//1779
f 1780//1780 1779//1779 1781//1781
f 1780//1780 1777//1777 1779//1779
f 1780//1780 1781//1781 1782//1782
f 1783//1783 1784//1784 1785//1785
f 1786//1786 1787//1787 1778//1778
f 1782//1782 1781//1781 1788//1788
f 1789//1789 1790//1790 1787//1787
f 1791//1791 1792//1792 1790//1790
f 1793//1793 1794//1794 1792//1792
f 1795//1795 1796//1796 1797//1797
f 1798//1798 1799//1799 1794//1794
f 1800//1800 1797//1797 1799//1799
f 1801//1801 1788//1788 1802//1802
f 1803//1803 1802//1802 1796//1796
f 1777//1777 1786//1786 1778//1778
f 1786//1786 1789//1789 1787//1787
f 1782//1782 1788//1788 1801//1801
f 1789//1789 1791//1791 1790//1790
f 1785//1785 1784//1784 1804//1804
f 1804//1804 1805//1805 1806//1806
f 1784//1784 1805//1805 1804//1804
f 1806//1806 1807//1807 1808//1808
f 1806//1806 1805//1805 1807//1807
f 1808//1808 1807//1807 1809//1809
f 1791//1791 1793//1793 1792//1792
f 1793//1793 1798//1798 1794//1794
f 1798//1798 1800//1800 1799//1799
f 1795//1795 1797//1797 1800//1800
f 1808//1808 1809//1809 1810//1810
f 1810//1810 1809//1809 1811//1811
f 1810//1810 1811//1811 1812//1812
f 1801//1801 1802//1802 1803//1803
f 1803//1803 1796//1796 1795//1795
f 1813//1813 1814//1814 1815//1815
f 1816//1816 1815//1815 1817//1817
f 1816//1816 1813//1813 1815//1815
f 1816//1816 1817//1817 1818//1818
f 1819//1819 1820//1820 1821//1821
f 1822//1822 1823//1823 1814//1814
f 1824//1824 1825//1825 1823//1823
f 1826//1826 1827//1827 1825//1825
f 1818//1818 1817//1817 1828//1828
f 1829//1829 1828//1828 1830//1830
f 1831//1831 1830//1830 1832//1832
f 1833//1833 1834//1834 1827//1827
f 1835//1835 1836//1836 1834//1834
f 1837//1837 1838//1838 1836//1836
f 1839//1839 1832//1832 1838//1838
f 1813//1813 1822//1822 1814//1814
f 1824//1824 1823//1823 1822//1822
f 1824//1824 1826//1826 1825//1825
f 1818//1818 1828//1828 1829//1829
f 1829//1829 1830//1830 1831//1831
f 1831//1831 1832//1832 1839//1839
f 1821//1821 1820//1820 1840//1840
f 1820//1820 1841//1841 1840//1840
f 1842//1842 1840//1840 1841//1841
f 1842//1842 1841//1841 1843//1843
f 1842//1842 1843//1843 1844//1844
f 1843//1843 1845//1845 1844//1844
f 1826//1826 1833//1833 1827//1827
f 1833//1833 1835//1835 1834//1834
f 1835//1835 1837//1837 1836//1836
f 1839//1839 1838//1838 1837//1837
f 1844//1844 1845//1845 1846//1846
f 1846//1846 1847//1847 1848//1848
f 1846//1846 1845//1845 1847//1847
f 1849//1849 1850//1850 1851//1851
f 1852//1852 1851//1851 1853//1853
f 1854//1854 1853//1853 1855//1855
f 1856//1856 1855//1855 1857//1857
f 1858//1858 1859//1859 1850//1850
f 1860//1860 1861//1861 1859//1859
f 1862//1862 1863//1863 1861//1861
f 1864//1864 1857//1857 1865//1865
f 1866//1866 1865//1865 1867//1867
f 1868//1868 1867//1867 1869//1869
f 1852//1852 1849//1849 1851//1851
f 1854//1854 1852//1852 1853//1853
f 1854//1854 1855//1855 1856//1856
f 1856//1856 1857//1857 1864//1864
f 1870//1870 1871//1871 1872//1872
f 1873//1873 1871//1871 1870//1870
f 1871//1871 1874//1874 1872//1872
f 1849//1849 1858//1858 1850//1850
f 1858//1858 1860//1860 1859//1859
f 1860//1860 1862//1862 1861//1861
f 1864//1864 1865//1865 1866//1866
f 1868//1868 1866//1866 1867//1867
f 1868//1868 1869//1869 1875//1875
f 1872//1872 1874//1874 1876//1876
f 1876//1876 1874//1874 1877//1877
f 1876//1876 1877//1877 1878//1878
f 1878//1878 1877//1877 1879//1879
f 1878//1878 1879//1879 1880//1880
f 1879//1879 1881//1881 1880//1880
f 1882//1882 1883//1883 1863//1863
f 1875//1875 1869//1869 1883//1883
f 1862//1862 1882//1882 1863//1863
f 1882//1882 1875//1875 1883//1883
f 1880//1880 1881//1881 1884//1884
f 1885//1885 1886//1886 1887//1887
f 1888//1888 1889//1889 1886//1886
f 1890//1890 1891//1891 1892//1892
f 1893//1893 1892//1892 1894//1894
f 1895//1895 1887//1887 1891//1891
f 1896//1896 1894//1894 1897//1897
f 1898//1898 1897//1897 1899//1899
f 1900//1900 1899//1899 1901//1901
f 1902//1902 1903//1903 1889//1889
f 1904//1904 1901//1901 1905//1905
f 1895//1895 1885//1885 1887//1887
f 1885//1885 1888//1888 1886//1886
f 1890//1890 1895//1895 1891//1891
f 1890//1890 1892//1892 1893//1893
f 1893//1893 1894//1894 1896//1896
f 1896//1896 1897//1897 1898//1898
f 1906//1906 1907//1907 1908//1908
f 1906//1906 1908//1908 1909//1909
f 1909//1909 1908//1908 1910//1910
f 1898//1898 1899//1899 1900//1900
f 1888//1888 1902//1902 1889//1889
f 1900//1900 1901//1901 1904//1904
f 1904//1904 1905//1905 1911//1911
f 1909//1909 1910//1910 1912//1912
f 1912//1912 1913//1913 1914//1914
f 1912//1912 1910//1910 1913//1913
f 1914//1914 1915//1915 1916//1916
f 1914//1914 1913//1913 1915//1915
f 1915//1915 1917//1917 1916//1916
f 1918//1918 1919//1919 1903//1903
f 1911//1911 1905//1905 1919//1919
f 1902//1902 1918//1918 1903//1903
f 1911//1911 1919//1919 1918//1918
f 1916//1916 1917//1917 1920//1920
f 1921//1921 1922//1922 1923//1923
f 1924//1924 1925//1925 1922//1922
f 1926//1926 1927//1927 1925//1925
f 1928//1928 1929//1929 1927//1927
f 1930//1930 1931//1931 1929//1929
f 1921//1921 1924//1924 1922//1922
f 1921//1921 1923//1923 1932//1932
f 1933//1933 1934//1934 1935//1935
f 1933//1933 1935//1935 1936//1936
f 1924//1924 1926//1926 1925//1925
f 1926//1926 1928//1928 1927//1927
f 1928//1928 1930//1930 1929//1929
f 1936//1936 1937//1937 1938//1938
f 1938//1938 1939//1939 1940//1940
f 1940//1940 1941//1941 1942//1942
f 1943//1943 1944//1944 1931//1931
f 1930//1930 1943//1943 1931//1931
f 1942//1942 1945//1945 1946//1946
f 1932//1932 1923//1923 1947//1947
f 1948//1948 1947//1947 1949//1949
f 1950//1950 1949//1949 1951//1951
f 1952//1952 1951//1951 1953//1953
f 1954//1954 1953//1953 1955//1955
f 1932//1932 1947//1947 1948//1948
f 1948//1948 1949//1949 1950//1950
f 1936//1936 1935//1935 1937//1937
f 1950//1950 1951//1951 1952//1952
f 1952//1952 1953//1953 1954//1954
f 1954//1954 1955//1955 1956//1956
f 1938//1938 1937//1937 1939//1939
f 1940//1940 1939//1939 1941//1941
f 1942//1942 1941//1941 1945//1945
f 1956//1956 1955//1955 1944//1944
f 1943//1943 1956//1956 1944//1944
f 1957//1957 1958//1958 1959//1959
f 1960//1960 1961//1961 1958//1958
f 1962//1962 1959//1959 1963//1963
f 1964//1964 1963//1963 1965//1965
f 1966//1966 1967//1967 1961//1961
f 1968//1968 1969//1969 1967//1967
f 1970//1970 1971//1971 1969//1969
f 1972//1972 1973//1973 1974//1974
f 1975//1975 1965//1965 1976//1976
f 1977//1977 1976//1976 1973//1973
f 1957//1957 1960//1960 1958//1958
f 1957//1957 1959//1959 1962//1962
f 1962//1962 1963//1963 1964//1964
f 1964//1964 1965//1965 1975//1975
f 1978//1978 1979//1979 1980//1980
f 1978//1978 1981//1981 1979//1979
f 1979//1979 1982//1982 1980//1980
f 1966//1966 1961//1961 1960//1960
f 1966//1966 1968//1968 1967//1967
f 1968//1968 1970//1970 1969//1969
f 1972//1972 1974//1974 1983//1983
f 1984//1984 1980//1980 1982//1982
f 1984//1984 1985//1985 1986//1986
f 1984//1984 1982//1982 1985//1985
f 1985//1985 1987//1987 1986//1986
f 1986//1986 1987//1987 1988//1988
f 1987//1987 1989//1989 1988//1988
f 1975//1975 1976//1976 1977//1977
f 1977//1977 1973//1973 1972//1972
f 1990//1990 1991//1991 1971//1971
f 1983//1983 1974//1974 1991//1991
f 1970//1970 1990//1990 1971//1971
f 1990//1990 1983//1983 1991//1991
f 1988//1988 1989//1989 1992//1992
f 1993//1993 1994//1994 1995//1995
f 1996//1996 1995//1995 1997//1997
f 1998//1998 1997//1997 1999//1999
f 2000//2000 1999//1999 2001//2001
f 2002//2002 2003//2003 1994//1994
f 2004//2004 2005//2005 2003//2003
f 2006//2006 2007//2007 2005//2005
f 2008//2008 2001//2001 2009//2009
f 2010//2010 2009//2009 2011//2011
f 2012//2012 2011//2011 2013//2013
f 1996//1996 1993//1993 1995//1995
f 1996//1996 1997//1997 1998//1998
f 1998//1998 1999//1999 2000//2000
f 2000//2000 2001//2001 2008//2008
f 2014//2014 2015//2015 2016//2016
f 2014//2014 2016//2016 2017//2017
f 2016//2016 2018//2018 2017//2017
f 1993//1993 2002//2002 1994//1994
f 2002//2002 2004//2004 2003//2003
f 2004//2004 2006//2006 2005//2005
f 2008//2008 2009//2009 2010//2010
f 2012//2012 2013//2013 2019//2019
f 2010//2010 2011//2011 2012//2012
f 2017//2017 2018//2018 2020//2020
f 2020//2020 2018//2018 2021//2021
f 2020//2020 2021//2021 2022//2022
f 2022//2022 2021//2021 2023//2023
f 2022//2022 2023//2023 2024//2024
f 2023//2023 2025//2025 2024//2024
f 2026//2026 2027//2027 2007//2007
f 2019//2019 2013//2013 2027//2027
f 2006//2006 2026//2026 2007//2007
f 2019//2019 2027//2027 2026//2026
f 2024//2024 2025//2025 2028//2028
f 2029//2029 2030//2030 2031//2031
f 2032//2032 2031//2031 2033//2033
f 2034//2034 2033//2033 2035//2035
f 2036//2036 2035//2035 2037//2037
f 2038//2038 2039//2039 2030//2030
f 2040//2040 2041//2041 2039//2039
f 2042//2042 2043//2043 2041//2041
f 2044//2044 2037//2037 2045//2045
f 2046//2046 2045//2045 2047//2047
f 2048//2048 2047//2047 2049//2049
f 2032//2032 2033//2033 2034//2034
f 2032//2032 2029//2029 2031//2031
f 2034//2034 2035//2035 2036//2036
f 2036//2036 2037//2037 2044//2044
f 2050//2050 2051//2051 2052//2052
f 2050//2050 2053//2053 2051//2051
f 2051//2051 2054//2054 2052//2052
f 2029//2029 2038//2038 2030//2030
f 2038//2038 2040//2040 2039//2039
f 2040//2040 2042//2042 2041//2041
f 2044//2044 2045//2045 2046//2046
f 2046//2046 2047//2047 2048//2048
f 2048//2048 2049//2049 2055//2055
f 2052//2052 2054//2054 2056//2056
f 2056//2056 2054//2054 2057//2057
f 2056//2056 2057//2057 2058//2058
f 2058//2058 2057//2057 2059//2059
f 2058//2058 2059//2059 2060//2060
f 2059//2059 2061//2061 2060//2060
f 2062//2062 2063//2063 2043//2043
f 2055//2055 2049//2049 2063//2063
f 2042//2042 2062//2062 2043//2043
f 2062//2062 2055//2055 2063//2063
f 2060//2060 2061//2061 2064//2064
f 2065//2065 2066//2066 2067//2067
f 2068//2068 2069//2069 2066//2066
f 2070//2070 2071//2071 2072//2072
f 2073//2073 2072//2072 2074//2074
f 2075//2075 2067//2067 2071//2071
f 2076//2076 2074//2074 2077//2077
f 2078//2078 2077//2077 2079//2079
f 2080//2080 2079//2079 2081//2081
f 2082//2082 2083//2083 2069//2069
f 2084//2084 2081//2081 2085//2085
f 2065//2065 2067//2067 2075//2075
f 2065//2065 2068//2068 2066//2066
f 2070//2070 2075//2075 2071//2071
f 2070//2070 2072//2072 2073//2073
f 2073//2073 2074//2074 2076//2076
f 2076//2076 2077//2077 2078//2078
f 2086//2086 2087//2087 2088//2088
f 2086//2086 2088//2088 2089//2089
f 2088//2088 2090//2090 2089//2089
f 2078//2078 2079//2079 2080//2080
f 2068//2068 2082//2082 2069//2069
f 2080//2080 2081//2081 2084//2084
f 2084//2084 2085//2085 2091//2091
f 2092//2092 2089//2089 2090//2090
f 2092//2092 2093//2093 2094//2094
f 2092//2092 2090//2090 2093//2093
f 2094//2094 2095//2095 2096//2096
f 2093//2093 2095//2095 2094//2094
f 2095//2095 2097//2097 2096//2096
f 2098//2098 2099//2099 2083//2083
f 2091//2091 2085//2085 2099//2099
f 2082//2082 2098//2098 2083//2083
f 2098//2098 2091//2091 2099//2099
f 2096//2096 2097//2097 2100//2100
f 2101//2101 2102//2102 2103//2103
f 2104//2104 2105//2105 2102//2102
f 2106//2106 2107//2107 2105//2105
f 2108//2108 2109//2109 2107//2107
f 2110//2110 2111//2111 2109//2109
f 2101//2101 2104//2104 2102//2102
f 2101//2101 2103//2103 2112//2112
f 2113//2113 2114//2114 2115//2115
f 2104//2104 2106//2106 2105//2105
f 2106//2106 2108//2108 2107//2107
f 2108//2108 2110//2110 2109//2109
f 2115//2115 2116//2116 2117//2117
f 2117//2117 2118//2118 2119//2119
f 2119//2119 2120//2120 2121//2121
f 2122//2122 2123//2123 2111//2111
f 2110//2110 2122//2122 2111//2111
f 2112//2112 2103//2103 2124//2124
f 2125//2125 2124//2124 2126//2126
f 2127//2127 2126//2126 2128//2128
f 2129//2129 2128//2128 2130//2130
f 2131//2131 2130//2130 2132//2132
f 2112//2112 2124//2124 2125//2125
f 2125//2125 2126//2126 2127//2127
f 2113//2113 2133//2133 2114//2114
f 2115//2115 2114//2114 2116//2116
f 2127//2127 2128//2128 2129//2129
f 2129//2129 2130//2130 2131//2131
f 2131//2131 2132//2132 2134//2134
f 2117//2117 2116//2116 2118//2118
f 2119//2119 2118//2118 2120//2120
f 2121//2121 2120//2120 2135//2135
f 2134//2134 2132//2132 2123//2123
f 2134//2134 2123//2123 2122//2122
f 2121//2121 2135//2135 2136//2136
f 2137//2137 2138//2138 2139//2139
f 2140//2140 2141//2141 2138//2138
f 2142//2142 2139//2139 2143//2143
f 2144//2144 2143//2143 2145//2145
f 2146//2146 2147//2147 2141//2141
f 2148//2148 2149//2149 2147//2147
f 2150//2150 2151//2151 2149//2149
f 2152//2152 2153//2153 2154//2154
f 2155//2155 2145//2145 2156//2156
f 2157//2157 2156//2156 2153//2153
f 2137//2137 2140//2140 2138//2138
f 2137//2137 2139//2139 2142//2142
f 2142//2142 2143//2143 2144//2144
f 2144//2144 2145//2145 2155//2155
f 2158//2158 2159//2159 2160//2160
f 2158//2158 2161//2161 2159//2159
f 2160//2160 2159//2159 2162//2162
f 2140//2140 2146//2146 2141//2141
f 2146//2146 2148//2148 2147//2147
f 2148//2148 2150//2150 2149//2149
f 2152//2152 2154//2154 2163//2163
f 2160//2160 2162//2162 2164//2164
f 2164//2164 2165//2165 2166//2166
f 2164//2164 2162//2162 2165//2165
f 2166//2166 2165//2165 2167//2167
f 2166//2166 2167//2167 2168//2168
f 2167//2167 2169//2169 2168//2168
f 2155//2155 2156//2156 2157//2157
f 2157//2157 2153//2153 2152//2152
f 2170//2170 2171//2171 2151//2151
f 2163//2163 2154//2154 2171//2171
f 2150//2150 2170//2170 2151//2151
f 2170//2170 2163//2163 2171//2171
f 2168//2168 2169//2169 2172//2172
f 2173//2173 2174//2174 2175//2175
f 2176//2176 2175//2175 2177//2177
f 2178//2178 2177//2177 2179//2179
f 2180//2180 2179//2179 2181//2181
f 2182//2182 2183//2183 2174//2174
f 2184//2184 2185//2185 2183//2183
f 2186//2186 2187//2187 2185//2185
f 2188//2188 2181//2181 2189//2189
f 2190//2190 2189//2189 2191//2191
f 2192//2192 2191//2191 2193//2193
f 2176//2176 2173//2173 2175//2175
f 2176//2176 2177//2177 2178//2178
f 2178//2178 2179//2179 2180//2180
f 2180//2180 2181//2181 2188//2188
f 2194//2194 2195//2195 2196//2196
f 2194//2194 2196//2196 2197//2197
f 2196//2196 2198//2198 2197//2197
f 2182//2182 2174//2174 2173//2173
f 2182//2182 2184//2184 2183//2183
f 2184//2184 2186//2186 2185//2185
f 2188//2188 2189//2189 2190//2190
f 2190//2190 2191//2191 2192//2192
f 2192//2192 2193//2193 2199//2199
f 2200//2200 2197//2197 2198//2198
f 2200//2200 2198//2198 2201//2201
f 2200//2200 2201//2201 2202//2202
f 2201//2201 2203//2203 2202//2202
f 2202//2202 2203//2203 2204//2204
f 2203//2203 2205//2205 2204//2204
f 2206//2206 2207//2207 2187//2187
f 2199//2199 2193//2193 2207//2207
f 2186//2186 2206//2206 2187//2187
f 2206//2206 2199//2199 2207//2207
f 2204//2204 2205//2205 2208//2208
f 2209//2209 2210//2210 2211//2211
f 2212//2212 2213//2213 2210//2210
f 2214//2214 2215//2215 2213//2213
f 2216//2216 2217//2217 2215//2215
f 2218//2218 2211//2211 2219//2219
f 2220//2220 2219//2219 2221//2221
f 2212//2212 2214//2214 2213//2213
f 2209//2209 2212//2212 2210//2210
f 2209//2209 2211//2211 2218//2218
f 2214//2214 2216//2216 2215//2215
f 2218//2218 2219//2219 2220//2220
f 2220//2220 2221//2221 2222//2222
f 2223//2223 2224//2224 2225//2225
f 2226//2226 2224//2224 2223//2223
f 2225//2225 2227//2227 2228//2228
f 2225//2225 2224//2224 2227//2227
f 2227//2227 2229//2229 2228//2228
f 2230//2230 2231//2231 2217//2217
f 2232//2232 2233//2233 2231//2231
f 2234//2234 2235//2235 2236//2236
f 2237//2237 2236//2236 2233//2233
f 2222//2222 2221//2221 2238//2238
f 2239//2239 2238//2238 2235//2235
f 2216//2216 2230//2230 2217//2217
f 2230//2230 2232//2232 2231//2231
f 2232//2232 2237//2237 2233//2233
f 2237//2237 2234//2234 2236//2236
f 2239//2239 2222//2222 2238//2238
f 2239//2239 2235//2235 2234//2234
f 2228//2228 2229//2229 2240//2240
f 2240//2240 2229//2229 2241//2241
f 2240//2240 2241//2241 2242//2242
f 2241//2241 2243//2243 2242//2242
f 2242//2242 2243//2243 2244//2244
f 2245//2245 2246//2246 2247//2247
f 2248//2248 2249//2249 2250//2250
f 2251//2251 2252//2252 2249//2249
f 2253//2253 2250//2250 2254//2254
f 2255//2255 2247//2247 2252//2252
f 2256//2256 2254//2254 2257//2257
f 2255//2255 2245//2245 2247//2247
f 2251//2251 2249//2249 2248//2248
f 2251//2251 2255//2255 2252//2252
f 2248//2248 2250//2250 2253//2253
f 2253//2253 2254//2254 2256//2256
f 2256//2256 2257//2257 2258//2258
f 2259//2259 2260//2260 2261//2261
f 2259//2259 2261//2261 2262//2262
f 2262//2262 2263//2263 2264//2264
f 2262//2262 2261//2261 2263//2263
f 2263//2263 2265//2265 2264//2264
f 2266//2266 2267//2267 2246//2246
f 2258//2258 2257//2257 2268//2268
f 2269//2269 2270//2270 2267//2267
f 2271//2271 2272//2272 2270//2270
f 2273//2273 2268//2268 2274//2274
f 2275//2275 2274//2274 2272//2272
f 2245//2245 2266//2266 2246//2246
f 2258//2258 2268//2268 2273//2273
f 2266//2266 2269//2269 2267//2267
f 2269//2269 2271//2271 2270//2270
f 2271//2271 2275//2275 2272//2272
f 2273//2273 2274//2274 2275//2275
f 2264//2264 2265//2265 2276//2276
f 2276//2276 2265//2265 2277//2277
f 2276//2276 2277//2277 2278//2278
f 2278//2278 2279//2279 2280//2280
f 2278//2278 2277//2277 2279//2279
f 2281//2281 2282//2282 2283//2283
f 2284//2284 2285//2285 2282//2282
f 2286//2286 2287//2287 2285//2285
f 2288//2288 2281//2281 2283//2283
f 2284//2284 2282//2282 2281//2281
f 2284//2284 2286//2286 2285//2285
f 2289//2289 2290//2290 2291//2291
f 2292//2292 2291//2291 2290//2290
f 2292//2292 2293//2293 2294//2294
f 2288//2288 2283//2283 2295//2295
f 2296//2296 2295//2295 2297//2297
f 2298//2298 2297//2297 2299//2299
f 2288//2288 2295//2295 2296//2296
f 2296//2296 2297//2297 2298//2298
f 2298//2298 2299//2299 2300//2300
f 2292//2292 2290//2290 2293//2293
f 2293//2293 2301//2301 2294//2294
f 2302//2302 2303//2303 2287//2287
f 2304//2304 2305//2305 2303//2303
f 2306//2306 2307//2307 2305//2305
f 2286//2286 2302//2302 2287//2287
f 2302//2302 2304//2304 2303//2303
f 2304//2304 2306//2306 2305//2305
f 2294//2294 2301//2301 2308//2308
f 2308//2308 2309//2309 2310//2310
f 2310//2310 2311//2311 2312//2312
f 2300//2300 2299//2299 2313//2313
f 2314//2314 2315//2315 2307//2307
f 2316//2316 2313//2313 2315//2315
f 2300//2300 2313//2313 2316//2316
f 2316//2316 2315//2315 2314//2314
f 2306//2306 2314//2314 2307//2307
f 2308//2308 2301//2301 2309//2309
f 2310//2310 2309//2309 2311//2311
f 2317//2317 2318//2318 2319//2319
f 2320//2320 2319//2319 2321//2321
f 2322//2322 2321//2321 2323//2323
f 2324//2324 2325//2325 2318//2318
f 2326//2326 2327//2327 2325//2325
f 2328//2328 2323//2323 2329//2329
f 2317//2317 2324//2324 2318//2318
f 2320//2320 2317//2317 2319//2319
f 2320//2320 2321//2321 2322//2322
f 2324//2324 2326//2326 2325//2325
f 2322//2322 2323//2323 2328//2328
f 2330//2330 2331//2331 2332//2332
f 2333//2333 2331//2331 2330//2330
f 2332//2332 2334//2334 2335//2335
f 2332//2332 2331//2331 2334//2334
f 2334//2334 2336//2336 2335//2335
f 2328//2328 2329//2329 2337//2337
f 2338//2338 2339//2339 2327//2327
f 2340//2340 2341//2341 2339//2339
f 2342//2342 2343//2343 2344//2344
f 2345//2345 2344//2344 2346//2346
f 2347//2347 2346//2346 2341//2341
f 2337//2337 2329//2329 2343//2343
f 2326//2326 2338//2338 2327//2327
f 2338//2338 2340//2340 2339//2339
f 2340//2340 2347//2347 2341//2341
f 2342//2342 2344//2344 2345//2345
f 2347//2347 2345//2345 2346//2346
f 2335//2335 2336//2336 2348//2348
f 2336//2336 2349//2349 2348//2348
f 2348//2348 2349//2349 2350//2350
f 2349//2349 2351//2351 2350//2350
f 2350//2350 2351//2351 2352//2352
f 2337//2337 2343//2343 2342//2342
f 2353//2353 2354//2354 2355//2355
f 2356//2356 2357//2357 2354//2354
f 2358//2358 2359//2359 2360//2360
f 2361//2361 2355//2355 2359//2359
f 2362//2362 2360//2360 2363//2363
f 2364//2364 2363//2363 2365//2365
f 2361//2361 2353//2353 2355//2355
f 2353//2353 2356//2356 2354//2354
f 2361//2361 2359//2359 2358//2358
f 2358//2358 2360//2360 2362//2362
f 2362//2362 2363//2363 2364//2364
f 2364//2364 2365//2365 2366//2366
f 2367//2367 2368//2368 2369//2369
f 2367//2367 2369//2369 2370//2370
f 2370//2370 2371//2371 2372//2372
f 2370//2370 2369//2369 2371//2371
f 2371//2371 2373//2373 2372//2372
f 2374//2374 2375//2375 2357//2357
f 2376//2376 2377//2377 2375//2375
f 2366//2366 2365//2365 2378//2378
f 2379//2379 2380//2380 2381//2381
f 2382//2382 2381//2381 2377//2377
f 2383//2383 2378//2378 2380//2380
f 2356//2356 2374//2374 2357//2357
f 2374//2374 2376//2376 2375//2375
f 2366//2366 2378//2378 2383//2383
f 2376//2376 2382//2382 2377//2377
f 2383//2383 2380//2380 2379//2379
f 2382//2382 2379//2379 2381//2381
f 2372//2372 2373//2373 2384//2384
f 2384//2384 2373//2373 2385//2385
f 2384//2384 2385//2385 2386//2386
f 2386//2386 2387//2387 2388//2388
f 2385//2385 2387//2387 2386//2386
f 2389//2389 2390//2390 2391//2391
f 2392//2392 2393//2393 2390//2390
f 2394//2394 2395//2395 2393//2393
f 2396//2396 2397//2397 2395//2395
f 2398//2398 2391//2391 2399//2399
f 2400//2400 2399//2399 2401//2401
f 2389//2389 2392//2392 2390//2390
f 2394//2394 2393//2393 2392//2392
f 2389//2389 2391//2391 2398//2398
f 2394//2394 2396//2396 2395//2395
f 2398//2398 2399//2399 2400//2400
f 2400//2400 2401//2401 2402//2402
f 2403//2403 2404//2404 2405//2405
f 2406//2406 2405//2405 2404//2404
f 2403//2403 2407//2407 2408//2408
f 2403//2403 2405//2405 2407//2407
f 2407//2407 2409//2409 2408//2408
f 2410//2410 2411//2411 2397//2397
f 2412//2412 2413//2413 2411//2411
f 2414//2414 2415//2415 2416//2416
f 2417//2417 2416//2416 2413//2413
f 2402//2402 2401//2401 2418//2418
f 2419//2419 2418//2418 2415//2415
f 2396//2396 2410//2410 2397//2397
f 2410//2410 2412//2412 2411//2411
f 2412//2412 2417//2417 2413//2413
f 2417//2417 2414//2414 2416//2416
f 2402//2402 2418//2418 2419//2419
f 2419//2419 2415//2415 2414//2414
f 2408//2408 2409//2409 2420//2420
f 2420//2420 2409//2409 2421//2421
f 2420//2420 2421//2421 2422//2422
f 2421//2421 2423//2423 2422//2422
f 2422//2422 2423//2423 2424//2424
f 2425//2425 2426//2426 2427//2427
f 2428//2428 2429//2429 2430//2430
f 2431//2431 2432//2432 2429//2429
f 2433//2433 2430//2430 2434//2434
f 2435//2435 2427//2427 2432//2432
f 2436//2436 2434//2434 2437//2437
f 2435//2435 2425//2425 2427//2427
f 2428//2428 2431//2431 2429//2429
f 2431//2431 2435//2435 2432//2432
f 2428//2428 2430//2430 2433//2433
f 2433//2433 2434//2434 2436//2436
f 2436//2436 2437//2437 2438//2438
f 2439//2439 2440//2440 2441//2441
f 2441//2441 2440//2440 2442//2442
f 2442//2442 2443//2443 2444//2444
f 2442//2442 2440//2440 2443//2443
f 2443//2443 2445//2445 2444//2444
f 2446//2446 2447//2447 2426//2426
f 2438//2438 2437//2437 2448//2448
f 2449//2449 2450//2450 2447//2447
f 2451//2451 2452//2452 2450//2450
f 2453//2453 2454//2454 2452//2452
f 2455//2455 2448//2448 2454//2454
f 2425//2425 2446//2446 2426//2426
f 2438//2438 2448//2448 2455//2455
f 2446//2446 2449//2449 2447//2447
f 2449//2449 2451//2451 2450//2450
f 2451//2451 2453//2453 2452//2452
f 2455//2455 2454//2454 2453//2453
f 2444//2444 2445//2445 2456//2456
f 2445//2445 2457//2457 2456//2456
f 2456//2456 2457//2457 2458//2458
f 2458//2458 2459//2459 2460//2460
f 2457//2457 2459//2459 2458//2458
f 2461//2461 2462//2462 2463//2463
f 2464//2464 2465//2465 2462//2462
f 2466//2466 2467//2467 2465//2465
f 2461//2461 2463//2463 2468//2468
f 2461//2461 2464//2464 2462//2462
f 2464//2464 2466//2466 2465//2465
f 2469//2469 2470//2470 2471//2471
f 2471//2471 2472//2472 2473//2473
f 2468//2468 2463//2463 2474//2474
f 2475//2475 2474//2474 2476//2476
f 2477//2477 2476//2476 2478//2478
f 2468//2468 2474//2474 2475//2475
f 2475//2475 2476//2476 2477//2477
f 2477//2477 2478//2478 2479//2479
f 2469//2469 2480//2480 2470//2470
f 2471//2471 2470//2470 2472//2472
f 2472//2472 2481//2481 2473//2473
f 2482//2482 2483//2483 2467//2467
f 2484//2484 2485//2485 2483//2483
f 2486//2486 2487//2487 2485//2485
f 2466//2466 2482//2482 2467//2467
f 2482//2482 2484//2484 2483//2483
f 2484//2484 2486//2486 2485//2485
f 2473//2473 2481//2481 2488//2488
f 2488//2488 2489//2489 2490//2490
f 2479//2479 2478//2478 2491//2491
f 2492//2492 2493//2493 2487//2487
f 2494//2494 2491//2491 2493//2493
f 2479//2479 2491//2491 2494//2494
f 2494//2494 2493//2493 2492//2492
f 2486//2486 2492//2492 2487//2487
f 2488//2488 2481//2481 2489//2489
f 2490//2490 2489//2489 2495//2495
f 2490//2490 2495//2495 2496//2496
f 2497//2497 2498//2498 2499//2499
f 2500//2500 2499//2499 2501//2501
f 2502//2502 2501//2501 2503//2503
f 2504//2504 2505//2505 2498//2498
f 2506//2506 2507//2507 2505//2505
f 2508//2508 2503//2503 2509//2509
f 2504//2504 2498//2498 2497//2497
f 2500//2500 2497//2497 2499//2499
f 2500//2500 2501//2501 2502//2502
f 2504//2504 2506//2506 2505//2505
f 2502//2502 2503//2503 2508//2508
f 2510//2510 2511//2511 2512//2512
f 2513//2513 2512//2512 2511//2511
f 2510//2510 2514//2514 2515//2515
f 2510//2510 2512//2512 2514//2514
f 2514//2514 2516//2516 2515//2515
f 2508//2508 2509//2509 2517//2517
f 2518//2518 2519//2519 2507//2507
f 2520//2520 2521//2521 2519//2519
f 2522//2522 2523//2523 2524//2524
f 2525//2525 2524//2524 2526//2526
f 2527//2527 2526//2526 2521//2521
f 2517//2517 2509//2509 2523//2523
f 2506//2506 2518//2518 2507//2507
f 2518//2518 2520//2520 2519//2519
f 2520//2520 2527//2527 2521//2521
f 2522//2522 2524//2524 2525//2525
f 2527//2527 2525//2525 2526//2526
f 2515//2515 2516//2516 2528//2528
f 2528//2528 2516//2516 2529//2529
f 2528//2528 2529//2529 2530//2530
f 2530//2530 2529//2529 2531//2531
f 2530//2530 2531//2531 2532//2532
f 2517//2517 2523//2523 2522//2522
f 2533//2533 2534//2534 2535//2535
f 2536//2536 2537//2537 2534//2534
f 2538//2538 2539//2539 2540//2540
f 2541//2541 2535//2535 2539//2539
f 2542//2542 2540//2540 2543//2543
f 2544//2544 2543//2543 2545//2545
f 2541//2541 2533//2533 2535//2535
f 2533//2533 2536//2536 2534//2534
f 2538//2538 2541//2541 2539//2539
f 2538//2538 2540//2540 2542//2542
f 2542//2542 2543//2543 2544//2544
f 2544//2544 2545//2545 2546//2546
f 2547//2547 2548//2548 2549//2549
f 2549//2549 2548//2548 2550//2550
f 2550//2550 2551//2551 2552//2552
f 2550//2550 2548//2548 2551//2551
f 2551//2551 2553//2553 2552//2552
f 2554//2554 2555//2555 2537//2537
f 2556//2556 2557//2557 2555//2555
f 2546//2546 2545//2545 2558//2558
f 2559//2559 2560//2560 2561//2561
f 2562//2562 2561//2561 2557//2557
f 2563//2563 2558//2558 2560//2560
f 2536//2536 2554//2554 2537//2537
f 2554//2554 2556//2556 2555//2555
f 2546//2546 2558//2558 2563//2563
f 2556//2556 2562//2562 2557//2557
f 2562//2562 2559//2559 2561//2561
f 2563//2563 2560//2560 2559//2559
f 2552//2552 2553//2553 2564//2564
f 2553//2553 2565//2565 2564//2564
f 2564//2564 2565//2565 2566//2566
f 2566//2566 2567//2567 2568//2568
f 2565//2565 2567//2567 2566//2566
f 2569//2569 2570//2570 2571//2571
f 2572//2572 2571//2571 2573//2573
f 2572//2572 2569//2569 2571//2571
f 2572//2572 2573//2573 2574//2574
f 2575//2575 2576//2576 2577//2577
f 2578//2578 2579//2579 2570//2570
f 2580//2580 2581//2581 2579//2579
f 2582//2582 2583//2583 2581//2581
f 2574//2574 2573//2573 2584//2584
f 2585//2585 2584//2584 2586//2586
f 2587//2587 2586//2586 2588//2588
f 2589//2589 2590//2590 2583//2583
f 2591//2591 2592//2592 2590//2590
f 2593//2593 2594//2594 2592//2592
f 2595//2595 2588//2588 2594//2594
f 2569//2569 2578//2578 2570//2570
f 2578//2578 2580//2580 2579//2579
f 2580//2580 2582//2582 2581//2581
f 2574//2574 2584//2584 2585//2585
f 2585//2585 2586//2586 2587//2587
f 2595//2595 2587//2587 2588//2588
f 2577//2577 2576//2576 2596//2596
f 2576//2576 2597//2597 2596//2596
f 2596//2596 2597//2597 2598//2598
f 2597//2597 2599//2599 2598//2598
f 2598//2598 2599//2599 2600//2600
f 2600//2600 2599//2599 2601//2601
f 2582//2582 2589//2589 2583//2583
f 2589//2589 2591//2591 2590//2590
f 2591//2591 2593//2593 2592//2592
f 2595//2595 2594//2594 2593//2593
f 2600//2600 2601//2601 2602//2602
f 2602//2602 2601//2601 2603//2603
f 2602//2602 2603//2603 2604//2604
f 2605//2605 2606//2606 2607//2607
f 2608//2608 2607//2607 2609//2609
f 2605//2605 2607//2607 2608//2608
f 2608//2608 2609//2609 2610//2610
f 2611//2611 2612//2612 2613//2613
f 2614//2614 2615//2615 2616//2616
f 2617//2617 2618//2618 2615//2615
f 2619//2619 2616//2616 2606//2606
f 2610//2610 2609//2609 2620//2620
f 2621//2621 2620//2620 2622//2622
f 2623//2623 2622//2622 2624//2624
f 2625//2625 2626//2626 2618//2618
f 2627//2627 2628//2628 2626//2626
f 2629//2629 2624//2624 2630//2630
f 2631//2631 2630//2630 2628//2628
f 2619//2619 2614//2614 2616//2616
f 2614//2614 2617//2617 2615//2615
f 2605//2605 2619//2619 2606//2606
f 2610//2610 2620//2620 2621//2621
f 2621//2621 2622//2622 2623//2623
f 2623//2623 2624//2624 2629//2629
f 2611//2611 2613//2613 2632//2632
f 2632//2632 2613//2613 2633//2633
f 2632//2632 2633//2633 2634//2634
f 2634//2634 2635//2635 2636//2636
f 2634//2634 2633//2633 2635//2635
f 2636//2636 2635//2635 2637//2637
f 2617//2617 2625//2625 2618//2618
f 2625//2625 2627//2627 2626//2626
f 2627//2627 2631//2631 2628//2628
f 2631//2631 2629//2629 2630//2630
f 2636//2636 2637//2637 2638//2638
f 2638//2638 2639//2639 2640//2640
f 2638//2638 2637//2637 2639//2639
f 2641//2641 2642//2642 2643//2643
f 2641//2641 2643//2643 2644//2644
f 2645//2645 2646//2646 2647//2647
f 2648//2648 2649//2649 2642//2642
f 2650//2650 2651//2651 2649//2649
f 2652//2652 2653//2653 2651//2651
f 2654//2654 2655//2655 2653//2653
f 2656//2656 2657//2657 2655//2655
f 2641//2641 2648//2648 2642//2642
f 2648//2648 2650//2650 2649//2649
f 2650//2650 2652//2652 2651//2651
f 2645//2645 2647//2647 2658//2658
f 2658//2658 2659//2659 2660//2660
f 2660//2660 2661//2661 2662//2662
f 2652//2652 2654//2654 2653//2653
f 2654//2654 2656//2656 2655//2655
f 2662//2662 2663//2663 2664//2664
f 2664//2664 2665//2665 2666//2666
f 2644//2644 2643//2643 2667//2667
f 2644//2644 2667//2667 2668//2668
f 2668//2668 2667//2667 2669//2669
f 2670//2670 2669//2669 2671//2671
f 2672//2672 2671//2671 2673//2673
f 2674//2674 2673//2673 2675//2675
f 2676//2676 2675//2675 2657//2657
f 2668//2668 2669//2669 2670//2670
f 2670//2670 2671//2671 2672//2672
f 2672//2672 2673//2673 2674//2674
f 2658//2658 2647//2647 2659//2659
f 2660//2660 2659//2659 2661//2661
f 2662//2662 2661//2661 2663//2663
f 2656//2656 2676//2676 2657//2657
f 2674//2674 2675//2675 2676//2676
f 2664//2664 2663//2663 2665//2665
f 2677//2677 2678//2678 2679//2679
f 2680//2680 2679//2679 2681//2681
f 2677//2677 2679//2679 2680//2680
f 2680//2680 2681//2681 2682//2682
f 2683//2683 2684//2684 2685//2685
f 2686//2686 2687//2687 2678//2678
f 2682//2682 2681//2681 2688//2688
f 2689//2689 2690//2690 2687//2687
f 2691//2691 2692//2692 2690//2690
f 2693//2693 2694//2694 2692//2692
f 2695//2695 2696//2696 2697//2697
f 2698//2698 2699//2699 2694//2694
f 2700//2700 2697//2697 2699//2699
f 2701//2701 2688//2688 2702//2702
f 2703//2703 2702//2702 2696//2696
f 2677//2677 2686//2686 2678//2678
f 2686//2686 2689//2689 2687//2687
f 2682//2682 2688//2688 2701//2701
f 2689//2689 2691//2691 2690//2690
f 2683//2683 2685//2685 2704//2704
f 2704//2704 2705//2705 2706//2706
f 2685//2685 2705//2705 2704//2704
f 2706//2706 2707//2707 2708//2708
f 2705//2705 2707//2707 2706//2706
f 2707//2707 2709//2709 2708//2708
f 2691//2691 2693//2693 2692//2692
f 2693//2693 2698//2698 2694//2694
f 2698//2698 2700//2700 2699//2699
f 2695//2695 2697//2697 2700//2700
f 2708//2708 2709//2709 2710//2710
f 2710//2710 2709//2709 2711//2711
f 2710//2710 2711//2711 2712//2712
f 2701//2701 2702//2702 2703//2703
f 2703//2703 2696//2696 2695//2695
f 2713//2713 2714//2714 2715//2715
f 2716//2716 2715//2715 2717//2717
f 2713//2713 2715//2715 2716//2716
f 2716//2716 2717//2717 2718//2718
f 2719//2719 2720//2720 2721//2721
f 2722//2722 2723//2723 2714//2714
f 2724//2724 2725//2725 2723//2723
f 2726//2726 2727//2727 2725//2725
f 2718//2718 2717//2717 2728//2728
f 2729//2729 2728//2728 2730//2730
f 2731//2731 2730//2730 2732//2732
f 2733//2733 2734//2734 2727//2727
f 2735//2735 2736//2736 2734//2734
f 2737//2737 2738//2738 2736//2736
f 2739//2739 2732//2732 2738//2738
f 2713//2713 2722//2722 2714//2714
f 2722//2722 2724//2724 2723//2723
f 2724//2724 2726//2726 2725//2725
f 2718//2718 2728//2728 2729//2729
f 2729//2729 2730//2730 2731//2731
f 2731//2731 2732//2732 2739//2739
f 2719//2719 2721//2721 2740//2740
f 2740//2740 2721//2721 2741//2741
f 2740//2740 2741//2741 2742//2742
f 2741//2741 2743//2743 2742//2742
f 2742//2742 2743//2743 2744//2744
f 2744//2744 2743//2743 2745//2745
f 2726//2726 2733//2733 2727//2727
f 2733//2733 2735//2735 2734//2734
f 2737//2737 2739//2739 2738//2738
f 2735//2735 2737//2737 2736//2736
f 2744//2744 2745//2745 2746//2746
f 2746//2746 2747//2747 2748//2748
f 2746//2746 2745//2745 2747//2747
f 2749//2749 2750//2750 2751//2751
f 2752//2752 2751//2751 2753//2753
f 2749//2749 2751//2751 2752//2752
f 2752//2752 2753//2753 2754//2754
f 2755//2755 2756//2756 2757//2757
f 2758//2758 2759//2759 2750//2750
f 2760//2760 2761//2761 2759//2759
f 2762//2762 2763//2763 2761//2761
f 2754//2754 2753//2753 2764//2764
f 2765//2765 2764//2764 2766//2766
f 2767//2767 2766//2766 2768//2768
f 2769//2769 2770//2770 2763//2763
f 2771//2771 2772//2772 2770//2770
f 2773//2773 2774//2774 2772//2772
f 2775//2775 2768//2768 2774//2774
f 2758//2758 2760//2760 2759//2759
f 2749//2749 2758//2758 2750//2750
f 2760//2760 2762//2762 2761//2761
f 2754//2754 2764//2764 2765//2765
f 2765//2765 2766//2766 2767//2767
f 2767//2767 2768//2768 2775//2775
f 2755//2755 2757//2757 2776//2776
f 2776//2776 2757//2757 2777//2777
f 2776//2776 2777//2777 2778//2778
f 2777//2777 2779//2779 2778//2778
f 2778//2778 2779//2779 2780//2780
f 2780//2780 2779//2779 2781//2781
f 2762//2762 2769//2769 2763//2763
f 2769//2769 2771//2771 2770//2770
f 2771//2771 2773//2773 2772//2772
f 2775//2775 2774//2774 2773//2773
f 2780//2780 2781//2781 2782//2782
f 2782//2782 2781//2781 2783//2783
f 2782//2782 2783//2783 2784//2784
f 2785//2785 2786//2786 2787//2787
f 2788//2788 2787//2787 2789//2789
f 2785//2785 2787//2787 2788//2788
f 2788//2788 2789//2789 2790//2790
f 2791//2791 2792//2792 2793//2793
f 2794//2794 2795//2795 2796//2796
f 2797//2797 2798//2798 2795//2795
f 2799//2799 2796//2796 2786//2786
f 2790//2790 2789//2789 2800//2800
f 2801//2801 2800//2800 2802//2802
f 2803//2803 2802//2802 2804//2804
f 2805//2805 2806//2806 2798//2798
f 2807//2807 2808//2808 2806//2806
f 2809//2809 2804//2804 2810//2810
f 2811//2811 2810//2810 2808//2808
f 2794//2794 2796//2796 2799//2799
f 2794//2794 2797//2797 2795//2795
f 2785//2785 2799//2799 2786//2786
f 2790//2790 2800//2800 2801//2801
f 2801//2801 2802//2802 2803//2803
f 2803//2803 2804//2804 2809//2809
f 2791//2791 2793//2793 2812//2812
f 2793//2793 2813//2813 2812//2812
f 2814//2814 2812//2812 2813//2813
f 2814//2814 2815//2815 2816//2816
f 2814//2814 2813//2813 2815//2815
f 2815//2815 2817//2817 2816//2816
f 2797//2797 2805//2805 2798//2798
f 2805//2805 2807//2807 2806//2806
f 2807//2807 2811//2811 2808//2808
f 2809//2809 2810//2810 2811//2811
f 2816//2816 2817//2817 2818//2818
f 2818//2818 2819//2819 2820//2820
f 2818//2818 2817//2817 2819//2819
f 2821//2821 2822//2822 2823//2823
f 2821//2821 2823//2823 2824//2824
f 2825//2825 2826//2826 2822//2822
f 2827//2827 2828//2828 2826//2826
f 2829//2829 2830//2830 2828//2828
f 2831//2831 2832//2832 2830//2830
f 2833//2833 2834//2834 2832//2832
f 2821//2821 2825//2825 2822//2822
f 2825//2825 2827//2827 2826//2826
f 2827//2827 2829//2829 2828//2828
f 2835//2835 2836//2836 2837//2837
f 2837//2837 2838//2838 2839//2839
f 2839//2839 2840//2840 2841//2841
f 2829//2829 2831//2831 2830//2830
f 2831//2831 2833//2833 2832//2832
f 2841//2841 2842//2842 2843//2843
f 2824//2824 2823//2823 2844//2844
f 2824//2824 2844//2844 2845//2845
f 2835//2835 2846//2846 2836//2836
f 2845//2845 2844//2844 2847//2847
f 2848//2848 2847//2847 2849//2849
f 2850//2850 2849//2849 2851//2851
f 2852//2852 2851//2851 2853//2853
f 2854//2854 2853//2853 2834//2834
f 2845//2845 2847//2847 2848//2848
f 2848//2848 2849//2849 2850//2850
f 2850//2850 2851//2851 2852//2852
f 2837//2837 2836//2836 2838//2838
f 2839//2839 2838//2838 2840//2840
f 2841//2841 2840//2840 2842//2842
f 2833//2833 2854//2854 2834//2834
f 2854//2854 2852//2852 2853//2853
f 2843//2843 2842//2842 2855//2855
f 2843//2843 2855//2855 2856//2856
f 2857//2857 2858//2858 2859//2859
f 2860//2860 2859//2859 2861//2861
f 2857//2857 2859//2859 2860//2860
f 2860//2860 2861//2861 2862//2862
f 2863//2863 2864//2864 2865//2865
f 2866//2866 2867//2867 2858//2858
f 2862//2862 2861//2861 2868//2868
f 2869//2869 2870//2870 2867//2867
f 2871//2871 2872//2872 2870//2870
f 2873//2873 2874//2874 2872//2872
f 2875//2875 2876//2876 2877//2877
f 2878//2878 2879//2879 2874//2874
f 2880//2880 2877//2877 2879//2879
f 2881//2881 2868//2868 2882//2882
f 2883//2883 2882//2882 2876//2876
f 2857//2857 2866//2866 2858//2858
f 2866//2866 2869//2869 2867//2867
f 2862//2862 2868//2868 2881//2881
f 2869//2869 2871//2871 2870//2870
f 2863//2863 2865//2865 2884//2884
f 2884//2884 2885//2885 2886//2886
f 2884//2884 2865//2865 2885//2885
f 2886//2886 2887//2887 2888//2888
f 2886//2886 2885//2885 2887//2887
f 2888//2888 2887//2887 2889//2889
f 2871//2871 2873//2873 2872//2872
f 2873//2873 2878//2878 2874//2874
f 2878//2878 2880//2880 2879//2879
f 2875//2875 2877//2877 2880//2880
f 2888//2888 2889//2889 2890//2890
f 2890//2890 2889//2889 2891//2891
f 2890//2890 2891//2891 2892//2892
f 2881//2881 2882//2882 2883//2883
f 2883//2883 2876//2876 2875//2875
f 2893//2893 2894//2894 2895//2895
f 2896//2896 2895//2895 2897//2897
f 2893//2893 2895//2895 2896//2896
f 2896//2896 2897//2897 2898//2898
f 2899//2899 2900//2900 2901//2901
f 2902//2902 2903//2903 2894//2894
f 2904//2904 2905//2905 2903//2903
f 2906//2906 2907//2907 2905//2905
f 2898//2898 2897//2897 2908//2908
f 2909//2909 2908//2908 2910//2910
f 2911//2911 2910//2910 2912//2912
f 2913//2913 2914//2914 2907//2907
f 2915//2915 2916//2916 2914//2914
f 2917//2917 2918//2918 2916//2916
f 2919//2919 2912//2912 2918//2918
f 2893//2893 2902//2902 2894//2894
f 2902//2902 2904//2904 2903//2903
f 2904//2904 2906//2906 2905//2905
f 2898//2898 2908//2908 2909//2909
f 2909//2909 2910//2910 2911//2911
f 2911//2911 2912//2912 2919//2919
f 2899//2899 2901//2901 2920//2920
f 2901//2901 2921//2921 2920//2920
f 2920//2920 2921//2921 2922//2922
f 2921//2921 2923//2923 2922//2922
f 2922//2922 2923//2923 2924//2924
f 2923//2923 2925//2925 2924//2924
f 2906//2906 2913//2913 2907//2907
f 2913//2913 2915//2915 2914//2914
f 2915//2915 2917//2917 2916//2916
f 2919//2919 2918//2918 2917//2917
f 2924//2924 2925//2925 2926//2926
f 2926//2926 2927//2927 2928//2928
f 2926//2926 2925//2925 2927//2927
