v -0.49000 -0.04900 -0.99000
v -0.49566 -0.04666 -0.99000
v -0.49000 -0.04666 -0.99566
v -0.49566 -0.04100 -0.99566
v -0.49800 -0.04100 -0.99000
v -0.49000 -0.04100 -0.99800
v -0.49566 0.04100 -0.99566
v -0.49566 -0.04666 0.99000
v -0.49800 0.04100 -0.99000
v -0.49000 0.04100 -0.99800
v -0.49800 0.04100 0.99000
v 0.49000 -0.04900 -0.99000
v 0.49000 -0.04100 -0.99800
v 0.49000 0.04100 -0.99800
v -0.49000 -0.04900 0.99000
v -0.49800 -0.04100 0.99000
v -0.49000 -0.04666 0.99566
v -0.49566 -0.04100 0.99566
v -0.49000 -0.04100 0.99800
v -0.49566 0.04100 0.99566
v -0.49000 0.04100 0.99800
v 0.49000 -0.04900 0.99000
v 0.49000 -0.04666 0.99566
v 0.49000 -0.04100 0.99800
v -0.49566 0.04666 -0.99000
v -0.49000 0.04666 -0.99566
v -0.49000 0.04900 -0.99000
v -0.43995 0.04900 -0.91250
v -0.41250 0.04900 -0.93995
v -0.45000 0.04900 -0.87500
v -0.45000 0.04900 -0.62500
v -0.43995 0.04900 -0.83750
v -0.37500 0.04900 -0.95000
v -0.43995 0.04900 -0.66250
v -0.41250 0.04900 -0.81005
v -0.37500 0.04900 -0.70000
v -0.37500 0.04900 -0.80000
v -0.45000 0.04900 -0.37500
v -0.43995 0.04900 -0.58750
v -0.41250 0.04900 -0.68995
v -0.43995 0.04900 -0.41250
v -0.41250 0.04900 -0.56005
v -0.41250 0.04900 -0.43995
v -0.37500 0.04900 -0.55000
v -0.12500 0.04900 -0.95000
v -0.33750 0.04900 -0.81005
v -0.33750 0.04900 -0.93995
v -0.16250 0.04900 -0.93995
v -0.31005 0.04900 -0.91250
v -0.30000 0.04900 -0.87500
v -0.20000 0.04900 -0.87500
v -0.31005 0.04900 -0.83750
v -0.18995 0.04900 -0.66250
v -0.33750 0.04900 -0.68995
v -0.31005 0.04900 -0.66250
v -0.33750 0.04900 -0.43995
v -0.33750 0.04900 -0.56005
v -0.31005 0.04900 -0.58750
v -0.30000 0.04900 -0.62500
v -0.20000 0.04900 -0.62500
v -0.49000 0.04900 0.99000
v -0.45000 0.04900 -0.12500
v -0.43995 0.04900 -0.33750
v -0.37500 0.04900 -0.45000
v -0.43995 0.04900 -0.16250
v -0.41250 0.04900 -0.31005
v -0.41250 0.04900 -0.18995
v -0.37500 0.04900 -0.30000
v -0.43995 0.04900 0.08750
v -0.43995 0.04900 -0.08750
v -0.37500 0.04900 -0.20000
v -0.41250 0.04900 -0.06005
v -0.41250 0.04900 0.06005
v -0.37500 0.04900 -0.05000
v -0.31005 0.04900 -0.41250
v -0.33750 0.04900 -0.31005
v -0.33750 0.04900 -0.18995
v -0.31005 0.04900 -0.33750
v -0.18995 0.04900 -0.41250
v -0.30000 0.04900 -0.37500
v -0.20000 0.04900 -0.37500
v -0.31005 0.04900 -0.16250
v -0.33750 0.04900 0.06005
v -0.33750 0.04900 -0.06005
v -0.31005 0.04900 -0.08750
v -0.18995 0.04900 -0.16250
v -0.30000 0.04900 -0.12500
v -0.20000 0.04900 -0.12500
v -0.18995 0.04900 -0.91250
v -0.18995 0.04900 -0.83750
v -0.16250 0.04900 -0.81005
v -0.16250 0.04900 -0.68995
v 0.08750 0.04900 -0.93995
v 0.49000 0.04900 -0.99000
v -0.12500 0.04900 -0.70000
v -0.12500 0.04900 -0.80000
v -0.18995 0.04900 -0.58750
v -0.16250 0.04900 -0.56005
v -0.16250 0.04900 -0.43995
v -0.12500 0.04900 -0.55000
v 0.12500 0.04900 -0.95000
v -0.08750 0.04900 -0.81005
v -0.08750 0.04900 -0.93995
v -0.06005 0.04900 -0.91250
v 0.06005 0.04900 -0.91250
v -0.05000 0.04900 -0.87500
v -0.06005 0.04900 -0.83750
v 0.06005 0.04900 -0.83750
v 0.08750 0.04900 -0.68995
v -0.08750 0.04900 -0.68995
v -0.06005 0.04900 -0.66250
v -0.08750 0.04900 -0.43995
v -0.08750 0.04900 -0.56005
v -0.06005 0.04900 -0.58750
v 0.06005 0.04900 -0.66250
v -0.05000 0.04900 -0.62500
v 0.06005 0.04900 -0.58750
v -0.18995 0.04900 -0.33750
v -0.16250 0.04900 -0.31005
v -0.16250 0.04900 -0.18995
v -0.12500 0.04900 -0.45000
v -0.12500 0.04900 -0.30000
v -0.18995 0.04900 -0.08750
v -0.16250 0.04900 -0.06005
v -0.16250 0.04900 0.06005
v -0.12500 0.04900 -0.20000
v -0.12500 0.04900 -0.05000
v -0.06005 0.04900 -0.41250
v -0.08750 0.04900 -0.31005
v 0.06005 0.04900 -0.41250
v -0.05000 0.04900 -0.37500
v -0.08750 0.04900 -0.18995
v 0.06005 0.04900 -0.33750
v -0.06005 0.04900 -0.33750
v -0.08750 0.04900 0.06005
v -0.08750 0.04900 -0.06005
v -0.06005 0.04900 -0.16250
v 0.08750 0.04900 -0.31005
v -0.05000 0.04900 -0.12500
v 0.06005 0.04900 -0.16250
v 0.05000 0.04900 -0.12500
v -0.06005 0.04900 -0.08750
v -0.45000 0.04900 0.12500
v -0.45000 0.04900 0.37500
v -0.43995 0.04900 0.16250
v -0.37500 0.04900 0.05000
v -0.43995 0.04900 0.33750
v -0.41250 0.04900 0.18995
v -0.41250 0.04900 0.31005
v -0.37500 0.04900 0.20000
v -0.49566 0.04666 0.99000
v -0.45000 0.04900 0.62500
v -0.43995 0.04900 0.41250
v -0.37500 0.04900 0.30000
v -0.43995 0.04900 0.58750
v -0.41250 0.04900 0.43995
v -0.41250 0.04900 0.56005
v -0.37500 0.04900 0.45000
v -0.31005 0.04900 0.08750
v -0.33750 0.04900 0.18995
v -0.33750 0.04900 0.31005
v -0.31005 0.04900 0.16250
v -0.18995 0.04900 0.08750
v -0.30000 0.04900 0.12500
v -0.20000 0.04900 0.12500
v -0.31005 0.04900 0.33750
v -0.37500 0.04900 0.55000
v -0.33750 0.04900 0.43995
v -0.18995 0.04900 0.33750
v -0.30000 0.04900 0.37500
v -0.20000 0.04900 0.37500
v -0.31005 0.04900 0.41250
v -0.33750 0.04900 0.56005
v -0.49000 0.04666 0.99566
v -0.45000 0.04900 0.87500
v -0.43995 0.04900 0.66250
v -0.43995 0.04900 0.83750
v -0.41250 0.04900 0.68995
v -0.37500 0.04900 0.80000
v -0.37500 0.04900 0.70000
v -0.43995 0.04900 0.91250
v -0.41250 0.04900 0.93995
v -0.41250 0.04900 0.81005
v -0.37500 0.04900 0.95000
v -0.33750 0.04900 0.81005
v -0.33750 0.04900 0.68995
v -0.31005 0.04900 0.66250
v -0.31005 0.04900 0.58750
v -0.30000 0.04900 0.62500
v -0.20000 0.04900 0.62500
v -0.31005 0.04900 0.83750
v -0.12500 0.04900 0.95000
v -0.18995 0.04900 0.83750
v -0.30000 0.04900 0.87500
v -0.20000 0.04900 0.87500
v -0.31005 0.04900 0.91250
v -0.33750 0.04900 0.93995
v -0.16250 0.04900 0.93995
v -0.18995 0.04900 0.16250
v -0.16250 0.04900 0.18995
v -0.16250 0.04900 0.31005
v -0.12500 0.04900 0.05000
v -0.12500 0.04900 0.30000
v -0.12500 0.04900 0.20000
v -0.18995 0.04900 0.41250
v -0.16250 0.04900 0.43995
v -0.16250 0.04900 0.56005
v -0.12500 0.04900 0.45000
v -0.08750 0.04900 0.31005
v -0.08750 0.04900 0.18995
v -0.06005 0.04900 0.16250
v -0.06005 0.04900 0.08750
v -0.05000 0.04900 0.12500
v -0.06005 0.04900 0.33750
v -0.12500 0.04900 0.55000
v -0.08750 0.04900 0.43995
v -0.08750 0.04900 0.56005
v -0.06005 0.04900 0.41250
v -0.05000 0.04900 0.37500
v 0.05000 0.04900 0.37500
v -0.06005 0.04900 0.58750
v 0.49000 0.04100 0.99800
v -0.18995 0.04900 0.58750
v -0.18995 0.04900 0.66250
v -0.16250 0.04900 0.68995
v -0.16250 0.04900 0.81005
v -0.12500 0.04900 0.70000
v -0.18995 0.04900 0.91250
v -0.12500 0.04900 0.80000
v 0.49000 0.04900 0.99000
v -0.08750 0.04900 0.68995
v -0.08750 0.04900 0.81005
v -0.06005 0.04900 0.66250
v -0.05000 0.04900 0.62500
v 0.05000 0.04900 0.62500
v -0.06005 0.04900 0.83750
v -0.05000 0.04900 0.87500
v 0.05000 0.04900 0.87500
v 0.08750 0.04900 0.93995
v -0.08750 0.04900 0.93995
v -0.06005 0.04900 0.91250
v 0.06005 0.04900 0.91250
v 0.49000 -0.04666 -0.99566
v 0.49566 -0.04666 -0.99000
v 0.49566 -0.04100 -0.99566
v 0.49800 -0.04100 -0.99000
v 0.49566 0.04100 -0.99566
v 0.49566 -0.04666 0.99000
v 0.49800 0.04100 -0.99000
v 0.49800 -0.04100 0.99000
v 0.49566 -0.04100 0.99566
v 0.49800 0.04100 0.99000
v 0.49566 0.04100 0.99566
v 0.05000 0.04900 -0.87500
v 0.08750 0.04900 -0.81005
v 0.12500 0.04900 -0.70000
v 0.12500 0.04900 -0.80000
v 0.05000 0.04900 -0.62500
v 0.08750 0.04900 -0.56005
v 0.08750 0.04900 -0.43995
v 0.12500 0.04900 -0.55000
v 0.49000 0.04666 -0.99566
v 0.16250 0.04900 -0.81005
v 0.16250 0.04900 -0.93995
v 0.33750 0.04900 -0.93995
v 0.18995 0.04900 -0.91250
v 0.31005 0.04900 -0.91250
v 0.20000 0.04900 -0.87500
v 0.30000 0.04900 -0.87500
v 0.16250 0.04900 -0.68995
v 0.31005 0.04900 -0.83750
v 0.18995 0.04900 -0.83750
v 0.16250 0.04900 -0.43995
v 0.16250 0.04900 -0.56005
v 0.18995 0.04900 -0.66250
v 0.33750 0.04900 -0.81005
v 0.20000 0.04900 -0.62500
v 0.30000 0.04900 -0.62500
v 0.18995 0.04900 -0.58750
v 0.05000 0.04900 -0.37500
v 0.12500 0.04900 -0.45000
v 0.12500 0.04900 -0.20000
v 0.12500 0.04900 -0.30000
v 0.06005 0.04900 -0.08750
v 0.08750 0.04900 -0.06005
v 0.08750 0.04900 -0.18995
v 0.16250 0.04900 -0.18995
v 0.16250 0.04900 -0.31005
v 0.18995 0.04900 -0.33750
v 0.18995 0.04900 -0.41250
v 0.20000 0.04900 -0.37500
v 0.18995 0.04900 -0.16250
v 0.30000 0.04900 -0.12500
v 0.08750 0.04900 0.06005
v 0.12500 0.04900 0.05000
v 0.16250 0.04900 -0.06005
v 0.31005 0.04900 -0.16250
v 0.20000 0.04900 -0.12500
v 0.18995 0.04900 -0.08750
v 0.16250 0.04900 0.06005
v 0.37500 0.04900 -0.95000
v 0.37500 0.04900 -0.70000
v 0.37500 0.04900 -0.80000
v 0.31005 0.04900 -0.66250
v 0.31005 0.04900 -0.58750
v 0.33750 0.04900 -0.56005
v 0.33750 0.04900 -0.68995
v 0.49566 0.04666 -0.99000
v 0.41250 0.04900 -0.93995
v 0.41250 0.04900 -0.68995
v 0.41250 0.04900 -0.81005
v 0.43995 0.04900 -0.66250
v 0.43995 0.04900 -0.83750
v 0.43995 0.04900 -0.91250
v 0.45000 0.04900 -0.87500
v 0.45000 0.04900 -0.62500
v 0.41250 0.04900 -0.56005
v 0.41250 0.04900 -0.43995
v 0.43995 0.04900 -0.58750
v 0.45000 0.04900 -0.37500
v 0.43995 0.04900 -0.41250
v 0.30000 0.04900 -0.37500
v 0.31005 0.04900 -0.41250
v 0.37500 0.04900 -0.55000
v 0.31005 0.04900 -0.33750
v 0.33750 0.04900 -0.43995
v 0.33750 0.04900 -0.31005
v 0.33750 0.04900 -0.18995
v 0.37500 0.04900 -0.30000
v 0.31005 0.04900 -0.08750
v 0.37500 0.04900 -0.20000
v 0.31005 0.04900 0.08750
v 0.33750 0.04900 -0.06005
v 0.33750 0.04900 0.06005
v 0.37500 0.04900 -0.05000
v 0.37500 0.04900 -0.45000
v 0.41250 0.04900 -0.31005
v 0.41250 0.04900 -0.18995
v 0.43995 0.04900 -0.33750
v 0.45000 0.04900 -0.12500
v 0.45000 0.04900 0.12500
v 0.43995 0.04900 -0.16250
v 0.41250 0.04900 0.06005
v 0.41250 0.04900 -0.06005
v 0.43995 0.04900 -0.08750
v 0.45000 0.04900 0.37500
v 0.43995 0.04900 0.08750
v 0.12500 0.04900 -0.05000
v 0.06005 0.04900 0.08750
v 0.05000 0.04900 0.12500
v 0.06005 0.04900 0.16250
v 0.06005 0.04900 0.33750
v 0.08750 0.04900 0.18995
v 0.08750 0.04900 0.31005
v 0.12500 0.04900 0.20000
v 0.06005 0.04900 0.41250
v 0.12500 0.04900 0.30000
v 0.06005 0.04900 0.58750
v 0.08750 0.04900 0.43995
v 0.08750 0.04900 0.56005
v 0.12500 0.04900 0.45000
v 0.16250 0.04900 0.18995
v 0.16250 0.04900 0.31005
v 0.18995 0.04900 0.16250
v 0.18995 0.04900 0.08750
v 0.20000 0.04900 0.12500
v 0.30000 0.04900 0.12500
v 0.31005 0.04900 0.16250
v 0.18995 0.04900 0.33750
v 0.12500 0.04900 0.55000
v 0.16250 0.04900 0.43995
v 0.16250 0.04900 0.56005
v 0.18995 0.04900 0.41250
v 0.31005 0.04900 0.33750
v 0.20000 0.04900 0.37500
v 0.30000 0.04900 0.37500
v 0.31005 0.04900 0.41250
v 0.06005 0.04900 0.66250
v 0.06005 0.04900 0.83750
v 0.08750 0.04900 0.68995
v 0.08750 0.04900 0.81005
v 0.12500 0.04900 0.70000
v 0.12500 0.04900 0.95000
v 0.12500 0.04900 0.80000
v 0.18995 0.04900 0.58750
v 0.16250 0.04900 0.68995
v 0.16250 0.04900 0.81005
v 0.18995 0.04900 0.66250
v 0.31005 0.04900 0.58750
v 0.20000 0.04900 0.62500
v 0.30000 0.04900 0.62500
v 0.31005 0.04900 0.66250
v 0.18995 0.04900 0.83750
v 0.49000 0.04666 0.99566
v 0.31005 0.04900 0.83750
v 0.20000 0.04900 0.87500
v 0.30000 0.04900 0.87500
v 0.18995 0.04900 0.91250
v 0.31005 0.04900 0.91250
v 0.16250 0.04900 0.93995
v 0.33750 0.04900 0.93995
v 0.37500 0.04900 0.95000
v 0.37500 0.04900 0.05000
v 0.33750 0.04900 0.18995
v 0.33750 0.04900 0.31005
v 0.37500 0.04900 0.20000
v 0.37500 0.04900 0.30000
v 0.33750 0.04900 0.43995
v 0.33750 0.04900 0.56005
v 0.37500 0.04900 0.45000
v 0.41250 0.04900 0.18995
v 0.41250 0.04900 0.31005
v 0.43995 0.04900 0.16250
v 0.43995 0.04900 0.33750
v 0.37500 0.04900 0.55000
v 0.41250 0.04900 0.43995
v 0.41250 0.04900 0.56005
v 0.43995 0.04900 0.41250
v 0.49566 0.04666 0.99000
v 0.43995 0.04900 0.58750
v 0.33750 0.04900 0.68995
v 0.33750 0.04900 0.81005
v 0.37500 0.04900 0.70000
v 0.37500 0.04900 0.80000
v 0.41250 0.04900 0.68995
v 0.41250 0.04900 0.81005
v 0.43995 0.04900 0.66250
v 0.45000 0.04900 0.62500
v 0.43995 0.04900 0.83750
v 0.41250 0.04900 0.93995
v 0.45000 0.04900 0.87500
v 0.43995 0.04900 0.91250
v -0.43995 0.09900 -0.91250
v -0.43995 0.04900 -0.91250
v -0.45000 0.04900 -0.87500
v -0.45000 0.09900 -0.87500
v -0.43995 0.04900 -0.83750
v -0.41250 0.09900 -0.93995
v -0.41250 0.04900 -0.93995
v -0.37500 0.09900 -0.95000
v -0.37500 0.04900 -0.95000
v -0.43995 0.09900 -0.83750
v -0.41250 0.04900 -0.81005
v -0.41250 0.09900 -0.81005
v -0.37500 0.04900 -0.80000
v -0.43995 0.09900 -0.91250
v -0.45000 0.09900 -0.87500
v -0.43995 0.09900 -0.83750
v -0.37500 0.09900 -0.80000
v -0.41250 0.09900 -0.93995
v -0.41250 0.09900 -0.81005
v -0.37500 0.09900 -0.95000
v -0.37500 0.09900 -0.80000
v -0.33750 0.09900 -0.93995
v -0.33750 0.04900 -0.93995
v -0.31005 0.09900 -0.91250
v -0.31005 0.04900 -0.91250
v -0.33750 0.04900 -0.81005
v -0.33750 0.09900 -0.81005
v -0.31005 0.04900 -0.83750
v -0.30000 0.09900 -0.87500
v -0.30000 0.04900 -0.87500
v -0.31005 0.09900 -0.83750
v -0.33750 0.09900 -0.93995
v -0.33750 0.09900 -0.81005
v -0.31005 0.09900 -0.91250
v -0.31005 0.09900 -0.83750
v -0.30000 0.09900 -0.87500
v -0.43995 0.09900 -0.66250
v -0.43995 0.04900 -0.66250
v -0.45000 0.04900 -0.62500
v -0.45000 0.09900 -0.62500
v -0.43995 0.04900 -0.58750
v -0.41250 0.09900 -0.68995
v -0.41250 0.04900 -0.68995
v -0.37500 0.09900 -0.70000
v -0.37500 0.04900 -0.70000
v -0.43995 0.09900 -0.58750
v -0.41250 0.04900 -0.56005
v -0.41250 0.09900 -0.56005
v -0.37500 0.04900 -0.55000
v -0.43995 0.09900 -0.66250
v -0.45000 0.09900 -0.62500
v -0.43995 0.09900 -0.58750
v -0.37500 0.09900 -0.55000
v -0.41250 0.09900 -0.68995
v -0.41250 0.09900 -0.56005
v -0.37500 0.09900 -0.70000
v -0.37500 0.09900 -0.55000
v -0.33750 0.09900 -0.68995
v -0.33750 0.04900 -0.68995
v -0.31005 0.09900 -0.66250
v -0.31005 0.04900 -0.66250
v -0.33750 0.04900 -0.56005
v -0.33750 0.09900 -0.56005
v -0.31005 0.04900 -0.58750
v -0.30000 0.09900 -0.62500
v -0.30000 0.04900 -0.62500
v -0.31005 0.09900 -0.58750
v -0.33750 0.09900 -0.68995
v -0.33750 0.09900 -0.56005
v -0.31005 0.09900 -0.66250
v -0.31005 0.09900 -0.58750
v -0.30000 0.09900 -0.62500
v -0.43995 0.09900 -0.41250
v -0.43995 0.04900 -0.41250
v -0.45000 0.04900 -0.37500
v -0.45000 0.09900 -0.37500
v -0.43995 0.04900 -0.33750
v -0.41250 0.09900 -0.43995
v -0.41250 0.04900 -0.43995
v -0.37500 0.09900 -0.45000
v -0.37500 0.04900 -0.45000
v -0.43995 0.09900 -0.33750
v -0.41250 0.04900 -0.31005
v -0.41250 0.09900 -0.31005
v -0.37500 0.04900 -0.30000
v -0.43995 0.09900 -0.41250
v -0.45000 0.09900 -0.37500
v -0.43995 0.09900 -0.33750
v -0.37500 0.09900 -0.30000
v -0.41250 0.09900 -0.43995
v -0.41250 0.09900 -0.31005
v -0.37500 0.09900 -0.45000
v -0.37500 0.09900 -0.30000
v -0.33750 0.09900 -0.43995
v -0.33750 0.04900 -0.43995
v -0.31005 0.09900 -0.41250
v -0.31005 0.04900 -0.41250
v -0.33750 0.04900 -0.31005
v -0.33750 0.09900 -0.31005
v -0.31005 0.04900 -0.33750
v -0.30000 0.09900 -0.37500
v -0.30000 0.04900 -0.37500
v -0.31005 0.09900 -0.33750
v -0.33750 0.09900 -0.43995
v -0.33750 0.09900 -0.31005
v -0.31005 0.09900 -0.41250
v -0.31005 0.09900 -0.33750
v -0.30000 0.09900 -0.37500
v -0.43995 0.09900 -0.16250
v -0.43995 0.04900 -0.16250
v -0.45000 0.04900 -0.12500
v -0.45000 0.09900 -0.12500
v -0.43995 0.04900 -0.08750
v -0.41250 0.09900 -0.18995
v -0.41250 0.04900 -0.18995
v -0.37500 0.09900 -0.20000
v -0.37500 0.04900 -0.20000
v -0.43995 0.09900 -0.08750
v -0.41250 0.04900 -0.06005
v -0.41250 0.09900 -0.06005
v -0.37500 0.04900 -0.05000
v -0.43995 0.09900 -0.16250
v -0.45000 0.09900 -0.12500
v -0.43995 0.09900 -0.08750
v -0.37500 0.09900 -0.05000
v -0.41250 0.09900 -0.18995
v -0.41250 0.09900 -0.06005
v -0.37500 0.09900 -0.20000
v -0.37500 0.09900 -0.05000
v -0.33750 0.09900 -0.18995
v -0.33750 0.04900 -0.18995
v -0.31005 0.09900 -0.16250
v -0.31005 0.04900 -0.16250
v -0.33750 0.04900 -0.06005
v -0.33750 0.09900 -0.06005
v -0.31005 0.04900 -0.08750
v -0.30000 0.09900 -0.12500
v -0.30000 0.04900 -0.12500
v -0.31005 0.09900 -0.08750
v -0.33750 0.09900 -0.18995
v -0.33750 0.09900 -0.06005
v -0.31005 0.09900 -0.16250
v -0.31005 0.09900 -0.08750
v -0.30000 0.09900 -0.12500
v -0.43995 0.09900 0.08750
v -0.43995 0.04900 0.08750
v -0.45000 0.04900 0.12500
v -0.45000 0.09900 0.12500
v -0.43995 0.04900 0.16250
v -0.41250 0.09900 0.06005
v -0.41250 0.04900 0.06005
v -0.37500 0.09900 0.05000
v -0.37500 0.04900 0.05000
v -0.43995 0.09900 0.16250
v -0.41250 0.04900 0.18995
v -0.41250 0.09900 0.18995
v -0.37500 0.04900 0.20000
v -0.43995 0.09900 0.08750
v -0.45000 0.09900 0.12500
v -0.43995 0.09900 0.16250
v -0.37500 0.09900 0.20000
v -0.41250 0.09900 0.06005
v -0.41250 0.09900 0.18995
v -0.37500 0.09900 0.05000
v -0.37500 0.09900 0.20000
v -0.33750 0.09900 0.06005
v -0.33750 0.04900 0.06005
v -0.31005 0.09900 0.08750
v -0.31005 0.04900 0.08750
v -0.33750 0.04900 0.18995
v -0.33750 0.09900 0.18995
v -0.31005 0.04900 0.16250
v -0.30000 0.09900 0.12500
v -0.30000 0.04900 0.12500
v -0.31005 0.09900 0.16250
v -0.33750 0.09900 0.06005
v -0.33750 0.09900 0.18995
v -0.31005 0.09900 0.08750
v -0.31005 0.09900 0.16250
v -0.30000 0.09900 0.12500
v -0.43995 0.09900 0.33750
v -0.43995 0.04900 0.33750
v -0.45000 0.04900 0.37500
v -0.45000 0.09900 0.37500
v -0.43995 0.04900 0.41250
v -0.41250 0.09900 0.31005
v -0.41250 0.04900 0.31005
v -0.37500 0.09900 0.30000
v -0.37500 0.04900 0.30000
v -0.43995 0.09900 0.41250
v -0.41250 0.04900 0.43995
v -0.41250 0.09900 0.43995
v -0.37500 0.04900 0.45000
v -0.43995 0.09900 0.33750
v -0.45000 0.09900 0.37500
v -0.43995 0.09900 0.41250
v -0.37500 0.09900 0.45000
v -0.41250 0.09900 0.31005
v -0.41250 0.09900 0.43995
v -0.37500 0.09900 0.30000
v -0.37500 0.09900 0.45000
v -0.33750 0.09900 0.31005
v -0.33750 0.04900 0.31005
v -0.31005 0.09900 0.33750
v -0.31005 0.04900 0.33750
v -0.33750 0.04900 0.43995
v -0.33750 0.09900 0.43995
v -0.31005 0.04900 0.41250
v -0.30000 0.09900 0.37500
v -0.30000 0.04900 0.37500
v -0.31005 0.09900 0.41250
v -0.33750 0.09900 0.31005
v -0.33750 0.09900 0.43995
v -0.31005 0.09900 0.33750
v -0.31005 0.09900 0.41250
v -0.30000 0.09900 0.37500
v -0.43995 0.09900 0.58750
v -0.43995 0.04900 0.58750
v -0.45000 0.04900 0.62500
v -0.45000 0.09900 0.62500
v -0.43995 0.04900 0.66250
v -0.41250 0.09900 0.56005
v -0.41250 0.04900 0.56005
v -0.37500 0.09900 0.55000
v -0.37500 0.04900 0.55000
v -0.43995 0.09900 0.66250
v -0.41250 0.04900 0.68995
v -0.41250 0.09900 0.68995
v -0.37500 0.04900 0.70000
v -0.43995 0.09900 0.58750
v -0.45000 0.09900 0.62500
v -0.43995 0.09900 0.66250
v -0.37500 0.09900 0.70000
v -0.41250 0.09900 0.56005
v -0.41250 0.09900 0.68995
v -0.37500 0.09900 0.55000
v -0.37500 0.09900 0.70000
v -0.33750 0.09900 0.56005
v -0.33750 0.04900 0.56005
v -0.31005 0.09900 0.58750
v -0.31005 0.04900 0.58750
v -0.33750 0.04900 0.68995
v -0.33750 0.09900 0.68995
v -0.31005 0.04900 0.66250
v -0.30000 0.09900 0.62500
v -0.30000 0.04900 0.62500
v -0.31005 0.09900 0.66250
v -0.33750 0.09900 0.56005
v -0.33750 0.09900 0.68995
v -0.31005 0.09900 0.58750
v -0.31005 0.09900 0.66250
v -0.30000 0.09900 0.62500
v -0.43995 0.09900 0.83750
v -0.43995 0.04900 0.83750
v -0.45000 0.04900 0.87500
v -0.45000 0.09900 0.87500
v -0.43995 0.04900 0.91250
v -0.41250 0.09900 0.81005
v -0.41250 0.04900 0.81005
v -0.37500 0.09900 0.80000
v -0.37500 0.04900 0.80000
v -0.43995 0.09900 0.91250
v -0.41250 0.04900 0.93995
v -0.41250 0.09900 0.93995
v -0.37500 0.04900 0.95000
v -0.43995 0.09900 0.83750
v -0.45000 0.09900 0.87500
v -0.43995 0.09900 0.91250
v -0.37500 0.09900 0.95000
v -0.41250 0.09900 0.81005
v -0.41250 0.09900 0.93995
v -0.37500 0.09900 0.80000
v -0.37500 0.09900 0.95000
v -0.33750 0.09900 0.81005
v -0.33750 0.04900 0.81005
v -0.31005 0.09900 0.83750
v -0.31005 0.04900 0.83750
v -0.33750 0.04900 0.93995
v -0.33750 0.09900 0.93995
v -0.31005 0.04900 0.91250
v -0.30000 0.09900 0.87500
v -0.30000 0.04900 0.87500
v -0.31005 0.09900 0.91250
v -0.33750 0.09900 0.81005
v -0.33750 0.09900 0.93995
v -0.31005 0.09900 0.83750
v -0.31005 0.09900 0.91250
v -0.30000 0.09900 0.87500
v -0.18995 0.09900 -0.91250
v -0.18995 0.04900 -0.91250
v -0.20000 0.04900 -0.87500
v -0.20000 0.09900 -0.87500
v -0.18995 0.04900 -0.83750
v -0.16250 0.09900 -0.93995
v -0.16250 0.04900 -0.93995
v -0.12500 0.09900 -0.95000
v -0.12500 0.04900 -0.95000
v -0.18995 0.09900 -0.83750
v -0.16250 0.04900 -0.81005
v -0.16250 0.09900 -0.81005
v -0.12500 0.04900 -0.80000
v -0.20000 0.09900 -0.87500
v -0.18995 0.09900 -0.83750
v -0.18995 0.09900 -0.91250
v -0.12500 0.09900 -0.80000
v -0.16250 0.09900 -0.93995
v -0.16250 0.09900 -0.81005
v -0.12500 0.09900 -0.95000
v -0.12500 0.09900 -0.80000
v -0.08750 0.09900 -0.93995
v -0.08750 0.04900 -0.93995
v -0.06005 0.09900 -0.91250
v -0.06005 0.04900 -0.91250
v -0.08750 0.04900 -0.81005
v -0.08750 0.09900 -0.81005
v -0.06005 0.04900 -0.83750
v -0.05000 0.09900 -0.87500
v -0.05000 0.04900 -0.87500
v -0.06005 0.09900 -0.83750
v -0.08750 0.09900 -0.93995
v -0.08750 0.09900 -0.81005
v -0.06005 0.09900 -0.91250
v -0.06005 0.09900 -0.83750
v -0.05000 0.09900 -0.87500
v -0.18995 0.09900 -0.66250
v -0.18995 0.04900 -0.66250
v -0.20000 0.04900 -0.62500
v -0.20000 0.09900 -0.62500
v -0.18995 0.04900 -0.58750
v -0.16250 0.09900 -0.68995
v -0.16250 0.04900 -0.68995
v -0.12500 0.09900 -0.70000
v -0.12500 0.04900 -0.70000
v -0.18995 0.09900 -0.58750
v -0.16250 0.04900 -0.56005
v -0.16250 0.09900 -0.56005
v -0.12500 0.04900 -0.55000
v -0.20000 0.09900 -0.62500
v -0.18995 0.09900 -0.58750
v -0.18995 0.09900 -0.66250
v -0.12500 0.09900 -0.55000
v -0.16250 0.09900 -0.68995
v -0.16250 0.09900 -0.56005
v -0.12500 0.09900 -0.70000
v -0.12500 0.09900 -0.55000
v -0.08750 0.09900 -0.68995
v -0.08750 0.04900 -0.68995
v -0.06005 0.09900 -0.66250
v -0.06005 0.04900 -0.66250
v -0.08750 0.04900 -0.56005
v -0.08750 0.09900 -0.56005
v -0.06005 0.04900 -0.58750
v -0.05000 0.09900 -0.62500
v -0.05000 0.04900 -0.62500
v -0.06005 0.09900 -0.58750
v -0.08750 0.09900 -0.68995
v -0.08750 0.09900 -0.56005
v -0.06005 0.09900 -0.66250
v -0.06005 0.09900 -0.58750
v -0.05000 0.09900 -0.62500
v -0.18995 0.09900 -0.41250
v -0.18995 0.04900 -0.41250
v -0.20000 0.04900 -0.37500
v -0.20000 0.09900 -0.37500
v -0.18995 0.04900 -0.33750
v -0.16250 0.09900 -0.43995
v -0.16250 0.04900 -0.43995
v -0.12500 0.09900 -0.45000
v -0.12500 0.04900 -0.45000
v -0.18995 0.09900 -0.33750
v -0.16250 0.04900 -0.31005
v -0.16250 0.09900 -0.31005
v -0.12500 0.04900 -0.30000
v -0.20000 0.09900 -0.37500
v -0.18995 0.09900 -0.33750
v -0.18995 0.09900 -0.41250
v -0.12500 0.09900 -0.30000
v -0.16250 0.09900 -0.43995
v -0.16250 0.09900 -0.31005
v -0.12500 0.09900 -0.45000
v -0.12500 0.09900 -0.30000
v -0.08750 0.09900 -0.43995
v -0.08750 0.04900 -0.43995
v -0.06005 0.09900 -0.41250
v -0.06005 0.04900 -0.41250
v -0.08750 0.04900 -0.31005
v -0.08750 0.09900 -0.31005
v -0.06005 0.04900 -0.33750
v -0.05000 0.09900 -0.37500
v -0.05000 0.04900 -0.37500
v -0.06005 0.09900 -0.33750
v -0.08750 0.09900 -0.43995
v -0.08750 0.09900 -0.31005
v -0.06005 0.09900 -0.41250
v -0.06005 0.09900 -0.33750
v -0.05000 0.09900 -0.37500
v -0.18995 0.09900 -0.16250
v -0.18995 0.04900 -0.16250
v -0.20000 0.04900 -0.12500
v -0.20000 0.09900 -0.12500
v -0.18995 0.04900 -0.08750
v -0.16250 0.09900 -0.18995
v -0.16250 0.04900 -0.18995
v -0.12500 0.09900 -0.20000
v -0.12500 0.04900 -0.20000
v -0.18995 0.09900 -0.08750
v -0.16250 0.04900 -0.06005
v -0.16250 0.09900 -0.06005
v -0.12500 0.04900 -0.05000
v -0.20000 0.09900 -0.12500
v -0.18995 0.09900 -0.08750
v -0.18995 0.09900 -0.16250
v -0.12500 0.09900 -0.05000
v -0.16250 0.09900 -0.18995
v -0.16250 0.09900 -0.06005
v -0.12500 0.09900 -0.20000
v -0.12500 0.09900 -0.05000
v -0.08750 0.09900 -0.18995
v -0.08750 0.04900 -0.18995
v -0.06005 0.09900 -0.16250
v -0.06005 0.04900 -0.16250
v -0.08750 0.04900 -0.06005
v -0.08750 0.09900 -0.06005
v -0.06005 0.04900 -0.08750
v -0.05000 0.09900 -0.12500
v -0.05000 0.04900 -0.12500
v -0.06005 0.09900 -0.08750
v -0.08750 0.09900 -0.18995
v -0.08750 0.09900 -0.06005
v -0.06005 0.09900 -0.16250
v -0.06005 0.09900 -0.08750
v -0.05000 0.09900 -0.12500
v -0.18995 0.09900 0.08750
v -0.18995 0.04900 0.08750
v -0.20000 0.04900 0.12500
v -0.20000 0.09900 0.12500
v -0.18995 0.04900 0.16250
v -0.16250 0.09900 0.06005
v -0.16250 0.04900 0.06005
v -0.12500 0.09900 0.05000
v -0.12500 0.04900 0.05000
v -0.18995 0.09900 0.16250
v -0.16250 0.04900 0.18995
v -0.16250 0.09900 0.18995
v -0.12500 0.04900 0.20000
v -0.18995 0.09900 0.08750
v -0.20000 0.09900 0.12500
v -0.18995 0.09900 0.16250
v -0.12500 0.09900 0.20000
v -0.16250 0.09900 0.06005
v -0.16250 0.09900 0.18995
v -0.12500 0.09900 0.05000
v -0.12500 0.09900 0.20000
v -0.08750 0.09900 0.06005
v -0.08750 0.04900 0.06005
v -0.06005 0.09900 0.08750
v -0.06005 0.04900 0.08750
v -0.08750 0.04900 0.18995
v -0.08750 0.09900 0.18995
v -0.06005 0.04900 0.16250
v -0.05000 0.09900 0.12500
v -0.05000 0.04900 0.12500
v -0.06005 0.09900 0.16250
v -0.08750 0.09900 0.06005
v -0.08750 0.09900 0.18995
v -0.06005 0.09900 0.08750
v -0.06005 0.09900 0.16250
v -0.05000 0.09900 0.12500
v -0.18995 0.09900 0.33750
v -0.18995 0.04900 0.33750
v -0.20000 0.04900 0.37500
v -0.20000 0.09900 0.37500
v -0.18995 0.04900 0.41250
v -0.16250 0.09900 0.31005
v -0.16250 0.04900 0.31005
v -0.12500 0.09900 0.30000
v -0.12500 0.04900 0.30000
v -0.18995 0.09900 0.41250
v -0.16250 0.04900 0.43995
v -0.16250 0.09900 0.43995
v -0.12500 0.04900 0.45000
v -0.18995 0.09900 0.33750
v -0.20000 0.09900 0.37500
v -0.18995 0.09900 0.41250
v -0.12500 0.09900 0.45000
v -0.16250 0.09900 0.31005
v -0.16250 0.09900 0.43995
v -0.12500 0.09900 0.30000
v -0.12500 0.09900 0.45000
v -0.08750 0.09900 0.31005
v -0.08750 0.04900 0.31005
v -0.06005 0.09900 0.33750
v -0.06005 0.04900 0.33750
v -0.08750 0.04900 0.43995
v -0.08750 0.09900 0.43995
v -0.06005 0.04900 0.41250
v -0.05000 0.09900 0.37500
v -0.05000 0.04900 0.37500
v -0.06005 0.09900 0.41250
v -0.08750 0.09900 0.31005
v -0.08750 0.09900 0.43995
v -0.06005 0.09900 0.33750
v -0.06005 0.09900 0.41250
v -0.05000 0.09900 0.37500
v -0.18995 0.09900 0.58750
v -0.18995 0.04900 0.58750
v -0.20000 0.04900 0.62500
v -0.20000 0.09900 0.62500
v -0.18995 0.04900 0.66250
v -0.16250 0.09900 0.56005
v -0.16250 0.04900 0.56005
v -0.12500 0.09900 0.55000
v -0.12500 0.04900 0.55000
v -0.18995 0.09900 0.66250
v -0.16250 0.04900 0.68995
v -0.16250 0.09900 0.68995
v -0.12500 0.04900 0.70000
v -0.18995 0.09900 0.58750
v -0.20000 0.09900 0.62500
v -0.18995 0.09900 0.66250
v -0.12500 0.09900 0.70000
v -0.16250 0.09900 0.56005
v -0.16250 0.09900 0.68995
v -0.12500 0.09900 0.55000
v -0.12500 0.09900 0.70000
v -0.08750 0.09900 0.56005
v -0.08750 0.04900 0.56005
v -0.06005 0.09900 0.58750
v -0.06005 0.04900 0.58750
v -0.08750 0.04900 0.68995
v -0.08750 0.09900 0.68995
v -0.06005 0.04900 0.66250
v -0.05000 0.09900 0.62500
v -0.05000 0.04900 0.62500
v -0.06005 0.09900 0.66250
v -0.08750 0.09900 0.56005
v -0.08750 0.09900 0.68995
v -0.06005 0.09900 0.58750
v -0.06005 0.09900 0.66250
v -0.05000 0.09900 0.62500
v -0.18995 0.09900 0.83750
v -0.18995 0.04900 0.83750
v -0.20000 0.04900 0.87500
v -0.20000 0.09900 0.87500
v -0.18995 0.04900 0.91250
v -0.16250 0.09900 0.81005
v -0.16250 0.04900 0.81005
v -0.12500 0.09900 0.80000
v -0.12500 0.04900 0.80000
v -0.18995 0.09900 0.91250
v -0.16250 0.04900 0.93995
v -0.16250 0.09900 0.93995
v -0.12500 0.04900 0.95000
v -0.20000 0.09900 0.87500
v -0.18995 0.09900 0.91250
v -0.18995 0.09900 0.83750
v -0.12500 0.09900 0.95000
v -0.16250 0.09900 0.81005
v -0.16250 0.09900 0.93995
v -0.12500 0.09900 0.80000
v -0.12500 0.09900 0.95000
v -0.08750 0.09900 0.81005
v -0.08750 0.04900 0.81005
v -0.06005 0.09900 0.83750
v -0.06005 0.04900 0.83750
v -0.08750 0.04900 0.93995
v -0.08750 0.09900 0.93995
v -0.06005 0.04900 0.91250
v -0.05000 0.09900 0.87500
v -0.05000 0.04900 0.87500
v -0.06005 0.09900 0.91250
v -0.08750 0.09900 0.81005
v -0.08750 0.09900 0.93995
v -0.06005 0.09900 0.83750
v -0.06005 0.09900 0.91250
v -0.05000 0.09900 0.87500
v 0.06005 0.09900 -0.91250
v 0.06005 0.04900 -0.91250
v 0.05000 0.04900 -0.87500
v 0.05000 0.09900 -0.87500
v 0.06005 0.04900 -0.83750
v 0.08750 0.09900 -0.93995
v 0.08750 0.04900 -0.93995
v 0.12500 0.09900 -0.95000
v 0.12500 0.04900 -0.95000
v 0.06005 0.09900 -0.83750
v 0.08750 0.04900 -0.81005
v 0.08750 0.09900 -0.81005
v 0.12500 0.04900 -0.80000
v 0.05000 0.09900 -0.87500
v 0.06005 0.09900 -0.83750
v 0.06005 0.09900 -0.91250
v 0.12500 0.09900 -0.80000
v 0.08750 0.09900 -0.93995
v 0.08750 0.09900 -0.81005
v 0.12500 0.09900 -0.95000
v 0.12500 0.09900 -0.80000
v 0.16250 0.09900 -0.93995
v 0.16250 0.04900 -0.93995
v 0.18995 0.09900 -0.91250
v 0.18995 0.04900 -0.91250
v 0.16250 0.04900 -0.81005
v 0.16250 0.09900 -0.81005
v 0.18995 0.04900 -0.83750
v 0.20000 0.09900 -0.87500
v 0.20000 0.04900 -0.87500
v 0.18995 0.09900 -0.83750
v 0.16250 0.09900 -0.93995
v 0.16250 0.09900 -0.81005
v 0.18995 0.09900 -0.91250
v 0.18995 0.09900 -0.83750
v 0.20000 0.09900 -0.87500
v 0.06005 0.09900 -0.66250
v 0.06005 0.04900 -0.66250
v 0.05000 0.04900 -0.62500
v 0.05000 0.09900 -0.62500
v 0.06005 0.04900 -0.58750
v 0.08750 0.09900 -0.68995
v 0.08750 0.04900 -0.68995
v 0.12500 0.09900 -0.70000
v 0.12500 0.04900 -0.70000
v 0.06005 0.09900 -0.58750
v 0.08750 0.04900 -0.56005
v 0.08750 0.09900 -0.56005
v 0.12500 0.04900 -0.55000
v 0.05000 0.09900 -0.62500
v 0.06005 0.09900 -0.58750
v 0.06005 0.09900 -0.66250
v 0.12500 0.09900 -0.55000
v 0.08750 0.09900 -0.68995
v 0.08750 0.09900 -0.56005
v 0.12500 0.09900 -0.70000
v 0.12500 0.09900 -0.55000
v 0.16250 0.09900 -0.68995
v 0.16250 0.04900 -0.68995
v 0.18995 0.09900 -0.66250
v 0.18995 0.04900 -0.66250
v 0.16250 0.04900 -0.56005
v 0.16250 0.09900 -0.56005
v 0.18995 0.04900 -0.58750
v 0.20000 0.09900 -0.62500
v 0.20000 0.04900 -0.62500
v 0.18995 0.09900 -0.58750
v 0.16250 0.09900 -0.68995
v 0.16250 0.09900 -0.56005
v 0.18995 0.09900 -0.66250
v 0.18995 0.09900 -0.58750
v 0.20000 0.09900 -0.62500
v 0.06005 0.09900 -0.41250
v 0.06005 0.04900 -0.41250
v 0.05000 0.04900 -0.37500
v 0.05000 0.09900 -0.37500
v 0.06005 0.04900 -0.33750
v 0.08750 0.09900 -0.43995
v 0.08750 0.04900 -0.43995
v 0.12500 0.09900 -0.45000
v 0.12500 0.04900 -0.45000
v 0.06005 0.09900 -0.33750
v 0.08750 0.04900 -0.31005
v 0.08750 0.09900 -0.31005
v 0.12500 0.04900 -0.30000
v 0.05000 0.09900 -0.37500
v 0.06005 0.09900 -0.33750
v 0.06005 0.09900 -0.41250
v 0.12500 0.09900 -0.30000
v 0.08750 0.09900 -0.43995
v 0.08750 0.09900 -0.31005
v 0.12500 0.09900 -0.45000
v 0.12500 0.09900 -0.30000
v 0.16250 0.09900 -0.43995
v 0.16250 0.04900 -0.43995
v 0.18995 0.09900 -0.41250
v 0.18995 0.04900 -0.41250
v 0.16250 0.04900 -0.31005
v 0.16250 0.09900 -0.31005
v 0.18995 0.04900 -0.33750
v 0.20000 0.09900 -0.37500
v 0.20000 0.04900 -0.37500
v 0.18995 0.09900 -0.33750
v 0.16250 0.09900 -0.43995
v 0.16250 0.09900 -0.31005
v 0.18995 0.09900 -0.41250
v 0.18995 0.09900 -0.33750
v 0.20000 0.09900 -0.37500
v 0.06005 0.09900 -0.16250
v 0.06005 0.04900 -0.16250
v 0.05000 0.04900 -0.12500
v 0.05000 0.09900 -0.12500
v 0.06005 0.04900 -0.08750
v 0.08750 0.09900 -0.18995
v 0.08750 0.04900 -0.18995
v 0.12500 0.09900 -0.20000
v 0.12500 0.04900 -0.20000
v 0.06005 0.09900 -0.08750
v 0.08750 0.04900 -0.06005
v 0.08750 0.09900 -0.06005
v 0.12500 0.04900 -0.05000
v 0.05000 0.09900 -0.12500
v 0.06005 0.09900 -0.08750
v 0.06005 0.09900 -0.16250
v 0.12500 0.09900 -0.05000
v 0.08750 0.09900 -0.18995
v 0.08750 0.09900 -0.06005
v 0.12500 0.09900 -0.20000
v 0.12500 0.09900 -0.05000
v 0.16250 0.09900 -0.18995
v 0.16250 0.04900 -0.18995
v 0.18995 0.09900 -0.16250
v 0.18995 0.04900 -0.16250
v 0.16250 0.04900 -0.06005
v 0.16250 0.09900 -0.06005
v 0.18995 0.04900 -0.08750
v 0.20000 0.09900 -0.12500
v 0.20000 0.04900 -0.12500
v 0.18995 0.09900 -0.08750
v 0.16250 0.09900 -0.18995
v 0.16250 0.09900 -0.06005
v 0.18995 0.09900 -0.16250
v 0.18995 0.09900 -0.08750
v 0.20000 0.09900 -0.12500
v 0.06005 0.09900 0.08750
v 0.06005 0.04900 0.08750
v 0.05000 0.04900 0.12500
v 0.05000 0.09900 0.12500
v 0.06005 0.04900 0.16250
v 0.08750 0.09900 0.06005
v 0.08750 0.04900 0.06005
v 0.12500 0.09900 0.05000
v 0.12500 0.04900 0.05000
v 0.06005 0.09900 0.16250
v 0.08750 0.04900 0.18995
v 0.08750 0.09900 0.18995
v 0.12500 0.04900 0.20000
v 0.05000 0.09900 0.12500
v 0.06005 0.09900 0.16250
v 0.06005 0.09900 0.08750
v 0.12500 0.09900 0.20000
v 0.08750 0.09900 0.06005
v 0.08750 0.09900 0.18995
v 0.12500 0.09900 0.05000
v 0.12500 0.09900 0.20000
v 0.16250 0.09900 0.06005
v 0.16250 0.04900 0.06005
v 0.18995 0.09900 0.08750
v 0.18995 0.04900 0.08750
v 0.16250 0.04900 0.18995
v 0.16250 0.09900 0.18995
v 0.18995 0.04900 0.16250
v 0.20000 0.09900 0.12500
v 0.20000 0.04900 0.12500
v 0.18995 0.09900 0.16250
v 0.16250 0.09900 0.06005
v 0.16250 0.09900 0.18995
v 0.18995 0.09900 0.08750
v 0.18995 0.09900 0.16250
v 0.20000 0.09900 0.12500
v 0.06005 0.09900 0.33750
v 0.06005 0.04900 0.33750
v 0.05000 0.04900 0.37500
v 0.05000 0.09900 0.37500
v 0.06005 0.04900 0.41250
v 0.08750 0.09900 0.31005
v 0.08750 0.04900 0.31005
v 0.12500 0.09900 0.30000
v 0.12500 0.04900 0.30000
v 0.06005 0.09900 0.41250
v 0.08750 0.04900 0.43995
v 0.08750 0.09900 0.43995
v 0.12500 0.04900 0.45000
v 0.05000 0.09900 0.37500
v 0.06005 0.09900 0.41250
v 0.06005 0.09900 0.33750
v 0.12500 0.09900 0.45000
v 0.08750 0.09900 0.31005
v 0.08750 0.09900 0.43995
v 0.12500 0.09900 0.30000
v 0.12500 0.09900 0.45000
v 0.16250 0.09900 0.31005
v 0.16250 0.04900 0.31005
v 0.18995 0.09900 0.33750
v 0.18995 0.04900 0.33750
v 0.16250 0.04900 0.43995
v 0.16250 0.09900 0.43995
v 0.18995 0.04900 0.41250
v 0.20000 0.09900 0.37500
v 0.20000 0.04900 0.37500
v 0.18995 0.09900 0.41250
v 0.16250 0.09900 0.31005
v 0.16250 0.09900 0.43995
v 0.18995 0.09900 0.33750
v 0.18995 0.09900 0.41250
v 0.20000 0.09900 0.37500
v 0.06005 0.09900 0.58750
v 0.06005 0.04900 0.58750
v 0.05000 0.04900 0.62500
v 0.05000 0.09900 0.62500
v 0.06005 0.04900 0.66250
v 0.08750 0.09900 0.56005
v 0.08750 0.04900 0.56005
v 0.12500 0.09900 0.55000
v 0.12500 0.04900 0.55000
v 0.06005 0.09900 0.66250
v 0.08750 0.04900 0.68995
v 0.08750 0.09900 0.68995
v 0.12500 0.04900 0.70000
v 0.05000 0.09900 0.62500
v 0.06005 0.09900 0.66250
v 0.06005 0.09900 0.58750
v 0.12500 0.09900 0.70000
v 0.08750 0.09900 0.56005
v 0.08750 0.09900 0.68995
v 0.12500 0.09900 0.55000
v 0.12500 0.09900 0.70000
v 0.16250 0.09900 0.56005
v 0.16250 0.04900 0.56005
v 0.18995 0.09900 0.58750
v 0.18995 0.04900 0.58750
v 0.16250 0.04900 0.68995
v 0.16250 0.09900 0.68995
v 0.18995 0.04900 0.66250
v 0.20000 0.09900 0.62500
v 0.20000 0.04900 0.62500
v 0.18995 0.09900 0.66250
v 0.16250 0.09900 0.56005
v 0.16250 0.09900 0.68995
v 0.18995 0.09900 0.58750
v 0.18995 0.09900 0.66250
v 0.20000 0.09900 0.62500
v 0.06005 0.09900 0.83750
v 0.06005 0.04900 0.83750
v 0.05000 0.04900 0.87500
v 0.05000 0.09900 0.87500
v 0.06005 0.04900 0.91250
v 0.08750 0.09900 0.81005
v 0.08750 0.04900 0.81005
v 0.12500 0.09900 0.80000
v 0.12500 0.04900 0.80000
v 0.06005 0.09900 0.91250
v 0.08750 0.04900 0.93995
v 0.08750 0.09900 0.93995
v 0.12500 0.04900 0.95000
v 0.05000 0.09900 0.87500
v 0.06005 0.09900 0.91250
v 0.06005 0.09900 0.83750
v 0.12500 0.09900 0.95000
v 0.08750 0.09900 0.81005
v 0.08750 0.09900 0.93995
v 0.12500 0.09900 0.80000
v 0.12500 0.09900 0.95000
v 0.16250 0.09900 0.81005
v 0.16250 0.04900 0.81005
v 0.18995 0.09900 0.83750
v 0.18995 0.04900 0.83750
v 0.16250 0.04900 0.93995
v 0.16250 0.09900 0.93995
v 0.18995 0.04900 0.91250
v 0.20000 0.09900 0.87500
v 0.20000 0.04900 0.87500
v 0.18995 0.09900 0.91250
v 0.16250 0.09900 0.81005
v 0.16250 0.09900 0.93995
v 0.18995 0.09900 0.83750
v 0.18995 0.09900 0.91250
v 0.20000 0.09900 0.87500
v 0.31005 0.09900 -0.91250
v 0.31005 0.04900 -0.91250
v 0.30000 0.04900 -0.87500
v 0.30000 0.09900 -0.87500
v 0.31005 0.04900 -0.83750
v 0.33750 0.09900 -0.93995
v 0.33750 0.04900 -0.93995
v 0.37500 0.09900 -0.95000
v 0.37500 0.04900 -0.95000
v 0.31005 0.09900 -0.83750
v 0.33750 0.04900 -0.81005
v 0.33750 0.09900 -0.81005
v 0.37500 0.04900 -0.80000
v 0.30000 0.09900 -0.87500
v 0.31005 0.09900 -0.83750
v 0.31005 0.09900 -0.91250
v 0.37500 0.09900 -0.80000
v 0.33750 0.09900 -0.93995
v 0.33750 0.09900 -0.81005
v 0.37500 0.09900 -0.95000
v 0.37500 0.09900 -0.80000
v 0.41250 0.09900 -0.93995
v 0.41250 0.04900 -0.93995
v 0.43995 0.09900 -0.91250
v 0.43995 0.04900 -0.91250
v 0.41250 0.04900 -0.81005
v 0.41250 0.09900 -0.81005
v 0.43995 0.04900 -0.83750
v 0.45000 0.09900 -0.87500
v 0.45000 0.04900 -0.87500
v 0.43995 0.09900 -0.83750
v 0.41250 0.09900 -0.93995
v 0.41250 0.09900 -0.81005
v 0.43995 0.09900 -0.91250
v 0.43995 0.09900 -0.83750
v 0.45000 0.09900 -0.87500
v 0.31005 0.09900 -0.66250
v 0.31005 0.04900 -0.66250
v 0.30000 0.04900 -0.62500
v 0.30000 0.09900 -0.62500
v 0.31005 0.04900 -0.58750
v 0.33750 0.09900 -0.68995
v 0.33750 0.04900 -0.68995
v 0.37500 0.09900 -0.70000
v 0.37500 0.04900 -0.70000
v 0.31005 0.09900 -0.58750
v 0.33750 0.04900 -0.56005
v 0.33750 0.09900 -0.56005
v 0.37500 0.04900 -0.55000
v 0.30000 0.09900 -0.62500
v 0.31005 0.09900 -0.58750
v 0.31005 0.09900 -0.66250
v 0.37500 0.09900 -0.55000
v 0.33750 0.09900 -0.68995
v 0.33750 0.09900 -0.56005
v 0.37500 0.09900 -0.70000
v 0.37500 0.09900 -0.55000
v 0.41250 0.09900 -0.68995
v 0.41250 0.04900 -0.68995
v 0.43995 0.09900 -0.66250
v 0.43995 0.04900 -0.66250
v 0.41250 0.04900 -0.56005
v 0.41250 0.09900 -0.56005
v 0.43995 0.04900 -0.58750
v 0.45000 0.09900 -0.62500
v 0.45000 0.04900 -0.62500
v 0.43995 0.09900 -0.58750
v 0.41250 0.09900 -0.68995
v 0.41250 0.09900 -0.56005
v 0.43995 0.09900 -0.66250
v 0.43995 0.09900 -0.58750
v 0.45000 0.09900 -0.62500
v 0.31005 0.09900 -0.41250
v 0.31005 0.04900 -0.41250
v 0.30000 0.04900 -0.37500
v 0.30000 0.09900 -0.37500
v 0.31005 0.04900 -0.33750
v 0.33750 0.09900 -0.43995
v 0.33750 0.04900 -0.43995
v 0.37500 0.09900 -0.45000
v 0.37500 0.04900 -0.45000
v 0.31005 0.09900 -0.33750
v 0.33750 0.04900 -0.31005
v 0.33750 0.09900 -0.31005
v 0.37500 0.04900 -0.30000
v 0.30000 0.09900 -0.37500
v 0.31005 0.09900 -0.33750
v 0.31005 0.09900 -0.41250
v 0.37500 0.09900 -0.30000
v 0.33750 0.09900 -0.43995
v 0.33750 0.09900 -0.31005
v 0.37500 0.09900 -0.45000
v 0.37500 0.09900 -0.30000
v 0.41250 0.09900 -0.43995
v 0.41250 0.04900 -0.43995
v 0.43995 0.09900 -0.41250
v 0.43995 0.04900 -0.41250
v 0.41250 0.04900 -0.31005
v 0.41250 0.09900 -0.31005
v 0.43995 0.04900 -0.33750
v 0.45000 0.09900 -0.37500
v 0.45000 0.04900 -0.37500
v 0.43995 0.09900 -0.33750
v 0.41250 0.09900 -0.43995
v 0.41250 0.09900 -0.31005
v 0.43995 0.09900 -0.41250
v 0.43995 0.09900 -0.33750
v 0.45000 0.09900 -0.37500
v 0.31005 0.09900 -0.16250
v 0.31005 0.04900 -0.16250
v 0.30000 0.04900 -0.12500
v 0.30000 0.09900 -0.12500
v 0.31005 0.04900 -0.08750
v 0.33750 0.09900 -0.18995
v 0.33750 0.04900 -0.18995
v 0.37500 0.09900 -0.20000
v 0.37500 0.04900 -0.20000
v 0.31005 0.09900 -0.08750
v 0.33750 0.04900 -0.06005
v 0.33750 0.09900 -0.06005
v 0.37500 0.04900 -0.05000
v 0.30000 0.09900 -0.12500
v 0.31005 0.09900 -0.08750
v 0.31005 0.09900 -0.16250
v 0.37500 0.09900 -0.05000
v 0.33750 0.09900 -0.18995
v 0.33750 0.09900 -0.06005
v 0.37500 0.09900 -0.20000
v 0.37500 0.09900 -0.05000
v 0.41250 0.09900 -0.18995
v 0.41250 0.04900 -0.18995
v 0.43995 0.09900 -0.16250
v 0.43995 0.04900 -0.16250
v 0.41250 0.04900 -0.06005
v 0.41250 0.09900 -0.06005
v 0.43995 0.04900 -0.08750
v 0.45000 0.09900 -0.12500
v 0.45000 0.04900 -0.12500
v 0.43995 0.09900 -0.08750
v 0.41250 0.09900 -0.18995
v 0.41250 0.09900 -0.06005
v 0.43995 0.09900 -0.16250
v 0.43995 0.09900 -0.08750
v 0.45000 0.09900 -0.12500
v 0.31005 0.09900 0.08750
v 0.31005 0.04900 0.08750
v 0.30000 0.04900 0.12500
v 0.30000 0.09900 0.12500
v 0.31005 0.04900 0.16250
v 0.33750 0.09900 0.06005
v 0.33750 0.04900 0.06005
v 0.37500 0.09900 0.05000
v 0.37500 0.04900 0.05000
v 0.31005 0.09900 0.16250
v 0.33750 0.04900 0.18995
v 0.33750 0.09900 0.18995
v 0.37500 0.04900 0.20000
v 0.31005 0.09900 0.08750
v 0.30000 0.09900 0.12500
v 0.31005 0.09900 0.16250
v 0.37500 0.09900 0.20000
v 0.33750 0.09900 0.06005
v 0.33750 0.09900 0.18995
v 0.37500 0.09900 0.05000
v 0.37500 0.09900 0.20000
v 0.41250 0.09900 0.06005
v 0.41250 0.04900 0.06005
v 0.43995 0.09900 0.08750
v 0.43995 0.04900 0.08750
v 0.41250 0.04900 0.18995
v 0.41250 0.09900 0.18995
v 0.43995 0.04900 0.16250
v 0.45000 0.09900 0.12500
v 0.45000 0.04900 0.12500
v 0.43995 0.09900 0.16250
v 0.41250 0.09900 0.06005
v 0.41250 0.09900 0.18995
v 0.43995 0.09900 0.08750
v 0.43995 0.09900 0.16250
v 0.45000 0.09900 0.12500
v 0.31005 0.09900 0.33750
v 0.31005 0.04900 0.33750
v 0.30000 0.04900 0.37500
v 0.30000 0.09900 0.37500
v 0.31005 0.04900 0.41250
v 0.33750 0.09900 0.31005
v 0.33750 0.04900 0.31005
v 0.37500 0.09900 0.30000
v 0.37500 0.04900 0.30000
v 0.31005 0.09900 0.41250
v 0.33750 0.04900 0.43995
v 0.33750 0.09900 0.43995
v 0.37500 0.04900 0.45000
v 0.31005 0.09900 0.33750
v 0.30000 0.09900 0.37500
v 0.31005 0.09900 0.41250
v 0.37500 0.09900 0.45000
v 0.33750 0.09900 0.31005
v 0.33750 0.09900 0.43995
v 0.37500 0.09900 0.30000
v 0.37500 0.09900 0.45000
v 0.41250 0.09900 0.31005
v 0.41250 0.04900 0.31005
v 0.43995 0.09900 0.33750
v 0.43995 0.04900 0.33750
v 0.41250 0.04900 0.43995
v 0.41250 0.09900 0.43995
v 0.43995 0.04900 0.41250
v 0.45000 0.09900 0.37500
v 0.45000 0.04900 0.37500
v 0.43995 0.09900 0.41250
v 0.41250 0.09900 0.31005
v 0.41250 0.09900 0.43995
v 0.43995 0.09900 0.33750
v 0.43995 0.09900 0.41250
v 0.45000 0.09900 0.37500
v 0.31005 0.09900 0.58750
v 0.31005 0.04900 0.58750
v 0.30000 0.04900 0.62500
v 0.30000 0.09900 0.62500
v 0.31005 0.04900 0.66250
v 0.33750 0.09900 0.56005
v 0.33750 0.04900 0.56005
v 0.37500 0.09900 0.55000
v 0.37500 0.04900 0.55000
v 0.31005 0.09900 0.66250
v 0.33750 0.04900 0.68995
v 0.33750 0.09900 0.68995
v 0.37500 0.04900 0.70000
v 0.31005 0.09900 0.58750
v 0.30000 0.09900 0.62500
v 0.31005 0.09900 0.66250
v 0.37500 0.09900 0.70000
v 0.33750 0.09900 0.56005
v 0.33750 0.09900 0.68995
v 0.37500 0.09900 0.55000
v 0.37500 0.09900 0.70000
v 0.41250 0.09900 0.56005
v 0.41250 0.04900 0.56005
v 0.43995 0.09900 0.58750
v 0.43995 0.04900 0.58750
v 0.41250 0.04900 0.68995
v 0.41250 0.09900 0.68995
v 0.43995 0.04900 0.66250
v 0.45000 0.09900 0.62500
v 0.45000 0.04900 0.62500
v 0.43995 0.09900 0.66250
v 0.41250 0.09900 0.56005
v 0.41250 0.09900 0.68995
v 0.43995 0.09900 0.58750
v 0.43995 0.09900 0.66250
v 0.45000 0.09900 0.62500
v 0.31005 0.09900 0.83750
v 0.31005 0.04900 0.83750
v 0.30000 0.04900 0.87500
v 0.30000 0.09900 0.87500
v 0.31005 0.04900 0.91250
v 0.33750 0.09900 0.81005
v 0.33750 0.04900 0.81005
v 0.37500 0.09900 0.80000
v 0.37500 0.04900 0.80000
v 0.31005 0.09900 0.91250
v 0.33750 0.04900 0.93995
v 0.33750 0.09900 0.93995
v 0.37500 0.04900 0.95000
v 0.30000 0.09900 0.87500
v 0.31005 0.09900 0.91250
v 0.31005 0.09900 0.83750
v 0.37500 0.09900 0.95000
v 0.33750 0.09900 0.81005
v 0.33750 0.09900 0.93995
v 0.37500 0.09900 0.80000
v 0.37500 0.09900 0.95000
v 0.41250 0.09900 0.81005
v 0.41250 0.04900 0.81005
v 0.43995 0.09900 0.83750
v 0.43995 0.04900 0.83750
v 0.41250 0.04900 0.93995
v 0.41250 0.09900 0.93995
v 0.43995 0.04900 0.91250
v 0.45000 0.09900 0.87500
v 0.45000 0.04900 0.87500
v 0.43995 0.09900 0.91250
v 0.41250 0.09900 0.81005
v 0.41250 0.09900 0.93995
v 0.43995 0.09900 0.83750
v 0.43995 0.09900 0.91250
v 0.45000 0.09900 0.87500
vn -0.1877 -0.9641 -0.1877
vn -0.6887 -0.6887 -0.2265
vn -0.2265 -0.6887 -0.6887
vn -0.6887 -0.2265 -0.6887
vn -0.9641 -0.1877 -0.1877
vn -0.1877 -0.1877 -0.9641
vn -0.6887 0.2265 -0.6887
vn -0.6887 -0.6887 0.2265
vn -0.9641 0.1877 -0.1877
vn -0.1877 0.1877 -0.9641
vn -0.9641 0.1877 0.1877
vn 0.1877 -0.9641 -0.1877
vn 0.1877 -0.1877 -0.9641
vn 0.1877 0.1877 -0.9641
vn -0.1877 -0.9641 0.1877
vn -0.9641 -0.1877 0.1877
vn -0.2265 -0.6887 0.6887
vn -0.6887 -0.2265 0.6887
vn -0.1877 -0.1877 0.9641
vn -0.6887 0.2265 0.6887
vn -0.1877 0.1877 0.9641
vn 0.1877 -0.9641 0.1877
vn 0.2265 -0.6887 0.6887
vn 0.1877 -0.1877 0.9641
vn -0.6887 0.6887 -0.2265
vn -0.2265 0.6887 -0.6887
vn -0.1877 0.9641 -0.1877
vn 0.0000 1.0000 0.0000
vn 0.0000 1.0000 0.0000
vn 0.0000 1.0000 0.0000
vn 0.0000 1.0000 0.0000
vn 0.0000 1.0000 0.0000
vn 0.0000 1.0000 0.0000
vn 0.0000 1.0000 0.0000
vn 0.0000 1.0000 0.0000
vn 0.0000 1.0000 0.0000
vn 0.0000 1.0000 0.0000
vn 0.0000 1.0000 0.0000
vn 0.0000 1.0000 0.0000
vn 0.0000 1.0000 0.0000
vn 0.0000 1.0000 0.0000
vn 0.0000 1.0000 0.0000
vn 0.0000 1.0000 0.0000
vn 0.0000 1.0000 0.0000
vn 0.0000 1.0000 0.0000
vn 0.0000 1.0000 0.0000
vn 0.0000 1.0000 0.0000
vn 0.0000 1.0000 0.0000
vn 0.0000 1.0000 0.0000
vn 0.0000 1.0000 0.0000
vn 0.0000 1.0000 0.0000
vn 0.0000 1.0000 0.0000
vn 0.0000 1.0000 0.0000
vn 0.0000 1.0000 0.0000
vn 0.0000 1.0000 0.0000
vn 0.0000 1.0000 0.0000
vn 0.0000 1.0000 0.0000
vn 0.0000 1.0000 0.0000
vn 0.0000 1.0000 0.0000
vn 0.0000 1.0000 0.0000
vn -0.1877 0.9641 0.1877
vn 0.0000 1.0000 0.0000
vn 0.0000 1.0000 0.0000
vn 0.0000 1.0000 0.0000
vn 0.0000 1.0000 0.0000
vn 0.0000 1.0000 0.0000
vn 0.0000 1.0000 0.0000
vn 0.0000 1.0000 0.0000
vn 0.0000 1.0000 0.0000
vn 0.0000 1.0000 0.0000
vn 0.0000 1.0000 0.0000
vn 0.0000 1.0000 0.0000
vn 0.0000 1.0000 0.0000
vn 0.0000 1.0000 0.0000
vn 0.0000 1.0000 0.0000
vn 0.0000 1.0000 0.0000
vn 0.0000 1.0000 0.0000
vn 0.0000 1.0000 0.0000
vn 0.0000 1.0000 0.0000
vn 0.0000 1.0000 0.0000
vn 0.0000 1.0000 0.0000
vn 0.0000 1.0000 0.0000
vn 0.0000 1.0000 0.0000
vn 0.0000 1.0000 0.0000
vn 0.0000 1.0000 0.0000
vn 0.0000 1.0000 0.0000
vn 0.0000 1.0000 0.0000
vn 0.0000 1.0000 0.0000
vn 0.0000 1.0000 0.0000
vn 0.0000 1.0000 0.0000
vn 0.0000 1.0000 0.0000
vn 0.0000 1.0000 0.0000
vn 0.0000 1.0000 0.0000
vn 0.1877 0.9641 -0.1877
vn 0.0000 1.0000 0.0000
vn 0.0000 1.0000 0.0000
vn 0.0000 1.0000 0.0000
vn 0.0000 1.0000 0.0000
vn 0.0000 1.0000 0.0000
vn 0.0000 1.0000 0.0000
vn 0.0000 1.0000 0.0000
vn 0.0000 1.0000 0.0000
vn 0.0000 1.0000 0.0000
vn 0.0000 1.0000 0.0000
vn 0.0000 1.0000 0.0000
vn 0.0000 1.0000 0.0000
vn 0.0000 1.0000 0.0000
vn 0.0000 1.0000 0.0000
vn 0.0000 1.0000 0.0000
vn 0.0000 1.0000 0.0000
vn 0.0000 1.0000 0.0000
vn 0.0000 1.0000 0.0000
vn 0.0000 1.0000 0.0000
vn 0.0000 1.0000 0.0000
vn 0.0000 1.0000 0.0000
vn 0.0000 1.0000 0.0000
vn 0.0000 1.0000 0.0000
vn 0.0000 1.0000 0.0000
vn 0.0000 1.0000 0.0000
vn 0.0000 1.0000 0.0000
vn 0.0000 1.0000 0.0000
vn 0.0000 1.0000 0.0000
vn 0.0000 1.0000 0.0000
vn 0.0000 1.0000 0.0000
vn 0.0000 1.0000 0.0000
vn 0.0000 1.0000 0.0000
vn 0.0000 1.0000 0.0000
vn 0.0000 1.0000 0.0000
vn 0.0000 1.0000 0.0000
vn 0.0000 1.0000 0.0000
vn 0.0000 1.0000 0.0000
vn 0.0000 1.0000 0.0000
vn 0.0000 1.0000 0.0000
vn 0.0000 1.0000 0.0000
vn 0.0000 1.0000 0.0000
vn 0.0000 1.0000 0.0000
vn 0.0000 1.0000 0.0000
vn 0.0000 1.0000 0.0000
vn 0.0000 1.0000 0.0000
vn 0.0000 1.0000 0.0000
vn 0.0000 1.0000 0.0000
vn 0.0000 1.0000 0.0000
vn 0.0000 1.0000 0.0000
vn 0.0000 1.0000 0.0000
vn 0.0000 1.0000 0.0000
vn 0.0000 1.0000 0.0000
vn 0.0000 1.0000 0.0000
vn 0.0000 1.0000 0.0000
vn 0.0000 1.0000 0.0000
vn 0.0000 1.0000 0.0000
vn -0.6887 0.6887 0.2265
vn 0.0000 1.0000 0.0000
vn 0.0000 1.0000 0.0000
vn 0.0000 1.0000 0.0000
vn 0.0000 1.0000 0.0000
vn 0.0000 1.0000 0.0000
vn 0.0000 1.0000 0.0000
vn 0.0000 1.0000 0.0000
vn 0.0000 1.0000 0.0000
vn 0.0000 1.0000 0.0000
vn 0.0000 1.0000 0.0000
vn 0.0000 1.0000 0.0000
vn 0.0000 1.0000 0.0000
vn 0.0000 1.0000 0.0000
vn 0.0000 1.0000 0.0000
vn 0.0000 1.0000 0.0000
vn 0.0000 1.0000 0.0000
vn 0.0000 1.0000 0.0000
vn 0.0000 1.0000 0.0000
vn 0.0000 1.0000 0.0000
vn 0.0000 1.0000 0.0000
vn 0.0000 1.0000 0.0000
vn 0.0000 1.0000 0.0000
vn -0.2265 0.6887 0.6887
vn 0.0000 1.0000 0.0000
vn 0.0000 1.0000 0.0000
vn 0.0000 1.0000 0.0000
vn 0.0000 1.0000 0.0000
vn 0.0000 1.0000 0.0000
vn 0.0000 1.0000 0.0000
vn 0.0000 1.0000 0.0000
vn 0.0000 1.0000 0.0000
vn 0.0000 1.0000 0.0000
vn 0.0000 1.0000 0.0000
vn 0.0000 1.0000 0.0000
vn 0.0000 1.0000 0.0000
vn 0.0000 1.0000 0.0000
vn 0.0000 1.0000 0.0000
vn 0.0000 1.0000 0.0000
vn 0.0000 1.0000 0.0000
vn 0.0000 1.0000 0.0000
vn 0.0000 1.0000 0.0000
vn 0.0000 1.0000 0.0000
vn 0.0000 1.0000 0.0000
vn 0.0000 1.0000 0.0000
vn 0.0000 1.0000 0.0000
vn 0.0000 1.0000 0.0000
vn 0.0000 1.0000 0.0000
vn 0.0000 1.0000 0.0000
vn 0.0000 1.0000 0.0000
vn 0.0000 1.0000 0.0000
vn 0.0000 1.0000 0.0000
vn 0.0000 1.0000 0.0000
vn 0.0000 1.0000 0.0000
vn 0.0000 1.0000 0.0000
vn 0.0000 1.0000 0.0000
vn 0.0000 1.0000 0.0000
vn 0.0000 1.0000 0.0000
vn 0.0000 1.0000 0.0000
vn 0.0000 1.0000 0.0000
vn 0.0000 1.0000 0.0000
vn 0.0000 1.0000 0.0000
vn 0.0000 1.0000 0.0000
vn 0.0000 1.0000 0.0000
vn 0.0000 1.0000 0.0000
vn 0.0000 1.0000 0.0000
vn 0.0000 1.0000 0.0000
vn 0.0000 1.0000 0.0000
vn 0.0000 1.0000 0.0000
vn 0.0000 1.0000 0.0000
vn 0.0000 1.0000 0.0000
vn 0.1877 0.1877 0.9641
vn 0.0000 1.0000 0.0000
vn 0.0000 1.0000 0.0000
vn 0.0000 1.0000 0.0000
vn 0.0000 1.0000 0.0000
vn 0.0000 1.0000 0.0000
vn 0.0000 1.0000 0.0000
vn 0.0000 1.0000 0.0000
vn 0.1877 0.9641 0.1877
vn 0.0000 1.0000 0.0000
vn 0.0000 1.0000 0.0000
vn 0.0000 1.0000 0.0000
vn 0.0000 1.0000 0.0000
vn 0.0000 1.0000 0.0000
vn 0.0000 1.0000 0.0000
vn 0.0000 1.0000 0.0000
vn 0.0000 1.0000 0.0000
vn 0.0000 1.0000 0.0000
vn 0.0000 1.0000 0.0000
vn 0.0000 1.0000 0.0000
vn 0.0000 1.0000 0.0000
vn 0.2265 -0.6887 -0.6887
vn 0.6887 -0.6887 -0.2265
vn 0.6887 -0.2265 -0.6887
vn 0.9641 -0.1877 -0.1877
vn 0.6887 0.2265 -0.6887
vn 0.6887 -0.6887 0.2265
vn 0.9641 0.1877 -0.1877
vn 0.9641 -0.1877 0.1877
vn 0.6887 -0.2265 0.6887
vn 0.9641 0.1877 0.1877
vn 0.6887 0.2265 0.6887
vn 0.0000 1.0000 0.0000
vn 0.0000 1.0000 0.0000
vn 0.0000 1.0000 0.0000
vn 0.0000 1.0000 0.0000
vn 0.0000 1.0000 0.0000
vn 0.0000 1.0000 0.0000
vn 0.0000 1.0000 0.0000
vn 0.0000 1.0000 0.0000
vn 0.2265 0.6887 -0.6887
vn 0.0000 1.0000 0.0000
vn 0.0000 1.0000 0.0000
vn 0.0000 1.0000 0.0000
vn 0.0000 1.0000 0.0000
vn 0.0000 1.0000 0.0000
vn 0.0000 1.0000 0.0000
vn 0.0000 1.0000 0.0000
vn 0.0000 1.0000 0.0000
vn 0.0000 1.0000 0.0000
vn 0.0000 1.0000 0.0000
vn 0.0000 1.0000 0.0000
vn 0.0000 1.0000 0.0000
vn 0.0000 1.0000 0.0000
vn 0.0000 1.0000 0.0000
vn 0.0000 1.0000 0.0000
vn 0.0000 1.0000 0.0000
vn 0.0000 1.0000 0.0000
vn 0.0000 1.0000 0.0000
vn 0.0000 1.0000 0.0000
vn 0.0000 1.0000 0.0000
vn 0.0000 1.0000 0.0000
vn 0.0000 1.0000 0.0000
vn 0.0000 1.0000 0.0000
vn 0.0000 1.0000 0.0000
vn 0.0000 1.0000 0.0000
vn 0.0000 1.0000 0.0000
vn 0.0000 1.0000 0.0000
vn 0.0000 1.0000 0.0000
vn 0.0000 1.0000 0.0000
vn 0.0000 1.0000 0.0000
vn 0.0000 1.0000 0.0000
vn 0.0000 1.0000 0.0000
vn 0.0000 1.0000 0.0000
vn 0.0000 1.0000 0.0000
vn 0.0000 1.0000 0.0000
vn 0.0000 1.0000 0.0000
vn 0.0000 1.0000 0.0000
vn 0.0000 1.0000 0.0000
vn 0.0000 1.0000 0.0000
vn 0.0000 1.0000 0.0000
vn 0.0000 1.0000 0.0000
vn 0.0000 1.0000 0.0000
vn 0.0000 1.0000 0.0000
vn 0.0000 1.0000 0.0000
vn 0.0000 1.0000 0.0000
vn 0.6887 0.6887 -0.2265
vn 0.0000 1.0000 0.0000
vn 0.0000 1.0000 0.0000
vn 0.0000 1.0000 0.0000
vn 0.0000 1.0000 0.0000
vn 0.0000 1.0000 0.0000
vn 0.0000 1.0000 0.0000
vn 0.0000 1.0000 0.0000
vn 0.0000 1.0000 0.0000
vn 0.0000 1.0000 0.0000
vn 0.0000 1.0000 0.0000
vn 0.0000 1.0000 0.0000
vn 0.0000 1.0000 0.0000
vn 0.0000 1.0000 0.0000
vn 0.0000 1.0000 0.0000
vn 0.0000 1.0000 0.0000
vn 0.0000 1.0000 0.0000
vn 0.0000 1.0000 0.0000
vn 0.0000 1.0000 0.0000
vn 0.0000 1.0000 0.0000
vn 0.0000 1.0000 0.0000
vn 0.0000 1.0000 0.0000
vn 0.0000 1.0000 0.0000
vn 0.0000 1.0000 0.0000
vn 0.0000 1.0000 0.0000
vn 0.0000 1.0000 0.0000
vn 0.0000 1.0000 0.0000
vn 0.0000 1.0000 0.0000
vn 0.0000 1.0000 0.0000
vn 0.0000 1.0000 0.0000
vn 0.0000 1.0000 0.0000
vn 0.0000 1.0000 0.0000
vn 0.0000 1.0000 0.0000
vn 0.0000 1.0000 0.0000
vn 0.0000 1.0000 0.0000
vn 0.0000 1.0000 0.0000
vn 0.0000 1.0000 0.0000
vn 0.0000 1.0000 0.0000
vn 0.0000 1.0000 0.0000
vn 0.0000 1.0000 0.0000
vn 0.0000 1.0000 0.0000
vn 0.0000 1.0000 0.0000
vn 0.0000 1.0000 0.0000
vn 0.0000 1.0000 0.0000
vn 0.0000 1.0000 0.0000
vn 0.0000 1.0000 0.0000
vn 0.0000 1.0000 0.0000
vn 0.0000 1.0000 0.0000
vn 0.0000 1.0000 0.0000
vn 0.0000 1.0000 0.0000
vn 0.0000 1.0000 0.0000
vn 0.0000 1.0000 0.0000
vn 0.0000 1.0000 0.0000
vn 0.0000 1.0000 0.0000
vn 0.0000 1.0000 0.0000
vn 0.0000 1.0000 0.0000
vn 0.0000 1.0000 0.0000
vn 0.0000 1.0000 0.0000
vn 0.0000 1.0000 0.0000
vn 0.0000 1.0000 0.0000
vn 0.0000 1.0000 0.0000
vn 0.0000 1.0000 0.0000
vn 0.0000 1.0000 0.0000
vn 0.0000 1.0000 0.0000
vn 0.0000 1.0000 0.0000
vn 0.0000 1.0000 0.0000
vn 0.0000 1.0000 0.0000
vn 0.0000 1.0000 0.0000
vn 0.0000 1.0000 0.0000
vn 0.0000 1.0000 0.0000
vn 0.0000 1.0000 0.0000
vn 0.0000 1.0000 0.0000
vn 0.0000 1.0000 0.0000
vn 0.0000 1.0000 0.0000
vn 0.0000 1.0000 0.0000
vn 0.0000 1.0000 0.0000
vn 0.0000 1.0000 0.0000
vn 0.0000 1.0000 0.0000
vn 0.0000 1.0000 0.0000
vn 0.0000 1.0000 0.0000
vn 0.0000 1.0000 0.0000
vn 0.0000 1.0000 0.0000
vn 0.0000 1.0000 0.0000
vn 0.0000 1.0000 0.0000
vn 0.0000 1.0000 0.0000
vn 0.0000 1.0000 0.0000
vn 0.2265 0.6887 0.6887
vn 0.0000 1.0000 0.0000
vn 0.0000 1.0000 0.0000
vn 0.0000 1.0000 0.0000
vn 0.0000 1.0000 0.0000
vn 0.0000 1.0000 0.0000
vn 0.0000 1.0000 0.0000
vn 0.0000 1.0000 0.0000
vn 0.0000 1.0000 0.0000
vn 0.0000 1.0000 0.0000
vn 0.0000 1.0000 0.0000
vn 0.0000 1.0000 0.0000
vn 0.0000 1.0000 0.0000
vn 0.0000 1.0000 0.0000
vn 0.0000 1.0000 0.0000
vn 0.0000 1.0000 0.0000
vn 0.0000 1.0000 0.0000
vn 0.0000 1.0000 0.0000
vn 0.0000 1.0000 0.0000
vn 0.0000 1.0000 0.0000
vn 0.0000 1.0000 0.0000
vn 0.0000 1.0000 0.0000
vn 0.0000 1.0000 0.0000
vn 0.0000 1.0000 0.0000
vn 0.0000 1.0000 0.0000
vn 0.6887 0.6887 0.2265
vn 0.0000 1.0000 0.0000
vn 0.0000 1.0000 0.0000
vn 0.0000 1.0000 0.0000
vn 0.0000 1.0000 0.0000
vn 0.0000 1.0000 0.0000
vn 0.0000 1.0000 0.0000
vn 0.0000 1.0000 0.0000
vn 0.0000 1.0000 0.0000
vn 0.0000 1.0000 0.0000
vn 0.0000 1.0000 0.0000
vn 0.0000 1.0000 0.0000
vn 0.0000 1.0000 0.0000
vn 0.0000 1.0000 0.0000
vn -0.8660 0.0000 -0.5000
vn -0.8660 0.0000 -0.5000
vn -1.0000 0.0000 0.0000
vn -1.0000 0.0000 -0.0000
vn -0.8660 0.0000 0.5000
vn -0.5000 0.0000 -0.8660
vn -0.5000 0.0000 -0.8660
vn 0.0000 0.0000 -1.0000
vn -0.0000 0.0000 -1.0000
vn -0.8660 0.0000 0.5000
vn -0.5000 0.0000 0.8660
vn -0.5000 0.0000 0.8660
vn 0.0000 0.0000 1.0000
vn 0.0000 1.0000 0.0000
vn 0.0000 1.0000 0.0000
vn 0.0000 1.0000 0.0000
vn -0.0000 0.0000 1.0000
vn 0.0000 1.0000 0.0000
vn 0.0000 1.0000 0.0000
vn 0.0000 1.0000 0.0000
vn 0.0000 1.0000 0.0000
vn 0.5000 0.0000 -0.8660
vn 0.5000 0.0000 -0.8660
vn 0.8660 0.0000 -0.5000
vn 0.8660 0.0000 -0.5000
vn 0.5000 0.0000 0.8660
vn 0.5000 0.0000 0.8660
vn 0.8660 0.0000 0.5000
vn 1.0000 0.0000 0.0000
vn 1.0000 0.0000 -0.0000
vn 0.8660 0.0000 0.5000
vn 0.0000 1.0000 0.0000
vn 0.0000 1.0000 0.0000
vn 0.0000 1.0000 0.0000
vn 0.0000 1.0000 0.0000
vn 0.0000 1.0000 0.0000
vn -0.8660 0.0000 -0.5000
vn -0.8660 0.0000 -0.5000
vn -1.0000 0.0000 0.0000
vn -1.0000 0.0000 -0.0000
vn -0.8660 0.0000 0.5000
vn -0.5000 0.0000 -0.8660
vn -0.5000 0.0000 -0.8660
vn 0.0000 0.0000 -1.0000
vn -0.0000 0.0000 -1.0000
vn -0.8660 0.0000 0.5000
vn -0.5000 0.0000 0.8660
vn -0.5000 0.0000 0.8660
vn 0.0000 0.0000 1.0000
vn 0.0000 1.0000 0.0000
vn 0.0000 1.0000 0.0000
vn 0.0000 1.0000 0.0000
vn -0.0000 0.0000 1.0000
vn 0.0000 1.0000 0.0000
vn 0.0000 1.0000 0.0000
vn 0.0000 1.0000 0.0000
vn 0.0000 1.0000 0.0000
vn 0.5000 0.0000 -0.8660
vn 0.5000 0.0000 -0.8660
vn 0.8660 0.0000 -0.5000
vn 0.8660 0.0000 -0.5000
vn 0.5000 0.0000 0.8660
vn 0.5000 0.0000 0.8660
vn 0.8660 0.0000 0.5000
vn 1.0000 0.0000 0.0000
vn 1.0000 0.0000 -0.0000
vn 0.8660 0.0000 0.5000
vn 0.0000 1.0000 0.0000
vn 0.0000 1.0000 0.0000
vn 0.0000 1.0000 0.0000
vn 0.0000 1.0000 0.0000
vn 0.0000 1.0000 0.0000
vn -0.8660 0.0000 -0.5000
vn -0.8660 0.0000 -0.5000
vn -1.0000 0.0000 0.0000
vn -1.0000 0.0000 -0.0000
vn -0.8660 0.0000 0.5000
vn -0.5000 0.0000 -0.8660
vn -0.5000 0.0000 -0.8660
vn 0.0000 0.0000 -1.0000
vn -0.0000 0.0000 -1.0000
vn -0.8660 0.0000 0.5000
vn -0.5000 0.0000 0.8660
vn -0.5000 0.0000 0.8660
vn 0.0000 0.0000 1.0000
vn 0.0000 1.0000 0.0000
vn 0.0000 1.0000 0.0000
vn 0.0000 1.0000 0.0000
vn -0.0000 0.0000 1.0000
vn 0.0000 1.0000 0.0000
vn 0.0000 1.0000 0.0000
vn 0.0000 1.0000 0.0000
vn 0.0000 1.0000 0.0000
vn 0.5000 0.0000 -0.8660
vn 0.5000 0.0000 -0.8660
vn 0.8660 0.0000 -0.5000
vn 0.8660 0.0000 -0.5000
vn 0.5000 0.0000 0.8660
vn 0.5000 0.0000 0.8660
vn 0.8660 0.0000 0.5000
vn 1.0000 0.0000 0.0000
vn 1.0000 0.0000 -0.0000
vn 0.8660 0.0000 0.5000
vn 0.0000 1.0000 0.0000
vn 0.0000 1.0000 0.0000
vn 0.0000 1.0000 0.0000
vn 0.0000 1.0000 0.0000
vn 0.0000 1.0000 0.0000
vn -0.8660 0.0000 -0.5000
vn -0.8660 0.0000 -0.5000
vn -1.0000 0.0000 0.0000
vn -1.0000 0.0000 -0.0000
vn -0.8660 0.0000 0.5000
vn -0.5000 0.0000 -0.8660
vn -0.5000 0.0000 -0.8660
vn 0.0000 0.0000 -1.0000
vn -0.0000 0.0000 -1.0000
vn -0.8660 0.0000 0.5000
vn -0.5000 0.0000 0.8660
vn -0.5000 0.0000 0.8660
vn 0.0000 0.0000 1.0000
vn 0.0000 1.0000 0.0000
vn 0.0000 1.0000 0.0000
vn 0.0000 1.0000 0.0000
vn -0.0000 0.0000 1.0000
vn 0.0000 1.0000 0.0000
vn 0.0000 1.0000 0.0000
vn 0.0000 1.0000 0.0000
vn 0.0000 1.0000 0.0000
vn 0.5000 0.0000 -0.8660
vn 0.5000 0.0000 -0.8660
vn 0.8660 0.0000 -0.5000
vn 0.8660 0.0000 -0.5000
vn 0.5000 0.0000 0.8660
vn 0.5000 0.0000 0.8660
vn 0.8660 0.0000 0.5000
vn 1.0000 0.0000 0.0000
vn 1.0000 0.0000 -0.0000
vn 0.8660 0.0000 0.5000
vn 0.0000 1.0000 0.0000
vn 0.0000 1.0000 0.0000
vn 0.0000 1.0000 0.0000
vn 0.0000 1.0000 0.0000
vn 0.0000 1.0000 0.0000
vn -0.8660 -0.0000 -0.5000
vn -0.8660 0.0000 -0.5000
vn -1.0000 -0.0000 -0.0000
vn -1.0000 0.0000 0.0000
vn -0.8660 0.0000 0.5000
vn -0.5000 0.0000 -0.8660
vn -0.5000 0.0000 -0.8660
vn 0.0000 0.0000 -1.0000
vn -0.0000 0.0000 -1.0000
vn -0.8660 0.0000 0.5000
vn -0.5000 0.0000 0.8660
vn -0.5000 0.0000 0.8660
vn 0.0000 0.0000 1.0000
vn 0.0000 1.0000 0.0000
vn 0.0000 1.0000 0.0000
vn 0.0000 1.0000 0.0000
vn -0.0000 0.0000 1.0000
vn 0.0000 1.0000 0.0000
vn 0.0000 1.0000 0.0000
vn 0.0000 1.0000 0.0000
vn 0.0000 1.0000 0.0000
vn 0.5000 0.0000 -0.8660
vn 0.5000 0.0000 -0.8660
vn 0.8660 0.0000 -0.5000
vn 0.8660 0.0000 -0.5000
vn 0.5000 0.0000 0.8660
vn 0.5000 0.0000 0.8660
vn 0.8660 0.0000 0.5000
vn 1.0000 0.0000 -0.0000
vn 1.0000 -0.0000 0.0000
vn 0.8660 -0.0000 0.5000
vn 0.0000 1.0000 0.0000
vn 0.0000 1.0000 0.0000
vn 0.0000 1.0000 0.0000
vn 0.0000 1.0000 0.0000
vn 0.0000 1.0000 0.0000
vn -0.8660 -0.0000 -0.5000
vn -0.8660 0.0000 -0.5000
vn -1.0000 -0.0000 -0.0000
vn -1.0000 0.0000 0.0000
vn -0.8660 0.0000 0.5000
vn -0.5000 0.0000 -0.8660
vn -0.5000 0.0000 -0.8660
vn 0.0000 0.0000 -1.0000
vn -0.0000 0.0000 -1.0000
vn -0.8660 0.0000 0.5000
vn -0.5000 0.0000 0.8660
vn -0.5000 0.0000 0.8660
vn 0.0000 0.0000 1.0000
vn 0.0000 1.0000 0.0000
vn 0.0000 1.0000 0.0000
vn 0.0000 1.0000 0.0000
vn -0.0000 0.0000 1.0000
vn 0.0000 1.0000 0.0000
vn 0.0000 1.0000 0.0000
vn 0.0000 1.0000 0.0000
vn 0.0000 1.0000 0.0000
vn 0.5000 0.0000 -0.8660
vn 0.5000 0.0000 -0.8660
vn 0.8660 0.0000 -0.5000
vn 0.8660 0.0000 -0.5000
vn 0.5000 0.0000 0.8660
vn 0.5000 0.0000 0.8660
vn 0.8660 0.0000 0.5000
vn 1.0000 0.0000 -0.0000
vn 1.0000 -0.0000 0.0000
vn 0.8660 -0.0000 0.5000
vn 0.0000 1.0000 0.0000
vn 0.0000 1.0000 0.0000
vn 0.0000 1.0000 0.0000
vn 0.0000 1.0000 0.0000
vn 0.0000 1.0000 0.0000
vn -0.8660 -0.0000 -0.5000
vn -0.8660 0.0000 -0.5000
vn -1.0000 -0.0000 -0.0000
vn -1.0000 0.0000 0.0000
vn -0.8660 0.0000 0.5000
vn -0.5000 0.0000 -0.8660
vn -0.5000 0.0000 -0.8660
vn 0.0000 0.0000 -1.0000
vn -0.0000 0.0000 -1.0000
vn -0.8660 0.0000 0.5000
vn -0.5000 0.0000 0.8660
vn -0.5000 0.0000 0.8660
vn 0.0000 0.0000 1.0000
vn 0.0000 1.0000 0.0000
vn 0.0000 1.0000 0.0000
vn 0.0000 1.0000 0.0000
vn -0.0000 0.0000 1.0000
vn 0.0000 1.0000 0.0000
vn 0.0000 1.0000 0.0000
vn 0.0000 1.0000 0.0000
vn 0.0000 1.0000 0.0000
vn 0.5000 0.0000 -0.8660
vn 0.5000 0.0000 -0.8660
vn 0.8660 0.0000 -0.5000
vn 0.8660 0.0000 -0.5000
vn 0.5000 0.0000 0.8660
vn 0.5000 0.0000 0.8660
vn 0.8660 0.0000 0.5000
vn 1.0000 0.0000 -0.0000
vn 1.0000 -0.0000 0.0000
vn 0.8660 -0.0000 0.5000
vn 0.0000 1.0000 0.0000
vn 0.0000 1.0000 0.0000
vn 0.0000 1.0000 0.0000
vn 0.0000 1.0000 0.0000
vn 0.0000 1.0000 0.0000
vn -0.8660 -0.0000 -0.5000
vn -0.8660 0.0000 -0.5000
vn -1.0000 -0.0000 -0.0000
vn -1.0000 0.0000 0.0000
vn -0.8660 0.0000 0.5000
vn -0.5000 0.0000 -0.8660
vn -0.5000 0.0000 -0.8660
vn 0.0000 0.0000 -1.0000
vn -0.0000 0.0000 -1.0000
vn -0.8660 0.0000 0.5000
vn -0.5000 0.0000 0.8660
vn -0.5000 0.0000 0.8660
vn 0.0000 0.0000 1.0000
vn 0.0000 1.0000 0.0000
vn 0.0000 1.0000 0.0000
vn 0.0000 1.0000 0.0000
vn -0.0000 0.0000 1.0000
vn 0.0000 1.0000 0.0000
vn 0.0000 1.0000 0.0000
vn 0.0000 1.0000 0.0000
vn 0.0000 1.0000 0.0000
vn 0.5000 0.0000 -0.8660
vn 0.5000 0.0000 -0.8660
vn 0.8660 0.0000 -0.5000
vn 0.8660 0.0000 -0.5000
vn 0.5000 0.0000 0.8660
vn 0.5000 0.0000 0.8660
vn 0.8660 0.0000 0.5000
vn 1.0000 0.0000 -0.0000
vn 1.0000 -0.0000 0.0000
vn 0.8660 -0.0000 0.5000
vn 0.0000 1.0000 0.0000
vn 0.0000 1.0000 0.0000
vn 0.0000 1.0000 0.0000
vn 0.0000 1.0000 0.0000
vn 0.0000 1.0000 0.0000
vn -0.8660 0.0000 -0.5000
vn -0.8660 0.0000 -0.5000
vn -1.0000 0.0000 0.0000
vn -1.0000 0.0000 -0.0000
vn -0.8660 0.0000 0.5000
vn -0.5000 0.0000 -0.8660
vn -0.5000 0.0000 -0.8660
vn 0.0000 0.0000 -1.0000
vn -0.0000 0.0000 -1.0000
vn -0.8660 0.0000 0.5000
vn -0.5000 0.0000 0.8660
vn -0.5000 0.0000 0.8660
vn 0.0000 0.0000 1.0000
vn 0.0000 1.0000 0.0000
vn 0.0000 1.0000 0.0000
vn 0.0000 1.0000 0.0000
vn -0.0000 0.0000 1.0000
vn 0.0000 1.0000 0.0000
vn 0.0000 1.0000 0.0000
vn 0.0000 1.0000 0.0000
vn 0.0000 1.0000 0.0000
vn 0.5000 0.0000 -0.8660
vn 0.5000 0.0000 -0.8660
vn 0.8660 0.0000 -0.5000
vn 0.8660 0.0000 -0.5000
vn 0.5000 0.0000 0.8660
vn 0.5000 0.0000 0.8660
vn 0.8660 0.0000 0.5000
vn 1.0000 0.0000 0.0000
vn 1.0000 0.0000 -0.0000
vn 0.8660 0.0000 0.5000
vn 0.0000 1.0000 0.0000
vn 0.0000 1.0000 0.0000
vn 0.0000 1.0000 0.0000
vn 0.0000 1.0000 0.0000
vn 0.0000 1.0000 0.0000
vn -0.8660 0.0000 -0.5000
vn -0.8660 0.0000 -0.5000
vn -1.0000 0.0000 0.0000
vn -1.0000 0.0000 -0.0000
vn -0.8660 0.0000 0.5000
vn -0.5000 0.0000 -0.8660
vn -0.5000 0.0000 -0.8660
vn 0.0000 0.0000 -1.0000
vn -0.0000 0.0000 -1.0000
vn -0.8660 0.0000 0.5000
vn -0.5000 0.0000 0.8660
vn -0.5000 0.0000 0.8660
vn 0.0000 0.0000 1.0000
vn 0.0000 1.0000 0.0000
vn 0.0000 1.0000 0.0000
vn 0.0000 1.0000 0.0000
vn -0.0000 0.0000 1.0000
vn 0.0000 1.0000 0.0000
vn 0.0000 1.0000 0.0000
vn 0.0000 1.0000 0.0000
vn 0.0000 1.0000 0.0000
vn 0.5000 0.0000 -0.8660
vn 0.5000 0.0000 -0.8660
vn 0.8660 0.0000 -0.5000
vn 0.8660 0.0000 -0.5000
vn 0.5000 0.0000 0.8660
vn 0.5000 0.0000 0.8660
vn 0.8660 0.0000 0.5000
vn 1.0000 0.0000 0.0000
vn 1.0000 0.0000 -0.0000
vn 0.8660 0.0000 0.5000
vn 0.0000 1.0000 0.0000
vn 0.0000 1.0000 0.0000
vn 0.0000 1.0000 0.0000
vn 0.0000 1.0000 0.0000
vn 0.0000 1.0000 0.0000
vn -0.8660 0.0000 -0.5000
vn -0.8660 0.0000 -0.5000
vn -1.0000 0.0000 0.0000
vn -1.0000 0.0000 -0.0000
vn -0.8660 0.0000 0.5000
vn -0.5000 0.0000 -0.8660
vn -0.5000 0.0000 -0.8660
vn 0.0000 0.0000 -1.0000
vn -0.0000 0.0000 -1.0000
vn -0.8660 0.0000 0.5000
vn -0.5000 0.0000 0.8660
vn -0.5000 0.0000 0.8660
vn 0.0000 0.0000 1.0000
vn 0.0000 1.0000 0.0000
vn 0.0000 1.0000 0.0000
vn 0.0000 1.0000 0.0000
vn -0.0000 0.0000 1.0000
vn 0.0000 1.0000 0.0000
vn 0.0000 1.0000 0.0000
vn 0.0000 1.0000 0.0000
vn 0.0000 1.0000 0.0000
vn 0.5000 0.0000 -0.8660
vn 0.5000 0.0000 -0.8660
vn 0.8660 0.0000 -0.5000
vn 0.8660 0.0000 -0.5000
vn 0.5000 0.0000 0.8660
vn 0.5000 0.0000 0.8660
vn 0.8660 0.0000 0.5000
vn 1.0000 0.0000 0.0000
vn 1.0000 0.0000 -0.0000
vn 0.8660 0.0000 0.5000
vn 0.0000 1.0000 0.0000
vn 0.0000 1.0000 0.0000
vn 0.0000 1.0000 0.0000
vn 0.0000 1.0000 0.0000
vn 0.0000 1.0000 0.0000
vn -0.8660 0.0000 -0.5000
vn -0.8660 0.0000 -0.5000
vn -1.0000 0.0000 0.0000
vn -1.0000 0.0000 -0.0000
vn -0.8660 0.0000 0.5000
vn -0.5000 0.0000 -0.8660
vn -0.5000 0.0000 -0.8660
vn 0.0000 0.0000 -1.0000
vn -0.0000 0.0000 -1.0000
vn -0.8660 0.0000 0.5000
vn -0.5000 0.0000 0.8660
vn -0.5000 0.0000 0.8660
vn 0.0000 0.0000 1.0000
vn 0.0000 1.0000 0.0000
vn 0.0000 1.0000 0.0000
vn 0.0000 1.0000 0.0000
vn -0.0000 0.0000 1.0000
vn 0.0000 1.0000 0.0000
vn 0.0000 1.0000 0.0000
vn 0.0000 1.0000 0.0000
vn 0.0000 1.0000 0.0000
vn 0.5000 0.0000 -0.8660
vn 0.5000 0.0000 -0.8660
vn 0.8660 0.0000 -0.5000
vn 0.8660 0.0000 -0.5000
vn 0.5000 0.0000 0.8660
vn 0.5000 0.0000 0.8660
vn 0.8660 0.0000 0.5000
vn 1.0000 0.0000 0.0000
vn 1.0000 0.0000 -0.0000
vn 0.8660 0.0000 0.5000
vn 0.0000 1.0000 0.0000
vn 0.0000 1.0000 0.0000
vn 0.0000 1.0000 0.0000
vn 0.0000 1.0000 0.0000
vn 0.0000 1.0000 0.0000
vn -0.8660 -0.0000 -0.5000
vn -0.8660 0.0000 -0.5000
vn -1.0000 -0.0000 -0.0000
vn -1.0000 0.0000 0.0000
vn -0.8660 0.0000 0.5000
vn -0.5000 0.0000 -0.8660
vn -0.5000 0.0000 -0.8660
vn 0.0000 0.0000 -1.0000
vn -0.0000 0.0000 -1.0000
vn -0.8660 0.0000 0.5000
vn -0.5000 0.0000 0.8660
vn -0.5000 0.0000 0.8660
vn 0.0000 0.0000 1.0000
vn 0.0000 1.0000 0.0000
vn 0.0000 1.0000 0.0000
vn 0.0000 1.0000 0.0000
vn -0.0000 0.0000 1.0000
vn 0.0000 1.0000 0.0000
vn 0.0000 1.0000 0.0000
vn 0.0000 1.0000 0.0000
vn 0.0000 1.0000 0.0000
vn 0.5000 0.0000 -0.8660
vn 0.5000 0.0000 -0.8660
vn 0.8660 0.0000 -0.5000
vn 0.8660 0.0000 -0.5000
vn 0.5000 0.0000 0.8660
vn 0.5000 0.0000 0.8660
vn 0.8660 0.0000 0.5000
vn 1.0000 0.0000 -0.0000
vn 1.0000 -0.0000 0.0000
vn 0.8660 -0.0000 0.5000
vn 0.0000 1.0000 0.0000
vn 0.0000 1.0000 0.0000
vn 0.0000 1.0000 0.0000
vn 0.0000 1.0000 0.0000
vn 0.0000 1.0000 0.0000
vn -0.8660 -0.0000 -0.5000
vn -0.8660 0.0000 -0.5000
vn -1.0000 -0.0000 -0.0000
vn -1.0000 0.0000 0.0000
vn -0.8660 0.0000 0.5000
vn -0.5000 0.0000 -0.8660
vn -0.5000 0.0000 -0.8660
vn 0.0000 0.0000 -1.0000
vn -0.0000 0.0000 -1.0000
vn -0.8660 0.0000 0.5000
vn -0.5000 0.0000 0.8660
vn -0.5000 0.0000 0.8660
vn 0.0000 0.0000 1.0000
vn 0.0000 1.0000 0.0000
vn 0.0000 1.0000 0.0000
vn 0.0000 1.0000 0.0000
vn -0.0000 0.0000 1.0000
vn 0.0000 1.0000 0.0000
vn 0.0000 1.0000 0.0000
vn 0.0000 1.0000 0.0000
vn 0.0000 1.0000 0.0000
vn 0.5000 0.0000 -0.8660
vn 0.5000 0.0000 -0.8660
vn 0.8660 0.0000 -0.5000
vn 0.8660 0.0000 -0.5000
vn 0.5000 0.0000 0.8660
vn 0.5000 0.0000 0.8660
vn 0.8660 0.0000 0.5000
vn 1.0000 0.0000 -0.0000
vn 1.0000 -0.0000 0.0000
vn 0.8660 -0.0000 0.5000
vn 0.0000 1.0000 0.0000
vn 0.0000 1.0000 0.0000
vn 0.0000 1.0000 0.0000
vn 0.0000 1.0000 0.0000
vn 0.0000 1.0000 0.0000
vn -0.8660 -0.0000 -0.5000
vn -0.8660 0.0000 -0.5000
vn -1.0000 -0.0000 -0.0000
vn -1.0000 0.0000 0.0000
vn -0.8660 0.0000 0.5000
vn -0.5000 0.0000 -0.8660
vn -0.5000 0.0000 -0.8660
vn 0.0000 0.0000 -1.0000
vn -0.0000 0.0000 -1.0000
vn -0.8660 0.0000 0.5000
vn -0.5000 0.0000 0.8660
vn -0.5000 0.0000 0.8660
vn 0.0000 0.0000 1.0000
vn 0.0000 1.0000 0.0000
vn 0.0000 1.0000 0.0000
vn 0.0000 1.0000 0.0000
vn -0.0000 0.0000 1.0000
vn 0.0000 1.0000 0.0000
vn 0.0000 1.0000 0.0000
vn 0.0000 1.0000 0.0000
vn 0.0000 1.0000 0.0000
vn 0.5000 0.0000 -0.8660
vn 0.5000 0.0000 -0.8660
vn 0.8660 0.0000 -0.5000
vn 0.8660 0.0000 -0.5000
vn 0.5000 0.0000 0.8660
vn 0.5000 0.0000 0.8660
vn 0.8660 0.0000 0.5000
vn 1.0000 0.0000 -0.0000
vn 1.0000 -0.0000 0.0000
vn 0.8660 -0.0000 0.5000
vn 0.0000 1.0000 0.0000
vn 0.0000 1.0000 0.0000
vn 0.0000 1.0000 0.0000
vn 0.0000 1.0000 0.0000
vn 0.0000 1.0000 0.0000
vn -0.8660 -0.0000 -0.5000
vn -0.8660 0.0000 -0.5000
vn -1.0000 -0.0000 -0.0000
vn -1.0000 0.0000 0.0000
vn -0.8660 0.0000 0.5000
vn -0.5000 0.0000 -0.8660
vn -0.5000 0.0000 -0.8660
vn 0.0000 0.0000 -1.0000
vn -0.0000 0.0000 -1.0000
vn -0.8660 0.0000 0.5000
vn -0.5000 0.0000 0.8660
vn -0.5000 0.0000 0.8660
vn 0.0000 0.0000 1.0000
vn 0.0000 1.0000 0.0000
vn 0.0000 1.0000 0.0000
vn 0.0000 1.0000 0.0000
vn -0.0000 0.0000 1.0000
vn 0.0000 1.0000 0.0000
vn 0.0000 1.0000 0.0000
vn 0.0000 1.0000 0.0000
vn 0.0000 1.0000 0.0000
vn 0.5000 0.0000 -0.8660
vn 0.5000 0.0000 -0.8660
vn 0.8660 0.0000 -0.5000
vn 0.8660 0.0000 -0.5000
vn 0.5000 0.0000 0.8660
vn 0.5000 0.0000 0.8660
vn 0.8660 0.0000 0.5000
vn 1.0000 0.0000 -0.0000
vn 1.0000 -0.0000 0.0000
vn 0.8660 -0.0000 0.5000
vn 0.0000 1.0000 0.0000
vn 0.0000 1.0000 0.0000
vn 0.0000 1.0000 0.0000
vn 0.0000 1.0000 0.0000
vn 0.0000 1.0000 0.0000
vn -0.8660 0.0000 -0.5000
vn -0.8660 0.0000 -0.5000
vn -1.0000 0.0000 0.0000
vn -1.0000 -0.0000 0.0000
vn -0.8660 -0.0000 0.5000
vn -0.5000 0.0000 -0.8660
vn -0.5000 0.0000 -0.8660
vn 0.0000 0.0000 -1.0000
vn -0.0000 0.0000 -1.0000
vn -0.8660 0.0000 0.5000
vn -0.5000 0.0000 0.8660
vn -0.5000 0.0000 0.8660
vn 0.0000 0.0000 1.0000
vn 0.0000 1.0000 0.0000
vn 0.0000 1.0000 0.0000
vn 0.0000 1.0000 0.0000
vn -0.0000 0.0000 1.0000
vn 0.0000 1.0000 0.0000
vn 0.0000 1.0000 0.0000
vn 0.0000 1.0000 0.0000
vn 0.0000 1.0000 0.0000
vn 0.5000 0.0000 -0.8660
vn 0.5000 0.0000 -0.8660
vn 0.8660 0.0000 -0.5000
vn 0.8660 -0.0000 -0.5000
vn 0.5000 0.0000 0.8660
vn 0.5000 0.0000 0.8660
vn 0.8660 0.0000 0.5000
vn 1.0000 -0.0000 0.0000
vn 1.0000 0.0000 0.0000
vn 0.8660 0.0000 0.5000
vn 0.0000 1.0000 0.0000
vn 0.0000 1.0000 0.0000
vn 0.0000 1.0000 0.0000
vn 0.0000 1.0000 0.0000
vn 0.0000 1.0000 0.0000
vn -0.8660 0.0000 -0.5000
vn -0.8660 0.0000 -0.5000
vn -1.0000 0.0000 0.0000
vn -1.0000 -0.0000 0.0000
vn -0.8660 -0.0000 0.5000
vn -0.5000 0.0000 -0.8660
vn -0.5000 0.0000 -0.8660
vn 0.0000 0.0000 -1.0000
vn -0.0000 0.0000 -1.0000
vn -0.8660 0.0000 0.5000
vn -0.5000 0.0000 0.8660
vn -0.5000 0.0000 0.8660
vn 0.0000 0.0000 1.0000
vn 0.0000 1.0000 0.0000
vn 0.0000 1.0000 0.0000
vn 0.0000 1.0000 0.0000
vn -0.0000 0.0000 1.0000
vn 0.0000 1.0000 0.0000
vn 0.0000 1.0000 0.0000
vn 0.0000 1.0000 0.0000
vn 0.0000 1.0000 0.0000
vn 0.5000 0.0000 -0.8660
vn 0.5000 0.0000 -0.8660
vn 0.8660 0.0000 -0.5000
vn 0.8660 -0.0000 -0.5000
vn 0.5000 0.0000 0.8660
vn 0.5000 0.0000 0.8660
vn 0.8660 0.0000 0.5000
vn 1.0000 -0.0000 0.0000
vn 1.0000 0.0000 0.0000
vn 0.8660 0.0000 0.5000
vn 0.0000 1.0000 0.0000
vn 0.0000 1.0000 0.0000
vn 0.0000 1.0000 0.0000
vn 0.0000 1.0000 0.0000
vn 0.0000 1.0000 0.0000
vn -0.8660 0.0000 -0.5000
vn -0.8660 0.0000 -0.5000
vn -1.0000 0.0000 0.0000
vn -1.0000 -0.0000 0.0000
vn -0.8660 -0.0000 0.5000
vn -0.5000 0.0000 -0.8660
vn -0.5000 0.0000 -0.8660
vn 0.0000 0.0000 -1.0000
vn -0.0000 0.0000 -1.0000
vn -0.8660 0.0000 0.5000
vn -0.5000 0.0000 0.8660
vn -0.5000 0.0000 0.8660
vn 0.0000 0.0000 1.0000
vn 0.0000 1.0000 0.0000
vn 0.0000 1.0000 0.0000
vn 0.0000 1.0000 0.0000
vn -0.0000 0.0000 1.0000
vn 0.0000 1.0000 0.0000
vn 0.0000 1.0000 0.0000
vn 0.0000 1.0000 0.0000
vn 0.0000 1.0000 0.0000
vn 0.5000 0.0000 -0.8660
vn 0.5000 0.0000 -0.8660
vn 0.8660 0.0000 -0.5000
vn 0.8660 -0.0000 -0.5000
vn 0.5000 0.0000 0.8660
vn 0.5000 0.0000 0.8660
vn 0.8660 0.0000 0.5000
vn 1.0000 -0.0000 0.0000
vn 1.0000 0.0000 0.0000
vn 0.8660 0.0000 0.5000
vn 0.0000 1.0000 0.0000
vn 0.0000 1.0000 0.0000
vn 0.0000 1.0000 0.0000
vn 0.0000 1.0000 0.0000
vn 0.0000 1.0000 0.0000
vn -0.8660 0.0000 -0.5000
vn -0.8660 0.0000 -0.5000
vn -1.0000 0.0000 0.0000
vn -1.0000 -0.0000 0.0000
vn -0.8660 -0.0000 0.5000
vn -0.5000 0.0000 -0.8660
vn -0.5000 0.0000 -0.8660
vn 0.0000 0.0000 -1.0000
vn -0.0000 0.0000 -1.0000
vn -0.8660 0.0000 0.5000
vn -0.5000 0.0000 0.8660
vn -0.5000 0.0000 0.8660
vn 0.0000 0.0000 1.0000
vn 0.0000 1.0000 0.0000
vn 0.0000 1.0000 0.0000
vn 0.0000 1.0000 0.0000
vn -0.0000 0.0000 1.0000
vn 0.0000 1.0000 0.0000
vn 0.0000 1.0000 0.0000
vn 0.0000 1.0000 0.0000
vn 0.0000 1.0000 0.0000
vn 0.5000 0.0000 -0.8660
vn 0.5000 0.0000 -0.8660
vn 0.8660 0.0000 -0.5000
vn 0.8660 -0.0000 -0.5000
vn 0.5000 0.0000 0.8660
vn 0.5000 0.0000 0.8660
vn 0.8660 0.0000 0.5000
vn 1.0000 -0.0000 0.0000
vn 1.0000 0.0000 0.0000
vn 0.8660 0.0000 0.5000
vn 0.0000 1.0000 0.0000
vn 0.0000 1.0000 0.0000
vn 0.0000 1.0000 0.0000
vn 0.0000 1.0000 0.0000
vn 0.0000 1.0000 0.0000
vn -0.8660 -0.0000 -0.5000
vn -0.8660 0.0000 -0.5000
vn -1.0000 -0.0000 0.0000
vn -1.0000 0.0000 0.0000
vn -0.8660 0.0000 0.5000
vn -0.5000 0.0000 -0.8660
vn -0.5000 0.0000 -0.8660
vn 0.0000 0.0000 -1.0000
vn -0.0000 0.0000 -1.0000
vn -0.8660 0.0000 0.5000
vn -0.5000 0.0000 0.8660
vn -0.5000 0.0000 0.8660
vn 0.0000 0.0000 1.0000
vn 0.0000 1.0000 0.0000
vn 0.0000 1.0000 0.0000
vn 0.0000 1.0000 0.0000
vn -0.0000 0.0000 1.0000
vn 0.0000 1.0000 0.0000
vn 0.0000 1.0000 0.0000
vn 0.0000 1.0000 0.0000
vn 0.0000 1.0000 0.0000
vn 0.5000 0.0000 -0.8660
vn 0.5000 0.0000 -0.8660
vn 0.8660 0.0000 -0.5000
vn 0.8660 0.0000 -0.5000
vn 0.5000 0.0000 0.8660
vn 0.5000 0.0000 0.8660
vn 0.8660 0.0000 0.5000
vn 1.0000 0.0000 0.0000
vn 1.0000 -0.0000 0.0000
vn 0.8660 -0.0000 0.5000
vn 0.0000 1.0000 0.0000
vn 0.0000 1.0000 0.0000
vn 0.0000 1.0000 0.0000
vn 0.0000 1.0000 0.0000
vn 0.0000 1.0000 0.0000
vn -0.8660 -0.0000 -0.5000
vn -0.8660 0.0000 -0.5000
vn -1.0000 -0.0000 0.0000
vn -1.0000 0.0000 0.0000
vn -0.8660 0.0000 0.5000
vn -0.5000 0.0000 -0.8660
vn -0.5000 0.0000 -0.8660
vn 0.0000 0.0000 -1.0000
vn -0.0000 0.0000 -1.0000
vn -0.8660 0.0000 0.5000
vn -0.5000 0.0000 0.8660
vn -0.5000 0.0000 0.8660
vn 0.0000 0.0000 1.0000
vn 0.0000 1.0000 0.0000
vn 0.0000 1.0000 0.0000
vn 0.0000 1.0000 0.0000
vn -0.0000 0.0000 1.0000
vn 0.0000 1.0000 0.0000
vn 0.0000 1.0000 0.0000
vn 0.0000 1.0000 0.0000
vn 0.0000 1.0000 0.0000
vn 0.5000 0.0000 -0.8660
vn 0.5000 0.0000 -0.8660
vn 0.8660 0.0000 -0.5000
vn 0.8660 0.0000 -0.5000
vn 0.5000 0.0000 0.8660
vn 0.5000 0.0000 0.8660
vn 0.8660 0.0000 0.5000
vn 1.0000 0.0000 0.0000
vn 1.0000 -0.0000 0.0000
vn 0.8660 -0.0000 0.5000
vn 0.0000 1.0000 0.0000
vn 0.0000 1.0000 0.0000
vn 0.0000 1.0000 0.0000
vn 0.0000 1.0000 0.0000
vn 0.0000 1.0000 0.0000
vn -0.8660 -0.0000 -0.5000
vn -0.8660 0.0000 -0.5000
vn -1.0000 -0.0000 0.0000
vn -1.0000 0.0000 0.0000
vn -0.8660 0.0000 0.5000
vn -0.5000 0.0000 -0.8660
vn -0.5000 0.0000 -0.8660
vn 0.0000 0.0000 -1.0000
vn -0.0000 0.0000 -1.0000
vn -0.8660 0.0000 0.5000
vn -0.5000 0.0000 0.8660
vn -0.5000 0.0000 0.8660
vn 0.0000 0.0000 1.0000
vn 0.0000 1.0000 0.0000
vn 0.0000 1.0000 0.0000
vn 0.0000 1.0000 0.0000
vn -0.0000 0.0000 1.0000
vn 0.0000 1.0000 0.0000
vn 0.0000 1.0000 0.0000
vn 0.0000 1.0000 0.0000
vn 0.0000 1.0000 0.0000
vn 0.5000 0.0000 -0.8660
vn 0.5000 0.0000 -0.8660
vn 0.8660 0.0000 -0.5000
vn 0.8660 0.0000 -0.5000
vn 0.5000 0.0000 0.8660
vn 0.5000 0.0000 0.8660
vn 0.8660 0.0000 0.5000
vn 1.0000 0.0000 0.0000
vn 1.0000 -0.0000 0.0000
vn 0.8660 -0.0000 0.5000
vn 0.0000 1.0000 0.0000
vn 0.0000 1.0000 0.0000
vn 0.0000 1.0000 0.0000
vn 0.0000 1.0000 0.0000
vn 0.0000 1.0000 0.0000
vn -0.8660 -0.0000 -0.5000
vn -0.8660 0.0000 -0.5000
vn -1.0000 -0.0000 0.0000
vn -1.0000 0.0000 0.0000
vn -0.8660 0.0000 0.5000
vn -0.5000 0.0000 -0.8660
vn -0.5000 0.0000 -0.8660
vn 0.0000 0.0000 -1.0000
vn -0.0000 0.0000 -1.0000
vn -0.8660 0.0000 0.5000
vn -0.5000 0.0000 0.8660
vn -0.5000 0.0000 0.8660
vn 0.0000 0.0000 1.0000
vn 0.0000 1.0000 0.0000
vn 0.0000 1.0000 0.0000
vn 0.0000 1.0000 0.0000
vn -0.0000 0.0000 1.0000
vn 0.0000 1.0000 0.0000
vn 0.0000 1.0000 0.0000
vn 0.0000 1.0000 0.0000
vn 0.0000 1.0000 0.0000
vn 0.5000 0.0000 -0.8660
vn 0.5000 0.0000 -0.8660
vn 0.8660 0.0000 -0.5000
vn 0.8660 0.0000 -0.5000
vn 0.5000 0.0000 0.8660
vn 0.5000 0.0000 0.8660
vn 0.8660 0.0000 0.5000
vn 1.0000 0.0000 0.0000
vn 1.0000 -0.0000 0.0000
vn 0.8660 -0.0000 0.5000
vn 0.0000 1.0000 0.0000
vn 0.0000 1.0000 0.0000
vn 0.0000 1.0000 0.0000
vn 0.0000 1.0000 0.0000
vn 0.0000 1.0000 0.0000
vn -0.8660 0.0000 -0.5000
vn -0.8660 0.0000 -0.5000
vn -1.0000 0.0000 0.0000
vn -1.0000 -0.0000 0.0000
vn -0.8660 -0.0000 0.5000
vn -0.5000 0.0000 -0.8660
vn -0.5000 0.0000 -0.8660
vn 0.0000 0.0000 -1.0000
vn -0.0000 0.0000 -1.0000
vn -0.8660 0.0000 0.5000
vn -0.5000 0.0000 0.8660
vn -0.5000 0.0000 0.8660
vn 0.0000 0.0000 1.0000
vn 0.0000 1.0000 0.0000
vn 0.0000 1.0000 0.0000
vn 0.0000 1.0000 0.0000
vn -0.0000 0.0000 1.0000
vn 0.0000 1.0000 0.0000
vn 0.0000 1.0000 0.0000
vn 0.0000 1.0000 0.0000
vn 0.0000 1.0000 0.0000
vn 0.5000 0.0000 -0.8660
vn 0.5000 0.0000 -0.8660
vn 0.8660 0.0000 -0.5000
vn 0.8660 -0.0000 -0.5000
vn 0.5000 0.0000 0.8660
vn 0.5000 0.0000 0.8660
vn 0.8660 0.0000 0.5000
vn 1.0000 -0.0000 0.0000
vn 1.0000 0.0000 0.0000
vn 0.8660 0.0000 0.5000
vn 0.0000 1.0000 0.0000
vn 0.0000 1.0000 0.0000
vn 0.0000 1.0000 0.0000
vn 0.0000 1.0000 0.0000
vn 0.0000 1.0000 0.0000
vn -0.8660 0.0000 -0.5000
vn -0.8660 0.0000 -0.5000
vn -1.0000 0.0000 0.0000
vn -1.0000 -0.0000 0.0000
vn -0.8660 -0.0000 0.5000
vn -0.5000 0.0000 -0.8660
vn -0.5000 0.0000 -0.8660
vn 0.0000 0.0000 -1.0000
vn -0.0000 0.0000 -1.0000
vn -0.8660 0.0000 0.5000
vn -0.5000 0.0000 0.8660
vn -0.5000 0.0000 0.8660
vn 0.0000 0.0000 1.0000
vn 0.0000 1.0000 0.0000
vn 0.0000 1.0000 0.0000
vn 0.0000 1.0000 0.0000
vn -0.0000 0.0000 1.0000
vn 0.0000 1.0000 0.0000
vn 0.0000 1.0000 0.0000
vn 0.0000 1.0000 0.0000
vn 0.0000 1.0000 0.0000
vn 0.5000 0.0000 -0.8660
vn 0.5000 0.0000 -0.8660
vn 0.8660 0.0000 -0.5000
vn 0.8660 -0.0000 -0.5000
vn 0.5000 0.0000 0.8660
vn 0.5000 0.0000 0.8660
vn 0.8660 0.0000 0.5000
vn 1.0000 -0.0000 0.0000
vn 1.0000 0.0000 0.0000
vn 0.8660 0.0000 0.5000
vn 0.0000 1.0000 0.0000
vn 0.0000 1.0000 0.0000
vn 0.0000 1.0000 0.0000
vn 0.0000 1.0000 0.0000
vn 0.0000 1.0000 0.0000
vn -0.8660 0.0000 -0.5000
vn -0.8660 0.0000 -0.5000
vn -1.0000 0.0000 0.0000
vn -1.0000 -0.0000 0.0000
vn -0.8660 -0.0000 0.5000
vn -0.5000 0.0000 -0.8660
vn -0.5000 0.0000 -0.8660
vn 0.0000 0.0000 -1.0000
vn -0.0000 0.0000 -1.0000
vn -0.8660 0.0000 0.5000
vn -0.5000 0.0000 0.8660
vn -0.5000 0.0000 0.8660
vn 0.0000 0.0000 1.0000
vn 0.0000 1.0000 0.0000
vn 0.0000 1.0000 0.0000
vn 0.0000 1.0000 0.0000
vn -0.0000 0.0000 1.0000
vn 0.0000 1.0000 0.0000
vn 0.0000 1.0000 0.0000
vn 0.0000 1.0000 0.0000
vn 0.0000 1.0000 0.0000
vn 0.5000 0.0000 -0.8660
vn 0.5000 0.0000 -0.8660
vn 0.8660 0.0000 -0.5000
vn 0.8660 -0.0000 -0.5000
vn 0.5000 0.0000 0.8660
vn 0.5000 0.0000 0.8660
vn 0.8660 0.0000 0.5000
vn 1.0000 -0.0000 0.0000
vn 1.0000 0.0000 0.0000
vn 0.8660 0.0000 0.5000
vn 0.0000 1.0000 0.0000
vn 0.0000 1.0000 0.0000
vn 0.0000 1.0000 0.0000
vn 0.0000 1.0000 0.0000
vn 0.0000 1.0000 0.0000
vn -0.8660 0.0000 -0.5000
vn -0.8660 0.0000 -0.5000
vn -1.0000 0.0000 0.0000
vn -1.0000 -0.0000 0.0000
vn -0.8660 -0.0000 0.5000
vn -0.5000 0.0000 -0.8660
vn -0.5000 0.0000 -0.8660
vn 0.0000 0.0000 -1.0000
vn -0.0000 0.0000 -1.0000
vn -0.8660 0.0000 0.5000
vn -0.5000 0.0000 0.8660
vn -0.5000 0.0000 0.8660
vn 0.0000 0.0000 1.0000
vn 0.0000 1.0000 0.0000
vn 0.0000 1.0000 0.0000
vn 0.0000 1.0000 0.0000
vn -0.0000 0.0000 1.0000
vn 0.0000 1.0000 0.0000
vn 0.0000 1.0000 0.0000
vn 0.0000 1.0000 0.0000
vn 0.0000 1.0000 0.0000
vn 0.5000 0.0000 -0.8660
vn 0.5000 0.0000 -0.8660
vn 0.8660 0.0000 -0.5000
vn 0.8660 -0.0000 -0.5000
vn 0.5000 0.0000 0.8660
vn 0.5000 0.0000 0.8660
vn 0.8660 0.0000 0.5000
vn 1.0000 -0.0000 0.0000
vn 1.0000 0.0000 0.0000
vn 0.8660 0.0000 0.5000
vn 0.0000 1.0000 0.0000
vn 0.0000 1.0000 0.0000
vn 0.0000 1.0000 0.0000
vn 0.0000 1.0000 0.0000
vn 0.0000 1.0000 0.0000
vn -0.8660 -0.0000 -0.5000
vn -0.8660 0.0000 -0.5000
vn -1.0000 -0.0000 0.0000
vn -1.0000 0.0000 0.0000
vn -0.8660 0.0000 0.5000
vn -0.5000 0.0000 -0.8660
vn -0.5000 0.0000 -0.8660
vn 0.0000 0.0000 -1.0000
vn -0.0000 0.0000 -1.0000
vn -0.8660 0.0000 0.5000
vn -0.5000 0.0000 0.8660
vn -0.5000 0.0000 0.8660
vn 0.0000 0.0000 1.0000
vn 0.0000 1.0000 0.0000
vn 0.0000 1.0000 0.0000
vn 0.0000 1.0000 0.0000
vn -0.0000 0.0000 1.0000
vn 0.0000 1.0000 0.0000
vn 0.0000 1.0000 0.0000
vn 0.0000 1.0000 0.0000
vn 0.0000 1.0000 0.0000
vn 0.5000 0.0000 -0.8660
vn 0.5000 0.0000 -0.8660
vn 0.8660 0.0000 -0.5000
vn 0.8660 0.0000 -0.5000
vn 0.5000 0.0000 0.8660
vn 0.5000 0.0000 0.8660
vn 0.8660 0.0000 0.5000
vn 1.0000 0.0000 0.0000
vn 1.0000 -0.0000 0.0000
vn 0.8660 -0.0000 0.5000
vn 0.0000 1.0000 0.0000
vn 0.0000 1.0000 0.0000
vn 0.0000 1.0000 0.0000
vn 0.0000 1.0000 0.0000
vn 0.0000 1.0000 0.0000
vn -0.8660 -0.0000 -0.5000
vn -0.8660 0.0000 -0.5000
vn -1.0000 -0.0000 0.0000
vn -1.0000 0.0000 0.0000
vn -0.8660 0.0000 0.5000
vn -0.5000 0.0000 -0.8660
vn -0.5000 0.0000 -0.8660
vn 0.0000 0.0000 -1.0000
vn -0.0000 0.0000 -1.0000
vn -0.8660 0.0000 0.5000
vn -0.5000 0.0000 0.8660
vn -0.5000 0.0000 0.8660
vn 0.0000 0.0000 1.0000
vn 0.0000 1.0000 0.0000
vn 0.0000 1.0000 0.0000
vn 0.0000 1.0000 0.0000
vn -0.0000 0.0000 1.0000
vn 0.0000 1.0000 0.0000
vn 0.0000 1.0000 0.0000
vn 0.0000 1.0000 0.0000
vn 0.0000 1.0000 0.0000
vn 0.5000 0.0000 -0.8660
vn 0.5000 0.0000 -0.8660
vn 0.8660 0.0000 -0.5000
vn 0.8660 0.0000 -0.5000
vn 0.5000 0.0000 0.8660
vn 0.5000 0.0000 0.8660
vn 0.8660 0.0000 0.5000
vn 1.0000 0.0000 0.0000
vn 1.0000 -0.0000 0.0000
vn 0.8660 -0.0000 0.5000
vn 0.0000 1.0000 0.0000
vn 0.0000 1.0000 0.0000
vn 0.0000 1.0000 0.0000
vn 0.0000 1.0000 0.0000
vn 0.0000 1.0000 0.0000
vn -0.8660 -0.0000 -0.5000
vn -0.8660 0.0000 -0.5000
vn -1.0000 -0.0000 0.0000
vn -1.0000 0.0000 0.0000
vn -0.8660 0.0000 0.5000
vn -0.5000 0.0000 -0.8660
vn -0.5000 0.0000 -0.8660
vn 0.0000 0.0000 -1.0000
vn -0.0000 0.0000 -1.0000
vn -0.8660 0.0000 0.5000
vn -0.5000 0.0000 0.8660
vn -0.5000 0.0000 0.8660
vn 0.0000 0.0000 1.0000
vn 0.0000 1.0000 0.0000
vn 0.0000 1.0000 0.0000
vn 0.0000 1.0000 0.0000
vn -0.0000 0.0000 1.0000
vn 0.0000 1.0000 0.0000
vn 0.0000 1.0000 0.0000
vn 0.0000 1.0000 0.0000
vn 0.0000 1.0000 0.0000
vn 0.5000 0.0000 -0.8660
vn 0.5000 0.0000 -0.8660
vn 0.8660 0.0000 -0.5000
vn 0.8660 0.0000 -0.5000
vn 0.5000 0.0000 0.8660
vn 0.5000 0.0000 0.8660
vn 0.8660 0.0000 0.5000
vn 1.0000 0.0000 0.0000
vn 1.0000 -0.0000 0.0000
vn 0.8660 -0.0000 0.5000
vn 0.0000 1.0000 0.0000
vn 0.0000 1.0000 0.0000
vn 0.0000 1.0000 0.0000
vn 0.0000 1.0000 0.0000
vn 0.0000 1.0000 0.0000
vn -0.8660 -0.0000 -0.5000
vn -0.8660 0.0000 -0.5000
vn -1.0000 -0.0000 0.0000
vn -1.0000 0.0000 0.0000
vn -0.8660 0.0000 0.5000
vn -0.5000 0.0000 -0.8660
vn -0.5000 0.0000 -0.8660
vn 0.0000 0.0000 -1.0000
vn -0.0000 0.0000 -1.0000
vn -0.8660 0.0000 0.5000
vn -0.5000 0.0000 0.8660
vn -0.5000 0.0000 0.8660
vn 0.0000 0.0000 1.0000
vn 0.0000 1.0000 0.0000
vn 0.0000 1.0000 0.0000
vn 0.0000 1.0000 0.0000
vn -0.0000 0.0000 1.0000
vn 0.0000 1.0000 0.0000
vn 0.0000 1.0000 0.0000
vn 0.0000 1.0000 0.0000
vn 0.0000 1.0000 0.0000
vn 0.5000 0.0000 -0.8660
vn 0.5000 0.0000 -0.8660
vn 0.8660 0.0000 -0.5000
vn 0.8660 0.0000 -0.5000
vn 0.5000 0.0000 0.8660
vn 0.5000 0.0000 0.8660
vn 0.8660 0.0000 0.5000
vn 1.0000 0.0000 0.0000
vn 1.0000 -0.0000 0.0000
vn 0.8660 -0.0000 0.5000
vn 0.0000 1.0000 0.0000
vn 0.0000 1.0000 0.0000
vn 0.0000 1.0000 0.0000
vn 0.0000 1.0000 0.0000
vn 0.0000 1.0000 0.0000
f 1//1 2//2 3//3
f 2//2 4//4 3//3
f 2//2 5//5 4//4
f 3//3 4//4 6//6
f 4//4 5//5 7//7
f 4//4 7//7 6//6
f 1//1 8//8 2//2
f 2//2 8//8 5//5
f 5//5 9//9 7//7
f 6//6 7//7 10//10
f 5//5 11//11 9//9
f 1//1 3//3 12//12
f 3//3 6//6 13//13
f 6//6 10//10 14//14
f 1//1 15//15 8//8
f 5//5 8//8 16//16
f 5//5 16//16 11//11
f 15//15 17//17 8//8
f 8//8 17//17 18//18
f 8//8 18//18 16//16
f 17//17 19//19 18//18
f 16//16 18//18 20//20
f 18//18 19//19 20//20
f 16//16 20//20 11//11
f 19//19 21//21 20//20
f 1//1 22//22 15//15
f 15//15 23//23 17//17
f 17//17 23//23 19//19
f 19//19 24//24 21//21
f 7//7 9//9 25//25
f 7//7 26//26 10//10
f 7//7 25//25 26//26
f 25//25 27//27 26//26
f 27//27 28//28 29//29
f 27//27 30//30 28//28
f 27//27 31//31 30//30
f 30//30 31//31 32//32
f 27//27 29//29 33//33
f 32//32 34//34 35//35
f 35//35 36//36 37//37
f 32//32 31//31 34//34
f 27//27 38//38 31//31
f 31//31 38//38 39//39
f 35//35 34//34 40//40
f 35//35 40//40 36//36
f 39//39 41//41 42//42
f 42//42 43//43 44//44
f 27//27 33//33 45//45
f 37//37 36//36 46//46
f 33//33 47//47 48//48
f 47//47 49//49 48//48
f 49//49 50//50 51//51
f 50//50 52//52 51//51
f 46//46 53//53 52//52
f 46//46 36//36 54//54
f 46//46 54//54 55//55
f 44//44 56//56 57//57
f 57//57 56//56 58//58
f 46//46 55//55 53//53
f 55//55 59//59 60//60
f 59//59 58//58 60//60
f 9//9 11//11 25//25
f 39//39 38//38 41//41
f 25//25 61//61 27//27
f 38//38 62//62 63//63
f 42//42 41//41 43//43
f 44//44 43//43 64//64
f 63//63 65//65 66//66
f 66//66 67//67 68//68
f 27//27 61//61 38//38
f 63//63 62//62 65//65
f 62//62 69//69 70//70
f 66//66 65//65 67//67
f 68//68 67//67 71//71
f 70//70 69//69 72//72
f 72//72 73//73 74//74
f 44//44 64//64 56//56
f 58//58 56//56 75//75
f 68//68 71//71 76//76
f 76//76 77//77 78//78
f 58//58 75//75 79//79
f 75//75 80//80 81//81
f 78//78 81//81 80//80
f 76//76 71//71 77//77
f 78//78 77//77 82//82
f 74//74 83//83 84//84
f 84//84 83//83 85//85
f 78//78 82//82 86//86
f 82//82 87//87 88//88
f 85//85 88//88 87//87
f 10//10 26//26 14//14
f 33//33 48//48 45//45
f 49//49 89//89 48//48
f 49//49 51//51 89//89
f 52//52 90//90 51//51
f 52//52 91//91 90//90
f 52//52 92//92 91//91
f 27//27 45//45 93//93
f 26//26 27//27 94//94
f 91//91 95//95 96//96
f 52//52 53//53 92//92
f 55//55 60//60 53//53
f 58//58 97//97 60//60
f 58//58 98//98 97//97
f 58//58 99//99 98//98
f 91//91 92//92 95//95
f 98//98 99//99 100//100
f 27//27 93//93 101//101
f 96//96 95//95 102//102
f 45//45 103//103 93//93
f 103//103 104//104 105//105
f 106//106 105//105 104//104
f 106//106 107//107 108//108
f 102//102 109//109 107//107
f 102//102 95//95 110//110
f 102//102 110//110 111//111
f 100//100 112//112 113//113
f 113//113 112//112 114//114
f 102//102 111//111 115//115
f 116//116 115//115 111//111
f 116//116 114//114 117//117
f 58//58 79//79 99//99
f 75//75 81//81 79//79
f 78//78 118//118 81//81
f 78//78 119//119 118//118
f 78//78 120//120 119//119
f 100//100 99//99 121//121
f 119//119 120//120 122//122
f 78//78 86//86 120//120
f 82//82 88//88 86//86
f 85//85 123//123 88//88
f 85//85 124//124 123//123
f 85//85 125//125 124//124
f 122//122 120//120 126//126
f 124//124 125//125 127//127
f 100//100 121//121 112//112
f 114//114 112//112 128//128
f 122//122 126//126 129//129
f 114//114 128//128 130//130
f 131//131 130//130 128//128
f 129//129 132//132 133//133
f 134//134 133//133 131//131
f 129//129 133//133 134//134
f 129//129 126//126 132//132
f 127//127 135//135 136//136
f 132//132 137//137 138//138
f 139//139 140//140 137//137
f 136//136 141//141 142//142
f 136//136 135//135 141//141
f 142//142 141//141 139//139
f 62//62 143//143 69//69
f 61//61 62//62 38//38
f 143//143 144//144 145//145
f 72//72 69//69 73//73
f 74//74 73//73 146//146
f 145//145 147//147 148//148
f 148//148 149//149 150//150
f 25//25 11//11 151//151
f 25//25 151//151 61//61
f 145//145 144//144 147//147
f 61//61 143//143 62//62
f 61//61 144//144 143//143
f 144//144 152//152 153//153
f 148//148 147//147 149//149
f 150//150 149//149 154//154
f 153//153 155//155 156//156
f 156//156 157//157 158//158
f 74//74 146//146 83//83
f 85//85 83//83 159//159
f 150//150 154//154 160//160
f 160//160 161//161 162//162
f 85//85 159//159 163//163
f 159//159 164//164 165//165
f 162//162 165//165 164//164
f 160//160 154//154 161//161
f 162//162 161//161 166//166
f 158//158 167//167 168//168
f 162//162 166//166 169//169
f 166//166 170//170 171//171
f 168//168 171//171 172//172
f 168//168 173//173 171//171
f 172//172 171//171 170//170
f 11//11 20//20 151//151
f 20//20 21//21 174//174
f 153//153 152//152 155//155
f 61//61 152//152 144//144
f 152//152 175//175 176//176
f 156//156 155//155 157//157
f 158//158 157//157 167//167
f 176//176 177//177 178//178
f 179//179 180//180 178//178
f 176//176 175//175 177//177
f 61//61 175//175 152//152
f 20//20 174//174 151//151
f 151//151 174//174 61//61
f 61//61 181//181 175//175
f 61//61 182//182 181//181
f 178//178 177//177 183//183
f 179//179 178//178 183//183
f 61//61 184//184 182//182
f 168//168 167//167 173//173
f 180//180 185//185 186//186
f 186//186 185//185 187//187
f 171//171 173//173 188//188
f 189//189 171//171 188//188
f 187//187 190//190 189//189
f 180//180 179//179 185//185
f 187//187 185//185 191//191
f 61//61 192//192 184//184
f 187//187 191//191 193//193
f 191//191 194//194 195//195
f 196//196 195//195 194//194
f 197//197 198//198 196//196
f 184//184 192//192 197//197
f 85//85 163//163 125//125
f 159//159 165//165 163//163
f 162//162 199//199 165//165
f 162//162 200//200 199//199
f 162//162 201//201 200//200
f 127//127 125//125 202//202
f 203//203 204//204 200//200
f 162//162 169//169 201//201
f 166//166 171//171 169//169
f 189//189 205//205 171//171
f 189//189 206//206 205//205
f 203//203 200//200 201//201
f 206//206 207//207 208//208
f 127//127 202//202 135//135
f 204//204 209//209 210//210
f 210//210 209//209 211//211
f 141//141 135//135 212//212
f 213//213 141//141 212//212
f 204//204 203//203 209//209
f 211//211 209//209 214//214
f 208//208 215//215 216//216
f 216//216 217//217 218//218
f 211//211 214//214 219//219
f 211//211 219//219 220//220
f 219//219 218//218 221//221
f 21//21 222//222 174//174
f 189//189 190//190 223//223
f 189//189 223//223 206//206
f 187//187 224//224 190//190
f 187//187 193//193 224//224
f 206//206 223//223 207//207
f 208//208 207//207 215//215
f 224//224 193//193 225//225
f 225//225 226//226 227//227
f 191//191 195//195 193//193
f 196//196 228//228 195//195
f 196//196 198//198 228//228
f 197//197 192//192 198//198
f 225//225 193//193 226//226
f 227//227 226//226 229//229
f 174//174 230//230 61//61
f 216//216 215//215 217//217
f 218//218 217//217 221//221
f 227//227 229//229 231//231
f 231//231 232//232 233//233
f 219//219 221//221 234//234
f 219//219 234//234 235//235
f 234//234 233//233 236//236
f 231//231 229//229 232//232
f 233//233 232//232 236//236
f 234//234 236//236 237//237
f 234//234 237//237 238//238
f 192//192 239//239 240//240
f 61//61 230//230 192//192
f 241//241 242//242 237//237
f 240//240 239//239 241//241
f 3//3 243//243 12//12
f 3//3 13//13 243//243
f 6//6 14//14 13//13
f 1//1 12//12 22//22
f 12//12 243//243 244//244
f 243//243 245//245 244//244
f 243//243 13//13 245//245
f 244//244 245//245 246//246
f 13//13 247//247 245//245
f 245//245 247//247 246//246
f 12//12 244//244 248//248
f 244//244 246//246 248//248
f 246//246 249//249 250//250
f 13//13 14//14 247//247
f 246//246 247//247 249//249
f 15//15 22//22 23//23
f 19//19 23//23 24//24
f 21//21 24//24 222//222
f 12//12 248//248 22//22
f 246//246 250//250 248//248
f 22//22 248//248 23//23
f 23//23 248//248 251//251
f 23//23 251//251 24//24
f 248//248 250//250 251//251
f 24//24 251//251 222//222
f 250//250 252//252 251//251
f 250//250 249//249 252//252
f 251//251 253//253 222//222
f 251//251 252//252 253//253
f 103//103 105//105 93//93
f 106//106 254//254 105//105
f 27//27 101//101 94//94
f 106//106 108//108 254//254
f 107//107 255//255 108//108
f 107//107 109//109 255//255
f 255//255 256//256 257//257
f 102//102 115//115 109//109
f 116//116 258//258 115//115
f 116//116 117//117 258//258
f 114//114 259//259 117//117
f 114//114 260//260 259//259
f 255//255 109//109 256//256
f 259//259 260//260 261//261
f 26//26 262//262 14//14
f 26//26 94//94 262//262
f 257//257 256//256 263//263
f 101//101 264//264 265//265
f 264//264 266//266 267//267
f 266//266 268//268 269//269
f 263//263 270//270 271//271
f 268//268 272//272 271//271
f 263//263 271//271 272//272
f 263//263 256//256 270//270
f 261//261 273//273 274//274
f 270//270 275//275 276//276
f 275//275 277//277 278//278
f 274//274 278//278 279//279
f 274//274 273//273 278//278
f 277//277 279//279 278//278
f 114//114 130//130 260//260
f 131//131 280//280 130//130
f 131//131 133//133 280//280
f 132//132 138//138 133//133
f 261//261 260//260 281//281
f 282//282 283//283 138//138
f 137//137 140//140 138//138
f 139//139 141//141 140//140
f 213//213 284//284 141//141
f 213//213 285//285 284//284
f 138//138 140//140 286//286
f 282//282 138//138 286//286
f 261//261 281//281 273//273
f 283//283 287//287 288//288
f 288//288 287//287 289//289
f 278//278 273//273 290//290
f 291//291 278//278 290//290
f 283//283 282//282 287//287
f 289//289 287//287 292//292
f 293//293 294//294 295//295
f 296//296 294//294 297//297
f 289//289 292//292 298//298
f 289//289 298//298 297//297
f 299//299 297//297 298//298
f 293//293 295//295 300//300
f 296//296 297//297 299//299
f 293//293 297//297 294//294
f 101//101 265//265 301//301
f 264//264 267//267 265//265
f 266//266 269//269 267//267
f 268//268 271//271 269//269
f 270//270 276//276 271//271
f 94//94 101//101 301//301
f 302//302 303//303 276//276
f 275//275 304//304 276//276
f 275//275 278//278 304//304
f 291//291 305//305 278//278
f 291//291 306//306 305//305
f 276//276 304//304 307//307
f 302//302 276//276 307//307
f 14//14 262//262 247//247
f 247//247 308//308 249//249
f 94//94 301//301 309//309
f 303//303 310//310 311//311
f 311//311 312//312 313//313
f 94//94 309//309 314//314
f 94//94 314//314 315//315
f 247//247 262//262 308//308
f 262//262 94//94 308//308
f 94//94 315//315 316//316
f 315//315 313//313 312//312
f 303//303 302//302 310//310
f 311//311 310//310 312//312
f 317//317 318//318 319//319
f 315//315 312//312 316//316
f 94//94 316//316 320//320
f 316//316 319//319 321//321
f 289//289 317//317 291//291
f 289//289 322//322 323//323
f 291//291 324//324 306//306
f 289//289 323//323 317//317
f 289//289 297//297 322//322
f 322//322 297//297 325//325
f 291//291 317//317 324//324
f 317//317 323//323 326//326
f 325//325 297//297 327//327
f 327//327 328//328 329//329
f 293//293 300//300 330//330
f 327//327 297//297 328//328
f 329//329 328//328 331//331
f 330//330 332//332 333//333
f 333//333 334//334 335//335
f 249//249 308//308 252//252
f 317//317 326//326 336//336
f 317//317 336//336 318//318
f 319//319 318//318 321//321
f 329//329 331//331 337//337
f 337//337 338//338 339//339
f 316//316 321//321 320//320
f 94//94 320//320 340//340
f 94//94 340//340 341//341
f 339//339 342//342 320//320
f 308//308 94//94 230//230
f 337//337 331//331 338//338
f 339//339 338//338 342//342
f 335//335 343//343 344//344
f 344//344 343//343 345//345
f 320//320 342//342 340//340
f 94//94 341//341 346//346
f 345//345 347//347 340//340
f 213//213 211//211 348//348
f 213//213 348//348 285//285
f 211//211 349//349 296//296
f 211//211 350//350 349//349
f 211//211 220//220 350//350
f 351//351 350//350 220//220
f 211//211 296//296 348//348
f 296//296 349//349 294//294
f 351//351 352//352 353//353
f 353//353 354//354 355//355
f 351//351 220//220 352//352
f 219//219 235//235 220//220
f 356//356 220//220 235//235
f 353//353 352//352 354//354
f 355//355 354//354 357//357
f 356//356 358//358 359//359
f 359//359 360//360 361//361
f 355//355 357//357 362//362
f 362//362 363//363 364//364
f 330//330 300//300 365//365
f 365//365 366//366 367//367
f 366//366 364//364 368//368
f 362//362 357//357 363//363
f 364//364 363//363 369//369
f 361//361 370//370 371//371
f 371//371 372//372 373//373
f 364//364 369//369 374//374
f 369//369 375//375 376//376
f 375//375 373//373 377//377
f 356//356 235//235 358//358
f 234//234 238//238 235//235
f 378//378 235//235 238//238
f 359//359 358//358 360//360
f 361//361 360//360 370//370
f 378//378 379//379 380//380
f 380//380 381//381 382//382
f 378//378 238//238 379//379
f 237//237 242//242 238//238
f 241//241 239//239 242//242
f 192//192 383//383 239//239
f 380//380 379//379 381//381
f 382//382 381//381 384//384
f 371//371 370//370 372//372
f 373//373 372//372 385//385
f 382//382 384//384 386//386
f 386//386 387//387 388//388
f 373//373 385//385 389//389
f 385//385 390//390 391//391
f 390//390 388//388 392//392
f 386//386 384//384 387//387
f 388//388 387//387 393//393
f 174//174 222//222 394//394
f 174//174 394//394 230//230
f 230//230 383//383 192//192
f 388//388 393//393 395//395
f 393//393 396//396 397//397
f 398//398 399//399 396//396
f 400//400 401//401 398//398
f 383//383 402//402 400//400
f 330//330 365//365 332//332
f 365//365 367//367 332//332
f 366//366 368//368 367//367
f 364//364 374//374 368//368
f 333//333 332//332 334//334
f 335//335 334//334 403//403
f 368//368 374//374 404//404
f 404//404 405//405 406//406
f 369//369 376//376 374//374
f 375//375 377//377 376//376
f 373//373 389//389 377//377
f 404//404 374//374 405//405
f 406//406 405//405 407//407
f 377//377 389//389 408//408
f 408//408 409//409 410//410
f 335//335 403//403 343//343
f 345//345 343//343 347//347
f 406//406 407//407 411//411
f 411//411 412//412 413//413
f 340//340 347//347 341//341
f 413//413 414//414 341//341
f 94//94 346//346 230//230
f 411//411 407//407 412//412
f 413//413 412//412 414//414
f 410//410 415//415 416//416
f 416//416 417//417 418//418
f 341//341 414//414 346//346
f 308//308 419//419 252//252
f 308//308 230//230 419//419
f 418//418 420//420 346//346
f 385//385 391//391 389//389
f 390//390 392//392 391//391
f 388//388 395//395 392//392
f 408//408 389//389 409//409
f 410//410 409//409 415//415
f 392//392 395//395 421//421
f 421//421 422//422 423//423
f 393//393 397//397 395//395
f 396//396 399//399 397//397
f 398//398 401//401 399//399
f 400//400 402//402 401//401
f 421//421 395//395 422//422
f 423//423 422//422 424//424
f 230//230 402//402 383//383
f 222//222 253//253 394//394
f 252//252 419//419 253//253
f 416//416 415//415 417//417
f 418//418 417//417 420//420
f 423//423 424//424 425//425
f 425//425 426//426 427//427
f 346//346 420//420 428//428
f 230//230 346//346 428//428
f 427//427 429//429 428//428
f 425//425 424//424 426//426
f 427//427 426//426 429//429
f 230//230 430//430 402//402
f 428//428 429//429 431//431
f 230//230 428//428 431//431
f 230//230 431//431 432//432
f 230//230 432//432 430//430
f 253//253 419//419 394//394
f 394//394 419//419 230//230
f 433//433 434//434 435//435
f 436//436 435//435 437//437
f 438//438 439//439 434//434
f 440//440 441//441 439//439
f 442//442 437//437 443//443
f 444//444 443//443 445//445
f 433//433 435//435 436//436
f 436//436 437//437 442//442
f 446//446 447//447 448//448
f 433//433 438//438 434//434
f 438//438 440//440 439//439
f 442//442 443//443 444//444
f 444//444 445//445 449//449
f 446//446 448//448 450//450
f 450//450 451//451 452//452
f 448//448 451//451 450//450
f 451//451 453//453 452//452
f 454//454 455//455 441//441
f 456//456 457//457 455//455
f 449//449 445//445 458//458
f 459//459 458//458 460//460
f 461//461 462//462 457//457
f 463//463 460//460 462//462
f 440//440 454//454 441//441
f 454//454 456//456 455//455
f 449//449 458//458 459//459
f 459//459 460//460 463//463
f 452//452 453//453 464//464
f 464//464 465//465 466//466
f 464//464 453//453 465//465
f 465//465 467//467 466//466
f 456//456 461//461 457//457
f 463//463 462//462 461//461
f 466//466 467//467 468//468
f 469//469 470//470 471//471
f 472//472 471//471 473//473
f 474//474 475//475 470//470
f 476//476 477//477 475//475
f 478//478 473//473 479//479
f 480//480 479//479 481//481
f 469//469 471//471 472//472
f 472//472 473//473 478//478
f 482//482 483//483 484//484
f 469//469 474//474 470//470
f 474//474 476//476 475//475
f 478//478 479//479 480//480
f 480//480 481//481 485//485
f 482//482 484//484 486//486
f 486//486 487//487 488//488
f 486//486 484//484 487//487
f 487//487 489//489 488//488
f 490//490 491//491 477//477
f 492//492 493//493 491//491
f 485//485 481//481 494//494
f 495//495 494//494 496//496
f 497//497 498//498 493//493
f 499//499 496//496 498//498
f 476//476 490//490 477//477
f 490//490 492//492 491//491
f 485//485 494//494 495//495
f 495//495 496//496 499//499
f 488//488 489//489 500//500
f 500//500 501//501 502//502
f 500//500 489//489 501//501
f 501//501 503//503 502//502
f 492//492 497//497 493//493
f 497//497 499//499 498//498
f 502//502 503//503 504//504
f 505//505 506//506 507//507
f 508//508 507//507 509//509
f 510//510 511//511 506//506
f 512//512 513//513 511//511
f 514//514 509//509 515//515
f 516//516 515//515 517//517
f 505//505 507//507 508//508
f 508//508 509//509 514//514
f 518//518 519//519 520//520
f 505//505 510//510 506//506
f 510//510 512//512 511//511
f 514//514 515//515 516//516
f 516//516 517//517 521//521
f 518//518 520//520 522//522
f 522//522 523//523 524//524
f 522//522 520//520 523//523
f 523//523 525//525 524//524
f 526//526 527//527 513//513
f 528//528 529//529 527//527
f 521//521 517//517 530//530
f 531//531 530//530 532//532
f 533//533 534//534 529//529
f 535//535 532//532 534//534
f 512//512 526//526 513//513
f 526//526 528//528 527//527
f 521//521 530//530 531//531
f 531//531 532//532 535//535
f 524//524 525//525 536//536
f 536//536 537//537 538//538
f 536//536 525//525 537//537
f 537//537 539//539 538//538
f 528//528 533//533 529//529
f 533//533 535//535 534//534
f 538//538 539//539 540//540
f 541//541 542//542 543//543
f 544//544 543//543 545//545
f 546//546 547//547 542//542
f 548//548 549//549 547//547
f 550//550 545//545 551//551
f 552//552 551//551 553//553
f 541//541 543//543 544//544
f 544//544 545//545 550//550
f 554//554 555//555 556//556
f 541//541 546//546 542//542
f 546//546 548//548 547//547
f 550//550 551//551 552//552
f 552//552 553//553 557//557
f 554//554 556//556 558//558
f 558//558 559//559 560//560
f 558//558 556//556 559//559
f 559//559 561//561 560//560
f 562//562 563//563 549//549
f 564//564 565//565 563//563
f 557//557 553//553 566//566
f 567//567 566//566 568//568
f 569//569 570//570 565//565
f 571//571 568//568 570//570
f 548//548 562//562 549//549
f 562//562 564//564 563//563
f 557//557 566//566 567//567
f 567//567 568//568 571//571
f 560//560 561//561 572//572
f 572//572 573//573 574//574
f 572//572 561//561 573//573
f 573//573 575//575 574//574
f 564//564 569//569 565//565
f 569//569 571//571 570//570
f 574//574 575//575 576//576
f 577//577 578//578 579//579
f 580//580 579//579 581//581
f 582//582 583//583 578//578
f 584//584 585//585 583//583
f 586//586 581//581 587//587
f 588//588 587//587 589//589
f 577//577 579//579 580//580
f 580//580 581//581 586//586
f 590//590 591//591 592//592
f 577//577 582//582 578//578
f 582//582 584//584 583//583
f 586//586 587//587 588//588
f 588//588 589//589 593//593
f 590//590 592//592 594//594
f 594//594 595//595 596//596
f 594//594 592//592 595//595
f 595//595 597//597 596//596
f 598//598 599//599 585//585
f 600//600 601//601 599//599
f 593//593 589//589 602//602
f 603//603 602//602 604//604
f 605//605 606//606 601//601
f 607//607 604//604 606//606
f 584//584 598//598 585//585
f 598//598 600//600 599//599
f 593//593 602//602 603//603
f 603//603 604//604 607//607
f 596//596 597//597 608//608
f 608//608 609//609 610//610
f 608//608 597//597 609//609
f 609//609 611//611 610//610
f 600//600 605//605 601//601
f 607//607 606//606 605//605
f 610//610 611//611 612//612
f 613//613 614//614 615//615
f 616//616 615//615 617//617
f 618//618 619//619 614//614
f 620//620 621//621 619//619
f 622//622 617//617 623//623
f 624//624 623//623 625//625
f 613//613 615//615 616//616
f 616//616 617//617 622//622
f 626//626 627//627 628//628
f 613//613 618//618 614//614
f 618//618 620//620 619//619
f 622//622 623//623 624//624
f 624//624 625//625 629//629
f 626//626 628//628 630//630
f 630//630 631//631 632//632
f 630//630 628//628 631//631
f 631//631 633//633 632//632
f 634//634 635//635 621//621
f 636//636 637//637 635//635
f 629//629 625//625 638//638
f 639//639 638//638 640//640
f 641//641 642//642 637//637
f 643//643 640//640 642//642
f 620//620 634//634 621//621
f 634//634 636//636 635//635
f 629//629 638//638 639//639
f 639//639 640//640 643//643
f 632//632 633//633 644//644
f 644//644 645//645 646//646
f 644//644 633//633 645//645
f 645//645 647//647 646//646
f 636//636 641//641 637//637
f 643//643 642//642 641//641
f 646//646 647//647 648//648
f 649//649 650//650 651//651
f 652//652 651//651 653//653
f 654//654 655//655 650//650
f 656//656 657//657 655//655
f 658//658 653//653 659//659
f 660//660 659//659 661//661
f 649//649 651//651 652//652
f 652//652 653//653 658//658
f 662//662 663//663 664//664
f 649//649 654//654 650//650
f 654//654 656//656 655//655
f 658//658 659//659 660//660
f 660//660 661//661 665//665
f 662//662 664//664 666//666
f 666//666 667//667 668//668
f 666//666 664//664 667//667
f 667//667 669//669 668//668
f 670//670 671//671 657//657
f 672//672 673//673 671//671
f 665//665 661//661 674//674
f 675//675 674//674 676//676
f 677//677 678//678 673//673
f 679//679 676//676 678//678
f 656//656 670//670 657//657
f 670//670 672//672 671//671
f 665//665 674//674 675//675
f 675//675 676//676 679//679
f 668//668 669//669 680//680
f 680//680 681//681 682//682
f 680//680 669//669 681//681
f 681//681 683//683 682//682
f 672//672 677//677 673//673
f 679//679 678//678 677//677
f 682//682 683//683 684//684
f 685//685 686//686 687//687
f 688//688 687//687 689//689
f 690//690 691//691 686//686
f 692//692 693//693 691//691
f 694//694 689//689 695//695
f 696//696 695//695 697//697
f 685//685 687//687 688//688
f 688//688 689//689 694//694
f 698//698 699//699 700//700
f 690//690 686//686 685//685
f 690//690 692//692 691//691
f 694//694 695//695 696//696
f 696//696 697//697 701//701
f 702//702 698//698 700//700
f 702//702 703//703 704//704
f 702//702 700//700 703//703
f 703//703 705//705 704//704
f 706//706 707//707 693//693
f 708//708 709//709 707//707
f 701//701 697//697 710//710
f 711//711 710//710 712//712
f 713//713 714//714 709//709
f 715//715 712//712 714//714
f 692//692 706//706 693//693
f 706//706 708//708 707//707
f 701//701 710//710 711//711
f 711//711 712//712 715//715
f 704//704 705//705 716//716
f 716//716 717//717 718//718
f 716//716 705//705 717//717
f 717//717 719//719 718//718
f 708//708 713//713 709//709
f 715//715 714//714 713//713
f 718//718 719//719 720//720
f 721//721 722//722 723//723
f 724//724 723//723 725//725
f 726//726 727//727 722//722
f 728//728 729//729 727//727
f 730//730 725//725 731//731
f 732//732 731//731 733//733
f 724//724 721//721 723//723
f 724//724 725//725 730//730
f 734//734 735//735 736//736
f 721//721 726//726 722//722
f 726//726 728//728 727//727
f 730//730 731//731 732//732
f 732//732 733//733 737//737
f 736//736 735//735 738//738
f 738//738 739//739 740//740
f 735//735 739//739 738//738
f 740//740 739//739 741//741
f 742//742 743//743 729//729
f 744//744 745//745 743//743
f 737//737 733//733 746//746
f 747//747 746//746 748//748
f 749//749 750//750 745//745
f 751//751 748//748 750//750
f 728//728 742//742 729//729
f 742//742 744//744 743//743
f 737//737 746//746 747//747
f 751//751 747//747 748//748
f 740//740 741//741 752//752
f 752//752 753//753 754//754
f 741//741 753//753 752//752
f 754//754 753//753 755//755
f 744//744 749//749 745//745
f 751//751 750//750 749//749
f 754//754 755//755 756//756
f 757//757 758//758 759//759
f 760//760 759//759 761//761
f 762//762 763//763 758//758
f 764//764 765//765 763//763
f 766//766 761//761 767//767
f 768//768 767//767 769//769
f 760//760 757//757 759//759
f 760//760 761//761 766//766
f 770//770 771//771 772//772
f 757//757 762//762 758//758
f 762//762 764//764 763//763
f 766//766 767//767 768//768
f 768//768 769//769 773//773
f 772//772 771//771 774//774
f 774//774 775//775 776//776
f 771//771 775//775 774//774
f 776//776 775//775 777//777
f 778//778 779//779 765//765
f 780//780 781//781 779//779
f 773//773 769//769 782//782
f 783//783 782//782 784//784
f 785//785 786//786 781//781
f 787//787 784//784 786//786
f 764//764 778//778 765//765
f 778//778 780//780 779//779
f 773//773 782//782 783//783
f 783//783 784//784 787//787
f 776//776 777//777 788//788
f 788//788 789//789 790//790
f 777//777 789//789 788//788
f 790//790 789//789 791//791
f 780//780 785//785 781//781
f 787//787 786//786 785//785
f 790//790 791//791 792//792
f 793//793 794//794 795//795
f 796//796 795//795 797//797
f 798//798 799//799 794//794
f 800//800 801//801 799//799
f 802//802 797//797 803//803
f 804//804 803//803 805//805
f 796//796 793//793 795//795
f 796//796 797//797 802//802
f 806//806 807//807 808//808
f 793//793 798//798 794//794
f 798//798 800//800 799//799
f 802//802 803//803 804//804
f 804//804 805//805 809//809
f 808//808 807//807 810//810
f 810//810 811//811 812//812
f 807//807 811//811 810//810
f 812//812 811//811 813//813
f 814//814 815//815 801//801
f 816//816 817//817 815//815
f 809//809 805//805 818//818
f 819//819 818//818 820//820
f 821//821 822//822 817//817
f 823//823 820//820 822//822
f 800//800 814//814 801//801
f 814//814 816//816 815//815
f 809//809 818//818 819//819
f 819//819 820//820 823//823
f 812//812 813//813 824//824
f 824//824 825//825 826//826
f 813//813 825//825 824//824
f 826//826 825//825 827//827
f 816//816 821//821 817//817
f 823//823 822//822 821//821
f 826//826 827//827 828//828
f 829//829 830//830 831//831
f 832//832 831//831 833//833
f 834//834 835//835 830//830
f 836//836 837//837 835//835
f 838//838 833//833 839//839
f 840//840 839//839 841//841
f 832//832 829//829 831//831
f 832//832 833//833 838//838
f 842//842 843//843 844//844
f 829//829 834//834 830//830
f 834//834 836//836 835//835
f 838//838 839//839 840//840
f 840//840 841//841 845//845
f 844//844 843//843 846//846
f 846//846 847//847 848//848
f 843//843 847//847 846//846
f 848//848 847//847 849//849
f 850//850 851//851 837//837
f 852//852 853//853 851//851
f 845//845 841//841 854//854
f 855//855 854//854 856//856
f 857//857 858//858 853//853
f 859//859 856//856 858//858
f 836//836 850//850 837//837
f 850//850 852//852 851//851
f 845//845 854//854 855//855
f 855//855 856//856 859//859
f 848//848 849//849 860//860
f 860//860 861//861 862//862
f 849//849 861//861 860//860
f 862//862 861//861 863//863
f 852//852 857//857 853//853
f 859//859 858//858 857//857
f 862//862 863//863 864//864
f 865//865 866//866 867//867
f 868//868 867//867 869//869
f 870//870 871//871 866//866
f 872//872 873//873 871//871
f 874//874 869//869 875//875
f 876//876 875//875 877//877
f 865//865 867//867 868//868
f 868//868 869//869 874//874
f 878//878 879//879 880//880
f 865//865 870//870 866//866
f 870//870 872//872 871//871
f 874//874 875//875 876//876
f 876//876 877//877 881//881
f 878//878 880//880 882//882
f 882//882 883//883 884//884
f 880//880 883//883 882//882
f 884//884 883//883 885//885
f 886//886 887//887 873//873
f 888//888 889//889 887//887
f 881//881 877//877 890//890
f 891//891 890//890 892//892
f 893//893 894//894 889//889
f 895//895 892//892 894//894
f 872//872 886//886 873//873
f 886//886 888//888 887//887
f 881//881 890//890 891//891
f 891//891 892//892 895//895
f 884//884 885//885 896//896
f 896//896 897//897 898//898
f 885//885 897//897 896//896
f 898//898 897//897 899//899
f 888//888 893//893 889//889
f 895//895 894//894 893//893
f 898//898 899//899 900//900
f 901//901 902//902 903//903
f 904//904 903//903 905//905
f 906//906 907//907 902//902
f 908//908 909//909 907//907
f 910//910 905//905 911//911
f 912//912 911//911 913//913
f 901//901 903//903 904//904
f 904//904 905//905 910//910
f 914//914 915//915 916//916
f 901//901 906//906 902//902
f 906//906 908//908 907//907
f 910//910 911//911 912//912
f 912//912 913//913 917//917
f 914//914 916//916 918//918
f 918//918 919//919 920//920
f 916//916 919//919 918//918
f 920//920 919//919 921//921
f 922//922 923//923 909//909
f 924//924 925//925 923//923
f 917//917 913//913 926//926
f 927//927 926//926 928//928
f 929//929 930//930 925//925
f 931//931 928//928 930//930
f 908//908 922//922 909//909
f 922//922 924//924 923//923
f 917//917 926//926 927//927
f 927//927 928//928 931//931
f 920//920 921//921 932//932
f 932//932 933//933 934//934
f 921//921 933//933 932//932
f 934//934 933//933 935//935
f 924//924 929//929 925//925
f 931//931 930//930 929//929
f 934//934 935//935 936//936
f 937//937 938//938 939//939
f 940//940 939//939 941//941
f 942//942 943//943 938//938
f 944//944 945//945 943//943
f 946//946 941//941 947//947
f 948//948 947//947 949//949
f 937//937 939//939 940//940
f 940//940 941//941 946//946
f 950//950 951//951 952//952
f 937//937 942//942 938//938
f 942//942 944//944 943//943
f 946//946 947//947 948//948
f 948//948 949//949 953//953
f 950//950 952//952 954//954
f 954//954 955//955 956//956
f 952//952 955//955 954//954
f 956//956 955//955 957//957
f 958//958 959//959 945//945
f 960//960 961//961 959//959
f 953//953 949//949 962//962
f 963//963 962//962 964//964
f 965//965 966//966 961//961
f 967//967 964//964 966//966
f 944//944 958//958 945//945
f 958//958 960//960 959//959
f 953//953 962//962 963//963
f 963//963 964//964 967//967
f 956//956 957//957 968//968
f 968//968 969//969 970//970
f 957//957 969//969 968//968
f 970//970 969//969 971//971
f 960//960 965//965 961//961
f 967//967 966//966 965//965
f 970//970 971//971 972//972
f 973//973 974//974 975//975
f 976//976 975//975 977//977
f 978//978 979//979 974//974
f 980//980 981//981 979//979
f 982//982 977//977 983//983
f 984//984 983//983 985//985
f 976//976 973//973 975//975
f 976//976 977//977 982//982
f 986//986 987//987 988//988
f 973//973 978//978 974//974
f 978//978 980//980 979//979
f 982//982 983//983 984//984
f 984//984 985//985 989//989
f 988//988 987//987 990//990
f 990//990 991//991 992//992
f 987//987 991//991 990//990
f 992//992 991//991 993//993
f 994//994 995//995 981//981
f 996//996 997//997 995//995
f 989//989 985//985 998//998
f 999//999 998//998 1000//1000
f 1001//1001 1002//1002 997//997
f 1003//1003 1000//1000 1002//1002
f 980//980 994//994 981//981
f 994//994 996//996 995//995
f 989//989 998//998 999//999
f 999//999 1000//1000 1003//1003
f 992//992 993//993 1004//1004
f 1004//1004 1005//1005 1006//1006
f 993//993 1005//1005 1004//1004
f 1005//1005 1007//1007 1006//1006
f 996//996 1001//1001 997//997
f 1003//1003 1002//1002 1001//1001
f 1006//1006 1007//1007 1008//1008
f 1009//1009 1010//1010 1011//1011
f 1012//1012 1011//1011 1013//1013
f 1014//1014 1015//1015 1010//1010
f 1016//1016 1017//1017 1015//1015
f 1018//1018 1013//1013 1019//1019
f 1020//1020 1019//1019 1021//1021
f 1012//1012 1009//1009 1011//1011
f 1012//1012 1013//1013 1018//1018
f 1022//1022 1023//1023 1024//1024
f 1009//1009 1014//1014 1010//1010
f 1014//1014 1016//1016 1015//1015
f 1018//1018 1019//1019 1020//1020
f 1020//1020 1021//1021 1025//1025
f 1024//1024 1023//1023 1026//1026
f 1026//1026 1027//1027 1028//1028
f 1023//1023 1027//1027 1026//1026
f 1027//1027 1029//1029 1028//1028
f 1030//1030 1031//1031 1017//1017
f 1032//1032 1033//1033 1031//1031
f 1025//1025 1021//1021 1034//1034
f 1035//1035 1034//1034 1036//1036
f 1037//1037 1038//1038 1033//1033
f 1039//1039 1036//1036 1038//1038
f 1016//1016 1030//1030 1017//1017
f 1030//1030 1032//1032 1031//1031
f 1025//1025 1034//1034 1035//1035
f 1035//1035 1036//1036 1039//1039
f 1028//1028 1029//1029 1040//1040
f 1040//1040 1041//1041 1042//1042
f 1040//1040 1029//1029 1041//1041
f 1041//1041 1043//1043 1042//1042
f 1032//1032 1037//1037 1033//1033
f 1039//1039 1038//1038 1037//1037
f 1042//1042 1043//1043 1044//1044
f 1045//1045 1046//1046 1047//1047
f 1048//1048 1047//1047 1049//1049
f 1050//1050 1051//1051 1046//1046
f 1052//1052 1053//1053 1051//1051
f 1054//1054 1049//1049 1055//1055
f 1056//1056 1055//1055 1057//1057
f 1048//1048 1045//1045 1047//1047
f 1048//1048 1049//1049 1054//1054
f 1058//1058 1059//1059 1060//1060
f 1045//1045 1050//1050 1046//1046
f 1050//1050 1052//1052 1051//1051
f 1054//1054 1055//1055 1056//1056
f 1056//1056 1057//1057 1061//1061
f 1060//1060 1059//1059 1062//1062
f 1062//1062 1063//1063 1064//1064
f 1062//1062 1059//1059 1063//1063
f 1063//1063 1065//1065 1064//1064
f 1066//1066 1067//1067 1053//1053
f 1068//1068 1069//1069 1067//1067
f 1061//1061 1057//1057 1070//1070
f 1071//1071 1070//1070 1072//1072
f 1073//1073 1074//1074 1069//1069
f 1075//1075 1072//1072 1074//1074
f 1052//1052 1066//1066 1053//1053
f 1066//1066 1068//1068 1067//1067
f 1061//1061 1070//1070 1071//1071
f 1071//1071 1072//1072 1075//1075
f 1064//1064 1065//1065 1076//1076
f 1076//1076 1077//1077 1078//1078
f 1076//1076 1065//1065 1077//1077
f 1077//1077 1079//1079 1078//1078
f 1068//1068 1073//1073 1069//1069
f 1073//1073 1075//1075 1074//1074
f 1078//1078 1079//1079 1080//1080
f 1081//1081 1082//1082 1083//1083
f 1084//1084 1083//1083 1085//1085
f 1086//1086 1087//1087 1082//1082
f 1088//1088 1089//1089 1087//1087
f 1090//1090 1085//1085 1091//1091
f 1092//1092 1091//1091 1093//1093
f 1084//1084 1081//1081 1083//1083
f 1084//1084 1085//1085 1090//1090
f 1094//1094 1095//1095 1096//1096
f 1081//1081 1086//1086 1082//1082
f 1086//1086 1088//1088 1087//1087
f 1090//1090 1091//1091 1092//1092
f 1092//1092 1093//1093 1097//1097
f 1096//1096 1095//1095 1098//1098
f 1098//1098 1099//1099 1100//1100
f 1098//1098 1095//1095 1099//1099
f 1099//1099 1101//1101 1100//1100
f 1102//1102 1103//1103 1089//1089
f 1104//1104 1105//1105 1103//1103
f 1097//1097 1093//1093 1106//1106
f 1107//1107 1106//1106 1108//1108
f 1109//1109 1110//1110 1105//1105
f 1111//1111 1108//1108 1110//1110
f 1088//1088 1102//1102 1089//1089
f 1102//1102 1104//1104 1103//1103
f 1097//1097 1106//1106 1107//1107
f 1107//1107 1108//1108 1111//1111
f 1100//1100 1101//1101 1112//1112
f 1112//1112 1113//1113 1114//1114
f 1112//1112 1101//1101 1113//1113
f 1113//1113 1115//1115 1114//1114
f 1104//1104 1109//1109 1105//1105
f 1109//1109 1111//1111 1110//1110
f 1114//1114 1115//1115 1116//1116
f 1117//1117 1118//1118 1119//1119
f 1120//1120 1119//1119 1121//1121
f 1122//1122 1123//1123 1118//1118
f 1124//1124 1125//1125 1123//1123
f 1126//1126 1121//1121 1127//1127
f 1128//1128 1127//1127 1129//1129
f 1120//1120 1117//1117 1119//1119
f 1120//1120 1121//1121 1126//1126
f 1130//1130 1131//1131 1132//1132
f 1117//1117 1122//1122 1118//1118
f 1122//1122 1124//1124 1123//1123
f 1126//1126 1127//1127 1128//1128
f 1128//1128 1129//1129 1133//1133
f 1132//1132 1131//1131 1134//1134
f 1134//1134 1135//1135 1136//1136
f 1134//1134 1131//1131 1135//1135
f 1135//1135 1137//1137 1136//1136
f 1138//1138 1139//1139 1125//1125
f 1140//1140 1141//1141 1139//1139
f 1133//1133 1129//1129 1142//1142
f 1143//1143 1142//1142 1144//1144
f 1145//1145 1146//1146 1141//1141
f 1147//1147 1144//1144 1146//1146
f 1124//1124 1138//1138 1125//1125
f 1138//1138 1140//1140 1139//1139
f 1133//1133 1142//1142 1143//1143
f 1143//1143 1144//1144 1147//1147
f 1136//1136 1137//1137 1148//1148
f 1148//1148 1149//1149 1150//1150
f 1148//1148 1137//1137 1149//1149
f 1149//1149 1151//1151 1150//1150
f 1140//1140 1145//1145 1141//1141
f 1145//1145 1147//1147 1146//1146
f 1150//1150 1151//1151 1152//1152
f 1153//1153 1154//1154 1155//1155
f 1156//1156 1155//1155 1157//1157
f 1158//1158 1159//1159 1154//1154
f 1160//1160 1161//1161 1159//1159
f 1162//1162 1157//1157 1163//1163
f 1164//1164 1163//1163 1165//1165
f 1156//1156 1153//1153 1155//1155
f 1156//1156 1157//1157 1162//1162
f 1166//1166 1167//1167 1168//1168
f 1153//1153 1158//1158 1154//1154
f 1158//1158 1160//1160 1159//1159
f 1162//1162 1163//1163 1164//1164
f 1164//1164 1165//1165 1169//1169
f 1168//1168 1167//1167 1170//1170
f 1170//1170 1171//1171 1172//1172
f 1170//1170 1167//1167 1171//1171
f 1171//1171 1173//1173 1172//1172
f 1174//1174 1175//1175 1161//1161
f 1176//1176 1177//1177 1175//1175
f 1169//1169 1165//1165 1178//1178
f 1179//1179 1178//1178 1180//1180
f 1181//1181 1182//1182 1177//1177
f 1183//1183 1180//1180 1182//1182
f 1160//1160 1174//1174 1161//1161
f 1174//1174 1176//1176 1175//1175
f 1169//1169 1178//1178 1179//1179
f 1179//1179 1180//1180 1183//1183
f 1172//1172 1173//1173 1184//1184
f 1184//1184 1185//1185 1186//1186
f 1184//1184 1173//1173 1185//1185
f 1185//1185 1187//1187 1186//1186
f 1176//1176 1181//1181 1177//1177
f 1183//1183 1182//1182 1181//1181
f 1186//1186 1187//1187 1188//1188
f 1189//1189 1190//1190 1191//1191
f 1192//1192 1191//1191 1193//1193
f 1194//1194 1195//1195 1190//1190
f 1196//1196 1197//1197 1195//1195
f 1198//1198 1193//1193 1199//1199
f 1200//1200 1199//1199 1201//1201
f 1192//1192 1189//1189 1191//1191
f 1192//1192 1193//1193 1198//1198
f 1202//1202 1203//1203 1204//1204
f 1189//1189 1194//1194 1190//1190
f 1194//1194 1196//1196 1195//1195
f 1198//1198 1199//1199 1200//1200
f 1200//1200 1201//1201 1205//1205
f 1204//1204 1203//1203 1206//1206
f 1206//1206 1207//1207 1208//1208
f 1206//1206 1203//1203 1207//1207
f 1207//1207 1209//1209 1208//1208
f 1210//1210 1211//1211 1197//1197
f 1212//1212 1213//1213 1211//1211
f 1205//1205 1201//1201 1214//1214
f 1215//1215 1214//1214 1216//1216
f 1217//1217 1218//1218 1213//1213
f 1219//1219 1216//1216 1218//1218
f 1196//1196 1210//1210 1197//1197
f 1210//1210 1212//1212 1211//1211
f 1205//1205 1214//1214 1215//1215
f 1215//1215 1216//1216 1219//1219
f 1208//1208 1209//1209 1220//1220
f 1220//1220 1221//1221 1222//1222
f 1220//1220 1209//1209 1221//1221
f 1221//1221 1223//1223 1222//1222
f 1212//1212 1217//1217 1213//1213
f 1219//1219 1218//1218 1217//1217
f 1222//1222 1223//1223 1224//1224
f 1225//1225 1226//1226 1227//1227
f 1228//1228 1227//1227 1229//1229
f 1230//1230 1231//1231 1226//1226
f 1232//1232 1233//1233 1231//1231
f 1234//1234 1229//1229 1235//1235
f 1236//1236 1235//1235 1237//1237
f 1228//1228 1225//1225 1227//1227
f 1228//1228 1229//1229 1234//1234
f 1238//1238 1239//1239 1240//1240
f 1225//1225 1230//1230 1226//1226
f 1230//1230 1232//1232 1231//1231
f 1234//1234 1235//1235 1236//1236
f 1236//1236 1237//1237 1241//1241
f 1240//1240 1239//1239 1242//1242
f 1242//1242 1243//1243 1244//1244
f 1242//1242 1239//1239 1243//1243
f 1243//1243 1245//1245 1244//1244
f 1246//1246 1247//1247 1233//1233
f 1248//1248 1249//1249 1247//1247
f 1241//1241 1237//1237 1250//1250
f 1251//1251 1250//1250 1252//1252
f 1253//1253 1254//1254 1249//1249
f 1255//1255 1252//1252 1254//1254
f 1232//1232 1246//1246 1233//1233
f 1246//1246 1248//1248 1247//1247
f 1241//1241 1250//1250 1251//1251
f 1251//1251 1252//1252 1255//1255
f 1244//1244 1245//1245 1256//1256
f 1256//1256 1257//1257 1258//1258
f 1256//1256 1245//1245 1257//1257
f 1257//1257 1259//1259 1258//1258
f 1248//1248 1253//1253 1249//1249
f 1255//1255 1254//1254 1253//1253
f 1258//1258 1259//1259 1260//1260
f 1261//1261 1262//1262 1263//1263
f 1264//1264 1263//1263 1265//1265
f 1266//1266 1267//1267 1262//1262
f 1268//1268 1269//1269 1267//1267
f 1270//1270 1265//1265 1271//1271
f 1272//1272 1271//1271 1273//1273
f 1264//1264 1261//1261 1263//1263
f 1264//1264 1265//1265 1270//1270
f 1274//1274 1275//1275 1276//1276
f 1266//1266 1262//1262 1261//1261
f 1266//1266 1268//1268 1267//1267
f 1270//1270 1271//1271 1272//1272
f 1272//1272 1273//1273 1277//1277
f 1278//1278 1276//1276 1275//1275
f 1278//1278 1279//1279 1280//1280
f 1278//1278 1275//1275 1279//1279
f 1279//1279 1281//1281 1280//1280
f 1282//1282 1283//1283 1269//1269
f 1284//1284 1285//1285 1283//1283
f 1277//1277 1273//1273 1286//1286
f 1287//1287 1286//1286 1288//1288
f 1289//1289 1290//1290 1285//1285
f 1291//1291 1288//1288 1290//1290
f 1268//1268 1282//1282 1269//1269
f 1282//1282 1284//1284 1283//1283
f 1277//1277 1286//1286 1287//1287
f 1287//1287 1288//1288 1291//1291
f 1280//1280 1281//1281 1292//1292
f 1292//1292 1293//1293 1294//1294
f 1292//1292 1281//1281 1293//1293
f 1293//1293 1295//1295 1294//1294
f 1284//1284 1289//1289 1285//1285
f 1291//1291 1290//1290 1289//1289
f 1294//1294 1295//1295 1296//1296
f 1297//1297 1298//1298 1299//1299
f 1300//1300 1299//1299 1301//1301
f 1302//1302 1303//1303 1298//1298
f 1304//1304 1305//1305 1303//1303
f 1306//1306 1301//1301 1307//1307
f 1308//1308 1307//1307 1309//1309
f 1300//1300 1297//1297 1299//1299
f 1300//1300 1301//1301 1306//1306
f 1310//1310 1311//1311 1312//1312
f 1297//1297 1302//1302 1298//1298
f 1302//1302 1304//1304 1303//1303
f 1306//1306 1307//1307 1308//1308
f 1308//1308 1309//1309 1313//1313
f 1312//1312 1311//1311 1314//1314
f 1314//1314 1315//1315 1316//1316
f 1311//1311 1315//1315 1314//1314
f 1316//1316 1315//1315 1317//1317
f 1318//1318 1319//1319 1305//1305
f 1320//1320 1321//1321 1319//1319
f 1313//1313 1309//1309 1322//1322
f 1323//1323 1322//1322 1324//1324
f 1325//1325 1326//1326 1321//1321
f 1327//1327 1324//1324 1326//1326
f 1304//1304 1318//1318 1305//1305
f 1318//1318 1320//1320 1319//1319
f 1313//1313 1322//1322 1323//1323
f 1327//1327 1323//1323 1324//1324
f 1316//1316 1317//1317 1328//1328
f 1328//1328 1329//1329 1330//1330
f 1317//1317 1329//1329 1328//1328
f 1330//1330 1329//1329 1331//1331
f 1320//1320 1325//1325 1321//1321
f 1325//1325 1327//1327 1326//1326
f 1330//1330 1331//1331 1332//1332
f 1333//1333 1334//1334 1335//1335
f 1336//1336 1335//1335 1337//1337
f 1338//1338 1339//1339 1334//1334
f 1340//1340 1341//1341 1339//1339
f 1342//1342 1337//1337 1343//1343
f 1344//1344 1343//1343 1345//1345
f 1336//1336 1333//1333 1335//1335
f 1336//1336 1337//1337 1342//1342
f 1346//1346 1347//1347 1348//1348
f 1333//1333 1338//1338 1334//1334
f 1338//1338 1340//1340 1339//1339
f 1342//1342 1343//1343 1344//1344
f 1344//1344 1345//1345 1349//1349
f 1348//1348 1347//1347 1350//1350
f 1350//1350 1351//1351 1352//1352
f 1347//1347 1351//1351 1350//1350
f 1352//1352 1351//1351 1353//1353
f 1354//1354 1355//1355 1341//1341
f 1356//1356 1357//1357 1355//1355
f 1349//1349 1345//1345 1358//1358
f 1359//1359 1358//1358 1360//1360
f 1361//1361 1362//1362 1357//1357
f 1363//1363 1360//1360 1362//1362
f 1340//1340 1354//1354 1341//1341
f 1354//1354 1356//1356 1355//1355
f 1349//1349 1358//1358 1359//1359
f 1359//1359 1360//1360 1363//1363
f 1352//1352 1353//1353 1364//1364
f 1364//1364 1365//1365 1366//1366
f 1353//1353 1365//1365 1364//1364
f 1366//1366 1365//1365 1367//1367
f 1356//1356 1361//1361 1357//1357
f 1361//1361 1363//1363 1362//1362
f 1366//1366 1367//1367 1368//1368
f 1369//1369 1370//1370 1371//1371
f 1372//1372 1371//1371 1373//1373
f 1374//1374 1375//1375 1370//1370
f 1376//1376 1377//1377 1375//1375
f 1378//1378 1373//1373 1379//1379
f 1380//1380 1379//1379 1381//1381
f 1372//1372 1369//1369 1371//1371
f 1372//1372 1373//1373 1378//1378
f 1382//1382 1383//1383 1384//1384
f 1369//1369 1374//1374 1370//1370
f 1374//1374 1376//1376 1375//1375
f 1378//1378 1379//1379 1380//1380
f 1380//1380 1381//1381 1385//1385
f 1384//1384 1383//1383 1386//1386
f 1386//1386 1387//1387 1388//1388
f 1383//1383 1387//1387 1386//1386
f 1388//1388 1387//1387 1389//1389
f 1390//1390 1391//1391 1377//1377
f 1392//1392 1393//1393 1391//1391
f 1385//1385 1381//1381 1394//1394
f 1395//1395 1394//1394 1396//1396
f 1397//1397 1398//1398 1393//1393
f 1399//1399 1396//1396 1398//1398
f 1376//1376 1390//1390 1377//1377
f 1390//1390 1392//1392 1391//1391
f 1385//1385 1394//1394 1395//1395
f 1395//1395 1396//1396 1399//1399
f 1388//1388 1389//1389 1400//1400
f 1400//1400 1401//1401 1402//1402
f 1389//1389 1401//1401 1400//1400
f 1402//1402 1401//1401 1403//1403
f 1392//1392 1397//1397 1393//1393
f 1397//1397 1399//1399 1398//1398
f 1402//1402 1403//1403 1404//1404
f 1405//1405 1406//1406 1407//1407
f 1408//1408 1407//1407 1409//1409
f 1410//1410 1411//1411 1406//1406
f 1412//1412 1413//1413 1411//1411
f 1414//1414 1409//1409 1415//1415
f 1416//1416 1415//1415 1417//1417
f 1408//1408 1405//1405 1407//1407
f 1408//1408 1409//1409 1414//1414
f 1418//1418 1419//1419 1420//1420
f 1405//1405 1410//1410 1406//1406
f 1410//1410 1412//1412 1411//1411
f 1414//1414 1415//1415 1416//1416
f 1416//1416 1417//1417 1421//1421
f 1420//1420 1419//1419 1422//1422
f 1422//1422 1423//1423 1424//1424
f 1419//1419 1423//1423 1422//1422
f 1424//1424 1423//1423 1425//1425
f 1426//1426 1427//1427 1413//1413
f 1428//1428 1429//1429 1427//1427
f 1421//1421 1417//1417 1430//1430
f 1431//1431 1430//1430 1432//1432
f 1433//1433 1434//1434 1429//1429
f 1435//1435 1432//1432 1434//1434
f 1412//1412 1426//1426 1413//1413
f 1426//1426 1428//1428 1427//1427
f 1421//1421 1430//1430 1431//1431
f 1431//1431 1432//1432 1435//1435
f 1424//1424 1425//1425 1436//1436
f 1436//1436 1437//1437 1438//1438
f 1425//1425 1437//1437 1436//1436
f 1438//1438 1437//1437 1439//1439
f 1428//1428 1433//1433 1429//1429
f 1433//1433 1435//1435 1434//1434
f 1438//1438 1439//1439 1440//1440
f 1441//1441 1442//1442 1443//1443
f 1444//1444 1443//1443 1445//1445
f 1446//1446 1447//1447 1442//1442
f 1448//1448 1449//1449 1447//1447
f 1450//1450 1445//1445 1451//1451
f 1452//1452 1451//1451 1453//1453
f 1441//1441 1443//1443 1444//1444
f 1444//1444 1445//1445 1450//1450
f 1454//1454 1455//1455 1456//1456
f 1441//1441 1446//1446 1442//1442
f 1446//1446 1448//1448 1447//1447
f 1450//1450 1451//1451 1452//1452
f 1452//1452 1453//1453 1457//1457
f 1454//1454 1456//1456 1458//1458
f 1458//1458 1459//1459 1460//1460
f 1456//1456 1459//1459 1458//1458
f 1460//1460 1459//1459 1461//1461
f 1462//1462 1463//1463 1449//1449
f 1464//1464 1465//1465 1463//1463
f 1457//1457 1453//1453 1466//1466
f 1467//1467 1466//1466 1468//1468
f 1469//1469 1470//1470 1465//1465
f 1471//1471 1468//1468 1470//1470
f 1448//1448 1462//1462 1449//1449
f 1462//1462 1464//1464 1463//1463
f 1457//1457 1466//1466 1467//1467
f 1467//1467 1468//1468 1471//1471
f 1460//1460 1461//1461 1472//1472
f 1472//1472 1473//1473 1474//1474
f 1461//1461 1473//1473 1472//1472
f 1474//1474 1473//1473 1475//1475
f 1464//1464 1469//1469 1465//1465
f 1469//1469 1471//1471 1470//1470
f 1474//1474 1475//1475 1476//1476
f 1477//1477 1478//1478 1479//1479
f 1480//1480 1479//1479 1481//1481
f 1482//1482 1483//1483 1478//1478
f 1484//1484 1485//1485 1483//1483
f 1486//1486 1481//1481 1487//1487
f 1488//1488 1487//1487 1489//1489
f 1477//1477 1479//1479 1480//1480
f 1480//1480 1481//1481 1486//1486
f 1490//1490 1491//1491 1492//1492
f 1477//1477 1482//1482 1478//1478
f 1482//1482 1484//1484 1483//1483
f 1486//1486 1487//1487 1488//1488
f 1488//1488 1489//1489 1493//1493
f 1490//1490 1492//1492 1494//1494
f 1494//1494 1495//1495 1496//1496
f 1492//1492 1495//1495 1494//1494
f 1496//1496 1495//1495 1497//1497
f 1498//1498 1499//1499 1485//1485
f 1500//1500 1501//1501 1499//1499
f 1493//1493 1489//1489 1502//1502
f 1503//1503 1502//1502 1504//1504
f 1505//1505 1506//1506 1501//1501
f 1507//1507 1504//1504 1506//1506
f 1484//1484 1498//1498 1485//1485
f 1498//1498 1500//1500 1499//1499
f 1493//1493 1502//1502 1503//1503
f 1503//1503 1504//1504 1507//1507
f 1496//1496 1497//1497 1508//1508
f 1508//1508 1509//1509 1510//1510
f 1497//1497 1509//1509 1508//1508
f 1510//1510 1509//1509 1511//1511
f 1500//1500 1505//1505 1501//1501
f 1505//1505 1507//1507 1506//1506
f 1510//1510 1511//1511 1512//1512
f 1513//1513 1514//1514 1515//1515
f 1516//1516 1515//1515 1517//1517
f 1518//1518 1519//1519 1514//1514
f 1520//1520 1521//1521 1519//1519
f 1522//1522 1517//1517 1523//1523
f 1524//1524 1523//1523 1525//1525
f 1513//1513 1515//1515 1516//1516
f 1516//1516 1517//1517 1522//1522
f 1526//1526 1527//1527 1528//1528
f 1513//1513 1518//1518 1514//1514
f 1518//1518 1520//1520 1519//1519
f 1522//1522 1523//1523 1524//1524
f 1524//1524 1525//1525 1529//1529
f 1526//1526 1528//1528 1530//1530
f 1530//1530 1531//1531 1532//1532
f 1528//1528 1531//1531 1530//1530
f 1532//1532 1531//1531 1533//1533
f 1534//1534 1535//1535 1521//1521
f 1536//1536 1537//1537 1535//1535
f 1529//1529 1525//1525 1538//1538
f 1539//1539 1538//1538 1540//1540
f 1541//1541 1542//1542 1537//1537
f 1543//1543 1540//1540 1542//1542
f 1520//1520 1534//1534 1521//1521
f 1534//1534 1536//1536 1535//1535
f 1529//1529 1538//1538 1539//1539
f 1539//1539 1540//1540 1543//1543
f 1532//1532 1533//1533 1544//1544
f 1544//1544 1545//1545 1546//1546
f 1533//1533 1545//1545 1544//1544
f 1546//1546 1545//1545 1547//1547
f 1536//1536 1541//1541 1537//1537
f 1541//1541 1543//1543 1542//1542
f 1546//1546 1547//1547 1548//1548
f 1549//1549 1550//1550 1551//1551
f 1552//1552 1551//1551 1553//1553
f 1554//1554 1555//1555 1550//1550
f 1556//1556 1557//1557 1555//1555
f 1558//1558 1553//1553 1559//1559
f 1560//1560 1559//1559 1561//1561
f 1552//1552 1549//1549 1551//1551
f 1552//1552 1553//1553 1558//1558
f 1562//1562 1563//1563 1564//1564
f 1549//1549 1554//1554 1550//1550
f 1554//1554 1556//1556 1555//1555
f 1558//1558 1559//1559 1560//1560
f 1560//1560 1561//1561 1565//1565
f 1564//1564 1563//1563 1566//1566
f 1566//1566 1567//1567 1568//1568
f 1563//1563 1567//1567 1566//1566
f 1568//1568 1567//1567 1569//1569
f 1570//1570 1571//1571 1557//1557
f 1572//1572 1573//1573 1571//1571
f 1565//1565 1561//1561 1574//1574
f 1575//1575 1574//1574 1576//1576
f 1577//1577 1578//1578 1573//1573
f 1579//1579 1576//1576 1578//1578
f 1556//1556 1570//1570 1557//1557
f 1570//1570 1572//1572 1571//1571
f 1565//1565 1574//1574 1575//1575
f 1575//1575 1576//1576 1579//1579
f 1568//1568 1569//1569 1580//1580
f 1580//1580 1581//1581 1582//1582
f 1569//1569 1581//1581 1580//1580
f 1581//1581 1583//1583 1582//1582
f 1572//1572 1577//1577 1573//1573
f 1577//1577 1579//1579 1578//1578
f 1582//1582 1583//1583 1584//1584
