v -0.11000 -0.34208 -0.19750
v -0.11000 -0.30259 -0.25390
v -0.09695 -0.32276 -0.27044
v -0.09624 -0.32531 -0.26924
v -0.09562 -0.32712 -0.26880
v -0.09528 -0.32784 -0.26895
v -0.09200 -0.33333 -0.27252
v -0.08800 -0.33905 -0.27824
v -0.09696 -0.32257 -0.27067
v -0.11000 -0.25390 -0.30259
v -0.09696 -0.27067 -0.32257
v -0.08800 -0.21950 -0.38019
v -0.09695 -0.27044 -0.32276
v -0.11000 -0.22552 -0.18924
v -0.09624 -0.26924 -0.32531
v -0.09528 -0.26895 -0.32784
v -0.09562 -0.26880 -0.32712
v -0.09200 -0.27252 -0.33333
v -0.08800 -0.27824 -0.33905
v -0.08800 -0.38019 -0.21950
v -0.05500 -0.34692 -0.28611
v -0.05500 -0.38971 -0.22500
v -0.08800 -0.21950 -0.38019
v -0.05500 -0.22500 -0.38971
v -0.08800 -0.27824 -0.33905
v -0.05500 -0.28611 -0.34692
v -0.08800 -0.33905 -0.27824
v -0.09498 -0.37389 -0.20008
v -0.09541 -0.37333 -0.19928
v -0.09624 -0.37280 -0.19647
v -0.09668 -0.37278 -0.19446
v -0.09723 -0.39518 -0.14383
v -0.08800 -0.38019 -0.21950
v -0.11000 -0.37118 -0.13510
v -0.09667 -0.40108 -0.12608
v -0.09200 -0.37886 -0.20347
v -0.08800 -0.38623 -0.20653
v -0.11000 -0.39500 0.00000
v -0.08800 -0.43233 -0.07623
v -0.09659 -0.41859 -0.03700
v -0.11000 -0.38900 -0.06859
v -0.09624 -0.40232 -0.12477
v -0.09528 -0.40477 -0.12302
v -0.09476 -0.40589 -0.12282
v -0.11000 -0.29440 0.00000
v -0.09732 -0.42036 0.00000
v -0.09200 -0.41133 -0.12383
v -0.08800 -0.41875 -0.12691
v -0.09521 -0.42097 -0.04124
v -0.09624 -0.41916 -0.03840
v -0.09467 -0.42200 -0.04190
v -0.09200 -0.42724 -0.04300
v -0.08800 -0.43524 -0.04300
v -0.11000 -0.25496 -0.14720
v -0.11000 -0.27665 -0.10069
v -0.11000 -0.28993 -0.05112
v -0.08800 -0.38623 -0.20653
v -0.05500 -0.39637 -0.21072
v -0.08800 -0.43233 -0.07623
v -0.08800 -0.41875 -0.12691
v -0.05500 -0.42896 -0.13114
v -0.05500 -0.44316 -0.07814
v -0.08800 -0.43524 -0.04300
v -0.05500 -0.44624 -0.04300
v -0.11000 -0.19750 -0.34208
v -0.09541 -0.19928 -0.37333
v -0.09498 -0.20008 -0.37389
v -0.09624 -0.19647 -0.37280
v -0.09668 -0.19446 -0.37278
v -0.09200 -0.20347 -0.37886
v -0.11000 -0.13510 -0.37118
v -0.09723 -0.14383 -0.39518
v -0.09667 -0.12608 -0.40108
v -0.08800 -0.20653 -0.38623
v -0.11000 -0.18924 -0.22552
v -0.11000 -0.14720 -0.25496
v -0.11000 -0.10069 -0.27665
v -0.11000 -0.06859 -0.38900
v -0.08800 -0.07623 -0.43233
v -0.09521 -0.04124 -0.42097
v -0.11000 0.00000 -0.39500
v -0.09659 -0.03700 -0.41859
v -0.11000 -0.05112 -0.28993
v -0.09624 -0.03840 -0.41916
v -0.09732 0.00000 -0.42036
v -0.09200 -0.12383 -0.41133
v -0.09476 -0.12282 -0.40589
v -0.08800 -0.12691 -0.41875
v -0.09624 -0.12477 -0.40232
v -0.09528 -0.12302 -0.40477
v -0.09467 -0.04190 -0.42200
v -0.09200 -0.04300 -0.42724
v -0.08800 -0.04300 -0.43524
v -0.11000 0.00000 -0.29440
v -0.08800 -0.20653 -0.38623
v -0.05500 -0.21072 -0.39637
v -0.08800 -0.07623 -0.43233
v -0.05500 -0.07814 -0.44316
v -0.08800 -0.12691 -0.41875
v -0.08800 -0.04300 -0.43524
v -0.05500 -0.04300 -0.44624
v -0.05500 -0.13114 -0.42896
v -0.00900 -0.34692 -0.28611
v 0.01200 -0.27943 -0.35160
v 0.01200 -0.38971 -0.22500
v 0.01200 -0.22500 -0.38971
v -0.00900 -0.28611 -0.34692
v -0.00476 -0.34590 -0.28757
v 0.01200 -0.35160 -0.27943
v -0.00476 -0.28757 -0.34590
v -0.00900 -0.39637 -0.21072
v -0.00900 -0.42896 -0.13114
v -0.00900 -0.44624 -0.04300
v -0.11000 -0.25496 -0.14720
v 0.11000 -0.25496 -0.14720
v -0.11000 -0.22552 -0.18924
v -0.11000 -0.27665 -0.10069
v 0.11000 -0.27665 -0.10069
v -0.11000 -0.28993 -0.05112
v 0.11000 -0.28993 -0.05112
v -0.11000 -0.29440 0.00000
v 0.11000 -0.29440 0.00000
v 0.01200 -0.43102 -0.12346
v -0.00476 -0.42850 -0.13285
v 0.01200 -0.39295 -0.21806
v -0.00476 -0.39711 -0.20913
v 0.01200 -0.44316 -0.07814
v -0.00476 -0.44639 -0.04124
v -0.00900 -0.21072 -0.39637
v -0.11000 -0.14720 -0.25496
v 0.11000 -0.14720 -0.25496
v -0.11000 -0.10069 -0.27665
v 0.01200 -0.12346 -0.43102
v -0.00900 -0.04300 -0.44624
v 0.11000 -0.10069 -0.27665
v -0.11000 -0.05112 -0.28993
v 0.11000 -0.05112 -0.28993
v -0.11000 0.00000 -0.29440
v -0.00900 -0.13114 -0.42896
v -0.00476 -0.20913 -0.39711
v -0.00476 -0.13285 -0.42850
v -0.00476 -0.04124 -0.44639
v 0.01200 -0.07814 -0.44316
v 0.01200 -0.05090 -0.44555
v 0.01376 -0.04665 -0.44592
v 0.05500 0.00000 -0.45000
v 0.11000 -0.22552 -0.18924
v -0.11000 -0.18924 -0.22552
v 0.11000 -0.18924 -0.22552
v -0.11000 -0.38900 0.06859
v -0.09659 -0.41859 0.03700
v -0.11000 -0.28993 0.05112
v -0.09624 -0.41916 0.03840
v -0.09521 -0.42097 0.04124
v -0.08800 -0.43233 0.07623
v -0.11000 -0.37118 0.13510
v -0.09667 -0.40108 0.12608
v -0.09467 -0.42200 0.04190
v -0.09200 -0.42724 0.04300
v -0.08800 -0.43524 0.04300
v -0.09200 -0.41133 0.12383
v -0.09476 -0.40589 0.12282
v -0.08800 -0.41875 0.12691
v -0.09624 -0.40232 0.12477
v -0.09528 -0.40477 0.12302
v -0.11000 -0.34208 0.19750
v -0.09668 -0.37278 0.19446
v -0.09723 -0.39518 0.14383
v -0.09541 -0.37333 0.19928
v -0.09498 -0.37389 0.20008
v -0.09624 -0.37280 0.19647
v -0.09200 -0.37886 0.20347
v -0.08800 -0.38019 0.21950
v -0.08800 -0.38623 0.20653
v -0.11000 -0.27665 0.10069
v -0.11000 -0.25496 0.14720
v -0.11000 -0.30259 0.25390
v -0.11000 -0.22552 0.18924
v -0.11000 -0.18924 0.22552
v -0.08800 -0.43233 0.07623
v -0.08800 -0.43524 0.04300
v -0.05500 -0.44624 0.04300
v -0.05500 -0.44316 0.07814
v -0.08800 -0.41875 0.12691
v -0.05500 -0.42896 0.13114
v -0.08800 -0.38019 0.21950
v -0.08800 -0.38623 0.20653
v -0.05500 -0.39637 0.21072
v -0.05500 -0.38971 0.22500
v -0.09695 -0.32276 0.27044
v -0.09696 -0.32257 0.27067
v -0.09696 -0.27067 0.32257
v -0.11000 -0.25390 0.30259
v -0.09695 -0.27044 0.32276
v -0.11000 -0.19750 0.34208
v -0.09624 -0.26924 0.32531
v -0.09562 -0.26880 0.32712
v -0.09528 -0.26895 0.32784
v -0.09200 -0.27252 0.33333
v -0.08800 -0.27824 0.33905
v -0.09624 -0.32531 0.26924
v -0.09528 -0.32784 0.26895
v -0.09562 -0.32712 0.26880
v -0.09200 -0.33333 0.27252
v -0.08800 -0.33905 0.27824
v -0.08800 -0.33905 0.27824
v -0.05500 -0.34692 0.28611
v -0.08800 -0.21950 0.38019
v -0.08800 -0.27824 0.33905
v -0.05500 -0.28611 0.34692
v -0.05500 -0.22500 0.38971
v -0.11000 -0.14720 0.25496
v -0.11000 -0.10069 0.27665
v -0.11000 -0.13510 0.37118
v -0.08800 -0.21950 0.38019
v -0.09541 -0.19928 0.37333
v -0.09624 -0.19647 0.37280
v -0.09668 -0.19446 0.37278
v -0.09498 -0.20008 0.37389
v -0.09723 -0.14383 0.39518
v -0.09667 -0.12608 0.40108
v -0.09200 -0.20347 0.37886
v -0.08800 -0.20653 0.38623
v -0.11000 -0.05112 0.28993
v -0.11000 -0.06859 0.38900
v -0.11000 0.00000 0.29440
v -0.09624 -0.12477 0.40232
v -0.09528 -0.12302 0.40477
v -0.09476 -0.12282 0.40589
v -0.08800 -0.07623 0.43233
v -0.11000 0.00000 0.39500
v -0.09659 -0.03700 0.41859
v -0.09732 0.00000 0.42036
v -0.09200 -0.12383 0.41133
v -0.08800 -0.12691 0.41875
v -0.09521 -0.04124 0.42097
v -0.09624 -0.03840 0.41916
v -0.09467 -0.04190 0.42200
v -0.09200 -0.04300 0.42724
v -0.08800 -0.04300 0.43524
v -0.08800 -0.20653 0.38623
v -0.05500 -0.21072 0.39637
v -0.08800 -0.07623 0.43233
v -0.08800 -0.12691 0.41875
v -0.05500 -0.13114 0.42896
v -0.05500 -0.07814 0.44316
v -0.08800 -0.04300 0.43524
v -0.05500 -0.04300 0.44624
v -0.00900 -0.44624 0.04300
v 0.01200 -0.43102 0.12346
v -0.00900 -0.39637 0.21072
v -0.11000 -0.28993 0.05112
v 0.11000 -0.28993 0.05112
v -0.11000 -0.27665 0.10069
v 0.11000 -0.27665 0.10069
v -0.11000 -0.25496 0.14720
v 0.11000 -0.25496 0.14720
v -0.00476 -0.44639 0.04124
v 0.01376 -0.44592 0.04665
v 0.01200 -0.44555 0.05090
v 0.05500 -0.45000 0.00000
v 0.01200 -0.44316 0.07814
v -0.00900 -0.42896 0.13114
v 0.01200 -0.38971 0.22500
v -0.00476 -0.42850 0.13285
v -0.00476 -0.39711 0.20913
v 0.01200 -0.35160 0.27943
v -0.00900 -0.28611 0.34692
v -0.00900 -0.34692 0.28611
v -0.00476 -0.34590 0.28757
v -0.00476 -0.28757 0.34590
v 0.01200 -0.27943 0.35160
v 0.01200 -0.22500 0.38971
v -0.11000 -0.22552 0.18924
v 0.11000 -0.22552 0.18924
v -0.11000 -0.18924 0.22552
v 0.11000 -0.18924 0.22552
v -0.11000 -0.14720 0.25496
v 0.11000 -0.14720 0.25496
v -0.00900 -0.21072 0.39637
v -0.11000 -0.10069 0.27665
v 0.11000 -0.10069 0.27665
v -0.11000 -0.05112 0.28993
v 0.11000 -0.05112 0.28993
v -0.11000 0.00000 0.29440
v 0.11000 0.00000 0.29440
v -0.00900 -0.13114 0.42896
v -0.00900 -0.04300 0.44624
v 0.01200 -0.21806 0.39295
v -0.00476 -0.20913 0.39711
v 0.01200 -0.12346 0.43102
v -0.00476 -0.13285 0.42850
v 0.01200 -0.07814 0.44316
v -0.00476 -0.04124 0.44639
v -0.08800 0.07623 -0.43233
v -0.09659 0.03700 -0.41859
v -0.11000 0.06859 -0.38900
v -0.11000 0.13510 -0.37118
v -0.09667 0.12608 -0.40108
v -0.09624 0.12477 -0.40232
v -0.09528 0.12302 -0.40477
v -0.09476 0.12282 -0.40589
v -0.09624 0.03840 -0.41916
v -0.09521 0.04124 -0.42097
v -0.09467 0.04190 -0.42200
v -0.09200 0.04300 -0.42724
v -0.08800 0.04300 -0.43524
v -0.09200 0.12383 -0.41133
v -0.08800 0.12691 -0.41875
v -0.11000 0.05112 -0.28993
v -0.11000 0.10069 -0.27665
v -0.11000 0.19750 -0.34208
v -0.09723 0.14383 -0.39518
v -0.09668 0.19446 -0.37278
v -0.09498 0.20008 -0.37389
v -0.09541 0.19928 -0.37333
v -0.09624 0.19647 -0.37280
v -0.08800 0.21950 -0.38019
v -0.09200 0.20347 -0.37886
v -0.08800 0.20653 -0.38623
v -0.11000 0.14720 -0.25496
v -0.11000 0.25390 -0.30259
v -0.11000 0.18924 -0.22552
v -0.08800 0.27824 -0.33905
v -0.08800 0.07623 -0.43233
v -0.05500 0.07814 -0.44316
v -0.08800 0.04300 -0.43524
v -0.08800 0.12691 -0.41875
v -0.05500 0.13114 -0.42896
v -0.05500 0.04300 -0.44624
v -0.08800 0.21950 -0.38019
v -0.05500 0.22500 -0.38971
v -0.08800 0.20653 -0.38623
v -0.05500 0.21072 -0.39637
v -0.09695 0.27044 -0.32276
v -0.09624 0.26924 -0.32531
v -0.09562 0.26880 -0.32712
v -0.09528 0.26895 -0.32784
v -0.09200 0.27252 -0.33333
v -0.09696 0.27067 -0.32257
v -0.11000 0.30259 -0.25390
v -0.09696 0.32257 -0.27067
v -0.09695 0.32276 -0.27044
v -0.08800 0.38019 -0.21950
v -0.09624 0.32531 -0.26924
v -0.09562 0.32712 -0.26880
v -0.09528 0.32784 -0.26895
v -0.09200 0.33333 -0.27252
v -0.08800 0.33905 -0.27824
v -0.05500 0.28611 -0.34692
v -0.08800 0.27824 -0.33905
v -0.08800 0.38019 -0.21950
v -0.05500 0.38971 -0.22500
v -0.08800 0.33905 -0.27824
v -0.05500 0.34692 -0.28611
v -0.11000 0.22552 -0.18924
v -0.11000 0.34208 -0.19750
v -0.11000 0.25496 -0.14720
v -0.11000 0.37118 -0.13510
v -0.11000 0.27665 -0.10069
v -0.11000 0.28993 -0.05112
v -0.11000 0.38900 -0.06859
v -0.11000 0.29440 0.00000
v -0.11000 0.39500 0.00000
v -0.09624 0.37280 -0.19647
v -0.09541 0.37333 -0.19928
v -0.09668 0.37278 -0.19446
v -0.09498 0.37389 -0.20008
v -0.09200 0.37886 -0.20347
v -0.09723 0.39518 -0.14383
v -0.09667 0.40108 -0.12608
v -0.08800 0.38623 -0.20653
v -0.08800 0.43233 -0.07623
v -0.09521 0.42097 -0.04124
v -0.09659 0.41859 -0.03700
v -0.09624 0.41916 -0.03840
v -0.09732 0.42036 0.00000
v -0.09624 0.40232 -0.12477
v -0.09528 0.40477 -0.12302
v -0.09476 0.40589 -0.12282
v -0.09200 0.41133 -0.12383
v -0.08800 0.41875 -0.12691
v -0.09467 0.42200 -0.04190
v -0.09200 0.42724 -0.04300
v -0.08800 0.43524 -0.04300
v -0.08800 0.38623 -0.20653
v -0.05500 0.39637 -0.21072
v -0.08800 0.43233 -0.07623
v -0.05500 0.44316 -0.07814
v -0.08800 0.41875 -0.12691
v -0.08800 0.43524 -0.04300
v -0.05500 0.44624 -0.04300
v -0.05500 0.42896 -0.13114
v -0.00900 0.04300 -0.44624
v -0.00900 0.13114 -0.42896
v 0.11000 0.00000 -0.29440
v -0.11000 0.05112 -0.28993
v -0.11000 0.10069 -0.27665
v 0.11000 0.05112 -0.28993
v 0.11000 0.10069 -0.27665
v -0.11000 0.14720 -0.25496
v -0.00900 0.21072 -0.39637
v 0.11000 0.14720 -0.25496
v -0.11000 0.18924 -0.22552
v 0.01200 0.07814 -0.44316
v 0.01200 0.12346 -0.43102
v -0.00476 0.04124 -0.44639
v 0.01200 0.22500 -0.38971
v -0.00476 0.13285 -0.42850
v -0.00476 0.20913 -0.39711
v 0.01200 0.21806 -0.39295
v -0.11000 0.22552 -0.18924
v 0.11000 0.18924 -0.22552
v -0.11000 0.25496 -0.14720
v 0.11000 0.22552 -0.18924
v -0.00900 0.28611 -0.34692
v 0.01200 0.35160 -0.27943
v -0.00900 0.34692 -0.28611
v -0.00476 0.28757 -0.34590
v 0.01200 0.27943 -0.35160
v -0.00476 0.34590 -0.28757
v 0.01200 0.38971 -0.22500
v -0.11000 0.27665 -0.10069
v 0.11000 0.25496 -0.14720
v -0.11000 0.28993 -0.05112
v 0.11000 0.27665 -0.10069
v -0.11000 0.29440 0.00000
v 0.11000 0.28993 -0.05112
v -0.00900 0.39637 -0.21072
v 0.01200 0.43102 -0.12346
v -0.00900 0.44624 -0.04300
v -0.00900 0.42896 -0.13114
v -0.00476 0.39711 -0.20913
v -0.00476 0.42850 -0.13285
v -0.00476 0.44639 -0.04124
v 0.01200 0.44316 -0.07814
v 0.01200 0.44555 -0.05090
v 0.01376 0.44592 -0.04665
v 0.05500 0.45000 0.00000
v -0.11000 0.05112 0.28993
v -0.11000 0.06859 0.38900
v -0.11000 0.10069 0.27665
v -0.11000 0.13510 0.37118
v -0.09659 0.03700 0.41859
v -0.09624 0.03840 0.41916
v -0.09521 0.04124 0.42097
v -0.08800 0.07623 0.43233
v -0.09667 0.12608 0.40108
v -0.09467 0.04190 0.42200
v -0.09200 0.04300 0.42724
v -0.08800 0.04300 0.43524
v -0.09624 0.12477 0.40232
v -0.09528 0.12302 0.40477
v -0.09476 0.12282 0.40589
v -0.09200 0.12383 0.41133
v -0.08800 0.12691 0.41875
v -0.11000 0.14720 0.25496
v -0.11000 0.19750 0.34208
v -0.11000 0.18924 0.22552
v -0.11000 0.25390 0.30259
v -0.11000 0.22552 0.18924
v -0.08800 0.21950 0.38019
v -0.09668 0.19446 0.37278
v -0.09723 0.14383 0.39518
v -0.09624 0.19647 0.37280
v -0.09541 0.19928 0.37333
v -0.09498 0.20008 0.37389
v -0.09200 0.20347 0.37886
v -0.08800 0.20653 0.38623
v -0.08800 0.07623 0.43233
v -0.08800 0.04300 0.43524
v -0.05500 0.04300 0.44624
v -0.05500 0.07814 0.44316
v -0.08800 0.12691 0.41875
v -0.05500 0.13114 0.42896
v -0.08800 0.21950 0.38019
v -0.08800 0.20653 0.38623
v -0.05500 0.21072 0.39637
v -0.05500 0.22500 0.38971
v -0.11000 0.28993 0.05112
v -0.11000 0.38900 0.06859
v -0.11000 0.37118 0.13510
v -0.11000 0.27665 0.10069
v -0.11000 0.25496 0.14720
v -0.11000 0.34208 0.19750
v -0.11000 0.30259 0.25390
v -0.08800 0.33905 0.27824
v -0.08800 0.38019 0.21950
v -0.09659 0.41859 0.03700
v -0.08800 0.43233 0.07623
v -0.09667 0.40108 0.12608
v -0.09624 0.40232 0.12477
v -0.09528 0.40477 0.12302
v -0.09476 0.40589 0.12282
v -0.09624 0.41916 0.03840
v -0.09521 0.42097 0.04124
v -0.09467 0.42200 0.04190
v -0.09200 0.42724 0.04300
v -0.08800 0.43524 0.04300
v -0.09200 0.41133 0.12383
v -0.08800 0.41875 0.12691
v -0.09723 0.39518 0.14383
v -0.09668 0.37278 0.19446
v -0.09624 0.37280 0.19647
v -0.09541 0.37333 0.19928
v -0.09498 0.37389 0.20008
v -0.09200 0.37886 0.20347
v -0.08800 0.38623 0.20653
v -0.08800 0.43233 0.07623
v -0.05500 0.44316 0.07814
v -0.08800 0.43524 0.04300
v -0.08800 0.41875 0.12691
v -0.05500 0.42896 0.13114
v -0.05500 0.44624 0.04300
v -0.08800 0.38019 0.21950
v -0.05500 0.38971 0.22500
v -0.08800 0.38623 0.20653
v -0.05500 0.39637 0.21072
v -0.09696 0.32257 0.27067
v -0.09695 0.27044 0.32276
v -0.09696 0.27067 0.32257
v -0.09695 0.32276 0.27044
v -0.09624 0.32531 0.26924
v -0.09562 0.32712 0.26880
v -0.09528 0.32784 0.26895
v -0.09200 0.33333 0.27252
v -0.09624 0.26924 0.32531
v -0.09562 0.26880 0.32712
v -0.09528 0.26895 0.32784
v -0.09200 0.27252 0.33333
v -0.08800 0.27824 0.33905
v -0.08800 0.33905 0.27824
v -0.05500 0.34692 0.28611
v -0.08800 0.27824 0.33905
v -0.05500 0.28611 0.34692
v -0.11000 0.14720 0.25496
v -0.11000 0.18924 0.22552
v 0.11000 0.18924 0.22552
v -0.11000 0.22552 0.18924
v 0.11000 0.22552 0.18924
v -0.11000 0.05112 0.28993
v 0.11000 0.05112 0.28993
v -0.11000 0.10069 0.27665
v 0.11000 0.10069 0.27665
v -0.00900 0.04300 0.44624
v 0.01200 0.12346 0.43102
v 0.11000 0.14720 0.25496
v -0.00900 0.21072 0.39637
v -0.00476 0.04124 0.44639
v 0.01376 0.04665 0.44592
v 0.01200 0.05090 0.44555
v 0.05500 0.00000 0.45000
v 0.01200 0.07814 0.44316
v -0.00900 0.13114 0.42896
v 0.01200 0.22500 0.38971
v -0.00476 0.13285 0.42850
v -0.00476 0.20913 0.39711
v -0.11000 0.28993 0.05112
v 0.11000 0.29440 0.00000
v -0.11000 0.27665 0.10069
v 0.11000 0.28993 0.05112
v -0.11000 0.25496 0.14720
v 0.11000 0.27665 0.10069
v 0.11000 0.25496 0.14720
v -0.00900 0.44624 0.04300
v -0.00900 0.42896 0.13114
v -0.00900 0.39637 0.21072
v 0.01200 0.44316 0.07814
v 0.01200 0.43102 0.12346
v -0.00476 0.44639 0.04124
v 0.01200 0.38971 0.22500
v -0.00476 0.39711 0.20913
v 0.01200 0.39295 0.21806
v -0.00476 0.42850 0.13285
v 0.01200 0.27943 0.35160
v -0.00900 0.34692 0.28611
v -0.00900 0.28611 0.34692
v -0.00476 0.28757 0.34590
v -0.00476 0.34590 0.28757
v 0.01200 0.35160 0.27943
v -0.00392 -0.34472 -0.28925
v 0.01376 -0.34916 -0.28291
v 0.01800 -0.34816 -0.28435
v -0.00392 -0.28925 -0.34472
v 0.01376 -0.28291 -0.34916
v 0.01800 -0.28435 -0.34816
v 0.05500 -0.34472 -0.28925
v -0.00300 -0.34315 -0.29082
v -0.00300 -0.29082 -0.34315
v 0.05500 -0.28925 -0.34472
v 0.05500 -0.34816 -0.28435
v 0.05500 -0.28435 -0.34816
v -0.00300 -0.42286 -0.15391
v 0.01376 -0.42992 -0.12757
v -0.00300 -0.42740 -0.13698
v 0.01800 -0.42946 -0.12927
v 0.01376 -0.39476 -0.21417
v -0.00300 -0.39891 -0.20528
v 0.01800 -0.39551 -0.21256
v 0.05500 -0.42286 -0.15391
v 0.05500 -0.39551 -0.21256
v 0.01376 -0.44592 -0.04665
v -0.00300 -0.44676 -0.03700
v 0.01200 -0.44555 -0.05090
v -0.00300 -0.45000 0.00000
v 0.05500 -0.42946 -0.12927
v 0.01800 -0.44607 -0.04489
v 0.05500 -0.44607 -0.04489
v -0.00300 -0.20528 -0.39891
v 0.01200 -0.21806 -0.39295
v -0.00300 -0.15391 -0.42286
v 0.01800 -0.21256 -0.39551
v 0.01376 -0.21417 -0.39476
v -0.00300 -0.13698 -0.42740
v 0.01376 -0.12757 -0.42992
v 0.01800 -0.12927 -0.42946
v 0.05500 -0.15391 -0.42286
v -0.00300 -0.03700 -0.44676
v -0.00300 0.00000 -0.45000
v 0.05500 -0.21256 -0.39551
v 0.05500 -0.12927 -0.42946
v 0.01800 -0.04489 -0.44607
v 0.05500 -0.04489 -0.44607
v 0.08800 -0.28218 -0.33629
v 0.08800 -0.33629 -0.28218
v 0.08800 -0.27826 -0.33904
v 0.08800 -0.33904 -0.27826
v 0.11000 -0.30259 -0.25390
v 0.08800 -0.33904 -0.27826
v 0.08800 -0.33629 -0.28218
v 0.08800 -0.28218 -0.33629
v 0.08800 -0.27826 -0.33904
v 0.09527 -0.27020 -0.32699
v 0.11000 -0.25390 -0.30259
v 0.09527 -0.32699 -0.27020
v 0.09742 -0.32444 -0.26639
v 0.09835 -0.32534 -0.26188
v 0.11000 -0.34208 -0.19750
v 0.09835 -0.26188 -0.32534
v 0.09905 -0.20845 -0.36104
v 0.09742 -0.26639 -0.32444
v 0.11000 -0.18924 -0.22552
v 0.08800 -0.41253 -0.15015
v 0.08800 -0.38629 -0.20640
v 0.08800 -0.41869 -0.12713
v 0.08800 -0.43526 -0.04274
v 0.08800 -0.43900 0.00000
v 0.08800 -0.41253 -0.15015
v 0.08800 -0.38629 -0.20640
v 0.09488 -0.37477 -0.19870
v 0.09711 -0.37027 -0.19780
v 0.09831 -0.36645 -0.20035
v 0.09474 -0.40550 -0.12450
v 0.08800 -0.41869 -0.12713
v 0.09905 -0.36104 -0.20845
v 0.11000 -0.37118 -0.13510
v 0.09692 -0.40168 -0.12195
v 0.09794 -0.40079 -0.11745
v 0.08800 -0.43900 0.00000
v 0.08800 -0.43526 -0.04274
v 0.09460 -0.42228 -0.04015
v 0.09682 -0.41778 -0.04105
v 0.11000 -0.38900 -0.06859
v 0.09792 -0.41523 -0.04487
v 0.09945 -0.40978 -0.07225
v 0.11000 -0.39500 0.00000
v 0.11000 -0.28993 -0.05112
v 0.11000 -0.25496 -0.14720
v 0.11000 -0.27665 -0.10069
v 0.11000 -0.22552 -0.18924
v 0.11000 -0.29440 0.00000
v 0.08800 -0.12713 -0.41869
v 0.08800 -0.15015 -0.41253
v 0.08800 -0.20640 -0.38629
v 0.08800 0.00000 -0.43900
v 0.08800 -0.04274 -0.43526
v 0.11000 -0.13510 -0.37118
v 0.08800 -0.20640 -0.38629
v 0.08800 -0.15015 -0.41253
v 0.08800 -0.12713 -0.41869
v 0.09474 -0.12450 -0.40550
v 0.09692 -0.12195 -0.40168
v 0.09488 -0.19870 -0.37477
v 0.11000 -0.19750 -0.34208
v 0.09831 -0.20035 -0.36645
v 0.09711 -0.19780 -0.37027
v 0.09794 -0.11745 -0.40079
v 0.11000 -0.14720 -0.25496
v 0.11000 -0.10069 -0.27665
v 0.08800 0.00000 -0.43900
v 0.09460 -0.04015 -0.42228
v 0.08800 -0.04274 -0.43526
v 0.11000 -0.06859 -0.38900
v 0.09945 -0.07225 -0.40978
v 0.09792 -0.04487 -0.41523
v 0.11000 0.00000 -0.39500
v 0.09682 -0.04105 -0.41778
v 0.11000 0.00000 -0.29440
v 0.11000 -0.05112 -0.28993
v -0.00300 -0.44676 0.03700
v 0.01376 -0.42992 0.12757
v -0.00300 -0.42740 0.13698
v -0.00300 -0.42286 0.15391
v 0.01800 -0.42946 0.12927
v 0.01800 -0.39551 0.21256
v -0.00300 -0.39891 0.20528
v 0.01200 -0.39295 0.21806
v 0.01376 -0.39476 0.21417
v 0.05500 -0.42286 0.15391
v 0.01800 -0.44607 0.04489
v 0.05500 -0.44607 0.04489
v 0.05500 -0.42946 0.12927
v 0.05500 -0.39551 0.21256
v -0.00392 -0.34472 0.28925
v 0.01376 -0.34916 0.28291
v 0.01800 -0.34816 0.28435
v -0.00392 -0.28925 0.34472
v 0.01376 -0.28291 0.34916
v 0.01800 -0.28435 0.34816
v 0.05500 -0.34472 0.28925
v -0.00300 -0.34315 0.29082
v 0.05500 -0.28925 0.34472
v -0.00300 -0.29082 0.34315
v 0.05500 -0.34816 0.28435
v 0.05500 -0.28435 0.34816
v -0.00300 -0.20528 0.39891
v 0.01376 -0.21417 0.39476
v 0.01800 -0.21256 0.39551
v -0.00300 -0.15391 0.42286
v 0.01376 -0.12757 0.42992
v -0.00300 -0.13698 0.42740
v 0.01800 -0.12927 0.42946
v 0.05500 -0.21256 0.39551
v 0.05500 -0.15391 0.42286
v 0.01376 -0.04665 0.44592
v -0.00300 -0.03700 0.44676
v 0.01200 -0.05090 0.44555
v -0.00300 0.00000 0.45000
v 0.05500 -0.12927 0.42946
v 0.01800 -0.04489 0.44607
v 0.05500 -0.04489 0.44607
v 0.08800 -0.43526 0.04274
v 0.08800 -0.41869 0.12713
v 0.08800 -0.41253 0.15015
v 0.08800 -0.38629 0.20640
v 0.09460 -0.42228 0.04015
v 0.08800 -0.43526 0.04274
v 0.09682 -0.41778 0.04105
v 0.09792 -0.41523 0.04487
v 0.11000 -0.38900 0.06859
v 0.09945 -0.40978 0.07225
v 0.09794 -0.40079 0.11745
v 0.11000 -0.37118 0.13510
v 0.08800 -0.41253 0.15015
v 0.08800 -0.41869 0.12713
v 0.09474 -0.40550 0.12450
v 0.09692 -0.40168 0.12195
v 0.08800 -0.38629 0.20640
v 0.09711 -0.37027 0.19780
v 0.09488 -0.37477 0.19870
v 0.11000 -0.34208 0.19750
v 0.09831 -0.36645 0.20035
v 0.09905 -0.36104 0.20845
v 0.11000 -0.28993 0.05112
v 0.11000 -0.27665 0.10069
v 0.11000 -0.30259 0.25390
v 0.11000 -0.25496 0.14720
v 0.11000 -0.22552 0.18924
v 0.08800 -0.33904 0.27826
v 0.08800 -0.33629 0.28218
v 0.08800 -0.28218 0.33629
v 0.08800 -0.27826 0.33904
v 0.08800 -0.33629 0.28218
v 0.08800 -0.33904 0.27826
v 0.09527 -0.32699 0.27020
v 0.08800 -0.28218 0.33629
v 0.11000 -0.25390 0.30259
v 0.08800 -0.27826 0.33904
v 0.09835 -0.32534 0.26188
v 0.09742 -0.32444 0.26639
v 0.09527 -0.27020 0.32699
v 0.09742 -0.26639 0.32444
v 0.09835 -0.26188 0.32534
v 0.11000 -0.19750 0.34208
v 0.08800 -0.20640 0.38629
v 0.08800 -0.15015 0.41253
v 0.08800 -0.12713 0.41869
v 0.08800 -0.04274 0.43526
v 0.08800 0.00000 0.43900
v 0.11000 -0.18924 0.22552
v 0.11000 -0.14720 0.25496
v 0.09905 -0.20845 0.36104
v 0.11000 -0.13510 0.37118
v 0.11000 -0.10069 0.27665
v 0.08800 -0.15015 0.41253
v 0.09711 -0.19780 0.37027
v 0.09831 -0.20035 0.36645
v 0.08800 -0.20640 0.38629
v 0.09488 -0.19870 0.37477
v 0.09474 -0.12450 0.40550
v 0.08800 -0.12713 0.41869
v 0.09692 -0.12195 0.40168
v 0.09794 -0.11745 0.40079
v 0.11000 -0.06859 0.38900
v 0.11000 -0.05112 0.28993
v 0.11000 0.00000 0.29440
v 0.11000 0.00000 0.39500
v 0.08800 0.00000 0.43900
v 0.08800 -0.04274 0.43526
v 0.09460 -0.04015 0.42228
v 0.09682 -0.04105 0.41778
v 0.09945 -0.07225 0.40978
v 0.09792 -0.04487 0.41523
v 0.01376 0.04665 -0.44592
v -0.00300 0.03700 -0.44676
v 0.01200 0.05090 -0.44555
v -0.00300 0.13698 -0.42740
v -0.00300 0.15391 -0.42286
v 0.01376 0.12757 -0.42992
v 0.01800 0.12927 -0.42946
v -0.00300 0.20528 -0.39891
v 0.01376 0.21417 -0.39476
v 0.01800 0.21256 -0.39551
v 0.05500 0.15391 -0.42286
v 0.05500 0.21256 -0.39551
v 0.01800 0.04489 -0.44607
v 0.05500 0.04489 -0.44607
v 0.05500 0.12927 -0.42946
v -0.00392 0.28925 -0.34472
v 0.01376 0.28291 -0.34916
v 0.01800 0.28435 -0.34816
v -0.00392 0.34472 -0.28925
v 0.01376 0.34916 -0.28291
v 0.01800 0.34816 -0.28435
v 0.05500 0.28925 -0.34472
v -0.00300 0.29082 -0.34315
v -0.00300 0.34315 -0.29082
v 0.05500 0.34472 -0.28925
v 0.05500 0.28435 -0.34816
v 0.05500 0.34816 -0.28435
v -0.00300 0.39891 -0.20528
v 0.01200 0.39295 -0.21806
v -0.00300 0.42286 -0.15391
v 0.01800 0.39551 -0.21256
v 0.01376 0.39476 -0.21417
v -0.00300 0.42740 -0.13698
v 0.01376 0.42992 -0.12757
v 0.01800 0.42946 -0.12927
v 0.05500 0.42286 -0.15391
v -0.00300 0.44676 -0.03700
v -0.00300 0.45000 0.00000
v 0.05500 0.39551 -0.21256
v 0.05500 0.42946 -0.12927
v 0.01800 0.44607 -0.04489
v 0.05500 0.44607 -0.04489
v 0.08800 0.04274 -0.43526
v 0.08800 0.15015 -0.41253
v 0.08800 0.20640 -0.38629
v 0.08800 0.12713 -0.41869
v 0.08800 0.04274 -0.43526
v 0.09460 0.04015 -0.42228
v 0.09682 0.04105 -0.41778
v 0.11000 0.06859 -0.38900
v 0.09792 0.04487 -0.41523
v 0.11000 0.05112 -0.28993
v 0.09945 0.07225 -0.40978
v 0.09794 0.11745 -0.40079
v 0.11000 0.13510 -0.37118
v 0.11000 0.10069 -0.27665
v 0.08800 0.15015 -0.41253
v 0.09474 0.12450 -0.40550
v 0.08800 0.12713 -0.41869
v 0.08800 0.20640 -0.38629
v 0.09488 0.19870 -0.37477
v 0.09711 0.19780 -0.37027
v 0.09831 0.20035 -0.36645
v 0.09692 0.12195 -0.40168
v 0.11000 0.19750 -0.34208
v 0.09905 0.20845 -0.36104
v 0.11000 0.14720 -0.25496
v 0.09835 0.26188 -0.32534
v 0.11000 0.18924 -0.22552
v 0.11000 0.25390 -0.30259
v 0.11000 0.22552 -0.18924
v 0.08800 0.28218 -0.33629
v 0.08800 0.33629 -0.28218
v 0.08800 0.33904 -0.27826
v 0.08800 0.27826 -0.33904
v 0.08800 0.27826 -0.33904
v 0.08800 0.28218 -0.33629
v 0.11000 0.30259 -0.25390
v 0.08800 0.33629 -0.28218
v 0.08800 0.33904 -0.27826
v 0.09527 0.32699 -0.27020
v 0.09742 0.26639 -0.32444
v 0.09527 0.27020 -0.32699
v 0.09742 0.32444 -0.26639
v 0.09835 0.32534 -0.26188
v 0.09905 0.36104 -0.20845
v 0.08800 0.41253 -0.15015
v 0.08800 0.41869 -0.12713
v 0.08800 0.38629 -0.20640
v 0.08800 0.43900 0.00000
v 0.08800 0.43526 -0.04274
v 0.11000 0.25496 -0.14720
v 0.11000 0.27665 -0.10069
v 0.11000 0.34208 -0.19750
v 0.11000 0.37118 -0.13510
v 0.11000 0.28993 -0.05112
v 0.11000 0.38900 -0.06859
v 0.11000 0.29440 0.00000
v 0.08800 0.38629 -0.20640
v 0.08800 0.41253 -0.15015
v 0.08800 0.41869 -0.12713
v 0.09474 0.40550 -0.12450
v 0.09692 0.40168 -0.12195
v 0.09488 0.37477 -0.19870
v 0.09831 0.36645 -0.20035
v 0.09711 0.37027 -0.19780
v 0.09794 0.40079 -0.11745
v 0.08800 0.43900 0.00000
v 0.09460 0.42228 -0.04015
v 0.08800 0.43526 -0.04274
v 0.09945 0.40978 -0.07225
v 0.09792 0.41523 -0.04487
v 0.11000 0.39500 0.00000
v 0.09682 0.41778 -0.04105
v -0.00300 0.03700 0.44676
v 0.01376 0.12757 0.42992
v -0.00300 0.13698 0.42740
v -0.00300 0.15391 0.42286
v 0.01800 0.12927 0.42946
v 0.01800 0.21256 0.39551
v -0.00300 0.20528 0.39891
v 0.01200 0.21806 0.39295
v 0.01376 0.21417 0.39476
v 0.05500 0.15391 0.42286
v 0.01800 0.04489 0.44607
v 0.05500 0.04489 0.44607
v 0.05500 0.12927 0.42946
v 0.05500 0.21256 0.39551
v 0.01376 0.44592 0.04665
v -0.00300 0.44676 0.03700
v 0.01200 0.44555 0.05090
v 0.01376 0.39476 0.21417
v -0.00300 0.39891 0.20528
v 0.01800 0.39551 0.21256
v -0.00300 0.42740 0.13698
v -0.00300 0.42286 0.15391
v 0.01376 0.42992 0.12757
v 0.01800 0.42946 0.12927
v 0.05500 0.39551 0.21256
v 0.05500 0.42286 0.15391
v 0.01800 0.44607 0.04489
v 0.05500 0.44607 0.04489
v 0.05500 0.42946 0.12927
v -0.00392 0.28925 0.34472
v 0.01376 0.28291 0.34916
v 0.01800 0.28435 0.34816
v -0.00392 0.34472 0.28925
v 0.01376 0.34916 0.28291
v 0.01800 0.34816 0.28435
v 0.05500 0.28925 0.34472
v -0.00300 0.29082 0.34315
v 0.05500 0.34472 0.28925
v -0.00300 0.34315 0.29082
v 0.05500 0.28435 0.34816
v 0.05500 0.34816 0.28435
v 0.08800 0.04274 0.43526
v 0.08800 0.15015 0.41253
v 0.08800 0.12713 0.41869
v 0.08800 0.20640 0.38629
v 0.11000 0.06859 0.38900
v 0.11000 0.05112 0.28993
v 0.11000 0.13510 0.37118
v 0.11000 0.10069 0.27665
v 0.09460 0.04015 0.42228
v 0.08800 0.04274 0.43526
v 0.09682 0.04105 0.41778
v 0.09792 0.04487 0.41523
v 0.09945 0.07225 0.40978
v 0.09794 0.11745 0.40079
v 0.11000 0.19750 0.34208
v 0.11000 0.14720 0.25496
v 0.11000 0.18924 0.22552
v 0.11000 0.25390 0.30259
v 0.09905 0.20845 0.36104
v 0.08800 0.15015 0.41253
v 0.08800 0.12713 0.41869
v 0.09474 0.12450 0.40550
v 0.09692 0.12195 0.40168
v 0.08800 0.20640 0.38629
v 0.09711 0.19780 0.37027
v 0.09488 0.19870 0.37477
v 0.09831 0.20035 0.36645
v 0.08800 0.43526 0.04274
v 0.08800 0.38629 0.20640
v 0.08800 0.41253 0.15015
v 0.08800 0.41869 0.12713
v 0.11000 0.28993 0.05112
v 0.11000 0.27665 0.10069
v 0.11000 0.38900 0.06859
v 0.11000 0.37118 0.13510
v 0.11000 0.22552 0.18924
v 0.11000 0.30259 0.25390
v 0.11000 0.25496 0.14720
v 0.11000 0.34208 0.19750
v 0.09905 0.36104 0.20845
v 0.09835 0.32534 0.26188
v 0.08800 0.43526 0.04274
v 0.09460 0.42228 0.04015
v 0.09682 0.41778 0.04105
v 0.09792 0.41523 0.04487
v 0.09945 0.40978 0.07225
v 0.09794 0.40079 0.11745
v 0.08800 0.41253 0.15015
v 0.09474 0.40550 0.12450
v 0.08800 0.41869 0.12713
v 0.09711 0.37027 0.19780
v 0.09831 0.36645 0.20035
v 0.08800 0.38629 0.20640
v 0.09488 0.37477 0.19870
v 0.09692 0.40168 0.12195
v 0.08800 0.27826 0.33904
v 0.08800 0.33629 0.28218
v 0.08800 0.28218 0.33629
v 0.08800 0.33904 0.27826
v 0.08800 0.33629 0.28218
v 0.08800 0.28218 0.33629
v 0.08800 0.27826 0.33904
v 0.09527 0.27020 0.32699
v 0.08800 0.33904 0.27826
v 0.09742 0.26639 0.32444
v 0.09835 0.26188 0.32534
v 0.09742 0.32444 0.26639
v 0.09527 0.32699 0.27020
v -0.09800 0.42200 -0.03700
v -0.09624 0.41916 -0.03840
v -0.09659 0.41859 -0.03700
v -0.09624 0.42200 -0.04124
v -0.09624 0.46800 -0.04124
v -0.09732 0.42036 0.00000
v -0.09800 0.46800 -0.03700
v -0.09624 0.47224 -0.03700
v -0.09800 0.46800 0.03700
v -0.09521 0.42097 -0.04124
v -0.09467 0.42200 -0.04190
v -0.09200 0.42724 -0.04300
v -0.09200 0.46800 -0.04300
v -0.08800 0.43524 -0.04300
v -0.09200 0.47224 -0.04124
v -0.09200 0.47400 -0.03700
v -0.09200 0.47400 0.03700
v -0.05500 0.44624 -0.04300
v -0.00900 0.47224 -0.04124
v -0.00900 0.47400 -0.03700
v -0.00900 0.44624 -0.04300
v -0.00900 0.46800 -0.04300
v -0.00476 0.44639 -0.04124
v -0.00476 0.46800 -0.04124
v -0.00476 0.47224 -0.03700
v -0.00300 0.44676 -0.03700
v -0.00476 0.44639 -0.04124
v -0.00300 0.46800 -0.03700
v -0.00476 0.47224 0.03700
v -0.00300 0.46800 0.03700
v -0.00300 0.45000 0.00000
v -0.09800 0.42200 0.03700
v -0.09659 0.41859 0.03700
v -0.09624 0.41916 0.03840
v -0.09624 0.42200 0.04124
v -0.09624 0.46800 0.04124
v -0.09624 0.47224 0.03700
v -0.09521 0.42097 0.04124
v -0.09467 0.42200 0.04190
v -0.09200 0.42724 0.04300
v -0.09200 0.46800 0.04300
v -0.08800 0.43524 0.04300
v -0.09200 0.47224 0.04124
v -0.05500 0.44624 0.04300
v -0.00900 0.47224 0.04124
v -0.00900 0.46800 0.04300
v -0.00900 0.47400 0.03700
v -0.00900 0.44624 0.04300
v -0.00476 0.46800 0.04124
v -0.00300 0.44676 0.03700
v -0.00476 0.44639 0.04124
v -0.00476 0.44639 0.04124
v 0.01200 0.46623 0.05501
v 0.01376 0.44592 0.04665
v 0.01200 0.44555 0.05090
v 0.01376 0.46705 0.05085
v 0.01376 0.47039 0.05584
v 0.01200 0.45179 0.12759
v 0.01200 0.44316 0.07814
v 0.01200 0.43102 0.12346
v 0.01376 0.45595 0.12842
v 0.01800 0.44607 0.04489
v 0.01376 0.44592 0.04665
v 0.01800 0.47121 0.05168
v 0.01800 0.46740 0.04913
v 0.01800 0.47211 0.05618
v 0.01800 0.45767 0.12876
v 0.01376 0.45096 0.13175
v 0.01376 0.42992 0.12757
v 0.01376 0.42992 0.12757
v 0.01800 0.45062 0.13348
v 0.01800 0.42946 0.12927
v 0.01800 0.45512 0.13258
v 0.05500 0.44607 0.04489
v 0.10100 0.47121 0.05168
v 0.08800 0.43526 0.04274
v 0.10100 0.47211 0.05618
v 0.05500 0.42946 0.12927
v 0.10100 0.45512 0.13258
v 0.10100 0.46740 0.04913
v 0.10100 0.45767 0.12876
v 0.10100 0.45062 0.13348
v 0.08800 0.41869 0.12713
v 0.09460 0.42228 0.04015
v 0.10100 0.41523 0.04487
v 0.09945 0.40978 0.07225
v 0.09792 0.41523 0.04487
v 0.10100 0.40079 0.11745
v 0.09794 0.40079 0.11745
v 0.10524 0.40251 0.11779
v 0.10524 0.41695 0.04521
v 0.10700 0.42111 0.04604
v 0.10700 0.40667 0.11862
v 0.10100 0.42228 0.04015
v 0.09682 0.41778 0.04105
v 0.10100 0.41778 0.04105
v 0.09682 0.41778 0.04105
v 0.10524 0.42194 0.04188
v 0.10524 0.46705 0.05085
v 0.10524 0.47039 0.05584
v 0.10700 0.46623 0.05501
v 0.10700 0.45179 0.12759
v 0.10524 0.45595 0.12842
v 0.10100 0.40550 0.12450
v 0.09474 0.40550 0.12450
v 0.10100 0.40168 0.12195
v 0.09692 0.40168 0.12195
v 0.09692 0.40168 0.12195
v 0.10524 0.40585 0.12278
v 0.10524 0.45096 0.13175
v -0.09800 0.40404 0.12731
v -0.09624 0.40566 0.12339
v -0.09624 0.40232 0.12477
v -0.09667 0.40108 0.12608
v -0.09723 0.39518 0.14383
v -0.09800 0.37572 0.19568
v -0.09668 0.37278 0.19446
v -0.09624 0.37280 0.19647
v -0.09624 0.37409 0.19960
v -0.09800 0.41822 0.21328
v -0.09624 0.41659 0.21720
v -0.09624 0.44816 0.14099
v -0.09800 0.44653 0.14491
v -0.09624 0.45045 0.14654
v -0.09624 0.42214 0.21490
v -0.09528 0.40477 0.12302
v -0.09476 0.40589 0.12282
v -0.09200 0.41133 0.12383
v -0.09541 0.37333 0.19928
v -0.09498 0.37389 0.20008
v -0.09200 0.41592 0.21882
v -0.09200 0.37886 0.20347
v -0.08800 0.38623 0.20653
v -0.09200 0.44883 0.13937
v -0.08800 0.41875 0.12691
v -0.09200 0.42376 0.21558
v -0.09200 0.45208 0.14721
v -0.09200 0.45208 0.14262
v -0.09200 0.42051 0.21882
v -0.05500 0.39637 0.21072
v -0.05500 0.42896 0.13114
v -0.00900 0.45208 0.14721
v -0.00900 0.45208 0.14262
v -0.00900 0.42051 0.21882
v -0.00900 0.41592 0.21882
v -0.00900 0.42896 0.13114
v -0.00900 0.44883 0.13937
v -0.00900 0.42376 0.21558
v -0.00900 0.39637 0.21072
v -0.00476 0.41659 0.21720
v -0.00476 0.39711 0.20913
v -0.00300 0.41822 0.21328
v -0.00476 0.39711 0.20913
v -0.00300 0.39891 0.20528
v -0.00476 0.42850 0.13285
v -0.00476 0.44816 0.14099
v -0.00476 0.45045 0.14654
v -0.00300 0.42740 0.13698
v -0.00476 0.42850 0.13285
v -0.00300 0.44653 0.14491
v -0.00300 0.42286 0.15391
v -0.00476 0.42214 0.21490
v 0.01200 0.40968 0.22924
v 0.01376 0.39476 0.21417
v 0.01200 0.39295 0.21806
v 0.01200 0.38971 0.22500
v 0.01376 0.41204 0.22571
v 0.01376 0.41321 0.23160
v 0.01800 0.39551 0.21256
v 0.01376 0.39476 0.21417
v 0.01800 0.41302 0.22425
v 0.01800 0.41557 0.22807
v 0.01800 0.41467 0.23258
v 0.05500 0.39551 0.21256
v 0.10100 0.41557 0.22807
v 0.08800 0.38629 0.20640
v 0.01800 0.36524 0.29576
v 0.01376 0.34916 0.28291
v 0.01800 0.34816 0.28435
v 0.01200 0.36857 0.29077
v 0.01200 0.35160 0.27943
v 0.01376 0.36621 0.29430
v 0.01376 0.34916 0.28291
v 0.01376 0.37210 0.29313
v 0.01800 0.36974 0.29666
v 0.01800 0.37356 0.29410
v 0.05500 0.34816 0.28435
v 0.10100 0.36974 0.29666
v 0.10100 0.41467 0.23258
v 0.10100 0.41302 0.22425
v 0.10100 0.36645 0.20035
v 0.09835 0.32534 0.26188
v 0.09905 0.36104 0.20845
v 0.10524 0.36791 0.20133
v 0.10524 0.32680 0.26286
v 0.10700 0.37144 0.20369
v 0.09488 0.37477 0.19870
v 0.10100 0.37027 0.19780
v 0.09831 0.36645 0.20035
v 0.09711 0.37027 0.19780
v 0.10100 0.37477 0.19870
v 0.09711 0.37027 0.19780
v 0.10524 0.37379 0.20016
v 0.10524 0.41204 0.22571
v 0.10524 0.41321 0.23160
v 0.10700 0.40968 0.22924
v 0.10700 0.33032 0.26522
v 0.10100 0.36524 0.29576
v 0.08800 0.33904 0.27826
v 0.10100 0.37356 0.29410
v 0.10100 0.32699 0.27020
v 0.09527 0.32699 0.27020
v 0.10100 0.32444 0.26639
v 0.09742 0.32444 0.26639
v 0.10100 0.32534 0.26188
v 0.09742 0.32444 0.26639
v 0.10524 0.32797 0.26874
v 0.10524 0.36621 0.29430
v 0.10700 0.36857 0.29077
v 0.10524 0.37210 0.29313
v -0.09800 0.27224 0.32456
v -0.09696 0.27067 0.32257
v -0.09695 0.27044 0.32276
v -0.09624 0.26924 0.32531
v -0.09624 0.26924 0.32756
v -0.09696 0.32257 0.27067
v -0.09624 0.30176 0.36009
v -0.09800 0.30476 0.35709
v -0.09800 0.32456 0.27224
v -0.09695 0.32276 0.27044
v -0.09624 0.32756 0.26924
v -0.09624 0.32531 0.26924
v -0.09624 0.36009 0.30176
v -0.09800 0.35709 0.30476
v -0.09624 0.30776 0.36009
v -0.09624 0.36009 0.30776
v -0.09562 0.26880 0.32712
v -0.09528 0.26895 0.32784
v -0.09200 0.27252 0.33333
v -0.09200 0.30052 0.36133
v -0.08800 0.27824 0.33905
v -0.09562 0.32712 0.26880
v -0.09528 0.32784 0.26895
v -0.09200 0.33333 0.27252
v -0.09200 0.36133 0.30052
v -0.08800 0.33905 0.27824
v -0.09200 0.30901 0.36133
v -0.09200 0.36133 0.30901
v -0.09200 0.30476 0.36309
v -0.09200 0.36309 0.30476
v -0.05500 0.34692 0.28611
v -0.00900 0.30052 0.36133
v -0.00900 0.36133 0.30901
v -0.00900 0.30476 0.36309
v -0.00900 0.36309 0.30476
v -0.05500 0.28611 0.34692
v -0.00900 0.30901 0.36133
v -0.00900 0.36133 0.30052
v -0.00900 0.28611 0.34692
v -0.00900 0.34692 0.28611
v -0.00476 0.30176 0.36009
v -0.00476 0.28757 0.34590
v -0.00476 0.28757 0.34590
v -0.00392 0.28925 0.34472
v -0.00300 0.30476 0.35709
v -0.00300 0.29082 0.34315
v -0.00476 0.34590 0.28757
v -0.00476 0.36009 0.30176
v -0.00392 0.34472 0.28925
v -0.00476 0.34590 0.28757
v -0.00300 0.35709 0.30476
v -0.00300 0.34315 0.29082
v -0.00476 0.30776 0.36009
v -0.00476 0.36009 0.30776
v 0.01376 0.22571 0.41204
v 0.01200 0.21806 0.39295
v 0.01376 0.21417 0.39476
v 0.01200 0.22924 0.40968
v 0.01200 0.22500 0.38971
v 0.01376 0.23160 0.41321
v 0.01376 0.21417 0.39476
v 0.01800 0.22425 0.41302
v 0.01800 0.21256 0.39551
v 0.01800 0.22807 0.41557
v 0.01800 0.23258 0.41467
v 0.05500 0.21256 0.39551
v 0.10100 0.22807 0.41557
v 0.01376 0.29430 0.36621
v 0.01800 0.28435 0.34816
v 0.01376 0.28291 0.34916
v 0.01200 0.27943 0.35160
v 0.01200 0.29077 0.36857
v 0.01376 0.29313 0.37210
v 0.01376 0.28291 0.34916
v 0.01800 0.29666 0.36974
v 0.01800 0.29576 0.36524
v 0.01800 0.29410 0.37356
v 0.05500 0.28435 0.34816
v 0.08800 0.27826 0.33904
v 0.10100 0.29666 0.36974
v 0.10100 0.29410 0.37356
v 0.10100 0.22425 0.41302
v 0.08800 0.20640 0.38629
v 0.10100 0.23258 0.41467
v 0.10100 0.20035 0.36645
v 0.10100 0.26188 0.32534
v 0.10524 0.20133 0.36791
v 0.09905 0.20845 0.36104
v 0.10100 0.19870 0.37477
v 0.09488 0.19870 0.37477
v 0.10100 0.19780 0.37027
v 0.09711 0.19780 0.37027
v 0.09831 0.20035 0.36645
v 0.09711 0.19780 0.37027
v 0.10524 0.20016 0.37379
v 0.10524 0.22571 0.41204
v 0.10524 0.23160 0.41321
v 0.10700 0.20369 0.37144
v 0.10700 0.22924 0.40968
v 0.10700 0.26522 0.33032
v 0.10100 0.29576 0.36524
v 0.09527 0.27020 0.32699
v 0.10100 0.26639 0.32444
v 0.09835 0.26188 0.32534
v 0.09742 0.26639 0.32444
v 0.10524 0.26286 0.32680
v 0.09742 0.26639 0.32444
v 0.10100 0.27020 0.32699
v 0.10524 0.26874 0.32797
v 0.10524 0.29430 0.36621
v 0.10700 0.29077 0.36857
v 0.10524 0.29313 0.37210
v -0.09800 0.12731 0.40404
v -0.09624 0.12477 0.40232
v -0.09624 0.12339 0.40566
v -0.09723 0.14383 0.39518
v -0.09667 0.12608 0.40108
v -0.09800 0.19568 0.37572
v -0.09668 0.19446 0.37278
v -0.09800 0.14491 0.44653
v -0.09624 0.14099 0.44816
v -0.09624 0.14654 0.45045
v -0.09624 0.21490 0.42214
v -0.09624 0.19647 0.37280
v -0.09624 0.19960 0.37409
v -0.09800 0.21328 0.41822
v -0.09624 0.21720 0.41659
v -0.09528 0.12302 0.40477
v -0.09476 0.12282 0.40589
v -0.09200 0.12383 0.41133
v -0.09200 0.13937 0.44883
v -0.08800 0.12691 0.41875
v -0.09200 0.14262 0.45208
v -0.09200 0.14721 0.45208
v -0.09541 0.19928 0.37333
v -0.09498 0.20008 0.37389
v -0.09200 0.20347 0.37886
v -0.09200 0.21882 0.41592
v -0.08800 0.20653 0.38623
v -0.09200 0.21558 0.42376
v -0.09200 0.21882 0.42051
v -0.05500 0.13114 0.42896
v -0.05500 0.21072 0.39637
v -0.00900 0.14262 0.45208
v -0.00900 0.21558 0.42376
v -0.00900 0.21882 0.42051
v -0.00900 0.13937 0.44883
v -0.00900 0.21072 0.39637
v -0.00900 0.14721 0.45208
v -0.00900 0.21882 0.41592
v -0.00900 0.13114 0.42896
v -0.00476 0.14099 0.44816
v -0.00476 0.14654 0.45045
v -0.00476 0.13285 0.42850
v -0.00300 0.14491 0.44653
v -0.00476 0.13285 0.42850
v -0.00300 0.13698 0.42740
v -0.00300 0.15391 0.42286
v -0.00476 0.21490 0.42214
v -0.00300 0.21328 0.41822
v -0.00476 0.20913 0.39711
v -0.00300 0.20528 0.39891
v -0.00476 0.21720 0.41659
v -0.00476 0.20913 0.39711
v 0.01376 0.05085 0.46705
v 0.01200 0.05090 0.44555
v 0.01376 0.04665 0.44592
v 0.01200 0.05501 0.46623
v 0.01376 0.05584 0.47039
v 0.01200 0.07814 0.44316
v 0.01200 0.12346 0.43102
v 0.01376 0.12842 0.45595
v 0.01200 0.12759 0.45179
v 0.01800 0.04913 0.46740
v 0.01376 0.04665 0.44592
v 0.01800 0.04489 0.44607
v 0.01800 0.05168 0.47121
v 0.01800 0.05618 0.47211
v 0.01800 0.12876 0.45767
v 0.01376 0.12757 0.42992
v 0.01376 0.13175 0.45096
v 0.01800 0.12927 0.42946
v 0.01376 0.12757 0.42992
v 0.01800 0.13348 0.45062
v 0.01800 0.13258 0.45512
v 0.05500 0.04489 0.44607
v 0.10100 0.05168 0.47121
v 0.10100 0.12876 0.45767
v 0.05500 0.12927 0.42946
v 0.10100 0.13258 0.45512
v 0.08800 0.12713 0.41869
v 0.10100 0.04913 0.46740
v 0.10100 0.05618 0.47211
v 0.08800 0.04274 0.43526
v 0.10100 0.13348 0.45062
v 0.10100 0.04015 0.42228
v 0.09460 0.04015 0.42228
v 0.10100 0.04487 0.41523
v 0.09792 0.04487 0.41523
v 0.09945 0.07225 0.40978
v 0.10100 0.04105 0.41778
v 0.09682 0.04105 0.41778
v 0.09682 0.04105 0.41778
v 0.10524 0.04521 0.41695
v 0.10524 0.04188 0.42194
v 0.10524 0.05085 0.46705
v 0.10524 0.05584 0.47039
v 0.10700 0.04604 0.42111
v 0.10700 0.05501 0.46623
v 0.10100 0.11745 0.40079
v 0.09794 0.11745 0.40079
v 0.10524 0.11779 0.40251
v 0.10700 0.11862 0.40667
v 0.10524 0.12842 0.45595
v 0.10700 0.12759 0.45179
v 0.09474 0.12450 0.40550
v 0.10100 0.12450 0.40550
v 0.09692 0.12195 0.40168
v 0.10100 0.12195 0.40168
v 0.09692 0.12195 0.40168
v 0.10524 0.12278 0.40585
v 0.10524 0.13175 0.45096
v -0.09800 -0.03700 0.42200
v -0.09659 -0.03700 0.41859
v -0.09624 -0.03840 0.41916
v -0.09624 -0.04124 0.42200
v -0.09624 -0.04124 0.46800
v -0.09800 -0.03700 0.46800
v -0.09624 -0.03700 0.47224
v -0.09732 0.00000 0.42036
v -0.09800 0.03700 0.42200
v -0.09624 0.03700 0.47224
v -0.09521 -0.04124 0.42097
v -0.09467 -0.04190 0.42200
v -0.09200 -0.04300 0.42724
v -0.09200 -0.04300 0.46800
v -0.08800 -0.04300 0.43524
v -0.09200 -0.04124 0.47224
v -0.09200 -0.03700 0.47400
v -0.05500 -0.04300 0.44624
v -0.00900 -0.04124 0.47224
v -0.00900 -0.04300 0.46800
v -0.00900 -0.03700 0.47400
v -0.00900 0.03700 0.47400
v -0.00900 -0.04300 0.44624
v -0.00476 -0.04124 0.46800
v -0.00476 -0.03700 0.47224
v -0.00476 -0.04124 0.44639
v -0.00300 -0.03700 0.46800
v -0.00476 -0.04124 0.44639
v -0.00300 -0.03700 0.44676
v -0.00476 0.03700 0.47224
v -0.00300 0.00000 0.45000
v -0.09659 0.03700 0.41859
v -0.09800 0.03700 0.46800
v -0.09624 0.03840 0.41916
v -0.09624 0.04124 0.42200
v -0.09624 0.04124 0.46800
v -0.09200 0.03700 0.47400
v -0.09521 0.04124 0.42097
v -0.09467 0.04190 0.42200
v -0.09200 0.04300 0.42724
v -0.09200 0.04300 0.46800
v -0.08800 0.04300 0.43524
v -0.09200 0.04124 0.47224
v -0.05500 0.04300 0.44624
v -0.00900 0.04124 0.47224
v -0.00900 0.04300 0.44624
v -0.00900 0.04300 0.46800
v -0.00476 0.04124 0.44639
v -0.00476 0.04124 0.46800
v -0.00300 0.03700 0.46800
v -0.00300 0.03700 0.44676
v -0.00476 0.04124 0.44639
v 0.01376 -0.13175 0.45096
v 0.01200 -0.12346 0.43102
v 0.01376 -0.12757 0.42992
v 0.01200 -0.12759 0.45179
v 0.01376 -0.12842 0.45595
v 0.01376 -0.12757 0.42992
v 0.01800 -0.13348 0.45062
v 0.01800 -0.12927 0.42946
v 0.01800 -0.13258 0.45512
v 0.01800 -0.12876 0.45767
v 0.01200 -0.07814 0.44316
v 0.01376 -0.05584 0.47039
v 0.01200 -0.05501 0.46623
v 0.01200 -0.05090 0.44555
v 0.01376 -0.04665 0.44592
v 0.01376 -0.05085 0.46705
v 0.01800 -0.05618 0.47211
v 0.01800 -0.04489 0.44607
v 0.01376 -0.04665 0.44592
v 0.01800 -0.05168 0.47121
v 0.01800 -0.04913 0.46740
v 0.05500 -0.12927 0.42946
v 0.10100 -0.13258 0.45512
v 0.05500 -0.04489 0.44607
v 0.10100 -0.05618 0.47211
v 0.10100 -0.05168 0.47121
v 0.08800 -0.04274 0.43526
v 0.10100 -0.13348 0.45062
v 0.10100 -0.12876 0.45767
v 0.08800 -0.12713 0.41869
v 0.10100 -0.04913 0.46740
v 0.10100 -0.12450 0.40550
v 0.09474 -0.12450 0.40550
v 0.10100 -0.12195 0.40168
v 0.09692 -0.12195 0.40168
v 0.09692 -0.12195 0.40168
v 0.09794 -0.11745 0.40079
v 0.10100 -0.11745 0.40079
v 0.10524 -0.12278 0.40585
v 0.10524 -0.11779 0.40251
v 0.10700 -0.11862 0.40667
v 0.10524 -0.13175 0.45096
v 0.10524 -0.12842 0.45595
v 0.10700 -0.12759 0.45179
v 0.09460 -0.04015 0.42228
v 0.09945 -0.07225 0.40978
v 0.10100 -0.04487 0.41523
v 0.10700 -0.04604 0.42111
v 0.10524 -0.04521 0.41695
v 0.10524 -0.05584 0.47039
v 0.10700 -0.05501 0.46623
v 0.09792 -0.04487 0.41523
v 0.10100 -0.04015 0.42228
v 0.09682 -0.04105 0.41778
v 0.10100 -0.04105 0.41778
v 0.09682 -0.04105 0.41778
v 0.10524 -0.04188 0.42194
v 0.10524 -0.05085 0.46705
v -0.09800 -0.19568 0.37572
v -0.09624 -0.21720 0.41659
v -0.09800 -0.21328 0.41822
v -0.09624 -0.19647 0.37280
v -0.09624 -0.19960 0.37409
v -0.09668 -0.19446 0.37278
v -0.09723 -0.14383 0.39518
v -0.09800 -0.12731 0.40404
v -0.09624 -0.21490 0.42214
v -0.09624 -0.14654 0.45045
v -0.09667 -0.12608 0.40108
v -0.09624 -0.12477 0.40232
v -0.09624 -0.12339 0.40566
v -0.09800 -0.14491 0.44653
v -0.09624 -0.14099 0.44816
v -0.09200 -0.21882 0.41592
v -0.09498 -0.20008 0.37389
v -0.09200 -0.20347 0.37886
v -0.08800 -0.20653 0.38623
v -0.09541 -0.19928 0.37333
v -0.09200 -0.21882 0.42051
v -0.09200 -0.21558 0.42376
v -0.09528 -0.12302 0.40477
v -0.09476 -0.12282 0.40589
v -0.09200 -0.12383 0.41133
v -0.09200 -0.14721 0.45208
v -0.09200 -0.13937 0.44883
v -0.08800 -0.12691 0.41875
v -0.09200 -0.14262 0.45208
v -0.05500 -0.21072 0.39637
v -0.05500 -0.13114 0.42896
v -0.00900 -0.21882 0.42051
v -0.00900 -0.14721 0.45208
v -0.00900 -0.14262 0.45208
v -0.00900 -0.21882 0.41592
v -0.00900 -0.13114 0.42896
v -0.00900 -0.21558 0.42376
v -0.00900 -0.13937 0.44883
v -0.00900 -0.21072 0.39637
v -0.00476 -0.21720 0.41659
v -0.00476 -0.20913 0.39711
v -0.00300 -0.21328 0.41822
v -0.00476 -0.20913 0.39711
v -0.00300 -0.20528 0.39891
v -0.00476 -0.21490 0.42214
v -0.00476 -0.14654 0.45045
v -0.00300 -0.14491 0.44653
v -0.00476 -0.13285 0.42850
v -0.00476 -0.14099 0.44816
v -0.00300 -0.15391 0.42286
v -0.00300 -0.13698 0.42740
v -0.00476 -0.13285 0.42850
v 0.01800 -0.29576 0.36524
v 0.01376 -0.28291 0.34916
v 0.01800 -0.28435 0.34816
v 0.01200 -0.29077 0.36857
v 0.01376 -0.29430 0.36621
v 0.01376 -0.29313 0.37210
v 0.01200 -0.27943 0.35160
v 0.01376 -0.28291 0.34916
v 0.01376 -0.23160 0.41321
v 0.01200 -0.22500 0.38971
v 0.01200 -0.22924 0.40968
v 0.01800 -0.29666 0.36974
v 0.01800 -0.29410 0.37356
v 0.01800 -0.23258 0.41467
v 0.05500 -0.28435 0.34816
v 0.10100 -0.29666 0.36974
v 0.10100 -0.23258 0.41467
v 0.01200 -0.21806 0.39295
v 0.01376 -0.22571 0.41204
v 0.01376 -0.21417 0.39476
v 0.01800 -0.22807 0.41557
v 0.01800 -0.22425 0.41302
v 0.01800 -0.21256 0.39551
v 0.01376 -0.21417 0.39476
v 0.05500 -0.21256 0.39551
v 0.10100 -0.22807 0.41557
v 0.08800 -0.20640 0.38629
v 0.10100 -0.29576 0.36524
v 0.08800 -0.27826 0.33904
v 0.10100 -0.29410 0.37356
v 0.10100 -0.27020 0.32699
v 0.09527 -0.27020 0.32699
v 0.10100 -0.26639 0.32444
v 0.09742 -0.26639 0.32444
v 0.10524 -0.29430 0.36621
v 0.10524 -0.26874 0.32797
v 0.09742 -0.26639 0.32444
v 0.09835 -0.26188 0.32534
v 0.10100 -0.26188 0.32534
v 0.10524 -0.26286 0.32680
v 0.10100 -0.20035 0.36645
v 0.10700 -0.29077 0.36857
v 0.10700 -0.26522 0.33032
v 0.10700 -0.20369 0.37144
v 0.10524 -0.29313 0.37210
v 0.10524 -0.23160 0.41321
v 0.10700 -0.22924 0.40968
v 0.10100 -0.22425 0.41302
v 0.09905 -0.20845 0.36104
v 0.10524 -0.20133 0.36791
v 0.09488 -0.19870 0.37477
v 0.10524 -0.22571 0.41204
v 0.10100 -0.19870 0.37477
v 0.09831 -0.20035 0.36645
v 0.10100 -0.19780 0.37027
v 0.09711 -0.19780 0.37027
v 0.09711 -0.19780 0.37027
v 0.10524 -0.20016 0.37379
v -0.09800 -0.35709 0.30476
v -0.09624 -0.36009 0.30176
v -0.09624 -0.36009 0.30776
v -0.09200 -0.36309 0.30476
v -0.09200 -0.36133 0.30052
v -0.09200 -0.36133 0.30901
v -0.09800 -0.32456 0.27224
v -0.09624 -0.32756 0.26924
v -0.09696 -0.32257 0.27067
v -0.09695 -0.32276 0.27044
v -0.09624 -0.32531 0.26924
v -0.09696 -0.27067 0.32257
v -0.09624 -0.30776 0.36009
v -0.09800 -0.27224 0.32456
v -0.09800 -0.30476 0.35709
v -0.09695 -0.27044 0.32276
v -0.09624 -0.26924 0.32531
v -0.09624 -0.26924 0.32756
v -0.09624 -0.30176 0.36009
v -0.09200 -0.33333 0.27252
v -0.09528 -0.32784 0.26895
v -0.09562 -0.32712 0.26880
v -0.08800 -0.33905 0.27824
v -0.09200 -0.30901 0.36133
v -0.09200 -0.30052 0.36133
v -0.09562 -0.26880 0.32712
v -0.09528 -0.26895 0.32784
v -0.09200 -0.27252 0.33333
v -0.08800 -0.27824 0.33905
v -0.09200 -0.30476 0.36309
v -0.00900 -0.36309 0.30476
v -0.05500 -0.28611 0.34692
v -0.00900 -0.36133 0.30052
v -0.00900 -0.30901 0.36133
v -0.00900 -0.30476 0.36309
v -0.00900 -0.36133 0.30901
v -0.05500 -0.34692 0.28611
v -0.00900 -0.30052 0.36133
v -0.00900 -0.34692 0.28611
v -0.00476 -0.36009 0.30176
v -0.00476 -0.36009 0.30776
v -0.00300 -0.35709 0.30476
v -0.00900 -0.28611 0.34692
v -0.00476 -0.34590 0.28757
v -0.00476 -0.34590 0.28757
v -0.00392 -0.34472 0.28925
v -0.00300 -0.34315 0.29082
v -0.00476 -0.30776 0.36009
v -0.00300 -0.30476 0.35709
v -0.00476 -0.30176 0.36009
v -0.00392 -0.28925 0.34472
v -0.00300 -0.29082 0.34315
v -0.00476 -0.28757 0.34590
v -0.00476 -0.28757 0.34590
v 0.01200 -0.40968 0.22924
v 0.01376 -0.41204 0.22571
v 0.01376 -0.41321 0.23160
v 0.01200 -0.39295 0.21806
v 0.01376 -0.39476 0.21417
v 0.01200 -0.38971 0.22500
v 0.01376 -0.39476 0.21417
v 0.01800 -0.41302 0.22425
v 0.01800 -0.39551 0.21256
v 0.01800 -0.41557 0.22807
v 0.01800 -0.41467 0.23258
v 0.05500 -0.39551 0.21256
v 0.10100 -0.41557 0.22807
v 0.01376 -0.37210 0.29313
v 0.01200 -0.35160 0.27943
v 0.01200 -0.36857 0.29077
v 0.01376 -0.36621 0.29430
v 0.01376 -0.34916 0.28291
v 0.01800 -0.37356 0.29410
v 0.01800 -0.36974 0.29666
v 0.01800 -0.36524 0.29576
v 0.01800 -0.34816 0.28435
v 0.01376 -0.34916 0.28291
v 0.10100 -0.37356 0.29410
v 0.10100 -0.36974 0.29666
v 0.05500 -0.34816 0.28435
v 0.08800 -0.33904 0.27826
v 0.10100 -0.41302 0.22425
v 0.10100 -0.41467 0.23258
v 0.08800 -0.38629 0.20640
v 0.10100 -0.37477 0.19870
v 0.09488 -0.37477 0.19870
v 0.10524 -0.41204 0.22571
v 0.10524 -0.41321 0.23160
v 0.10100 -0.37027 0.19780
v 0.09711 -0.37027 0.19780
v 0.09711 -0.37027 0.19780
v 0.09831 -0.36645 0.20035
v 0.10100 -0.36645 0.20035
v 0.09905 -0.36104 0.20845
v 0.10524 -0.37379 0.20016
v 0.10524 -0.36791 0.20133
v 0.10700 -0.40968 0.22924
v 0.10700 -0.37144 0.20369
v 0.10700 -0.33032 0.26522
v 0.10100 -0.32534 0.26188
v 0.10100 -0.36524 0.29576
v 0.10524 -0.37210 0.29313
v 0.10524 -0.36621 0.29430
v 0.10700 -0.36857 0.29077
v 0.09527 -0.32699 0.27020
v 0.09835 -0.32534 0.26188
v 0.10100 -0.32699 0.27020
v 0.09742 -0.32444 0.26639
v 0.10524 -0.32797 0.26874
v 0.10100 -0.32444 0.26639
v 0.09742 -0.32444 0.26639
v 0.10524 -0.32680 0.26286
v -0.09800 -0.44653 0.14491
v -0.09624 -0.44816 0.14099
v -0.09624 -0.45045 0.14654
v -0.09800 -0.40404 0.12731
v -0.09624 -0.40566 0.12339
v -0.09624 -0.42214 0.21490
v -0.09800 -0.41822 0.21328
v -0.09624 -0.41659 0.21720
v -0.09624 -0.40232 0.12477
v -0.09723 -0.39518 0.14383
v -0.09667 -0.40108 0.12608
v -0.09800 -0.37572 0.19568
v -0.09668 -0.37278 0.19446
v -0.09624 -0.37409 0.19960
v -0.09624 -0.37280 0.19647
v -0.09200 -0.45208 0.14262
v -0.09200 -0.44883 0.13937
v -0.09200 -0.45208 0.14721
v -0.09200 -0.41133 0.12383
v -0.09476 -0.40589 0.12282
v -0.08800 -0.41875 0.12691
v -0.09200 -0.42376 0.21558
v -0.09200 -0.42051 0.21882
v -0.09200 -0.41592 0.21882
v -0.09528 -0.40477 0.12302
v -0.09200 -0.37886 0.20347
v -0.08800 -0.38623 0.20653
v -0.09541 -0.37333 0.19928
v -0.09498 -0.37389 0.20008
v -0.05500 -0.42896 0.13114
v -0.05500 -0.39637 0.21072
v -0.00900 -0.45208 0.14262
v -0.00900 -0.42376 0.21558
v -0.00900 -0.42051 0.21882
v -0.00900 -0.44883 0.13937
v -0.00900 -0.39637 0.21072
v -0.00900 -0.45208 0.14721
v -0.00900 -0.41592 0.21882
v -0.00900 -0.42896 0.13114
v -0.00476 -0.44816 0.14099
v -0.00476 -0.45045 0.14654
v -0.00300 -0.44653 0.14491
v -0.00476 -0.42850 0.13285
v -0.00476 -0.42850 0.13285
v -0.00300 -0.42740 0.13698
v -0.00300 -0.42286 0.15391
v -0.00476 -0.42214 0.21490
v -0.00300 -0.41822 0.21328
v -0.00476 -0.41659 0.21720
v -0.00476 -0.39711 0.20913
v -0.00300 -0.39891 0.20528
v -0.00476 -0.39711 0.20913
v 0.01200 -0.46623 0.05501
v 0.01376 -0.46705 0.05085
v 0.01376 -0.47039 0.05584
v 0.01200 -0.44555 0.05090
v 0.01376 -0.44592 0.04665
v 0.01376 -0.45595 0.12842
v 0.01200 -0.44316 0.07814
v 0.01200 -0.43102 0.12346
v 0.01200 -0.45179 0.12759
v 0.01800 -0.47121 0.05168
v 0.01376 -0.44592 0.04665
v 0.01800 -0.46740 0.04913
v 0.01800 -0.47211 0.05618
v 0.01800 -0.44607 0.04489
v 0.01800 -0.45767 0.12876
v 0.01376 -0.45096 0.13175
v 0.01376 -0.42992 0.12757
v 0.01800 -0.45512 0.13258
v 0.01800 -0.45062 0.13348
v 0.01800 -0.42946 0.12927
v 0.01376 -0.42992 0.12757
v 0.05500 -0.44607 0.04489
v 0.10100 -0.47121 0.05168
v 0.10100 -0.45767 0.12876
v 0.05500 -0.42946 0.12927
v 0.10100 -0.45512 0.13258
v 0.08800 -0.41869 0.12713
v 0.10100 -0.46740 0.04913
v 0.10100 -0.47211 0.05618
v 0.08800 -0.43526 0.04274
v 0.10100 -0.45062 0.13348
v 0.10100 -0.42228 0.04015
v 0.09460 -0.42228 0.04015
v 0.10524 -0.46705 0.05085
v 0.10524 -0.47039 0.05584
v 0.10100 -0.41778 0.04105
v 0.09682 -0.41778 0.04105
v 0.10100 -0.41523 0.04487
v 0.09682 -0.41778 0.04105
v 0.09792 -0.41523 0.04487
v 0.10524 -0.42194 0.04188
v 0.10524 -0.41695 0.04521
v 0.10700 -0.46623 0.05501
v 0.10700 -0.42111 0.04604
v 0.10524 -0.45595 0.12842
v 0.10700 -0.45179 0.12759
v 0.10700 -0.40667 0.11862
v 0.09945 -0.40978 0.07225
v 0.10100 -0.40079 0.11745
v 0.09794 -0.40079 0.11745
v 0.10524 -0.40251 0.11779
v 0.09474 -0.40550 0.12450
v 0.10524 -0.45096 0.13175
v 0.10100 -0.40550 0.12450
v 0.10524 -0.40585 0.12278
v 0.09692 -0.40168 0.12195
v 0.10100 -0.40168 0.12195
v 0.09692 -0.40168 0.12195
v -0.09800 -0.46800 -0.03700
v -0.09624 -0.46800 -0.04124
v -0.09624 -0.47224 -0.03700
v -0.09800 -0.42200 -0.03700
v -0.09624 -0.47224 0.03700
v -0.09624 -0.42200 -0.04124
v -0.09624 -0.41916 -0.03840
v -0.09659 -0.41859 -0.03700
v -0.09800 -0.42200 0.03700
v -0.09732 -0.42036 0.00000
v -0.09200 -0.47224 -0.04124
v -0.09200 -0.47400 -0.03700
v -0.09200 -0.46800 -0.04300
v -0.09200 -0.42724 -0.04300
v -0.09467 -0.42200 -0.04190
v -0.09521 -0.42097 -0.04124
v -0.08800 -0.43524 -0.04300
v -0.05500 -0.44624 -0.04300
v -0.00900 -0.47224 -0.04124
v -0.00900 -0.46800 -0.04300
v -0.00900 -0.47400 -0.03700
v -0.00900 -0.47400 0.03700
v -0.00900 -0.44624 -0.04300
v -0.00476 -0.47224 -0.03700
v -0.00476 -0.46800 -0.04124
v -0.00300 -0.46800 -0.03700
v -0.00476 -0.44639 -0.04124
v -0.00476 -0.44639 -0.04124
v -0.00300 -0.44676 -0.03700
v -0.00476 -0.47224 0.03700
v -0.00300 -0.45000 0.00000
v -0.09800 -0.46800 0.03700
v -0.09624 -0.46800 0.04124
v -0.09659 -0.41859 0.03700
v -0.09624 -0.42200 0.04124
v -0.09624 -0.41916 0.03840
v -0.09200 -0.47400 0.03700
v -0.09200 -0.47224 0.04124
v -0.09200 -0.46800 0.04300
v -0.09200 -0.42724 0.04300
v -0.09521 -0.42097 0.04124
v -0.09467 -0.42200 0.04190
v -0.08800 -0.43524 0.04300
v -0.05500 -0.44624 0.04300
v -0.00900 -0.47224 0.04124
v -0.00900 -0.44624 0.04300
v -0.00900 -0.46800 0.04300
v -0.00476 -0.46800 0.04124
v -0.00476 -0.44639 0.04124
v -0.00300 -0.46800 0.03700
v -0.00300 -0.44676 0.03700
v -0.00476 -0.44639 0.04124
v 0.01200 -0.45179 -0.12759
v 0.01376 -0.45096 -0.13175
v 0.01376 -0.45595 -0.12842
v 0.01200 -0.43102 -0.12346
v 0.01376 -0.42992 -0.12757
v 0.01800 -0.45512 -0.13258
v 0.01800 -0.45767 -0.12876
v 0.01800 -0.45062 -0.13348
v 0.01376 -0.42992 -0.12757
v 0.01800 -0.42946 -0.12927
v 0.01376 -0.47039 -0.05584
v 0.01200 -0.46623 -0.05501
v 0.01200 -0.44316 -0.07814
v 0.01200 -0.44555 -0.05090
v 0.01376 -0.46705 -0.05085
v 0.01376 -0.44592 -0.04665
v 0.01800 -0.47211 -0.05618
v 0.01800 -0.47121 -0.05168
v 0.01800 -0.46740 -0.04913
v 0.01800 -0.44607 -0.04489
v 0.01376 -0.44592 -0.04665
v 0.05500 -0.42946 -0.12927
v 0.10100 -0.45512 -0.13258
v 0.05500 -0.44607 -0.04489
v 0.10100 -0.47211 -0.05618
v 0.10100 -0.47121 -0.05168
v 0.08800 -0.43526 -0.04274
v 0.10100 -0.45062 -0.13348
v 0.10100 -0.45767 -0.12876
v 0.08800 -0.41869 -0.12713
v 0.10100 -0.46740 -0.04913
v 0.10100 -0.40550 -0.12450
v 0.09474 -0.40550 -0.12450
v 0.10524 -0.45595 -0.12842
v 0.10524 -0.45096 -0.13175
v 0.10700 -0.45179 -0.12759
v 0.10524 -0.40585 -0.12278
v 0.10700 -0.40667 -0.11862
v 0.10100 -0.40168 -0.12195
v 0.09692 -0.40168 -0.12195
v 0.09692 -0.40168 -0.12195
v 0.09794 -0.40079 -0.11745
v 0.10100 -0.40079 -0.11745
v 0.10524 -0.40251 -0.11779
v 0.09460 -0.42228 -0.04015
v 0.10524 -0.47039 -0.05584
v 0.10700 -0.46623 -0.05501
v 0.10700 -0.42111 -0.04604
v 0.10524 -0.46705 -0.05085
v 0.10100 -0.42228 -0.04015
v 0.09682 -0.41778 -0.04105
v 0.10100 -0.41778 -0.04105
v 0.09792 -0.41523 -0.04487
v 0.09682 -0.41778 -0.04105
v 0.10100 -0.41523 -0.04487
v 0.10524 -0.42194 -0.04188
v 0.10524 -0.41695 -0.04521
v 0.09945 -0.40978 -0.07225
v -0.09800 -0.41822 -0.21328
v -0.09624 -0.41659 -0.21720
v -0.09624 -0.42214 -0.21490
v -0.09624 -0.45045 -0.14654
v -0.09800 -0.44653 -0.14491
v -0.09624 -0.44816 -0.14099
v -0.09800 -0.40404 -0.12731
v -0.09624 -0.40566 -0.12339
v -0.09800 -0.37572 -0.19568
v -0.09624 -0.37409 -0.19960
v -0.09624 -0.37280 -0.19647
v -0.09668 -0.37278 -0.19446
v -0.09723 -0.39518 -0.14383
v -0.09667 -0.40108 -0.12608
v -0.09624 -0.40232 -0.12477
v -0.09200 -0.42051 -0.21882
v -0.09200 -0.42376 -0.21558
v -0.09200 -0.41592 -0.21882
v -0.09200 -0.45208 -0.14262
v -0.09200 -0.45208 -0.14721
v -0.09200 -0.44883 -0.13937
v -0.09200 -0.41133 -0.12383
v -0.08800 -0.41875 -0.12691
v -0.09498 -0.37389 -0.20008
v -0.09200 -0.37886 -0.20347
v -0.08800 -0.38623 -0.20653
v -0.09541 -0.37333 -0.19928
v -0.09528 -0.40477 -0.12302
v -0.09476 -0.40589 -0.12282
v -0.05500 -0.42896 -0.13114
v -0.05500 -0.39637 -0.21072
v -0.00900 -0.42051 -0.21882
v -0.00900 -0.45208 -0.14262
v -0.00900 -0.45208 -0.14721
v -0.00900 -0.42896 -0.13114
v -0.00900 -0.41592 -0.21882
v -0.00900 -0.42376 -0.21558
v -0.00900 -0.44883 -0.13937
v -0.00900 -0.39637 -0.21072
v -0.00476 -0.42214 -0.21490
v -0.00476 -0.41659 -0.21720
v -0.00300 -0.41822 -0.21328
v -0.00476 -0.45045 -0.14654
v -0.00300 -0.39891 -0.20528
v -0.00300 -0.44653 -0.14491
v -0.00476 -0.44816 -0.14099
v -0.00476 -0.42850 -0.13285
v -0.00300 -0.42286 -0.15391
v -0.00300 -0.42740 -0.13698
v -0.00476 -0.42850 -0.13285
v -0.00476 -0.39711 -0.20913
v -0.00476 -0.39711 -0.20913
v 0.01200 -0.36857 -0.29077
v 0.01200 -0.40968 -0.22924
v 0.01200 -0.38971 -0.22500
v 0.01376 -0.41321 -0.23160
v 0.01376 -0.37210 -0.29313
v 0.01376 -0.36621 -0.29430
v 0.01200 -0.35160 -0.27943
v 0.01376 -0.34916 -0.28291
v 0.01800 -0.37356 -0.29410
v 0.01800 -0.41467 -0.23258
v 0.01800 -0.36974 -0.29666
v 0.01376 -0.34916 -0.28291
v 0.01800 -0.36524 -0.29576
v 0.01800 -0.34816 -0.28435
v 0.10100 -0.36974 -0.29666
v 0.10100 -0.41467 -0.23258
v 0.05500 -0.34816 -0.28435
v 0.01376 -0.41204 -0.22571
v 0.01376 -0.39476 -0.21417
v 0.01200 -0.39295 -0.21806
v 0.01800 -0.41557 -0.22807
v 0.01800 -0.41302 -0.22425
v 0.01800 -0.39551 -0.21256
v 0.01376 -0.39476 -0.21417
v 0.05500 -0.39551 -0.21256
v 0.10100 -0.41557 -0.22807
v 0.08800 -0.38629 -0.20640
v 0.10100 -0.36524 -0.29576
v 0.10100 -0.37356 -0.29410
v 0.08800 -0.33904 -0.27826
v 0.10524 -0.41321 -0.23160
v 0.10524 -0.37210 -0.29313
v 0.10524 -0.36621 -0.29430
v 0.10700 -0.36857 -0.29077
v 0.10700 -0.40968 -0.22924
v 0.10700 -0.33032 -0.26522
v 0.10100 -0.32699 -0.27020
v 0.09527 -0.32699 -0.27020
v 0.10100 -0.32444 -0.26639
v 0.10524 -0.32797 -0.26874
v 0.10100 -0.32534 -0.26188
v 0.09835 -0.32534 -0.26188
v 0.10100 -0.36645 -0.20035
v 0.10524 -0.32680 -0.26286
v 0.09742 -0.32444 -0.26639
v 0.09742 -0.32444 -0.26639
v 0.10700 -0.37144 -0.20369
v 0.10100 -0.41302 -0.22425
v 0.09488 -0.37477 -0.19870
v 0.10524 -0.41204 -0.22571
v 0.10100 -0.37477 -0.19870
v 0.09711 -0.37027 -0.19780
v 0.09905 -0.36104 -0.20845
v 0.09831 -0.36645 -0.20035
v 0.10100 -0.37027 -0.19780
v 0.09711 -0.37027 -0.19780
v 0.10524 -0.37379 -0.20016
v 0.10524 -0.36791 -0.20133
v -0.09800 -0.35709 -0.30476
v -0.09624 -0.36009 -0.30776
v -0.09624 -0.36009 -0.30176
v -0.09200 -0.36309 -0.30476
v -0.09200 -0.36133 -0.30901
v -0.09200 -0.36133 -0.30052
v -0.09800 -0.30476 -0.35709
v -0.09624 -0.30176 -0.36009
v -0.09624 -0.30776 -0.36009
v -0.09200 -0.30476 -0.36309
v -0.09200 -0.30901 -0.36133
v -0.09200 -0.30052 -0.36133
v -0.09800 -0.32456 -0.27224
v -0.09800 -0.27224 -0.32456
v -0.09624 -0.32756 -0.26924
v -0.09695 -0.32276 -0.27044
v -0.09696 -0.32257 -0.27067
v -0.09624 -0.32531 -0.26924
v -0.09624 -0.26924 -0.32756
v -0.09696 -0.27067 -0.32257
v -0.09695 -0.27044 -0.32276
v -0.09624 -0.26924 -0.32531
v -0.09200 -0.33333 -0.27252
v -0.09562 -0.32712 -0.26880
v -0.09528 -0.32784 -0.26895
v -0.08800 -0.33905 -0.27824
v -0.09200 -0.27252 -0.33333
v -0.09528 -0.26895 -0.32784
v -0.09562 -0.26880 -0.32712
v -0.08800 -0.27824 -0.33905
v -0.00900 -0.36309 -0.30476
v -0.00900 -0.30476 -0.36309
v -0.05500 -0.34692 -0.28611
v -0.00900 -0.36133 -0.30901
v -0.00900 -0.30052 -0.36133
v -0.00900 -0.36133 -0.30052
v -0.00900 -0.30901 -0.36133
v -0.05500 -0.28611 -0.34692
v -0.00476 -0.36009 -0.30776
v -0.00476 -0.36009 -0.30176
v -0.00476 -0.34590 -0.28757
v -0.00300 -0.35709 -0.30476
v -0.00476 -0.30776 -0.36009
v -0.00476 -0.30176 -0.36009
v -0.00300 -0.30476 -0.35709
v -0.00900 -0.28611 -0.34692
v -0.00900 -0.34692 -0.28611
v -0.00392 -0.34472 -0.28925
v -0.00300 -0.29082 -0.34315
v -0.00300 -0.34315 -0.29082
v -0.00392 -0.28925 -0.34472
v -0.00476 -0.34590 -0.28757
v -0.00476 -0.28757 -0.34590
v -0.00476 -0.28757 -0.34590
v 0.01376 -0.29313 -0.37210
v 0.01376 -0.29430 -0.36621
v 0.01200 -0.29077 -0.36857
v 0.01376 -0.28291 -0.34916
v 0.01200 -0.27943 -0.35160
v 0.01200 -0.22924 -0.40968
v 0.01376 -0.23160 -0.41321
v 0.01200 -0.22500 -0.38971
v 0.01800 -0.23258 -0.41467
v 0.01800 -0.29410 -0.37356
v 0.01800 -0.29666 -0.36974
v 0.01800 -0.29576 -0.36524
v 0.01800 -0.28435 -0.34816
v 0.01376 -0.28291 -0.34916
v 0.10100 -0.29666 -0.36974
v 0.10100 -0.29410 -0.37356
v 0.05500 -0.28435 -0.34816
v 0.08800 -0.27826 -0.33904
v 0.01376 -0.22571 -0.41204
v 0.01200 -0.21806 -0.39295
v 0.01376 -0.21417 -0.39476
v 0.01800 -0.22807 -0.41557
v 0.01800 -0.22425 -0.41302
v 0.01376 -0.21417 -0.39476
v 0.01800 -0.21256 -0.39551
v 0.05500 -0.21256 -0.39551
v 0.10100 -0.22807 -0.41557
v 0.10100 -0.29576 -0.36524
v 0.10100 -0.23258 -0.41467
v 0.10524 -0.29313 -0.37210
v 0.10524 -0.29430 -0.36621
v 0.10700 -0.29077 -0.36857
v 0.10700 -0.22924 -0.40968
v 0.10524 -0.23160 -0.41321
v 0.10700 -0.20369 -0.37144
v 0.10700 -0.26522 -0.33032
v 0.09527 -0.27020 -0.32699
v 0.10100 -0.27020 -0.32699
v 0.09742 -0.26639 -0.32444
v 0.10524 -0.26874 -0.32797
v 0.10100 -0.26639 -0.32444
v 0.10100 -0.26188 -0.32534
v 0.09905 -0.20845 -0.36104
v 0.09835 -0.26188 -0.32534
v 0.09742 -0.26639 -0.32444
v 0.10524 -0.26286 -0.32680
v 0.10524 -0.20133 -0.36791
v 0.10100 -0.22425 -0.41302
v 0.08800 -0.20640 -0.38629
v 0.10100 -0.19870 -0.37477
v 0.09488 -0.19870 -0.37477
v 0.10524 -0.22571 -0.41204
v 0.10100 -0.19780 -0.37027
v 0.09711 -0.19780 -0.37027
v 0.10100 -0.20035 -0.36645
v 0.09831 -0.20035 -0.36645
v 0.09711 -0.19780 -0.37027
v 0.10524 -0.20016 -0.37379
v -0.09800 -0.21328 -0.41822
v -0.09624 -0.21490 -0.42214
v -0.09624 -0.21720 -0.41659
v -0.09800 -0.14491 -0.44653
v -0.09800 -0.19568 -0.37572
v -0.09624 -0.19960 -0.37409
v -0.09624 -0.19647 -0.37280
v -0.09668 -0.19446 -0.37278
v -0.09624 -0.14654 -0.45045
v -0.09624 -0.14099 -0.44816
v -0.09800 -0.12731 -0.40404
v -0.09624 -0.12339 -0.40566
v -0.09723 -0.14383 -0.39518
v -0.09667 -0.12608 -0.40108
v -0.09624 -0.12477 -0.40232
v -0.09200 -0.21882 -0.42051
v -0.09200 -0.21558 -0.42376
v -0.09200 -0.21882 -0.41592
v -0.09200 -0.14721 -0.45208
v -0.08800 -0.20653 -0.38623
v -0.09200 -0.20347 -0.37886
v -0.09541 -0.19928 -0.37333
v -0.09498 -0.20008 -0.37389
v -0.09200 -0.14262 -0.45208
v -0.09200 -0.13937 -0.44883
v -0.09200 -0.12383 -0.41133
v -0.09476 -0.12282 -0.40589
v -0.08800 -0.12691 -0.41875
v -0.09528 -0.12302 -0.40477
v -0.05500 -0.21072 -0.39637
v -0.05500 -0.13114 -0.42896
v -0.00900 -0.21882 -0.42051
v -0.00900 -0.21558 -0.42376
v -0.00900 -0.14262 -0.45208
v -0.00900 -0.21072 -0.39637
v -0.00900 -0.13937 -0.44883
v -0.00900 -0.21882 -0.41592
v -0.00900 -0.14721 -0.45208
v -0.00900 -0.13114 -0.42896
v -0.00476 -0.21490 -0.42214
v -0.00476 -0.21720 -0.41659
v -0.00300 -0.21328 -0.41822
v -0.00476 -0.14654 -0.45045
v -0.00300 -0.14491 -0.44653
v -0.00476 -0.20913 -0.39711
v -0.00300 -0.20528 -0.39891
v -0.00476 -0.20913 -0.39711
v -0.00300 -0.15391 -0.42286
v -0.00476 -0.14099 -0.44816
v -0.00476 -0.13285 -0.42850
v -0.00476 -0.13285 -0.42850
v -0.00300 -0.13698 -0.42740
v 0.01200 -0.12759 -0.45179
v 0.01376 -0.12842 -0.45595
v 0.01376 -0.13175 -0.45096
v 0.01376 -0.12757 -0.42992
v 0.01200 -0.12346 -0.43102
v 0.01800 -0.13258 -0.45512
v 0.01800 -0.12876 -0.45767
v 0.01800 -0.13348 -0.45062
v 0.01800 -0.12927 -0.42946
v 0.01376 -0.12757 -0.42992
v 0.01200 -0.05501 -0.46623
v 0.01376 -0.05584 -0.47039
v 0.01200 -0.07814 -0.44316
v 0.01200 -0.05090 -0.44555
v 0.01376 -0.05085 -0.46705
v 0.01376 -0.04665 -0.44592
v 0.01800 -0.05618 -0.47211
v 0.01800 -0.05168 -0.47121
v 0.01376 -0.04665 -0.44592
v 0.01800 -0.04913 -0.46740
v 0.01800 -0.04489 -0.44607
v 0.05500 -0.12927 -0.42946
v 0.10100 -0.13258 -0.45512
v 0.08800 -0.12713 -0.41869
v 0.05500 -0.04489 -0.44607
v 0.10100 -0.12876 -0.45767
v 0.10100 -0.05168 -0.47121
v 0.10100 -0.13348 -0.45062
v 0.10100 -0.04913 -0.46740
v 0.10100 -0.05618 -0.47211
v 0.08800 -0.04274 -0.43526
v 0.09474 -0.12450 -0.40550
v 0.10524 -0.12842 -0.45595
v 0.10524 -0.13175 -0.45096
v 0.10100 -0.12450 -0.40550
v 0.10700 -0.12759 -0.45179
v 0.10524 -0.12278 -0.40585
v 0.10700 -0.11862 -0.40667
v 0.09692 -0.12195 -0.40168
v 0.10100 -0.12195 -0.40168
v 0.09794 -0.11745 -0.40079
v 0.09692 -0.12195 -0.40168
v 0.10100 -0.11745 -0.40079
v 0.10524 -0.11779 -0.40251
v 0.10100 -0.04015 -0.42228
v 0.09460 -0.04015 -0.42228
v 0.10700 -0.05501 -0.46623
v 0.10700 -0.04604 -0.42111
v 0.10524 -0.05584 -0.47039
v 0.10524 -0.04521 -0.41695
v 0.09945 -0.07225 -0.40978
v 0.10100 -0.04487 -0.41523
v 0.10524 -0.05085 -0.46705
v 0.10100 -0.04105 -0.41778
v 0.09682 -0.04105 -0.41778
v 0.09682 -0.04105 -0.41778
v 0.09792 -0.04487 -0.41523
v 0.10524 -0.04188 -0.42194
v -0.09800 -0.03700 -0.46800
v -0.09624 -0.03700 -0.47224
v -0.09624 -0.04124 -0.46800
v -0.09800 -0.03700 -0.42200
v -0.09624 -0.04124 -0.42200
v -0.09624 -0.03840 -0.41916
v -0.09659 -0.03700 -0.41859
v -0.09800 0.03700 -0.46800
v -0.09732 0.00000 -0.42036
v -0.09200 -0.04124 -0.47224
v -0.09200 -0.04300 -0.46800
v -0.09200 -0.03700 -0.47400
v -0.09200 -0.04300 -0.42724
v -0.09521 -0.04124 -0.42097
v -0.09467 -0.04190 -0.42200
v -0.08800 -0.04300 -0.43524
v -0.09200 0.03700 -0.47400
v -0.05500 -0.04300 -0.44624
v -0.00900 -0.04124 -0.47224
v -0.00900 -0.03700 -0.47400
v -0.00900 -0.04300 -0.44624
v -0.00900 -0.04300 -0.46800
v -0.00476 -0.04124 -0.46800
v -0.00476 -0.03700 -0.47224
v -0.00476 -0.04124 -0.44639
v -0.00300 -0.03700 -0.46800
v -0.00300 -0.03700 -0.44676
v -0.00476 -0.04124 -0.44639
v -0.00476 0.03700 -0.47224
v -0.00300 0.03700 -0.46800
v -0.00300 0.00000 -0.45000
v -0.09624 0.03700 -0.47224
v -0.09800 0.03700 -0.42200
v -0.09659 0.03700 -0.41859
v -0.09624 0.04124 -0.46800
v -0.09624 0.04124 -0.42200
v -0.09624 0.03840 -0.41916
v -0.09200 0.04124 -0.47224
v -0.09200 0.04300 -0.46800
v -0.09200 0.04300 -0.42724
v -0.09467 0.04190 -0.42200
v -0.09521 0.04124 -0.42097
v -0.08800 0.04300 -0.43524
v -0.05500 0.04300 -0.44624
v -0.00900 0.04124 -0.47224
v -0.00900 0.04300 -0.46800
v -0.00900 0.03700 -0.47400
v -0.00900 0.04300 -0.44624
v -0.00476 0.04124 -0.46800
v -0.00300 0.03700 -0.44676
v -0.00476 0.04124 -0.44639
v -0.00476 0.04124 -0.44639
v 0.01200 0.05501 -0.46623
v 0.01376 0.05085 -0.46705
v 0.01376 0.04665 -0.44592
v 0.01376 0.05584 -0.47039
v 0.01200 0.05090 -0.44555
v 0.01200 0.07814 -0.44316
v 0.01200 0.12759 -0.45179
v 0.01376 0.12842 -0.45595
v 0.01200 0.12346 -0.43102
v 0.01800 0.05168 -0.47121
v 0.01800 0.04913 -0.46740
v 0.01800 0.04489 -0.44607
v 0.01800 0.05618 -0.47211
v 0.01376 0.04665 -0.44592
v 0.01800 0.12876 -0.45767
v 0.01376 0.13175 -0.45096
v 0.01376 0.12757 -0.42992
v 0.01800 0.13258 -0.45512
v 0.01800 0.13348 -0.45062
v 0.01376 0.12757 -0.42992
v 0.01800 0.12927 -0.42946
v 0.05500 0.04489 -0.44607
v 0.10100 0.05168 -0.47121
v 0.08800 0.04274 -0.43526
v 0.10100 0.05618 -0.47211
v 0.05500 0.12927 -0.42946
v 0.10100 0.13258 -0.45512
v 0.10100 0.04913 -0.46740
v 0.10100 0.12876 -0.45767
v 0.10100 0.13348 -0.45062
v 0.08800 0.12713 -0.41869
v 0.09460 0.04015 -0.42228
v 0.10524 0.05085 -0.46705
v 0.10524 0.05584 -0.47039
v 0.10100 0.04015 -0.42228
v 0.09682 0.04105 -0.41778
v 0.10100 0.04105 -0.41778
v 0.09792 0.04487 -0.41523
v 0.09682 0.04105 -0.41778
v 0.10100 0.04487 -0.41523
v 0.10524 0.04188 -0.42194
v 0.10524 0.04521 -0.41695
v 0.10700 0.05501 -0.46623
v 0.10700 0.04604 -0.42111
v 0.09945 0.07225 -0.40978
v 0.10700 0.12759 -0.45179
v 0.10700 0.11862 -0.40667
v 0.10524 0.12842 -0.45595
v 0.10100 0.11745 -0.40079
v 0.09794 0.11745 -0.40079
v 0.10524 0.11779 -0.40251
v 0.10100 0.12450 -0.40550
v 0.09474 0.12450 -0.40550
v 0.10524 0.13175 -0.45096
v 0.10524 0.12278 -0.40585
v 0.10100 0.12195 -0.40168
v 0.09692 0.12195 -0.40168
v 0.09692 0.12195 -0.40168
v -0.09800 0.14491 -0.44653
v -0.09624 0.14654 -0.45045
v -0.09624 0.14099 -0.44816
v -0.09624 0.12339 -0.40566
v -0.09800 0.12731 -0.40404
v -0.09800 0.21328 -0.41822
v -0.09624 0.12477 -0.40232
v -0.09667 0.12608 -0.40108
v -0.09723 0.14383 -0.39518
v -0.09800 0.19568 -0.37572
v -0.09624 0.21490 -0.42214
v -0.09624 0.21720 -0.41659
v -0.09624 0.19960 -0.37409
v -0.09668 0.19446 -0.37278
v -0.09624 0.19647 -0.37280
v -0.09200 0.14262 -0.45208
v -0.09200 0.13937 -0.44883
v -0.09200 0.14721 -0.45208
v -0.09200 0.12383 -0.41133
v -0.08800 0.12691 -0.41875
v -0.09200 0.21558 -0.42376
v -0.09528 0.12302 -0.40477
v -0.09476 0.12282 -0.40589
v -0.09200 0.21882 -0.42051
v -0.09200 0.21882 -0.41592
v -0.09498 0.20008 -0.37389
v -0.09541 0.19928 -0.37333
v -0.09200 0.20347 -0.37886
v -0.08800 0.20653 -0.38623
v -0.05500 0.13114 -0.42896
v -0.05500 0.21072 -0.39637
v -0.00900 0.14262 -0.45208
v -0.00900 0.14721 -0.45208
v -0.00900 0.21882 -0.42051
v -0.00900 0.13114 -0.42896
v -0.00900 0.21882 -0.41592
v -0.00900 0.13937 -0.44883
v -0.00900 0.21558 -0.42376
v -0.00900 0.21072 -0.39637
v -0.00476 0.14099 -0.44816
v -0.00476 0.14654 -0.45045
v -0.00476 0.13285 -0.42850
v -0.00300 0.14491 -0.44653
v -0.00300 0.13698 -0.42740
v -0.00476 0.13285 -0.42850
v -0.00300 0.15391 -0.42286
v -0.00476 0.21490 -0.42214
v -0.00300 0.21328 -0.41822
v -0.00300 0.20528 -0.39891
v -0.00476 0.21720 -0.41659
v -0.00476 0.20913 -0.39711
v -0.00476 0.20913 -0.39711
v 0.01200 0.22924 -0.40968
v 0.01376 0.21417 -0.39476
v 0.01200 0.21806 -0.39295
v 0.01376 0.23160 -0.41321
v 0.01376 0.22571 -0.41204
v 0.01200 0.22500 -0.38971
v 0.01800 0.21256 -0.39551
v 0.01376 0.21417 -0.39476
v 0.01800 0.22425 -0.41302
v 0.01800 0.22807 -0.41557
v 0.01800 0.23258 -0.41467
v 0.05500 0.21256 -0.39551
v 0.10100 0.22807 -0.41557
v 0.08800 0.20640 -0.38629
v 0.01200 0.29077 -0.36857
v 0.01200 0.27943 -0.35160
v 0.01376 0.29313 -0.37210
v 0.01376 0.29430 -0.36621
v 0.01376 0.28291 -0.34916
v 0.01800 0.29410 -0.37356
v 0.01800 0.29666 -0.36974
v 0.01376 0.28291 -0.34916
v 0.01800 0.29576 -0.36524
v 0.01800 0.28435 -0.34816
v 0.10100 0.23258 -0.41467
v 0.10100 0.29666 -0.36974
v 0.05500 0.28435 -0.34816
v 0.10100 0.22425 -0.41302
v 0.09488 0.19870 -0.37477
v 0.10100 0.19870 -0.37477
v 0.09711 0.19780 -0.37027
v 0.10100 0.19780 -0.37027
v 0.09831 0.20035 -0.36645
v 0.09711 0.19780 -0.37027
v 0.10100 0.20035 -0.36645
v 0.09905 0.20845 -0.36104
v 0.10524 0.20016 -0.37379
v 0.10524 0.20133 -0.36791
v 0.10524 0.22571 -0.41204
v 0.10524 0.23160 -0.41321
v 0.10700 0.20369 -0.37144
v 0.10700 0.22924 -0.40968
v 0.10700 0.26522 -0.33032
v 0.09835 0.26188 -0.32534
v 0.10524 0.26286 -0.32680
v 0.10100 0.29576 -0.36524
v 0.10100 0.29410 -0.37356
v 0.08800 0.27826 -0.33904
v 0.10524 0.29313 -0.37210
v 0.10524 0.29430 -0.36621
v 0.10700 0.29077 -0.36857
v 0.10100 0.27020 -0.32699
v 0.09527 0.27020 -0.32699
v 0.10100 0.26188 -0.32534
v 0.10100 0.26639 -0.32444
v 0.09742 0.26639 -0.32444
v 0.10524 0.26874 -0.32797
v 0.09742 0.26639 -0.32444
v -0.09800 0.30476 -0.35709
v -0.09624 0.30776 -0.36009
v -0.09624 0.30176 -0.36009
v -0.09200 0.30476 -0.36309
v -0.09200 0.30052 -0.36133
v -0.09200 0.30901 -0.36133
v -0.09624 0.26924 -0.32756
v -0.09800 0.27224 -0.32456
v -0.09695 0.27044 -0.32276
v -0.09696 0.27067 -0.32257
v -0.09624 0.26924 -0.32531
v -0.09800 0.32456 -0.27224
v -0.09800 0.35709 -0.30476
v -0.09624 0.36009 -0.30776
v -0.09696 0.32257 -0.27067
v -0.09695 0.32276 -0.27044
v -0.09624 0.32531 -0.26924
v -0.09624 0.32756 -0.26924
v -0.09624 0.36009 -0.30176
v -0.09200 0.27252 -0.33333
v -0.09562 0.26880 -0.32712
v -0.09528 0.26895 -0.32784
v -0.08800 0.27824 -0.33905
v -0.09200 0.36133 -0.30901
v -0.09562 0.32712 -0.26880
v -0.09528 0.32784 -0.26895
v -0.09200 0.33333 -0.27252
v -0.09200 0.36133 -0.30052
v -0.08800 0.33905 -0.27824
v -0.09200 0.36309 -0.30476
v -0.00900 0.30476 -0.36309
v -0.05500 0.28611 -0.34692
v -0.00900 0.30901 -0.36133
v -0.00900 0.36133 -0.30052
v -0.00900 0.36309 -0.30476
v -0.00900 0.30052 -0.36133
v -0.05500 0.34692 -0.28611
v -0.00900 0.36133 -0.30901
v -0.00476 0.30176 -0.36009
v -0.00476 0.30776 -0.36009
v -0.00476 0.28757 -0.34590
v -0.00300 0.30476 -0.35709
v -0.00900 0.28611 -0.34692
v -0.00900 0.34692 -0.28611
v -0.00392 0.28925 -0.34472
v -0.00476 0.28757 -0.34590
v -0.00300 0.29082 -0.34315
v -0.00476 0.36009 -0.30776
v -0.00300 0.35709 -0.30476
v -0.00300 0.34315 -0.29082
v -0.00476 0.36009 -0.30176
v -0.00392 0.34472 -0.28925
v -0.00476 0.34590 -0.28757
v -0.00476 0.34590 -0.28757
v 0.01376 0.36621 -0.29430
v 0.01800 0.34816 -0.28435
v 0.01376 0.34916 -0.28291
v 0.01200 0.36857 -0.29077
v 0.01376 0.34916 -0.28291
v 0.01200 0.35160 -0.27943
v 0.01376 0.37210 -0.29313
v 0.01200 0.40968 -0.22924
v 0.01200 0.38971 -0.22500
v 0.01376 0.41321 -0.23160
v 0.01800 0.36974 -0.29666
v 0.01800 0.36524 -0.29576
v 0.01800 0.37356 -0.29410
v 0.01800 0.41467 -0.23258
v 0.05500 0.34816 -0.28435
v 0.08800 0.33904 -0.27826
v 0.10100 0.36974 -0.29666
v 0.10100 0.37356 -0.29410
v 0.01200 0.39295 -0.21806
v 0.01376 0.41204 -0.22571
v 0.01376 0.39476 -0.21417
v 0.01800 0.41557 -0.22807
v 0.01800 0.41302 -0.22425
v 0.01376 0.39476 -0.21417
v 0.01800 0.39551 -0.21256
v 0.05500 0.39551 -0.21256
v 0.10100 0.41557 -0.22807
v 0.10100 0.36524 -0.29576
v 0.10100 0.41467 -0.23258
v 0.09527 0.32699 -0.27020
v 0.10100 0.32444 -0.26639
v 0.09742 0.32444 -0.26639
v 0.10100 0.32699 -0.27020
v 0.09835 0.32534 -0.26188
v 0.09742 0.32444 -0.26639
v 0.10100 0.32534 -0.26188
v 0.10524 0.32680 -0.26286
v 0.10524 0.32797 -0.26874
v 0.10524 0.36621 -0.29430
v 0.09905 0.36104 -0.20845
v 0.10700 0.36857 -0.29077
v 0.10700 0.33032 -0.26522
v 0.10524 0.36791 -0.20133
v 0.10524 0.37210 -0.29313
v 0.10700 0.40968 -0.22924
v 0.10700 0.37144 -0.20369
v 0.10524 0.41321 -0.23160
v 0.10100 0.41302 -0.22425
v 0.08800 0.38629 -0.20640
v 0.10100 0.36645 -0.20035
v 0.10100 0.37477 -0.19870
v 0.09488 0.37477 -0.19870
v 0.09831 0.36645 -0.20035
v 0.10100 0.37027 -0.19780
v 0.09711 0.37027 -0.19780
v 0.09711 0.37027 -0.19780
v 0.10524 0.37379 -0.20016
v 0.10524 0.41204 -0.22571
v -0.09800 0.37572 -0.19568
v -0.09624 0.37280 -0.19647
v -0.09668 0.37278 -0.19446
v -0.09624 0.37409 -0.19960
v -0.09800 0.41822 -0.21328
v -0.09624 0.41659 -0.21720
v -0.09800 0.44653 -0.14491
v -0.09800 0.40404 -0.12731
v -0.09723 0.39518 -0.14383
v -0.09667 0.40108 -0.12608
v -0.09624 0.40232 -0.12477
v -0.09624 0.40566 -0.12339
v -0.09624 0.42214 -0.21490
v -0.09624 0.45045 -0.14654
v -0.09624 0.44816 -0.14099
v -0.09541 0.37333 -0.19928
v -0.09498 0.37389 -0.20008
v -0.09200 0.37886 -0.20347
v -0.09200 0.41592 -0.21882
v -0.08800 0.38623 -0.20653
v -0.09528 0.40477 -0.12302
v -0.09476 0.40589 -0.12282
v -0.09200 0.42051 -0.21882
v -0.09200 0.42376 -0.21558
v -0.09200 0.45208 -0.14721
v -0.09200 0.41133 -0.12383
v -0.09200 0.44883 -0.13937
v -0.08800 0.41875 -0.12691
v -0.09200 0.45208 -0.14262
v -0.05500 0.39637 -0.21072
v -0.05500 0.42896 -0.13114
v -0.00900 0.42051 -0.21882
v -0.00900 0.42376 -0.21558
v -0.00900 0.45208 -0.14262
v -0.00900 0.39637 -0.21072
v -0.00900 0.44883 -0.13937
v -0.00900 0.41592 -0.21882
v -0.00900 0.45208 -0.14721
v -0.00900 0.42896 -0.13114
v -0.00476 0.39711 -0.20913
v -0.00476 0.41659 -0.21720
v -0.00300 0.39891 -0.20528
v -0.00476 0.39711 -0.20913
v -0.00300 0.41822 -0.21328
v -0.00300 0.42286 -0.15391
v -0.00476 0.42214 -0.21490
v -0.00300 0.44653 -0.14491
v -0.00476 0.45045 -0.14654
v -0.00476 0.44816 -0.14099
v -0.00476 0.42850 -0.13285
v -0.00476 0.42850 -0.13285
v -0.00300 0.42740 -0.13698
v 0.01200 0.45179 -0.12759
v 0.01376 0.42992 -0.12757
v 0.01200 0.43102 -0.12346
v 0.01376 0.45096 -0.13175
v 0.01376 0.45595 -0.12842
v 0.01800 0.42946 -0.12927
v 0.01376 0.42992 -0.12757
v 0.01800 0.45062 -0.13348
v 0.01800 0.45512 -0.13258
v 0.01800 0.45767 -0.12876
v 0.01200 0.46623 -0.05501
v 0.01200 0.44316 -0.07814
v 0.01200 0.44555 -0.05090
v 0.01376 0.47039 -0.05584
v 0.01376 0.46705 -0.05085
v 0.01376 0.44592 -0.04665
v 0.01800 0.47211 -0.05618
v 0.01800 0.46740 -0.04913
v 0.01376 0.44592 -0.04665
v 0.01800 0.44607 -0.04489
v 0.01800 0.47121 -0.05168
v 0.05500 0.42946 -0.12927
v 0.10100 0.45512 -0.13258
v 0.08800 0.41869 -0.12713
v 0.05500 0.44607 -0.04489
v 0.10100 0.45767 -0.12876
v 0.10100 0.47121 -0.05168
v 0.10100 0.45062 -0.13348
v 0.10100 0.46740 -0.04913
v 0.10100 0.47211 -0.05618
v 0.08800 0.43526 -0.04274
v 0.09474 0.40550 -0.12450
v 0.10100 0.40550 -0.12450
v 0.09692 0.40168 -0.12195
v 0.10100 0.40168 -0.12195
v 0.09794 0.40079 -0.11745
v 0.09692 0.40168 -0.12195
v 0.10100 0.40079 -0.11745
v 0.10524 0.40251 -0.11779
v 0.10524 0.40585 -0.12278
v 0.10700 0.40667 -0.11862
v 0.10524 0.45096 -0.13175
v 0.10524 0.45595 -0.12842
v 0.10700 0.45179 -0.12759
v 0.10100 0.42228 -0.04015
v 0.09460 0.42228 -0.04015
v 0.09945 0.40978 -0.07225
v 0.10100 0.41523 -0.04487
v 0.10524 0.41695 -0.04521
v 0.09792 0.41523 -0.04487
v 0.10700 0.42111 -0.04604
v 0.10700 0.46623 -0.05501
v 0.10524 0.47039 -0.05584
v 0.10100 0.41778 -0.04105
v 0.09682 0.41778 -0.04105
v 0.09682 0.41778 -0.04105
v 0.10524 0.42194 -0.04188
v 0.10524 0.46705 -0.05085
vn -0.9703 -0.2094 -0.1209
vn -0.9703 -0.1852 -0.1554
vn -0.8937 -0.3675 -0.2573
vn -0.8937 -0.3675 -0.2573
vn -0.8937 -0.3675 -0.2573
vn -0.8937 -0.3675 -0.2573
vn -0.8937 -0.3675 -0.2573
vn -0.8937 -0.3675 -0.2573
vn -0.8944 -0.3433 -0.2866
vn -0.9703 -0.1554 -0.1852
vn -0.8944 -0.2866 -0.3433
vn -0.8944 -0.2236 -0.3873
vn -0.8937 -0.2573 -0.3675
vn -1.0000 0.0000 0.0000
vn -0.8937 -0.2573 -0.3675
vn -0.8937 -0.2573 -0.3675
vn -0.8937 -0.2573 -0.3675
vn -0.8937 -0.2573 -0.3675
vn -0.8937 -0.2573 -0.3675
vn -0.3162 -0.8216 -0.4743
vn -0.1567 -0.8090 -0.5665
vn -0.1588 -0.8550 -0.4937
vn -0.3162 -0.4743 -0.8216
vn -0.1588 -0.4937 -0.8550
vn -0.3151 -0.5443 -0.7774
vn -0.1567 -0.5665 -0.8090
vn -0.3151 -0.7774 -0.5443
vn -0.8937 -0.4066 -0.1896
vn -0.8937 -0.4066 -0.1896
vn -0.8937 -0.4066 -0.1896
vn -0.8937 -0.4066 -0.1896
vn -0.8944 -0.4204 -0.1524
vn -0.8944 -0.3873 -0.2236
vn -0.9703 -0.2272 -0.0827
vn -0.8937 -0.4333 -0.1161
vn -0.8937 -0.4066 -0.1896
vn -0.8937 -0.4066 -0.1896
vn -0.9703 -0.2418 0.0000
vn -0.8944 -0.4404 -0.0777
vn -0.8937 -0.4469 -0.0391
vn -0.9703 -0.2381 -0.0420
vn -0.8937 -0.4333 -0.1161
vn -0.8937 -0.4333 -0.1161
vn -0.8937 -0.4333 -0.1161
vn -1.0000 0.0000 0.0000
vn -0.8944 -0.4472 0.0000
vn -0.8937 -0.4333 -0.1161
vn -0.8937 -0.4333 -0.1161
vn -0.8937 -0.4469 -0.0391
vn -0.8937 -0.4469 -0.0391
vn -0.8937 -0.4469 -0.0391
vn -0.8937 -0.4469 -0.0391
vn -0.8937 -0.4469 -0.0391
vn -1.0000 0.0000 0.0000
vn -1.0000 0.0000 0.0000
vn -1.0000 0.0000 0.0000
vn -0.3151 -0.8601 -0.4011
vn -0.1589 -0.8948 -0.4172
vn -0.3162 -0.9343 -0.1647
vn -0.3151 -0.9167 -0.2456
vn -0.1575 -0.9539 -0.2556
vn -0.1588 -0.9723 -0.1714
vn -0.3151 -0.9454 -0.0827
vn -0.1582 -0.9836 -0.0861
vn -0.9703 -0.1209 -0.2094
vn -0.8937 -0.1896 -0.4066
vn -0.8937 -0.1896 -0.4066
vn -0.8937 -0.1896 -0.4066
vn -0.8937 -0.1896 -0.4066
vn -0.8937 -0.1896 -0.4066
vn -0.9703 -0.0827 -0.2272
vn -0.8944 -0.1524 -0.4204
vn -0.8937 -0.1161 -0.4333
vn -0.8937 -0.1896 -0.4066
vn -1.0000 0.0000 0.0000
vn -1.0000 0.0000 0.0000
vn -1.0000 0.0000 0.0000
vn -0.9703 -0.0420 -0.2381
vn -0.8944 -0.0777 -0.4404
vn -0.8937 -0.0391 -0.4469
vn -0.9703 0.0000 -0.2418
vn -0.8937 -0.0391 -0.4469
vn -1.0000 0.0000 0.0000
vn -0.8937 -0.0391 -0.4469
vn -0.8944 0.0000 -0.4472
vn -0.8937 -0.1161 -0.4333
vn -0.8937 -0.1161 -0.4333
vn -0.8937 -0.1161 -0.4333
vn -0.8937 -0.1161 -0.4333
vn -0.8937 -0.1161 -0.4333
vn -0.8937 -0.0391 -0.4469
vn -0.8937 -0.0391 -0.4469
vn -0.8937 -0.0391 -0.4469
vn -1.0000 0.0000 0.0000
vn -0.3151 -0.4011 -0.8601
vn -0.1589 -0.4172 -0.8948
vn -0.3162 -0.1647 -0.9343
vn -0.1588 -0.1714 -0.9723
vn -0.3151 -0.2456 -0.9167
vn -0.3151 -0.0827 -0.9454
vn -0.1582 -0.0861 -0.9836
vn -0.1575 -0.2556 -0.9539
vn -0.0000 -0.8192 -0.5736
vn 0.0000 -0.5736 -0.8192
vn -0.0000 -0.8660 -0.5000
vn -0.0000 -0.5000 -0.8660
vn -0.0000 -0.5736 -0.8192
vn -0.0000 -0.8192 -0.5736
vn -0.0000 -0.8192 -0.5736
vn -0.0000 -0.5736 -0.8192
vn 0.0000 -0.9063 -0.4226
vn -0.0000 -0.9659 -0.2588
vn -0.0000 -0.9962 -0.0872
vn 0.0000 0.8660 0.5000
vn -0.0000 0.8660 0.5000
vn -0.0000 0.7660 0.6428
vn 0.0000 0.9397 0.3420
vn 0.0000 0.9397 0.3420
vn 0.0000 0.9848 0.1736
vn 0.0000 0.9848 0.1736
vn -0.0000 1.0000 -0.0000
vn 0.0000 1.0000 0.0000
vn 0.0000 -0.9659 -0.2588
vn 0.0000 -0.9659 -0.2588
vn 0.0000 -0.9063 -0.4226
vn 0.0000 -0.9063 -0.4226
vn -0.0000 -0.9848 -0.1736
vn -0.0000 -0.9962 -0.0872
vn 0.0000 -0.4226 -0.9063
vn 0.0000 0.5000 0.8660
vn 0.0000 0.5000 0.8660
vn 0.0000 0.3420 0.9397
vn -0.0000 -0.2588 -0.9659
vn -0.0000 -0.0872 -0.9962
vn 0.0000 0.3420 0.9397
vn 0.0000 0.1736 0.9848
vn -0.0000 0.1736 0.9848
vn -0.0000 0.0000 1.0000
vn -0.0000 -0.2588 -0.9659
vn 0.0000 -0.4226 -0.9063
vn -0.0000 -0.2588 -0.9659
vn 0.0000 -0.0872 -0.9962
vn 0.0000 -0.1736 -0.9848
vn -0.0000 -0.0872 -0.9962
vn -0.0000 -0.0872 -0.9962
vn 0.1588 -0.0000 -0.9873
vn 0.0000 0.7660 0.6428
vn 0.0000 0.6428 0.7660
vn 0.0000 0.6428 0.7660
vn -0.9703 -0.2381 0.0420
vn -0.8937 -0.4469 0.0391
vn -1.0000 0.0000 0.0000
vn -0.8937 -0.4469 0.0391
vn -0.8937 -0.4469 0.0391
vn -0.8944 -0.4404 0.0777
vn -0.9703 -0.2272 0.0827
vn -0.8937 -0.4333 0.1161
vn -0.8937 -0.4469 0.0391
vn -0.8937 -0.4469 0.0391
vn -0.8937 -0.4469 0.0391
vn -0.8937 -0.4333 0.1161
vn -0.8937 -0.4333 0.1161
vn -0.8937 -0.4333 0.1161
vn -0.8937 -0.4333 0.1161
vn -0.8937 -0.4333 0.1161
vn -0.9703 -0.2094 0.1209
vn -0.8937 -0.4066 0.1896
vn -0.8944 -0.4204 0.1524
vn -0.8937 -0.4066 0.1896
vn -0.8937 -0.4066 0.1896
vn -0.8937 -0.4066 0.1896
vn -0.8937 -0.4066 0.1896
vn -0.8944 -0.3873 0.2236
vn -0.8937 -0.4066 0.1896
vn -1.0000 0.0000 0.0000
vn -1.0000 0.0000 0.0000
vn -0.9703 -0.1852 0.1554
vn -1.0000 0.0000 0.0000
vn -1.0000 0.0000 0.0000
vn -0.3162 -0.9343 0.1647
vn -0.3151 -0.9454 0.0827
vn -0.1582 -0.9836 0.0861
vn -0.1588 -0.9723 0.1714
vn -0.3151 -0.9167 0.2456
vn -0.1575 -0.9539 0.2556
vn -0.3162 -0.8216 0.4743
vn -0.3151 -0.8601 0.4011
vn -0.1589 -0.8948 0.4172
vn -0.1588 -0.8550 0.4937
vn -0.8937 -0.3675 0.2573
vn -0.8944 -0.3433 0.2866
vn -0.8944 -0.2866 0.3433
vn -0.9703 -0.1554 0.1852
vn -0.8937 -0.2573 0.3675
vn -0.9703 -0.1209 0.2094
vn -0.8937 -0.2573 0.3675
vn -0.8937 -0.2573 0.3675
vn -0.8937 -0.2573 0.3675
vn -0.8937 -0.2573 0.3675
vn -0.8937 -0.2573 0.3675
vn -0.8937 -0.3675 0.2573
vn -0.8937 -0.3675 0.2573
vn -0.8937 -0.3675 0.2573
vn -0.8937 -0.3675 0.2573
vn -0.8937 -0.3675 0.2573
vn -0.3151 -0.7774 0.5443
vn -0.1567 -0.8090 0.5665
vn -0.3162 -0.4743 0.8216
vn -0.3151 -0.5443 0.7774
vn -0.1567 -0.5665 0.8090
vn -0.1588 -0.4937 0.8550
vn -1.0000 0.0000 0.0000
vn -1.0000 0.0000 0.0000
vn -0.9703 -0.0827 0.2272
vn -0.8944 -0.2236 0.3873
vn -0.8937 -0.1896 0.4066
vn -0.8937 -0.1896 0.4066
vn -0.8937 -0.1896 0.4066
vn -0.8937 -0.1896 0.4066
vn -0.8944 -0.1524 0.4204
vn -0.8937 -0.1161 0.4333
vn -0.8937 -0.1896 0.4066
vn -0.8937 -0.1896 0.4066
vn -1.0000 0.0000 0.0000
vn -0.9703 -0.0420 0.2381
vn -1.0000 0.0000 0.0000
vn -0.8937 -0.1161 0.4333
vn -0.8937 -0.1161 0.4333
vn -0.8937 -0.1161 0.4333
vn -0.8944 -0.0777 0.4404
vn -0.9703 0.0000 0.2418
vn -0.8937 -0.0391 0.4469
vn -0.8944 0.0000 0.4472
vn -0.8937 -0.1161 0.4333
vn -0.8937 -0.1161 0.4333
vn -0.8937 -0.0391 0.4469
vn -0.8937 -0.0391 0.4469
vn -0.8937 -0.0391 0.4469
vn -0.8937 -0.0391 0.4469
vn -0.8937 -0.0391 0.4469
vn -0.3151 -0.4011 0.8601
vn -0.1589 -0.4172 0.8948
vn -0.3162 -0.1647 0.9343
vn -0.3151 -0.2456 0.9167
vn -0.1575 -0.2556 0.9539
vn -0.1588 -0.1714 0.9723
vn -0.3151 -0.0827 0.9454
vn -0.1582 -0.0861 0.9836
vn -0.0000 -0.9962 0.0872
vn -0.0000 -0.9659 0.2588
vn 0.0000 -0.9063 0.4226
vn 0.0000 0.9848 -0.1736
vn -0.0000 0.9848 -0.1736
vn 0.0000 0.9397 -0.3420
vn 0.0000 0.9397 -0.3420
vn 0.0000 0.8660 -0.5000
vn 0.0000 0.8660 -0.5000
vn 0.0000 -0.9962 0.0872
vn -0.0000 -0.9962 0.0872
vn -0.0000 -0.9962 0.0872
vn 0.1588 -0.9873 0.0000
vn 0.0000 -0.9848 0.1736
vn -0.0000 -0.9659 0.2588
vn 0.0000 -0.8660 0.5000
vn -0.0000 -0.9659 0.2588
vn 0.0000 -0.9063 0.4226
vn 0.0000 -0.8192 0.5736
vn 0.0000 -0.5736 0.8192
vn 0.0000 -0.8192 0.5736
vn 0.0000 -0.8192 0.5736
vn 0.0000 -0.5736 0.8192
vn -0.0000 -0.5736 0.8192
vn 0.0000 -0.5000 0.8660
vn 0.0000 0.7660 -0.6428
vn 0.0000 0.7660 -0.6428
vn -0.0000 0.6428 -0.7660
vn 0.0000 0.6428 -0.7660
vn 0.0000 0.5000 -0.8660
vn -0.0000 0.5000 -0.8660
vn 0.0000 -0.4226 0.9063
vn 0.0000 0.3420 -0.9397
vn 0.0000 0.3420 -0.9397
vn 0.0000 0.1736 -0.9848
vn 0.0000 0.1736 -0.9848
vn -0.0000 0.0000 -1.0000
vn 0.0000 0.0000 -1.0000
vn 0.0000 -0.2588 0.9659
vn -0.0000 -0.0872 0.9962
vn 0.0000 -0.4226 0.9063
vn 0.0000 -0.4226 0.9063
vn 0.0000 -0.2588 0.9659
vn -0.0000 -0.2588 0.9659
vn 0.0000 -0.1736 0.9848
vn 0.0000 -0.0872 0.9962
vn -0.8944 0.0777 -0.4404
vn -0.8937 0.0391 -0.4469
vn -0.9703 0.0420 -0.2381
vn -0.9703 0.0827 -0.2272
vn -0.8937 0.1161 -0.4333
vn -0.8937 0.1161 -0.4333
vn -0.8937 0.1161 -0.4333
vn -0.8937 0.1161 -0.4333
vn -0.8937 0.0391 -0.4469
vn -0.8937 0.0391 -0.4469
vn -0.8937 0.0391 -0.4469
vn -0.8937 0.0391 -0.4469
vn -0.8937 0.0391 -0.4469
vn -0.8937 0.1161 -0.4333
vn -0.8937 0.1161 -0.4333
vn -1.0000 0.0000 0.0000
vn -1.0000 0.0000 0.0000
vn -0.9703 0.1209 -0.2094
vn -0.8944 0.1524 -0.4204
vn -0.8937 0.1896 -0.4066
vn -0.8937 0.1896 -0.4066
vn -0.8937 0.1896 -0.4066
vn -0.8937 0.1896 -0.4066
vn -0.8944 0.2236 -0.3873
vn -0.8937 0.1896 -0.4066
vn -0.8937 0.1896 -0.4066
vn -1.0000 0.0000 0.0000
vn -0.9703 0.1554 -0.1852
vn -1.0000 0.0000 0.0000
vn -0.8937 0.2573 -0.3675
vn -0.3162 0.1647 -0.9343
vn -0.1588 0.1714 -0.9723
vn -0.3151 0.0827 -0.9454
vn -0.3151 0.2456 -0.9167
vn -0.1575 0.2556 -0.9539
vn -0.1582 0.0861 -0.9836
vn -0.3162 0.4743 -0.8216
vn -0.1588 0.4937 -0.8550
vn -0.3151 0.4011 -0.8601
vn -0.1589 0.4172 -0.8948
vn -0.8937 0.2573 -0.3675
vn -0.8937 0.2573 -0.3675
vn -0.8937 0.2573 -0.3675
vn -0.8937 0.2573 -0.3675
vn -0.8937 0.2573 -0.3675
vn -0.8944 0.2866 -0.3433
vn -0.9703 0.1852 -0.1554
vn -0.8944 0.3433 -0.2866
vn -0.8937 0.3675 -0.2573
vn -0.8944 0.3873 -0.2236
vn -0.8937 0.3675 -0.2573
vn -0.8937 0.3675 -0.2573
vn -0.8937 0.3675 -0.2573
vn -0.8937 0.3675 -0.2573
vn -0.8937 0.3675 -0.2573
vn -0.1567 0.5665 -0.8090
vn -0.3151 0.5443 -0.7774
vn -0.3162 0.8216 -0.4743
vn -0.1588 0.8550 -0.4937
vn -0.3151 0.7774 -0.5443
vn -0.1567 0.8090 -0.5665
vn -1.0000 0.0000 0.0000
vn -0.9703 0.2094 -0.1209
vn -1.0000 0.0000 0.0000
vn -0.9703 0.2272 -0.0827
vn -1.0000 0.0000 0.0000
vn -1.0000 0.0000 0.0000
vn -0.9703 0.2381 -0.0420
vn -1.0000 0.0000 0.0000
vn -0.9703 0.2418 -0.0000
vn -0.8937 0.4066 -0.1896
vn -0.8937 0.4066 -0.1896
vn -0.8937 0.4066 -0.1896
vn -0.8937 0.4066 -0.1896
vn -0.8937 0.4066 -0.1896
vn -0.8944 0.4204 -0.1524
vn -0.8937 0.4333 -0.1161
vn -0.8937 0.4066 -0.1896
vn -0.8944 0.4404 -0.0777
vn -0.8937 0.4469 -0.0391
vn -0.8937 0.4469 -0.0391
vn -0.8937 0.4469 -0.0391
vn -0.8944 0.4472 0.0000
vn -0.8937 0.4333 -0.1161
vn -0.8937 0.4333 -0.1161
vn -0.8937 0.4333 -0.1161
vn -0.8937 0.4333 -0.1161
vn -0.8937 0.4333 -0.1161
vn -0.8937 0.4469 -0.0391
vn -0.8937 0.4469 -0.0391
vn -0.8937 0.4469 -0.0391
vn -0.3151 0.8601 -0.4011
vn -0.1589 0.8948 -0.4172
vn -0.3162 0.9343 -0.1647
vn -0.1588 0.9723 -0.1714
vn -0.3151 0.9167 -0.2456
vn -0.3151 0.9454 -0.0827
vn -0.1582 0.9836 -0.0861
vn -0.1575 0.9539 -0.2556
vn -0.0000 0.0872 -0.9962
vn -0.0000 0.2588 -0.9659
vn 0.0000 -0.0000 1.0000
vn 0.0000 -0.1736 0.9848
vn 0.0000 -0.3420 0.9397
vn 0.0000 -0.1736 0.9848
vn 0.0000 -0.3420 0.9397
vn 0.0000 -0.5000 0.8660
vn 0.0000 0.4226 -0.9063
vn -0.0000 -0.5000 0.8660
vn -0.0000 -0.6428 0.7660
vn -0.0000 0.1736 -0.9848
vn -0.0000 0.2588 -0.9659
vn -0.0000 0.0872 -0.9962
vn 0.0000 0.5000 -0.8660
vn 0.0000 0.2588 -0.9659
vn 0.0000 0.4226 -0.9063
vn 0.0000 0.4226 -0.9063
vn 0.0000 -0.7660 0.6428
vn 0.0000 -0.6428 0.7660
vn 0.0000 -0.8660 0.5000
vn 0.0000 -0.7660 0.6428
vn 0.0000 0.5736 -0.8192
vn -0.0000 0.8192 -0.5736
vn 0.0000 0.8192 -0.5736
vn -0.0000 0.5736 -0.8192
vn 0.0000 0.5736 -0.8192
vn 0.0000 0.8192 -0.5736
vn -0.0000 0.8660 -0.5000
vn -0.0000 -0.9397 0.3420
vn -0.0000 -0.8660 0.5000
vn -0.0000 -0.9848 0.1736
vn -0.0000 -0.9397 0.3420
vn -0.0000 -1.0000 0.0000
vn -0.0000 -0.9848 0.1736
vn -0.0000 0.9063 -0.4226
vn 0.0000 0.9659 -0.2588
vn -0.0000 0.9962 -0.0872
vn -0.0000 0.9659 -0.2588
vn -0.0000 0.9063 -0.4226
vn 0.0000 0.9659 -0.2588
vn -0.0000 0.9962 -0.0872
vn 0.0000 0.9848 -0.1736
vn 0.0000 0.9962 -0.0872
vn 0.0000 0.9962 -0.0872
vn 0.1588 0.9873 -0.0000
vn -1.0000 0.0000 0.0000
vn -0.9703 0.0420 0.2381
vn -1.0000 0.0000 0.0000
vn -0.9703 0.0827 0.2272
vn -0.8937 0.0391 0.4469
vn -0.8937 0.0391 0.4469
vn -0.8937 0.0391 0.4469
vn -0.8944 0.0777 0.4404
vn -0.8937 0.1161 0.4333
vn -0.8937 0.0391 0.4469
vn -0.8937 0.0391 0.4469
vn -0.8937 0.0391 0.4469
vn -0.8937 0.1161 0.4333
vn -0.8937 0.1161 0.4333
vn -0.8937 0.1161 0.4333
vn -0.8937 0.1161 0.4333
vn -0.8937 0.1161 0.4333
vn -1.0000 0.0000 0.0000
vn -0.9703 0.1209 0.2094
vn -1.0000 0.0000 0.0000
vn -0.9703 0.1554 0.1852
vn -1.0000 0.0000 0.0000
vn -0.8944 0.2236 0.3873
vn -0.8937 0.1896 0.4066
vn -0.8944 0.1524 0.4204
vn -0.8937 0.1896 0.4066
vn -0.8937 0.1896 0.4066
vn -0.8937 0.1896 0.4066
vn -0.8937 0.1896 0.4066
vn -0.8937 0.1896 0.4066
vn -0.3162 0.1647 0.9343
vn -0.3151 0.0827 0.9454
vn -0.1582 0.0861 0.9836
vn -0.1588 0.1714 0.9723
vn -0.3151 0.2456 0.9167
vn -0.1575 0.2556 0.9539
vn -0.3162 0.4743 0.8216
vn -0.3151 0.4011 0.8601
vn -0.1589 0.4172 0.8948
vn -0.1588 0.4937 0.8550
vn -1.0000 0.0000 0.0000
vn -0.9703 0.2381 0.0420
vn -0.9703 0.2272 0.0827
vn -1.0000 0.0000 0.0000
vn -1.0000 0.0000 0.0000
vn -0.9703 0.2094 0.1209
vn -0.9703 0.1852 0.1554
vn -0.8937 0.3675 0.2573
vn -0.8944 0.3873 0.2236
vn -0.8937 0.4469 0.0391
vn -0.8944 0.4404 0.0777
vn -0.8937 0.4333 0.1161
vn -0.8937 0.4333 0.1161
vn -0.8937 0.4333 0.1161
vn -0.8937 0.4333 0.1161
vn -0.8937 0.4469 0.0391
vn -0.8937 0.4469 0.0391
vn -0.8937 0.4469 0.0391
vn -0.8937 0.4469 0.0391
vn -0.8937 0.4469 0.0391
vn -0.8937 0.4333 0.1161
vn -0.8937 0.4333 0.1161
vn -0.8944 0.4204 0.1524
vn -0.8937 0.4066 0.1896
vn -0.8937 0.4066 0.1896
vn -0.8937 0.4066 0.1896
vn -0.8937 0.4066 0.1896
vn -0.8937 0.4066 0.1896
vn -0.8937 0.4066 0.1896
vn -0.3162 0.9343 0.1647
vn -0.1588 0.9723 0.1714
vn -0.3151 0.9454 0.0827
vn -0.3151 0.9167 0.2456
vn -0.1575 0.9539 0.2556
vn -0.1582 0.9836 0.0861
vn -0.3162 0.8216 0.4743
vn -0.1588 0.8550 0.4937
vn -0.3151 0.8601 0.4011
vn -0.1589 0.8948 0.4172
vn -0.8944 0.3433 0.2866
vn -0.8937 0.2573 0.3675
vn -0.8944 0.2866 0.3433
vn -0.8937 0.3675 0.2573
vn -0.8937 0.3675 0.2573
vn -0.8937 0.3675 0.2573
vn -0.8937 0.3675 0.2573
vn -0.8937 0.3675 0.2573
vn -0.8937 0.2573 0.3675
vn -0.8937 0.2573 0.3675
vn -0.8937 0.2573 0.3675
vn -0.8937 0.2573 0.3675
vn -0.8937 0.2573 0.3675
vn -0.3151 0.7774 0.5443
vn -0.1567 0.8090 0.5665
vn -0.3151 0.5443 0.7774
vn -0.1567 0.5665 0.8090
vn 0.0000 -0.5000 -0.8660
vn 0.0000 -0.6428 -0.7660
vn 0.0000 -0.6428 -0.7660
vn 0.0000 -0.7660 -0.6428
vn 0.0000 -0.7660 -0.6428
vn -0.0000 -0.1736 -0.9848
vn -0.0000 -0.1736 -0.9848
vn -0.0000 -0.3420 -0.9397
vn -0.0000 -0.3420 -0.9397
vn -0.0000 0.0872 0.9962
vn -0.0000 0.2588 0.9659
vn -0.0000 -0.5000 -0.8660
vn -0.0000 0.4226 0.9063
vn -0.0000 0.0872 0.9962
vn 0.0000 0.0872 0.9962
vn 0.0000 0.0872 0.9962
vn 0.1588 0.0000 0.9873
vn 0.0000 0.1736 0.9848
vn -0.0000 0.2588 0.9659
vn -0.0000 0.5000 0.8660
vn -0.0000 0.2588 0.9659
vn -0.0000 0.4226 0.9063
vn 0.0000 -0.9848 -0.1736
vn 0.0000 -1.0000 0.0000
vn 0.0000 -0.9397 -0.3420
vn 0.0000 -0.9848 -0.1736
vn 0.0000 -0.8660 -0.5000
vn 0.0000 -0.9397 -0.3420
vn 0.0000 -0.8660 -0.5000
vn -0.0000 0.9962 0.0872
vn -0.0000 0.9659 0.2588
vn 0.0000 0.9063 0.4226
vn 0.0000 0.9848 0.1736
vn 0.0000 0.9659 0.2588
vn 0.0000 0.9962 0.0872
vn 0.0000 0.8660 0.5000
vn 0.0000 0.9063 0.4226
vn 0.0000 0.9063 0.4226
vn 0.0000 0.9659 0.2588
vn -0.0000 0.5736 0.8192
vn 0.0000 0.8192 0.5736
vn 0.0000 0.5736 0.8192
vn 0.0000 0.5736 0.8192
vn 0.0000 0.8192 0.5736
vn -0.0000 0.8192 0.5736
vn -0.0000 -0.7798 -0.6260
vn -0.0000 -0.8192 -0.5736
vn -0.0000 -0.8192 -0.5736
vn -0.0000 -0.6260 -0.7798
vn -0.0000 -0.5736 -0.8192
vn -0.0000 -0.5736 -0.8192
vn 0.1588 -0.7563 -0.6346
vn 0.0000 -0.7071 -0.7071
vn 0.0000 -0.7071 -0.7071
vn 0.1588 -0.6346 -0.7563
vn 0.1593 -0.8087 -0.5663
vn 0.1593 -0.5663 -0.8087
vn -0.0000 -0.9397 -0.3420
vn -0.0000 -0.9659 -0.2588
vn 0.0000 -0.9659 -0.2588
vn -0.0000 -0.9659 -0.2588
vn -0.0000 -0.9063 -0.4226
vn -0.0000 -0.9063 -0.4226
vn -0.0000 -0.9063 -0.4226
vn 0.1588 -0.9278 -0.3377
vn 0.1571 -0.8951 -0.4174
vn 0.0000 -0.9962 -0.0872
vn 0.0000 -0.9962 -0.0872
vn -0.0000 -0.9962 -0.0872
vn 0.0000 -1.0000 0.0000
vn 0.1586 -0.9537 -0.2555
vn -0.0000 -0.9962 -0.0872
vn 0.1578 -0.9837 -0.0861
vn -0.0000 -0.4226 -0.9063
vn -0.0000 -0.4226 -0.9063
vn -0.0000 -0.3420 -0.9397
vn -0.0000 -0.4226 -0.9063
vn -0.0000 -0.4226 -0.9063
vn -0.0000 -0.2588 -0.9659
vn -0.0000 -0.2588 -0.9659
vn -0.0000 -0.2588 -0.9659
vn 0.1588 -0.3377 -0.9278
vn -0.0000 -0.0872 -0.9962
vn 0.0000 0.0000 -1.0000
vn 0.1571 -0.4174 -0.8951
vn 0.1586 -0.2555 -0.9537
vn -0.0000 -0.0872 -0.9962
vn 0.1578 -0.0861 -0.9837
vn 0.3162 -0.6098 -0.7267
vn 0.3162 -0.7267 -0.6098
vn 0.3151 -0.5443 -0.7774
vn 0.3151 -0.7774 -0.5443
vn 0.9703 -0.1852 -0.1554
vn 0.8937 -0.3675 -0.2573
vn 0.8944 -0.3426 -0.2875
vn 0.8944 -0.2875 -0.3426
vn 0.8937 -0.2573 -0.3675
vn 0.8937 -0.2573 -0.3675
vn 0.9703 -0.1554 -0.1852
vn 0.8937 -0.3675 -0.2573
vn 0.8937 -0.3675 -0.2573
vn 0.8937 -0.3675 -0.2573
vn 0.9703 -0.2094 -0.1209
vn 0.8937 -0.2573 -0.3675
vn 0.8944 -0.2220 -0.3882
vn 0.8937 -0.2573 -0.3675
vn 1.0000 0.0000 0.0000
vn 0.3162 -0.8915 -0.3245
vn 0.3151 -0.8601 -0.4011
vn 0.3151 -0.9167 -0.2456
vn 0.3151 -0.9454 -0.0827
vn 0.3162 -0.9487 -0.0000
vn 0.8944 -0.4202 -0.1530
vn 0.8937 -0.4066 -0.1896
vn 0.8937 -0.4066 -0.1896
vn 0.8937 -0.4066 -0.1896
vn 0.8937 -0.4066 -0.1896
vn 0.8937 -0.4333 -0.1161
vn 0.8937 -0.4333 -0.1161
vn 0.8944 -0.3882 -0.2220
vn 0.9703 -0.2272 -0.0827
vn 0.8937 -0.4333 -0.1161
vn 0.8937 -0.4333 -0.1161
vn 0.8944 -0.4472 -0.0000
vn 0.8937 -0.4469 -0.0391
vn 0.8937 -0.4469 -0.0391
vn 0.8937 -0.4469 -0.0391
vn 0.9703 -0.2381 -0.0420
vn 0.8937 -0.4469 -0.0391
vn 0.8944 -0.4405 -0.0771
vn 0.9703 -0.2418 -0.0000
vn 1.0000 0.0000 0.0000
vn 1.0000 0.0000 0.0000
vn 1.0000 0.0000 0.0000
vn 1.0000 0.0000 0.0000
vn 1.0000 0.0000 0.0000
vn 0.3151 -0.2456 -0.9167
vn 0.3162 -0.3245 -0.8915
vn 0.3151 -0.4011 -0.8601
vn 0.3162 0.0000 -0.9487
vn 0.3151 -0.0827 -0.9454
vn 0.9703 -0.0827 -0.2272
vn 0.8937 -0.1896 -0.4066
vn 0.8944 -0.1530 -0.4202
vn 0.8937 -0.1161 -0.4333
vn 0.8937 -0.1161 -0.4333
vn 0.8937 -0.1161 -0.4333
vn 0.8937 -0.1896 -0.4066
vn 0.9703 -0.1209 -0.2094
vn 0.8937 -0.1896 -0.4066
vn 0.8937 -0.1896 -0.4066
vn 0.8937 -0.1161 -0.4333
vn 1.0000 0.0000 0.0000
vn 1.0000 0.0000 0.0000
vn 0.8944 -0.0000 -0.4472
vn 0.8937 -0.0391 -0.4469
vn 0.8937 -0.0391 -0.4469
vn 0.9703 -0.0420 -0.2381
vn 0.8944 -0.0771 -0.4405
vn 0.8937 -0.0391 -0.4469
vn 0.9703 -0.0000 -0.2418
vn 0.8937 -0.0391 -0.4469
vn 1.0000 0.0000 0.0000
vn 1.0000 0.0000 0.0000
vn -0.0000 -0.9962 0.0872
vn 0.0000 -0.9659 0.2588
vn 0.0000 -0.9659 0.2588
vn 0.0000 -0.9397 0.3420
vn 0.0000 -0.9659 0.2588
vn -0.0000 -0.9063 0.4226
vn -0.0000 -0.9063 0.4226
vn -0.0000 -0.9063 0.4226
vn -0.0000 -0.9063 0.4226
vn 0.1588 -0.9278 0.3377
vn -0.0000 -0.9962 0.0872
vn 0.1578 -0.9837 0.0861
vn 0.1586 -0.9537 0.2555
vn 0.1571 -0.8951 0.4174
vn -0.0000 -0.7798 0.6260
vn 0.0000 -0.8192 0.5736
vn 0.0000 -0.8192 0.5736
vn -0.0000 -0.6260 0.7798
vn -0.0000 -0.5736 0.8192
vn 0.0000 -0.5736 0.8192
vn 0.1588 -0.7563 0.6346
vn 0.0000 -0.7071 0.7071
vn 0.1588 -0.6346 0.7563
vn 0.0000 -0.7071 0.7071
vn 0.1593 -0.8087 0.5663
vn 0.1593 -0.5663 0.8087
vn -0.0000 -0.4226 0.9063
vn -0.0000 -0.4226 0.9063
vn 0.0000 -0.4226 0.9063
vn 0.0000 -0.3420 0.9397
vn -0.0000 -0.2588 0.9659
vn 0.0000 -0.2588 0.9659
vn -0.0000 -0.2588 0.9659
vn 0.1571 -0.4174 0.8951
vn 0.1588 -0.3377 0.9278
vn 0.0000 -0.0872 0.9962
vn 0.0000 -0.0872 0.9962
vn 0.0000 -0.0872 0.9962
vn 0.0000 0.0000 1.0000
vn 0.1586 -0.2555 0.9537
vn -0.0000 -0.0872 0.9962
vn 0.1578 -0.0861 0.9837
vn 0.3151 -0.9454 0.0827
vn 0.3151 -0.9167 0.2456
vn 0.3162 -0.8915 0.3245
vn 0.3151 -0.8601 0.4011
vn 0.8937 -0.4469 0.0391
vn 0.8937 -0.4469 0.0391
vn 0.8937 -0.4469 0.0391
vn 0.8937 -0.4469 0.0391
vn 0.9703 -0.2381 0.0420
vn 0.8944 -0.4405 0.0771
vn 0.8937 -0.4333 0.1161
vn 0.9703 -0.2272 0.0827
vn 0.8944 -0.4202 0.1530
vn 0.8937 -0.4333 0.1161
vn 0.8937 -0.4333 0.1161
vn 0.8937 -0.4333 0.1161
vn 0.8937 -0.4066 0.1896
vn 0.8937 -0.4066 0.1896
vn 0.8937 -0.4066 0.1896
vn 0.9703 -0.2094 0.1209
vn 0.8937 -0.4066 0.1896
vn 0.8944 -0.3882 0.2220
vn 1.0000 0.0000 0.0000
vn 1.0000 0.0000 0.0000
vn 0.9703 -0.1852 0.1554
vn 1.0000 0.0000 0.0000
vn 1.0000 0.0000 0.0000
vn 0.3151 -0.7774 0.5443
vn 0.3162 -0.7267 0.6098
vn 0.3162 -0.6098 0.7267
vn 0.3151 -0.5443 0.7774
vn 0.8944 -0.3426 0.2875
vn 0.8937 -0.3675 0.2573
vn 0.8937 -0.3675 0.2573
vn 0.8944 -0.2875 0.3426
vn 0.9703 -0.1554 0.1852
vn 0.8937 -0.2573 0.3675
vn 0.8937 -0.3675 0.2573
vn 0.8937 -0.3675 0.2573
vn 0.8937 -0.2573 0.3675
vn 0.8937 -0.2573 0.3675
vn 0.8937 -0.2573 0.3675
vn 0.9703 -0.1209 0.2094
vn 0.3151 -0.4011 0.8601
vn 0.3162 -0.3245 0.8915
vn 0.3151 -0.2456 0.9167
vn 0.3151 -0.0827 0.9454
vn 0.3162 0.0000 0.9487
vn 1.0000 0.0000 0.0000
vn 1.0000 0.0000 0.0000
vn 0.8944 -0.2220 0.3882
vn 0.9703 -0.0827 0.2272
vn 1.0000 0.0000 0.0000
vn 0.8944 -0.1530 0.4202
vn 0.8937 -0.1896 0.4066
vn 0.8937 -0.1896 0.4066
vn 0.8937 -0.1896 0.4066
vn 0.8937 -0.1896 0.4066
vn 0.8937 -0.1161 0.4333
vn 0.8937 -0.1161 0.4333
vn 0.8937 -0.1161 0.4333
vn 0.8937 -0.1161 0.4333
vn 0.9703 -0.0420 0.2381
vn 1.0000 0.0000 0.0000
vn 1.0000 0.0000 0.0000
vn 0.9703 -0.0000 0.2418
vn 0.8944 0.0000 0.4472
vn 0.8937 -0.0391 0.4469
vn 0.8937 -0.0391 0.4469
vn 0.8937 -0.0391 0.4469
vn 0.8944 -0.0771 0.4405
vn 0.8937 -0.0391 0.4469
vn 0.0000 0.0872 -0.9962
vn 0.0000 0.0872 -0.9962
vn 0.0000 0.0872 -0.9962
vn -0.0000 0.2588 -0.9659
vn -0.0000 0.3420 -0.9397
vn -0.0000 0.2588 -0.9659
vn 0.0000 0.2588 -0.9659
vn -0.0000 0.4226 -0.9063
vn 0.0000 0.4226 -0.9063
vn 0.0000 0.4226 -0.9063
vn 0.1588 0.3377 -0.9278
vn 0.1571 0.4174 -0.8951
vn -0.0000 0.0872 -0.9962
vn 0.1578 0.0861 -0.9837
vn 0.1586 0.2555 -0.9537
vn -0.0000 0.6260 -0.7798
vn -0.0000 0.5736 -0.8192
vn -0.0000 0.5736 -0.8192
vn 0.0000 0.7798 -0.6260
vn 0.0000 0.8192 -0.5736
vn 0.0000 0.8192 -0.5736
vn 0.1588 0.6346 -0.7563
vn 0.0000 0.7071 -0.7071
vn 0.0000 0.7071 -0.7071
vn 0.1588 0.7563 -0.6346
vn 0.1593 0.5663 -0.8087
vn 0.1593 0.8087 -0.5663
vn 0.0000 0.9063 -0.4226
vn 0.0000 0.9063 -0.4226
vn -0.0000 0.9397 -0.3420
vn 0.0000 0.9063 -0.4226
vn -0.0000 0.9063 -0.4226
vn 0.0000 0.9659 -0.2588
vn -0.0000 0.9659 -0.2588
vn -0.0000 0.9659 -0.2588
vn 0.1588 0.9278 -0.3377
vn -0.0000 0.9962 -0.0872
vn 0.0000 1.0000 -0.0000
vn 0.1571 0.8951 -0.4174
vn 0.1586 0.9537 -0.2555
vn 0.0000 0.9962 -0.0872
vn 0.1578 0.9837 -0.0861
vn 0.3151 0.0827 -0.9454
vn 0.3162 0.3245 -0.8915
vn 0.3151 0.4011 -0.8601
vn 0.3151 0.2456 -0.9167
vn 0.8937 0.0391 -0.4469
vn 0.8937 0.0391 -0.4469
vn 0.8937 0.0391 -0.4469
vn 0.9703 0.0420 -0.2381
vn 0.8937 0.0391 -0.4469
vn 1.0000 0.0000 0.0000
vn 0.8944 0.0771 -0.4405
vn 0.8937 0.1161 -0.4333
vn 0.9703 0.0827 -0.2272
vn 1.0000 0.0000 0.0000
vn 0.8944 0.1530 -0.4202
vn 0.8937 0.1161 -0.4333
vn 0.8937 0.1161 -0.4333
vn 0.8937 0.1896 -0.4066
vn 0.8937 0.1896 -0.4066
vn 0.8937 0.1896 -0.4066
vn 0.8937 0.1896 -0.4066
vn 0.8937 0.1161 -0.4333
vn 0.9703 0.1209 -0.2094
vn 0.8944 0.2220 -0.3882
vn 1.0000 0.0000 0.0000
vn 0.8937 0.2573 -0.3675
vn 1.0000 0.0000 0.0000
vn 0.9703 0.1554 -0.1852
vn 1.0000 0.0000 0.0000
vn 0.3162 0.6098 -0.7267
vn 0.3162 0.7267 -0.6098
vn 0.3151 0.7774 -0.5443
vn 0.3151 0.5443 -0.7774
vn 0.8937 0.2573 -0.3675
vn 0.8944 0.2875 -0.3426
vn 0.9703 0.1852 -0.1554
vn 0.8944 0.3426 -0.2875
vn 0.8937 0.3675 -0.2573
vn 0.8937 0.3675 -0.2573
vn 0.8937 0.2573 -0.3675
vn 0.8937 0.2573 -0.3675
vn 0.8937 0.3675 -0.2573
vn 0.8937 0.3675 -0.2573
vn 0.8944 0.3882 -0.2220
vn 0.3162 0.8915 -0.3245
vn 0.3151 0.9167 -0.2456
vn 0.3151 0.8601 -0.4011
vn 0.3162 0.9487 0.0000
vn 0.3151 0.9454 -0.0827
vn 1.0000 0.0000 0.0000
vn 1.0000 0.0000 0.0000
vn 0.9703 0.2094 -0.1209
vn 0.9703 0.2272 -0.0827
vn 1.0000 0.0000 0.0000
vn 0.9703 0.2381 -0.0420
vn 1.0000 0.0000 0.0000
vn 0.8937 0.4066 -0.1896
vn 0.8944 0.4202 -0.1530
vn 0.8937 0.4333 -0.1161
vn 0.8937 0.4333 -0.1161
vn 0.8937 0.4333 -0.1161
vn 0.8937 0.4066 -0.1896
vn 0.8937 0.4066 -0.1896
vn 0.8937 0.4066 -0.1896
vn 0.8937 0.4333 -0.1161
vn 0.8944 0.4472 0.0000
vn 0.8937 0.4469 -0.0391
vn 0.8937 0.4469 -0.0391
vn 0.8944 0.4405 -0.0771
vn 0.8937 0.4469 -0.0391
vn 0.9703 0.2418 0.0000
vn 0.8937 0.4469 -0.0391
vn -0.0000 0.0872 0.9962
vn 0.0000 0.2588 0.9659
vn 0.0000 0.2588 0.9659
vn 0.0000 0.3420 0.9397
vn 0.0000 0.2588 0.9659
vn 0.0000 0.4226 0.9063
vn -0.0000 0.4226 0.9063
vn -0.0000 0.4226 0.9063
vn 0.0000 0.4226 0.9063
vn 0.1588 0.3377 0.9278
vn 0.0000 0.0872 0.9962
vn 0.1578 0.0861 0.9837
vn 0.1586 0.2555 0.9537
vn 0.1571 0.4174 0.8951
vn 0.0000 0.9962 0.0872
vn 0.0000 0.9962 0.0872
vn 0.0000 0.9962 0.0872
vn -0.0000 0.9063 0.4226
vn 0.0000 0.9063 0.4226
vn -0.0000 0.9063 0.4226
vn 0.0000 0.9659 0.2588
vn -0.0000 0.9397 0.3420
vn -0.0000 0.9659 0.2588
vn -0.0000 0.9659 0.2588
vn 0.1571 0.8951 0.4174
vn 0.1588 0.9278 0.3377
vn -0.0000 0.9962 0.0872
vn 0.1578 0.9837 0.0861
vn 0.1586 0.9537 0.2555
vn 0.0000 0.6260 0.7798
vn 0.0000 0.5736 0.8192
vn 0.0000 0.5736 0.8192
vn 0.0000 0.7798 0.6260
vn 0.0000 0.8192 0.5736
vn 0.0000 0.8192 0.5736
vn 0.1588 0.6346 0.7563
vn -0.0000 0.7071 0.7071
vn 0.1588 0.7563 0.6346
vn 0.0000 0.7071 0.7071
vn 0.1593 0.5663 0.8087
vn 0.1593 0.8087 0.5663
vn 0.3151 0.0827 0.9454
vn 0.3162 0.3245 0.8915
vn 0.3151 0.2456 0.9167
vn 0.3151 0.4011 0.8601
vn 0.9703 0.0420 0.2381
vn 1.0000 0.0000 0.0000
vn 0.9703 0.0827 0.2272
vn 1.0000 0.0000 0.0000
vn 0.8937 0.0391 0.4469
vn 0.8937 0.0391 0.4469
vn 0.8937 0.0391 0.4469
vn 0.8937 0.0391 0.4469
vn 0.8944 0.0771 0.4405
vn 0.8937 0.1161 0.4333
vn 0.9703 0.1209 0.2094
vn 1.0000 0.0000 0.0000
vn 1.0000 0.0000 0.0000
vn 0.9703 0.1554 0.1852
vn 0.8944 0.2220 0.3882
vn 0.8944 0.1530 0.4202
vn 0.8937 0.1161 0.4333
vn 0.8937 0.1161 0.4333
vn 0.8937 0.1161 0.4333
vn 0.8937 0.1896 0.4066
vn 0.8937 0.1896 0.4066
vn 0.8937 0.1896 0.4066
vn 0.8937 0.1896 0.4066
vn 0.3151 0.9454 0.0827
vn 0.3151 0.8601 0.4011
vn 0.3162 0.8915 0.3245
vn 0.3151 0.9167 0.2456
vn 1.0000 0.0000 0.0000
vn 1.0000 0.0000 0.0000
vn 0.9703 0.2381 0.0420
vn 0.9703 0.2272 0.0827
vn 1.0000 0.0000 0.0000
vn 0.9703 0.1852 0.1554
vn 1.0000 0.0000 0.0000
vn 0.9703 0.2094 0.1209
vn 0.8944 0.3882 0.2220
vn 0.8937 0.3675 0.2573
vn 0.8937 0.4469 0.0391
vn 0.8937 0.4469 0.0391
vn 0.8937 0.4469 0.0391
vn 0.8937 0.4469 0.0391
vn 0.8944 0.4405 0.0771
vn 0.8937 0.4333 0.1161
vn 0.8944 0.4202 0.1530
vn 0.8937 0.4333 0.1161
vn 0.8937 0.4333 0.1161
vn 0.8937 0.4066 0.1896
vn 0.8937 0.4066 0.1896
vn 0.8937 0.4066 0.1896
vn 0.8937 0.4066 0.1896
vn 0.8937 0.4333 0.1161
vn 0.3151 0.5443 0.7774
vn 0.3162 0.7267 0.6098
vn 0.3162 0.6098 0.7267
vn 0.3151 0.7774 0.5443
vn 0.8944 0.3426 0.2875
vn 0.8944 0.2875 0.3426
vn 0.8937 0.2573 0.3675
vn 0.8937 0.2573 0.3675
vn 0.8937 0.3675 0.2573
vn 0.8937 0.2573 0.3675
vn 0.8937 0.2573 0.3675
vn 0.8937 0.3675 0.2573
vn 0.8937 0.3675 0.2573
vn -0.9641 -0.1877 -0.1877
vn -0.8365 -0.3875 -0.3875
vn -0.9106 -0.3772 -0.1686
vn -0.6887 -0.2265 -0.6887
vn -0.6887 0.2265 -0.6887
vn -0.9239 -0.3827 0.0000
vn -0.9641 0.1877 -0.1877
vn -0.6887 0.6887 -0.2265
vn -0.9641 0.1877 0.1877
vn -0.4934 -0.4934 -0.7163
vn -0.3801 -0.1158 -0.9177
vn -0.3287 -0.0000 -0.9444
vn -0.1877 0.1877 -0.9641
vn 0.0000 0.0000 -1.0000
vn -0.2265 0.6887 -0.6887
vn -0.1877 0.9641 -0.1877
vn -0.1877 0.9641 0.1877
vn 0.0000 0.0000 -1.0000
vn 0.2265 0.6887 -0.6887
vn 0.1877 0.9641 -0.1877
vn 0.1930 0.0000 -0.9812
vn 0.1877 0.1877 -0.9641
vn 0.3827 0.0000 -0.9239
vn 0.6887 0.2265 -0.6887
vn 0.6887 0.6887 -0.2265
vn 0.9787 0.0000 -0.2055
vn 0.9239 0.0000 -0.3827
vn 0.9641 0.1877 -0.1877
vn 0.6887 0.6887 0.2265
vn 0.9641 0.1877 0.1877
vn 1.0000 0.0000 0.0000
vn -0.9641 -0.1877 0.1877
vn -0.9106 -0.3772 0.1686
vn -0.8365 -0.3875 0.3875
vn -0.6887 -0.2265 0.6887
vn -0.6887 0.2265 0.6887
vn -0.6887 0.6887 0.2265
vn -0.4934 -0.4934 0.7163
vn -0.3801 -0.1158 0.9177
vn -0.3287 -0.0000 0.9444
vn -0.1877 0.1877 0.9641
vn 0.0000 0.0000 1.0000
vn -0.2265 0.6887 0.6887
vn 0.0000 0.0000 1.0000
vn 0.2265 0.6887 0.6887
vn 0.1877 0.1877 0.9641
vn 0.1877 0.9641 0.1877
vn 0.1930 0.0000 0.9812
vn 0.6887 0.2265 0.6887
vn 0.9787 0.0000 0.2055
vn 0.3827 0.0000 0.9239
vn 0.9239 0.0000 0.3827
vn -0.9641 0.2207 -0.1475
vn -0.9239 0.0747 -0.3753
vn -0.9781 0.0406 -0.2041
vn -0.6887 0.3565 -0.6313
vn -0.6887 0.7197 -0.0878
vn -0.9641 0.1475 0.2207
vn -1.0000 0.0000 0.0000
vn -0.9792 -0.0396 0.1990
vn -0.6887 0.6313 0.3565
vn -0.1925 0.1914 -0.9625
vn -0.3827 0.1802 -0.9061
vn -0.2265 0.8099 -0.5411
vn -0.1877 0.3722 -0.9090
vn -0.1877 0.9822 0.0040
vn -0.1877 0.9090 0.3722
vn -0.6887 0.0878 0.7197
vn -0.9239 -0.0747 0.3753
vn -0.3827 -0.1802 0.9061
vn -0.1877 -0.0040 0.9822
vn -0.1935 -0.1914 0.9622
vn -0.2265 0.5411 0.8099
vn -0.0000 0.1951 -0.9808
vn 0.2265 0.8099 -0.5411
vn -0.0000 0.1951 -0.9808
vn 0.1877 0.9822 0.0040
vn -0.0000 -0.1951 0.9808
vn 0.2265 0.5411 0.8099
vn 0.1877 0.3722 -0.9090
vn 0.1877 0.9090 0.3722
vn 0.1877 -0.0040 0.9822
vn 0.0000 -0.1951 0.9808
vn -0.0000 0.0574 -0.9984
vn 0.1877 -0.9090 -0.3722
vn 0.0000 -0.9808 -0.1951
vn 0.0000 -0.9171 -0.3987
vn 0.1877 -0.9822 -0.0040
vn 0.0000 -0.9999 0.0150
vn 0.6887 -0.7197 0.0878
vn 0.6887 -0.6313 -0.3565
vn 0.9641 -0.1475 -0.2207
vn 0.9641 -0.2207 0.1475
vn 0.1877 0.0040 -0.9822
vn 0.0000 -0.1951 -0.9808
vn 0.2265 -0.5411 -0.8099
vn 0.0000 -0.8315 -0.5556
vn 0.6887 -0.0878 -0.7197
vn 0.6887 0.3565 -0.6313
vn 0.6887 0.7197 -0.0878
vn 0.9641 0.2207 -0.1475
vn 0.9641 0.1475 0.2207
vn 0.6887 0.6313 0.3565
vn 0.1877 -0.3722 0.9090
vn -0.0000 -0.3294 0.9442
vn 0.2265 -0.8099 0.5411
vn 0.0000 -0.5556 0.8315
vn 0.0000 -0.9808 0.1951
vn 0.6887 -0.3565 0.6313
vn 0.6887 0.0878 0.7197
vn -0.9641 -0.1016 -0.2452
vn -0.6887 0.0543 -0.7230
vn -0.8353 -0.2104 -0.5080
vn -0.9102 -0.2826 -0.3029
vn -0.9239 -0.3536 -0.1464
vn -0.9641 -0.2452 0.1016
vn -0.9111 -0.4120 0.0086
vn -0.8377 -0.5045 0.2090
vn -0.6887 -0.4728 0.5496
vn -0.9641 0.1016 0.2452
vn -0.6887 -0.0543 0.7230
vn -0.6887 0.4728 -0.5496
vn -0.9641 0.2452 -0.1016
vn -0.6887 0.7230 0.0543
vn -0.6887 0.5496 0.4728
vn -0.4926 -0.1806 -0.8513
vn -0.3801 0.2449 -0.8919
vn -0.3288 0.3614 -0.8725
vn -0.4943 -0.7303 0.4716
vn -0.3801 -0.4588 0.8031
vn -0.1877 -0.1956 0.9626
vn -0.3286 -0.3614 0.8726
vn -0.0000 -0.3827 0.9239
vn -0.1877 0.5424 -0.8189
vn -0.0000 0.3827 -0.9239
vn -0.1877 0.8189 0.5424
vn -0.1877 0.9626 0.1956
vn -0.2265 0.8999 -0.3727
vn -0.2265 0.3727 0.8999
vn 0.0000 -0.3827 0.9239
vn 0.0000 0.3827 -0.9239
vn 0.1877 0.9626 0.1956
vn 0.2265 0.8999 -0.3727
vn 0.2265 0.3727 0.8999
vn 0.1877 -0.1956 0.9626
vn 0.1919 0.3756 -0.9067
vn 0.1877 0.5424 -0.8189
vn 0.1877 0.8189 0.5424
vn 0.1940 -0.3754 0.9063
vn 0.6887 -0.0543 0.7230
vn 0.3827 -0.3536 0.8536
vn 0.9641 0.1016 0.2452
vn 0.9239 -0.1464 0.3536
vn 0.9797 -0.0767 0.1851
vn 0.3827 0.3536 -0.8536
vn 0.6887 0.4728 -0.5496
vn 0.6887 0.7230 0.0543
vn 0.9775 0.0807 -0.1947
vn 0.9239 0.1464 -0.3536
vn 0.9641 0.2452 -0.1016
vn 1.0000 0.0000 0.0000
vn 0.6887 0.5496 0.4728
vn -0.9641 0.2603 -0.0518
vn -0.9239 0.2126 -0.3182
vn -0.9770 0.1185 -0.1774
vn -1.0000 0.0000 0.0000
vn -0.6887 0.5710 -0.4468
vn -0.6887 0.6985 0.1943
vn -0.1914 0.5453 -0.8161
vn -0.3827 0.5133 -0.7682
vn -0.1877 0.6917 -0.6974
vn -0.2265 0.9553 -0.1900
vn -0.1877 0.9059 0.3796
vn 0.0000 0.5556 -0.8315
vn 0.2265 0.9553 -0.1900
vn 0.0000 0.5556 -0.8315
vn -0.1877 -0.3796 0.9059
vn -0.3827 -0.5133 0.7682
vn -0.1946 -0.5450 0.8156
vn -0.9641 0.0518 0.2603
vn -0.9803 -0.1098 0.1644
vn -0.6887 -0.1943 0.6985
vn -0.9239 -0.2126 0.3182
vn -0.6887 0.4468 0.5710
vn -0.2265 0.1900 0.9553
vn -0.1877 0.6974 0.6917
vn -0.0000 -0.5556 0.8315
vn 0.2265 0.1900 0.9553
vn 0.1877 0.9059 0.3796
vn 0.1877 0.6917 -0.6974
vn 0.1877 -0.6974 -0.6917
vn 0.0000 -0.9286 -0.3710
vn 0.0000 -0.8315 -0.5556
vn 0.6887 -0.4468 -0.5710
vn 0.6887 -0.6985 -0.1943
vn 0.9641 -0.0518 -0.2603
vn 0.0000 0.4353 -0.9003
vn 0.2265 -0.1900 -0.9553
vn 0.0000 -0.6930 -0.7210
vn 0.0000 -0.5556 -0.8315
vn 0.1877 0.3796 -0.9059
vn -0.0000 0.1951 -0.9808
vn 0.6887 0.1943 -0.6985
vn 0.6887 0.5710 -0.4468
vn 0.6887 0.6985 0.1943
vn 0.9641 0.2603 -0.0518
vn 0.9641 -0.2603 0.0518
vn 0.1877 -0.3796 0.9059
vn -0.0000 -0.5556 0.8315
vn 0.1877 0.6974 0.6917
vn 0.1877 -0.6917 0.6974
vn 0.0000 -0.6660 0.7460
vn 0.2265 -0.9553 0.1900
vn 0.0000 -0.9808 -0.1951
vn 0.1877 -0.9059 -0.3796
vn 0.0000 -0.8315 0.5556
vn 0.6887 -0.5710 0.4468
vn 0.6887 -0.1943 0.6985
vn 0.9641 0.0518 0.2603
vn 0.6887 0.4468 0.5710
vn -0.9641 -0.2654 -0.0000
vn -0.9239 -0.2706 -0.2706
vn -0.9097 -0.3900 -0.1429
vn -0.8341 -0.5516 -0.0000
vn -0.6887 -0.6472 0.3268
vn -0.9239 -0.2706 -0.2706
vn -0.6887 -0.3268 0.6472
vn -0.9641 -0.0000 0.2654
vn -0.9641 -0.0000 -0.2654
vn -0.9097 -0.1429 -0.3900
vn -0.6887 0.3268 -0.6472
vn -0.8341 -0.0000 -0.5516
vn -0.6887 0.6472 -0.3268
vn -0.9641 0.2654 -0.0000
vn -0.6887 0.3268 0.6472
vn -0.6887 0.6472 0.3268
vn -0.4918 -0.8558 0.1602
vn -0.3802 -0.7299 0.5681
vn -0.3291 -0.6677 0.6677
vn -0.1877 -0.5490 0.8145
vn 0.0000 -0.7071 0.7071
vn -0.4918 0.1602 -0.8558
vn -0.3802 0.5681 -0.7299
vn -0.3291 0.6677 -0.6677
vn -0.1877 0.8145 -0.5490
vn 0.0000 0.7071 -0.7071
vn -0.1877 0.5490 0.8145
vn -0.1877 0.8145 0.5490
vn -0.2265 -0.0000 0.9740
vn -0.2265 0.9740 -0.0000
vn 0.0000 0.7071 -0.7071
vn 0.1877 -0.5490 0.8145
vn 0.1877 0.8145 0.5490
vn 0.2265 -0.0000 0.9740
vn 0.2265 0.9740 -0.0000
vn 0.0000 -0.7071 0.7071
vn 0.1877 0.5490 0.8145
vn 0.1877 0.8145 -0.5490
vn 0.1908 -0.6941 0.6941
vn 0.1908 0.6941 -0.6941
vn 0.6887 -0.3268 0.6472
vn 0.3827 -0.6533 0.6533
vn 0.9239 -0.2706 0.2706
vn 0.9239 -0.2706 0.2706
vn 0.9641 -0.0000 0.2654
vn 0.9808 -0.1379 0.1379
vn 0.3827 0.6533 -0.6533
vn 0.6887 0.6472 -0.3268
vn 0.9239 0.2706 -0.2706
vn 0.9239 0.2706 -0.2706
vn 0.9641 0.2654 -0.0000
vn 0.9808 0.1379 -0.1379
vn 0.6887 0.3268 0.6472
vn 0.6887 0.6472 0.3268
vn -0.6887 -0.4468 0.5710
vn -0.9770 -0.1774 0.1185
vn -0.9239 -0.3182 0.2126
vn -0.9641 -0.0518 0.2603
vn -1.0000 0.0000 0.0000
vn -0.6887 0.1943 0.6985
vn -0.3827 -0.7682 0.5133
vn -0.1877 -0.6974 0.6917
vn -0.1914 -0.8161 0.5453
vn -0.2265 -0.1900 0.9553
vn -0.1877 0.3796 0.9059
vn 0.0000 -0.8315 0.5556
vn 0.2265 -0.1900 0.9553
vn -0.6887 0.6985 -0.1943
vn -0.1946 0.8156 -0.5450
vn -0.3827 0.7682 -0.5133
vn -0.9803 0.1644 -0.1098
vn -0.9641 0.2603 0.0518
vn -0.6887 0.5710 0.4468
vn -0.9239 0.3182 -0.2126
vn -0.2265 0.9553 0.1900
vn -0.1877 0.9059 -0.3796
vn -0.1877 0.6917 0.6974
vn 0.0000 0.8315 -0.5556
vn -0.0000 0.8315 -0.5556
vn 0.2265 0.9553 0.1900
vn 0.1877 0.6917 0.6974
vn 0.1877 -0.6974 0.6917
vn 0.0000 -0.8315 0.5556
vn 0.1877 0.3796 0.9059
vn 0.1877 -0.6917 -0.6974
vn 0.1877 -0.3796 -0.9059
vn 0.6887 -0.5710 -0.4468
vn -0.0000 -0.5556 -0.8315
vn 0.1877 -0.9059 0.3796
vn 0.0000 -0.9003 0.4353
vn 0.2265 -0.9553 -0.1900
vn 0.0000 -0.8315 -0.5556
vn 0.0000 -0.7210 -0.6930
vn 0.0000 -0.9808 0.1951
vn 0.6887 -0.6985 0.1943
vn 0.6887 -0.4468 0.5710
vn 0.6887 0.1943 0.6985
vn 0.9641 -0.2603 -0.0518
vn 0.9641 -0.0518 0.2603
vn 0.9641 0.0518 -0.2603
vn 0.1877 0.9059 -0.3796
vn -0.0000 0.7460 -0.6660
vn 0.2265 0.1900 -0.9553
vn 0.0000 -0.3710 -0.9286
vn 0.0000 -0.1951 -0.9808
vn 0.6887 -0.1943 -0.6985
vn 0.0000 0.5556 -0.8315
vn 0.1877 0.6974 -0.6917
vn 0.6887 0.4468 -0.5710
vn 0.6887 0.6985 -0.1943
vn 0.9641 0.2603 0.0518
vn 0.6887 0.5710 0.4468
vn -0.9641 -0.2452 -0.1016
vn -0.8353 -0.5080 -0.2104
vn -0.6887 -0.7230 0.0543
vn -0.9239 -0.1464 -0.3536
vn -0.9102 -0.3029 -0.2826
vn -0.9641 0.1016 -0.2452
vn -0.9111 0.0086 -0.4120
vn -0.9641 -0.1016 0.2452
vn -0.6887 -0.5496 0.4728
vn -0.6887 0.0543 0.7230
vn -0.6887 0.4728 0.5496
vn -0.8377 0.2090 -0.5045
vn -0.6887 0.5496 -0.4728
vn -0.9641 0.2452 0.1016
vn -0.6887 0.7230 -0.0543
vn -0.4926 -0.8513 -0.1806
vn -0.3801 -0.8919 0.2449
vn -0.3288 -0.8725 0.3614
vn -0.1877 -0.8189 0.5424
vn 0.0000 -0.9239 0.3827
vn -0.2265 -0.3727 0.8999
vn -0.1877 0.1956 0.9626
vn -0.4943 0.4716 -0.7303
vn -0.3801 0.8031 -0.4588
vn -0.3286 0.8726 -0.3614
vn -0.1877 0.9626 -0.1956
vn 0.0000 0.9239 -0.3827
vn -0.1877 0.5424 0.8189
vn -0.2265 0.8999 0.3727
vn -0.0000 -0.9239 0.3827
vn -0.0000 0.9239 -0.3827
vn 0.2265 -0.3727 0.8999
vn 0.1877 0.5424 0.8189
vn 0.2265 0.8999 0.3727
vn 0.1877 -0.8189 0.5424
vn 0.1940 0.9063 -0.3754
vn 0.1877 0.1956 0.9626
vn 0.1877 0.9626 -0.1956
vn 0.1919 -0.9067 0.3756
vn 0.6887 -0.5496 0.4728
vn 0.6887 0.0543 0.7230
vn 0.3827 -0.8536 0.3536
vn 0.9641 -0.1016 0.2452
vn 0.9239 -0.3536 0.1464
vn 0.9775 -0.1947 0.0807
vn 1.0000 0.0000 0.0000
vn 0.6887 0.4728 0.5496
vn 0.9641 0.2452 0.1016
vn 0.3827 0.8536 -0.3536
vn 0.9797 0.1851 -0.0767
vn 0.6887 0.7230 -0.0543
vn 0.9239 0.3536 -0.1464
vn -0.6887 -0.6313 0.3565
vn -0.9781 -0.2041 0.0406
vn -0.9239 -0.3753 0.0747
vn -0.9641 -0.1475 0.2207
vn -0.6887 -0.0878 0.7197
vn -1.0000 0.0000 0.0000
vn -0.9792 0.1990 -0.0396
vn -0.6887 0.3565 0.6313
vn -0.9641 0.2207 0.1475
vn -0.1877 -0.9090 0.3722
vn -0.3827 -0.9061 0.1802
vn -0.1925 -0.9625 0.1914
vn -0.2265 -0.5411 0.8099
vn -0.1877 0.0040 0.9822
vn -0.1877 0.3722 0.9090
vn -0.9239 0.3753 -0.0747
vn -0.6887 0.7197 0.0878
vn -0.1935 0.9622 -0.1914
vn -0.3827 0.9061 -0.1802
vn -0.1877 0.9822 -0.0040
vn -0.2265 0.8099 0.5411
vn -0.0000 -0.9808 0.1951
vn 0.2265 -0.5411 0.8099
vn 0.1877 0.3722 0.9090
vn -0.0000 0.9808 -0.1951
vn 0.2265 0.8099 0.5411
vn 0.0000 0.9808 -0.1951
vn 0.1877 -0.9090 0.3722
vn 0.1877 0.0040 0.9822
vn 0.0000 -0.9808 0.1951
vn 0.1877 0.9822 -0.0040
vn 0.1877 -0.9822 0.0040
vn 0.0000 -0.9984 0.0574
vn 0.1877 -0.3722 -0.9090
vn 0.0000 -0.3987 -0.9171
vn 0.0000 -0.1951 -0.9808
vn 0.2265 -0.8099 -0.5411
vn 0.0000 -0.9808 -0.1951
vn 0.0000 -0.5556 -0.8315
vn 0.6887 -0.3565 -0.6313
vn 0.6887 -0.7197 -0.0878
vn 0.6887 -0.6313 0.3565
vn 0.6887 -0.0878 0.7197
vn 0.9641 -0.2207 -0.1475
vn 0.9641 -0.1475 0.2207
vn 0.1877 -0.0040 -0.9822
vn 0.0000 0.0150 -0.9999
vn 0.6887 0.0878 -0.7197
vn 0.9641 0.1475 -0.2207
vn 0.6887 0.3565 0.6313
vn 0.9641 0.2207 0.1475
vn 0.0000 0.9442 -0.3294
vn 0.1877 0.9090 -0.3722
vn 0.0000 0.8315 -0.5556
vn 0.2265 0.5411 -0.8099
vn 0.0000 0.1951 -0.9808
vn 0.6887 0.6313 -0.3565
vn 0.6887 0.7197 0.0878
vn -0.9641 -0.1877 -0.1877
vn -0.9106 -0.1686 -0.3772
vn -0.8365 -0.3875 -0.3875
vn -0.6887 -0.6887 -0.2265
vn -0.6887 -0.6887 0.2265
vn -0.9641 -0.1877 0.1877
vn -0.6887 -0.2265 0.6887
vn -0.9239 0.0000 -0.3827
vn -0.9641 0.1877 -0.1877
vn -0.6887 0.2265 0.6887
vn -0.4934 -0.7163 -0.4934
vn -0.3801 -0.9177 -0.1158
vn -0.3287 -0.9444 -0.0000
vn -0.1877 -0.9641 0.1877
vn 0.0000 -1.0000 0.0000
vn -0.2265 -0.6887 0.6887
vn -0.1877 -0.1877 0.9641
vn 0.0000 -1.0000 0.0000
vn 0.2265 -0.6887 0.6887
vn 0.1877 -0.9641 0.1877
vn 0.1877 -0.1877 0.9641
vn 0.1877 0.1877 0.9641
vn 0.1930 -0.9812 0.0000
vn 0.6887 -0.6887 0.2265
vn 0.6887 -0.2265 0.6887
vn 0.3827 -0.9239 0.0000
vn 0.9641 -0.1877 0.1877
vn 0.9239 -0.3827 0.0000
vn 0.9787 -0.2055 0.0000
vn 0.6887 0.2265 0.6887
vn 1.0000 0.0000 0.0000
vn -0.9106 0.1686 -0.3772
vn -0.9641 0.1877 0.1877
vn -0.8365 0.3875 -0.3875
vn -0.6887 0.6887 -0.2265
vn -0.6887 0.6887 0.2265
vn -0.1877 0.1877 0.9641
vn -0.4934 0.7163 -0.4934
vn -0.3801 0.9177 -0.1158
vn -0.3287 0.9444 -0.0000
vn -0.1877 0.9641 0.1877
vn 0.0000 1.0000 0.0000
vn -0.2265 0.6887 0.6887
vn 0.0000 1.0000 0.0000
vn 0.2265 0.6887 0.6887
vn 0.1930 0.9812 0.0000
vn 0.1877 0.9641 0.1877
vn 0.3827 0.9239 0.0000
vn 0.6887 0.6887 0.2265
vn 0.9641 0.1877 0.1877
vn 0.9787 0.2055 0.0000
vn 0.9239 0.3827 0.0000
vn -0.6887 -0.7197 0.0878
vn -0.9792 -0.1990 -0.0396
vn -0.9239 -0.3753 -0.0747
vn -0.9641 -0.2207 0.1475
vn -0.6887 -0.3565 0.6313
vn -0.3827 -0.9061 -0.1802
vn -0.1877 -0.9822 -0.0040
vn -0.1935 -0.9622 -0.1914
vn -0.2265 -0.8099 0.5411
vn -0.1877 -0.3722 0.9090
vn -1.0000 0.0000 0.0000
vn -0.6887 0.0878 0.7197
vn -0.9641 0.1475 0.2207
vn -0.9781 0.2041 0.0406
vn -0.9239 0.3753 0.0747
vn -0.6887 0.6313 0.3565
vn -0.1877 -0.0040 0.9822
vn -0.1925 0.9625 0.1914
vn -0.3827 0.9061 0.1802
vn -0.2265 0.5411 0.8099
vn -0.1877 0.9090 0.3722
vn -0.0000 -0.9808 -0.1951
vn 0.2265 -0.8099 0.5411
vn -0.0000 0.9808 0.1951
vn 0.1877 -0.0040 0.9822
vn 0.2265 0.5411 0.8099
vn 0.0000 0.9808 0.1951
vn 0.1877 -0.9822 -0.0040
vn 0.1877 -0.3722 0.9090
vn 0.0000 -0.9808 -0.1951
vn 0.1877 0.9090 0.3722
vn 0.1877 -0.9090 -0.3722
vn -0.0000 -0.9442 -0.3294
vn 0.2265 -0.5411 -0.8099
vn 0.0000 -0.8315 -0.5556
vn 0.0000 -0.1951 -0.9808
vn 0.0000 -0.0150 -0.9999
vn 0.1877 0.0040 -0.9822
vn 0.6887 -0.6313 -0.3565
vn 0.6887 -0.0878 -0.7197
vn 0.9641 -0.1475 -0.2207
vn 0.6887 -0.7197 0.0878
vn 0.6887 -0.3565 0.6313
vn 0.9641 -0.2207 0.1475
vn 0.0000 0.9984 0.0574
vn 0.0000 0.1951 -0.9808
vn 0.1877 0.3722 -0.9090
vn 0.9641 0.2207 -0.1475
vn 0.6887 0.3565 -0.6313
vn 0.6887 0.0878 0.7197
vn 0.9641 0.1475 0.2207
vn -0.0000 0.3987 -0.9171
vn 0.1877 0.9822 0.0040
vn 0.0000 0.9808 -0.1951
vn 0.2265 0.8099 -0.5411
vn 0.0000 0.5556 -0.8315
vn 0.6887 0.7197 -0.0878
vn 0.6887 0.6313 0.3565
vn -0.9641 -0.1016 -0.2452
vn -0.6887 -0.7230 -0.0543
vn -0.9641 -0.2452 0.1016
vn -0.8377 -0.2090 -0.5045
vn -0.6887 -0.5496 -0.4728
vn -0.9111 -0.0086 -0.4120
vn -0.9239 0.1464 -0.3536
vn -0.9641 0.2452 -0.1016
vn -0.6887 -0.4728 0.5496
vn -0.6887 -0.0543 0.7230
vn -0.9102 0.3029 -0.2826
vn -0.8353 0.5080 -0.2104
vn -0.6887 0.7230 0.0543
vn -0.9641 0.1016 0.2452
vn -0.6887 0.5496 0.4728
vn -0.1877 -0.9626 -0.1956
vn -0.3801 -0.8031 -0.4588
vn -0.3286 -0.8726 -0.3614
vn -0.0000 -0.9239 -0.3827
vn -0.4943 -0.4716 -0.7303
vn -0.2265 -0.8999 0.3727
vn -0.1877 -0.5424 0.8189
vn -0.4926 0.8513 -0.1806
vn -0.3801 0.8919 0.2449
vn -0.3288 0.8725 0.3614
vn -0.1877 -0.1956 0.9626
vn -0.1877 0.8189 0.5424
vn -0.0000 0.9239 0.3827
vn -0.2265 0.3727 0.8999
vn 0.0000 -0.9239 -0.3827
vn 0.0000 0.9239 0.3827
vn 0.2265 -0.8999 0.3727
vn 0.1877 -0.1956 0.9626
vn 0.2265 0.3727 0.8999
vn 0.1877 -0.9626 -0.1956
vn 0.1919 0.9067 0.3756
vn 0.1877 -0.5424 0.8189
vn 0.1877 0.8189 0.5424
vn 0.1940 -0.9063 -0.3754
vn 0.6887 -0.7230 -0.0543
vn 0.3827 -0.8536 -0.3536
vn 0.9641 -0.2452 0.1016
vn 0.9239 -0.3536 -0.1464
vn 0.9797 -0.1851 -0.0767
vn 0.6887 -0.4728 0.5496
vn 0.6887 -0.0543 0.7230
vn 0.9641 0.1016 0.2452
vn 0.3827 0.8536 0.3536
vn 0.6887 0.5496 0.4728
vn 1.0000 0.0000 0.0000
vn 0.9775 0.1947 0.0807
vn 0.9239 0.3536 0.1464
vn -0.1877 -0.9059 -0.3796
vn -0.3827 -0.7682 -0.5133
vn -0.1946 -0.8156 -0.5450
vn -0.9641 -0.2603 0.0518
vn -0.6887 -0.6985 -0.1943
vn -0.6887 -0.5710 0.4468
vn -0.9803 -0.1644 -0.1098
vn -0.9239 -0.3182 -0.2126
vn -0.6887 -0.1943 0.6985
vn -1.0000 0.0000 0.0000
vn -0.9641 0.0518 0.2603
vn -0.2265 -0.9553 0.1900
vn -0.1877 -0.6917 0.6974
vn -0.1877 -0.3796 0.9059
vn 0.0000 -0.8315 -0.5556
vn 0.2265 -0.9553 0.1900
vn 0.1877 -0.3796 0.9059
vn -0.9770 0.1774 0.1185
vn -0.6887 0.4468 0.5710
vn -0.9239 0.3182 0.2126
vn -0.2265 0.1900 0.9553
vn -0.1877 0.6974 0.6917
vn -0.1914 0.8161 0.5453
vn -0.3827 0.7682 0.5133
vn 0.0000 0.8315 0.5556
vn 0.2265 0.1900 0.9553
vn 0.0000 0.8315 0.5556
vn 0.1877 -0.9059 -0.3796
vn 0.0000 -0.8315 -0.5556
vn 0.1877 -0.6917 0.6974
vn 0.1877 -0.6974 -0.6917
vn 0.0000 -0.7460 -0.6660
vn 0.2265 -0.1900 -0.9553
vn 0.0000 -0.5556 -0.8315
vn 0.6887 -0.6985 -0.1943
vn 0.6887 -0.4468 -0.5710
vn 0.0000 0.1951 -0.9808
vn 0.0000 0.3710 -0.9286
vn 0.1877 0.3796 -0.9059
vn 0.6887 0.1943 -0.6985
vn 0.1877 0.6917 -0.6974
vn 0.9641 -0.2603 0.0518
vn 0.9641 -0.0518 -0.2603
vn 0.9641 0.2603 -0.0518
vn 0.6887 -0.5710 0.4468
vn 0.6887 -0.1943 0.6985
vn 0.9641 0.0518 0.2603
vn 0.1877 0.6974 0.6917
vn 0.0000 0.5556 -0.8315
vn 0.6887 0.5710 -0.4468
vn 0.0000 0.9003 0.4353
vn 0.6887 0.4468 0.5710
vn 0.1877 0.9059 0.3796
vn 0.0000 0.7210 -0.6930
vn 0.2265 0.9553 -0.1900
vn 0.0000 0.8315 -0.5556
vn 0.0000 0.9808 0.1951
vn 0.6887 0.6985 0.1943
vn -0.9641 -0.2654 -0.0000
vn -0.6887 -0.6472 -0.3268
vn -0.6887 -0.6472 0.3268
vn -0.2265 -0.9740 -0.0000
vn -0.1877 -0.8145 -0.5490
vn -0.1877 -0.8145 0.5490
vn -0.9641 0.0000 -0.2654
vn -0.6887 -0.3268 -0.6472
vn -0.9239 0.2706 -0.2706
vn -0.9097 0.1429 -0.3900
vn -0.8341 0.0000 -0.5516
vn -0.9239 0.2706 -0.2706
vn -0.6887 -0.3268 0.6472
vn -0.9641 0.2654 -0.0000
vn -0.9641 -0.0000 0.2654
vn -0.9097 0.3900 -0.1429
vn -0.8341 0.5516 -0.0000
vn -0.6887 0.6472 0.3268
vn -0.6887 0.3268 0.6472
vn -0.3291 -0.6677 -0.6677
vn -0.3802 -0.5681 -0.7299
vn -0.4918 -0.1602 -0.8558
vn 0.0000 -0.7071 -0.7071
vn -0.1877 -0.5490 0.8145
vn -0.1877 0.5490 0.8145
vn -0.4918 0.8558 0.1602
vn -0.3802 0.7299 0.5681
vn -0.3291 0.6677 0.6677
vn -0.0000 0.7071 0.7071
vn -0.2265 0.0000 0.9740
vn 0.2265 -0.9740 -0.0000
vn 0.0000 0.7071 0.7071
vn 0.1877 -0.8145 -0.5490
vn 0.1877 -0.5490 0.8145
vn 0.2265 0.0000 0.9740
vn 0.1877 -0.8145 0.5490
vn 0.0000 -0.7071 -0.7071
vn 0.1877 0.5490 0.8145
vn 0.1908 -0.6941 -0.6941
vn 0.6887 -0.6472 -0.3268
vn 0.6887 -0.6472 0.3268
vn 0.9641 -0.2654 -0.0000
vn 0.1908 0.6941 0.6941
vn 0.3827 -0.6533 -0.6533
vn 0.9239 -0.2706 -0.2706
vn 0.9239 -0.2706 -0.2706
vn 0.9808 -0.1379 -0.1379
vn 0.6887 -0.3268 0.6472
vn 0.9641 -0.0000 0.2654
vn 0.6887 0.3268 0.6472
vn 0.9239 0.2706 0.2706
vn 0.9808 0.1379 0.1379
vn 0.3827 0.6533 0.6533
vn 0.9239 0.2706 0.2706
vn -0.9641 -0.2603 -0.0518
vn -0.6887 -0.5710 -0.4468
vn -0.6887 -0.6985 0.1943
vn -0.9770 -0.1185 -0.1774
vn -0.9239 -0.2126 -0.3182
vn -1.0000 0.0000 0.0000
vn -0.3827 -0.5133 -0.7682
vn -0.1877 -0.6917 -0.6974
vn -0.1914 -0.5453 -0.8161
vn -0.2265 -0.9553 -0.1900
vn -0.1877 -0.9059 0.3796
vn 0.0000 -0.5556 -0.8315
vn 0.2265 -0.9553 -0.1900
vn -0.6887 -0.4468 0.5710
vn -0.9803 0.1098 0.1644
vn -0.9641 -0.0518 0.2603
vn -0.6887 0.1943 0.6985
vn -0.9239 0.2126 0.3182
vn -0.1877 -0.6974 0.6917
vn -0.2265 -0.1900 0.9553
vn -0.1877 0.3796 0.9059
vn -0.1946 0.5450 0.8156
vn -0.3827 0.5133 0.7682
vn 0.1877 -0.6974 0.6917
vn 0.2265 -0.1900 0.9553
vn 0.0000 0.5556 0.8315
vn -0.0000 0.5556 0.8315
vn 0.1877 -0.6917 -0.6974
vn 0.1877 -0.9059 0.3796
vn 0.0000 -0.5556 -0.8315
vn 0.1877 -0.3796 -0.9059
vn -0.0000 -0.4353 -0.9003
vn 0.6887 -0.5710 -0.4468
vn 0.6887 -0.6985 0.1943
vn 0.2265 0.1900 -0.9553
vn 0.0000 -0.1951 -0.9808
vn 0.0000 0.5556 -0.8315
vn 0.0000 0.6930 -0.7210
vn 0.1877 0.6974 -0.6917
vn -0.0000 0.8315 -0.5556
vn 0.6887 -0.1943 -0.6985
vn 0.6887 0.4468 -0.5710
vn 0.9641 -0.2603 -0.0518
vn 0.9641 0.0518 -0.2603
vn 0.9641 0.2603 0.0518
vn 0.1877 0.9059 -0.3796
vn 0.1877 0.3796 0.9059
vn 0.6887 -0.4468 0.5710
vn 0.6887 0.1943 0.6985
vn 0.9641 -0.0518 0.2603
vn -0.0000 0.6660 0.7460
vn -0.0000 0.9286 -0.3710
vn 0.1877 0.6917 0.6974
vn 0.0000 0.8315 0.5556
vn 0.6887 0.5710 0.4468
vn 0.2265 0.9553 0.1900
vn 0.0000 0.9808 -0.1951
vn 0.6887 0.6985 -0.1943
vn -0.9641 -0.2452 -0.1016
vn -0.6887 -0.4728 -0.5496
vn -0.6887 -0.7230 0.0543
vn -0.9641 0.1016 -0.2452
vn -0.6887 -0.0543 -0.7230
vn -0.6887 -0.5496 0.4728
vn -0.9641 -0.1016 0.2452
vn -0.6887 0.0543 0.7230
vn -0.8353 0.2104 -0.5080
vn -0.9239 0.3536 -0.1464
vn -0.9102 0.2826 -0.3029
vn -0.9641 0.2452 0.1016
vn -0.9111 0.4120 0.0086
vn -0.6887 0.4728 0.5496
vn -0.8377 0.5045 0.2090
vn -0.2265 -0.8999 -0.3727
vn -0.1877 -0.5424 -0.8189
vn -0.1877 -0.9626 0.1956
vn -0.3288 -0.3614 -0.8725
vn -0.3801 -0.2449 -0.8919
vn -0.0000 -0.3827 -0.9239
vn -0.1877 -0.8189 0.5424
vn -0.2265 -0.3727 0.8999
vn -0.1877 0.1956 0.9626
vn -0.4926 0.1806 -0.8513
vn -0.3286 0.3614 0.8726
vn 0.0000 0.3827 0.9239
vn -0.4943 0.7303 0.4716
vn -0.3801 0.4588 0.8031
vn 0.0000 -0.3827 -0.9239
vn -0.0000 0.3827 0.9239
vn 0.2265 -0.8999 -0.3727
vn 0.1877 -0.8189 0.5424
vn 0.2265 -0.3727 0.8999
vn 0.1877 -0.5424 -0.8189
vn 0.1940 0.3754 0.9063
vn 0.1877 -0.9626 0.1956
vn 0.1877 0.1956 0.9626
vn 0.1919 -0.3756 -0.9067
vn 0.6887 -0.4728 -0.5496
vn 0.6887 -0.7230 0.0543
vn 0.9641 -0.2452 -0.1016
vn 0.3827 -0.3536 -0.8536
vn 0.9239 -0.1464 -0.3536
vn 0.9775 -0.0807 -0.1947
vn 1.0000 0.0000 0.0000
vn 0.6887 -0.5496 0.4728
vn 0.9641 -0.1016 0.2452
vn 0.6887 0.0543 0.7230
vn 0.3827 0.3536 0.8536
vn 0.9797 0.0767 0.1851
vn 0.9239 0.1464 0.3536
vn -0.9641 -0.2207 -0.1475
vn -0.6887 -0.3565 -0.6313
vn -0.6887 -0.7197 -0.0878
vn -0.9781 -0.0406 -0.2041
vn -0.9239 -0.0747 -0.3753
vn -0.6887 -0.6313 0.3565
vn -1.0000 0.0000 0.0000
vn -0.9792 0.0396 0.1990
vn -0.9641 -0.1475 0.2207
vn -0.2265 -0.8099 -0.5411
vn -0.3827 -0.1802 -0.9061
vn -0.1877 -0.3722 -0.9090
vn -0.1877 -0.9822 0.0040
vn -0.1925 -0.1914 -0.9625
vn -0.1877 -0.9090 0.3722
vn -0.6887 -0.0878 0.7197
vn -0.9239 0.0747 0.3753
vn -0.2265 -0.5411 0.8099
vn -0.1877 0.0040 0.9822
vn -0.1935 0.1914 0.9622
vn -0.3827 0.1802 0.9061
vn -0.0000 -0.1951 -0.9808
vn 0.2265 -0.8099 -0.5411
vn 0.1877 -0.9090 0.3722
vn -0.0000 0.1951 0.9808
vn 0.2265 -0.5411 0.8099
vn 0.0000 0.1951 0.9808
vn 0.1877 -0.3722 -0.9090
vn 0.1877 -0.9822 0.0040
vn -0.0000 -0.1951 -0.9808
vn 0.1877 0.0040 0.9822
vn 0.1877 -0.0040 -0.9822
vn 0.0000 -0.0574 -0.9984
vn 0.6887 -0.3565 -0.6313
vn 0.6887 -0.7197 -0.0878
vn 0.2265 0.5411 -0.8099
vn 0.0000 0.1951 -0.9808
vn 0.1877 0.9090 -0.3722
vn 0.0000 0.8315 -0.5556
vn 0.0000 0.9171 -0.3987
vn 0.6887 0.0878 -0.7197
vn 0.6887 0.6313 -0.3565
vn 0.9641 -0.2207 -0.1475
vn 0.9641 0.1475 -0.2207
vn 0.6887 -0.6313 0.3565
vn 0.9641 -0.1475 0.2207
vn 0.9641 0.2207 0.1475
vn 0.0000 0.9808 -0.1951
vn 0.1877 0.9822 -0.0040
vn 0.0000 0.9999 0.0150
vn 0.6887 0.7197 0.0878
vn 0.0000 0.3294 0.9442
vn 0.6887 -0.0878 0.7197
vn 0.1877 0.3722 0.9090
vn 0.6887 0.3565 0.6313
vn 0.0000 0.5556 0.8315
vn 0.2265 0.8099 0.5411
vn 0.0000 0.9808 0.1951
vn -0.9641 -0.1877 -0.1877
vn -0.6887 -0.2265 -0.6887
vn -0.6887 -0.6887 -0.2265
vn -0.9641 0.1877 -0.1877
vn -0.6887 -0.6887 0.2265
vn -0.6887 0.2265 -0.6887
vn -0.8365 0.3875 -0.3875
vn -0.9106 0.3772 -0.1686
vn -0.9641 0.1877 0.1877
vn -0.9239 0.3827 0.0000
vn -0.2265 -0.6887 -0.6887
vn -0.1877 -0.9641 -0.1877
vn -0.1877 -0.1877 -0.9641
vn -0.3287 -0.0000 -0.9444
vn -0.3801 0.1158 -0.9177
vn -0.4934 0.4934 -0.7163
vn 0.0000 0.0000 -1.0000
vn 0.0000 0.0000 -1.0000
vn 0.2265 -0.6887 -0.6887
vn 0.1877 -0.1877 -0.9641
vn 0.1877 -0.9641 -0.1877
vn 0.1877 -0.9641 0.1877
vn 0.1930 0.0000 -0.9812
vn 0.6887 -0.6887 -0.2265
vn 0.6887 -0.2265 -0.6887
vn 0.9641 -0.1877 -0.1877
vn 0.9239 -0.0000 -0.3827
vn 0.3827 0.0000 -0.9239
vn 0.9787 0.0000 -0.2055
vn 0.6887 -0.6887 0.2265
vn 1.0000 0.0000 0.0000
vn -0.9641 -0.1877 0.1877
vn -0.6887 -0.2265 0.6887
vn -0.9106 0.3772 0.1686
vn -0.6887 0.2265 0.6887
vn -0.8365 0.3875 0.3875
vn -0.1877 -0.9641 0.1877
vn -0.2265 -0.6887 0.6887
vn -0.1877 -0.1877 0.9641
vn -0.3287 -0.0000 0.9444
vn -0.4934 0.4934 0.7163
vn -0.3801 0.1158 0.9177
vn 0.0000 0.0000 1.0000
vn 0.0000 0.0000 1.0000
vn 0.2265 -0.6887 0.6887
vn 0.1930 0.0000 0.9812
vn 0.1877 -0.1877 0.9641
vn 0.6887 -0.2265 0.6887
vn 0.3827 -0.0000 0.9239
vn 0.9641 -0.1877 0.1877
vn 0.9787 -0.0000 0.2055
vn 0.9239 0.0000 0.3827
vn -0.9641 -0.1475 -0.2207
vn -0.6887 -0.0878 -0.7197
vn -0.6887 -0.6313 -0.3565
vn -0.9792 0.0396 -0.1990
vn -0.9239 0.0747 -0.3753
vn -0.2265 -0.5411 -0.8099
vn -0.1877 -0.9090 -0.3722
vn -0.1877 0.0040 -0.9822
vn -0.3827 0.1802 -0.9061
vn -0.1935 0.1914 -0.9622
vn -0.6887 -0.7197 0.0878
vn -0.9641 -0.2207 0.1475
vn -1.0000 0.0000 0.0000
vn -0.9781 -0.0406 0.2041
vn -0.6887 -0.3565 0.6313
vn -0.9239 -0.0747 0.3753
vn -0.1877 -0.9822 -0.0040
vn -0.2265 -0.8099 0.5411
vn -0.1877 -0.3722 0.9090
vn -0.1925 -0.1914 0.9625
vn -0.3827 -0.1802 0.9061
vn 0.0000 0.1951 -0.9808
vn 0.2265 -0.5411 -0.8099
vn -0.0000 -0.1951 0.9808
vn 0.1877 -0.9822 -0.0040
vn 0.2265 -0.8099 0.5411
vn -0.0000 -0.1951 0.9808
vn 0.1877 0.0040 -0.9822
vn 0.1877 -0.9090 -0.3722
vn -0.0000 0.1951 -0.9808
vn 0.1877 -0.3722 0.9090
vn 0.1877 0.3722 -0.9090
vn 0.0000 0.3294 -0.9442
vn 0.6887 -0.6313 -0.3565
vn 0.6887 -0.0878 -0.7197
vn 0.9641 -0.1475 -0.2207
vn 0.6887 0.3565 -0.6313
vn 0.9641 0.2207 -0.1475
vn 0.2265 0.8099 -0.5411
vn 0.0000 0.5556 -0.8315
vn 0.0000 0.9808 -0.1951
vn 0.0000 0.9999 -0.0150
vn 0.1877 0.9822 0.0040
vn 0.6887 0.7197 -0.0878
vn 0.0000 -0.0574 0.9984
vn 0.6887 -0.7197 0.0878
vn 0.9641 -0.2207 0.1475
vn 0.9641 0.1475 0.2207
vn 0.6887 -0.3565 0.6313
vn 0.1877 -0.0040 0.9822
vn 0.0000 0.1951 0.9808
vn 0.2265 0.5411 0.8099
vn 0.0000 0.9171 0.3987
vn 0.0000 0.8315 0.5556
vn 0.1877 0.9090 0.3722
vn 0.6887 0.0878 0.7197
vn 0.6887 0.6313 0.3565
vn 0.0000 0.9808 0.1951
vn -0.9641 -0.1016 -0.2452
vn -0.6887 0.0543 -0.7230
vn -0.6887 -0.5496 -0.4728
vn -0.6887 -0.7230 -0.0543
vn -0.9641 -0.2452 0.1016
vn -0.6887 -0.4728 0.5496
vn -0.9641 0.1016 0.2452
vn -0.6887 -0.0543 0.7230
vn -0.9641 0.2452 -0.1016
vn -0.6887 0.4728 -0.5496
vn -0.8377 0.5045 -0.2090
vn -0.9111 0.4120 -0.0086
vn -0.9239 0.3536 0.1464
vn -0.9102 0.2826 0.3029
vn -0.8353 0.2104 0.5080
vn -0.2265 -0.3727 -0.8999
vn -0.1877 -0.8189 -0.5424
vn -0.1877 0.1956 -0.9626
vn -0.2265 -0.8999 0.3727
vn -0.1877 -0.9626 -0.1956
vn -0.1877 -0.5424 0.8189
vn -0.3288 -0.3614 0.8725
vn -0.0000 -0.3827 0.9239
vn -0.3801 0.4588 -0.8031
vn -0.3286 0.3614 -0.8726
vn 0.0000 0.3827 -0.9239
vn -0.4943 0.7303 -0.4716
vn -0.4926 0.1806 0.8513
vn -0.3801 -0.2449 0.8919
vn -0.0000 -0.3827 0.9239
vn 0.0000 0.3827 -0.9239
vn 0.2265 -0.3727 -0.8999
vn 0.2265 -0.8999 0.3727
vn 0.1877 -0.9626 -0.1956
vn 0.1919 -0.3756 0.9067
vn 0.1877 0.1956 -0.9626
vn 0.1877 -0.8189 -0.5424
vn 0.1877 -0.5424 0.8189
vn 0.1940 0.3754 -0.9063
vn 0.6887 -0.5496 -0.4728
vn 0.6887 0.0543 -0.7230
vn 0.9641 -0.1016 -0.2452
vn 0.6887 -0.7230 -0.0543
vn 0.9797 0.0767 -0.1851
vn 0.9641 -0.2452 0.1016
vn 0.6887 -0.4728 0.5496
vn 0.3827 -0.3536 0.8536
vn 1.0000 0.0000 0.0000
vn 0.9775 -0.0807 0.1947
vn 0.9239 -0.1464 0.3536
vn 0.3827 0.3536 -0.8536
vn 0.9239 0.1464 -0.3536
vn -0.9641 -0.0518 -0.2603
vn -0.9641 -0.2603 0.0518
vn -1.0000 0.0000 0.0000
vn -0.6887 -0.6985 -0.1943
vn -0.6887 -0.4468 -0.5710
vn -0.6887 0.1943 -0.6985
vn -0.9803 0.1098 -0.1644
vn -0.9239 0.2126 -0.3182
vn -0.1877 -0.6974 -0.6917
vn -0.1877 -0.9059 -0.3796
vn -0.2265 -0.1900 -0.9553
vn -0.3827 0.5133 -0.7682
vn -0.1877 0.3796 -0.9059
vn -0.1946 0.5450 -0.8156
vn 0.2265 -0.1900 -0.9553
vn 0.1877 -0.9059 -0.3796
vn 0.0000 0.5556 -0.8315
vn -0.6887 -0.5710 0.4468
vn -0.9239 -0.2126 0.3182
vn -0.9770 -0.1185 0.1774
vn -0.2265 -0.9553 0.1900
vn -0.1877 -0.6917 0.6974
vn -0.1914 -0.5453 0.8161
vn -0.3827 -0.5133 0.7682
vn -0.0000 -0.5556 0.8315
vn 0.2265 -0.9553 0.1900
vn 0.0000 -0.5556 0.8315
vn 0.1877 0.3796 -0.9059
vn 0.1877 -0.6974 -0.6917
vn 0.0000 0.5556 -0.8315
vn 0.6887 -0.6985 -0.1943
vn 0.6887 -0.4468 -0.5710
vn 0.6887 0.1943 -0.6985
vn 0.9641 -0.0518 -0.2603
vn 0.9641 -0.2603 0.0518
vn 0.9641 0.2603 -0.0518
vn 0.1877 0.6917 -0.6974
vn 0.0000 0.6660 -0.7460
vn 0.2265 0.9553 -0.1900
vn 0.6887 0.5710 -0.4468
vn 0.1877 0.9059 0.3796
vn -0.0000 0.9286 0.3710
vn 0.1877 0.6974 0.6917
vn 0.6887 0.6985 0.1943
vn 0.0000 0.8315 -0.5556
vn 0.0000 0.9808 0.1951
vn 0.9641 0.0518 0.2603
vn 0.1877 -0.6917 0.6974
vn 0.0000 -0.4353 0.9003
vn 0.6887 -0.5710 0.4468
vn 0.1877 -0.3796 0.9059
vn 0.0000 -0.1951 0.9808
vn -0.0000 0.8315 0.5556
vn 0.0000 0.6930 0.7210
vn 0.2265 0.1900 0.9553
vn 0.0000 0.5556 0.8315
vn 0.6887 -0.1943 0.6985
vn 0.6887 0.4468 0.5710
vn -0.9641 -0.2654 -0.0000
vn -0.6887 -0.6472 -0.3268
vn -0.6887 -0.6472 0.3268
vn -0.2265 -0.9740 0.0000
vn -0.1877 -0.8145 -0.5490
vn -0.1877 -0.8145 0.5490
vn -0.9641 -0.0000 -0.2654
vn -0.6887 0.3268 -0.6472
vn -0.6887 -0.3268 -0.6472
vn -0.2265 0.0000 -0.9740
vn -0.1877 -0.5490 -0.8145
vn -0.1877 0.5490 -0.8145
vn -0.9641 0.0000 0.2654
vn -0.9641 0.2654 0.0000
vn -0.6887 -0.3268 0.6472
vn -0.9097 0.1429 0.3900
vn -0.9239 0.2706 0.2706
vn -0.8341 -0.0000 0.5516
vn -0.6887 0.6472 -0.3268
vn -0.9239 0.2706 0.2706
vn -0.9097 0.3900 0.1429
vn -0.8341 0.5516 0.0000
vn -0.3291 -0.6677 0.6677
vn -0.4918 -0.1602 0.8558
vn -0.3802 -0.5681 0.7299
vn 0.0000 -0.7071 0.7071
vn -0.3291 0.6677 -0.6677
vn -0.3802 0.7299 -0.5681
vn -0.4918 0.8558 -0.1602
vn 0.0000 0.7071 -0.7071
vn 0.2265 -0.9740 0.0000
vn 0.2265 0.0000 -0.9740
vn 0.0000 -0.7071 0.7071
vn 0.1877 -0.8145 -0.5490
vn 0.1877 0.5490 -0.8145
vn 0.1877 -0.8145 0.5490
vn 0.1877 -0.5490 -0.8145
vn 0.0000 0.7071 -0.7071
vn 0.6887 -0.6472 -0.3268
vn 0.6887 -0.6472 0.3268
vn 0.3827 -0.6533 0.6533
vn 0.9641 -0.2654 -0.0000
vn 0.6887 -0.3268 -0.6472
vn 0.6887 0.3268 -0.6472
vn 0.9641 -0.0000 -0.2654
vn 0.1908 0.6941 -0.6941
vn 0.1908 -0.6941 0.6941
vn 0.9239 -0.2706 0.2706
vn 0.9808 0.1379 -0.1379
vn 0.9808 -0.1379 0.1379
vn 0.9239 0.2706 -0.2706
vn 0.9239 -0.2706 0.2706
vn 0.3827 0.6533 -0.6533
vn 0.9239 0.2706 -0.2706
vn -0.6887 -0.5710 -0.4468
vn -0.6887 -0.6985 0.1943
vn -0.9641 -0.2603 -0.0518
vn -0.9239 -0.3182 0.2126
vn -0.9803 -0.1644 0.1098
vn -0.9641 0.0518 -0.2603
vn -0.6887 -0.1943 -0.6985
vn -1.0000 0.0000 0.0000
vn -0.1877 -0.3796 -0.9059
vn -0.1877 -0.6917 -0.6974
vn -0.2265 -0.9553 -0.1900
vn -0.1877 -0.9059 0.3796
vn -0.1946 -0.8156 0.5450
vn -0.3827 -0.7682 0.5133
vn 0.2265 -0.9553 -0.1900
vn 0.1877 -0.6917 -0.6974
vn 0.0000 -0.8315 0.5556
vn 0.0000 -0.8315 0.5556
vn -0.6887 0.4468 -0.5710
vn -0.9770 0.1774 -0.1185
vn -0.9239 0.3182 -0.2126
vn -0.2265 0.1900 -0.9553
vn -0.1877 0.6974 -0.6917
vn -0.3827 0.7682 -0.5133
vn -0.1914 0.8161 -0.5453
vn 0.0000 0.8315 -0.5556
vn 0.2265 0.1900 -0.9553
vn 0.1877 -0.9059 0.3796
vn 0.1877 -0.3796 -0.9059
vn 0.6887 -0.5710 -0.4468
vn 0.6887 -0.6985 0.1943
vn 0.9641 -0.2603 -0.0518
vn 0.9641 0.0518 -0.2603
vn 0.6887 -0.1943 -0.6985
vn 0.9641 0.2603 0.0518
vn 0.9641 -0.0518 0.2603
vn 0.0000 -0.7460 0.6660
vn 0.1877 -0.6974 0.6917
vn 0.0000 -0.5556 0.8315
vn 0.6887 -0.4468 0.5710
vn 0.2265 -0.1900 0.9553
vn 0.1877 0.3796 0.9059
vn 0.0000 0.5556 0.8315
vn -0.0000 0.3710 0.9286
vn 0.0000 0.1951 0.9808
vn 0.6887 0.1943 0.6985
vn 0.6887 0.5710 0.4468
vn 0.1877 0.6974 -0.6917
vn -0.0000 0.8315 -0.5556
vn 0.1877 0.9059 -0.3796
vn -0.0000 0.9003 -0.4353
vn 0.6887 0.4468 -0.5710
vn 0.2265 0.9553 0.1900
vn 0.0000 0.9808 -0.1951
vn 0.1877 0.6917 0.6974
vn 0.0000 0.7210 0.6930
vn 0.0000 0.8315 0.5556
vn 0.6887 0.6985 -0.1943
vn -0.9641 -0.2452 -0.1016
vn -0.6887 -0.4728 -0.5496
vn -0.6887 -0.7230 0.0543
vn -0.9641 0.1016 -0.2452
vn -0.9641 -0.1016 0.2452
vn -0.6887 -0.5496 0.4728
vn -0.8377 -0.2090 0.5045
vn -0.9111 -0.0086 0.4120
vn -0.6887 -0.0543 -0.7230
vn -0.6887 0.5496 -0.4728
vn -0.9641 0.2452 0.1016
vn -0.6887 0.7230 -0.0543
vn -0.9239 0.1464 0.3536
vn -0.9102 0.3029 0.2826
vn -0.8353 0.5080 0.2104
vn -0.2265 -0.8999 -0.3727
vn -0.1877 -0.5424 -0.8189
vn -0.1877 -0.9626 0.1956
vn -0.1877 -0.1956 -0.9626
vn 0.0000 -0.9239 0.3827
vn -0.3286 -0.8726 0.3614
vn -0.4943 -0.4716 0.7303
vn -0.3801 -0.8031 0.4588
vn -0.2265 0.3727 -0.8999
vn -0.1877 0.8189 -0.5424
vn -0.3288 0.8725 -0.3614
vn -0.3801 0.8919 -0.2449
vn -0.0000 0.9239 -0.3827
vn -0.4926 0.8513 0.1806
vn 0.0000 -0.9239 0.3827
vn -0.0000 0.9239 -0.3827
vn 0.2265 -0.8999 -0.3727
vn 0.1877 -0.5424 -0.8189
vn 0.2265 0.3727 -0.8999
vn 0.1940 -0.9063 0.3754
vn 0.1877 0.8189 -0.5424
vn 0.1877 -0.9626 0.1956
vn 0.1877 -0.1956 -0.9626
vn 0.1919 0.9067 -0.3756
vn 0.6887 -0.4728 -0.5496
vn 0.6887 -0.7230 0.0543
vn 0.9641 -0.2452 -0.1016
vn 0.6887 -0.0543 -0.7230
vn 0.9641 0.1016 -0.2452
vn 0.3827 -0.8536 0.3536
vn 0.9797 -0.1851 0.0767
vn 0.9239 -0.3536 0.1464
vn 1.0000 0.0000 0.0000
vn 0.6887 0.5496 -0.4728
vn 0.3827 0.8536 -0.3536
vn 0.9239 0.3536 -0.1464
vn 0.9775 0.1947 -0.0807
vn -0.9641 -0.2207 -0.1475
vn -0.6887 -0.3565 -0.6313
vn -0.6887 -0.7197 -0.0878
vn -0.9239 -0.3753 0.0747
vn -0.9792 -0.1990 0.0396
vn -0.2265 -0.8099 -0.5411
vn -0.1877 -0.3722 -0.9090
vn -0.1877 -0.9822 0.0040
vn -0.1935 -0.9622 0.1914
vn -0.3827 -0.9061 0.1802
vn -0.9641 0.1475 -0.2207
vn -0.6887 0.0878 -0.7197
vn -1.0000 0.0000 0.0000
vn -0.9781 0.2041 -0.0406
vn -0.6887 0.6313 -0.3565
vn -0.9239 0.3753 -0.0747
vn -0.1877 -0.0040 -0.9822
vn -0.2265 0.5411 -0.8099
vn -0.3827 0.9061 -0.1802
vn -0.1877 0.9090 -0.3722
vn -0.1925 0.9625 -0.1914
vn -0.0000 -0.9808 0.1951
vn 0.2265 -0.8099 -0.5411
vn 0.0000 -0.9808 0.1951
vn -0.0000 0.9808 -0.1951
vn 0.1877 -0.3722 -0.9090
vn 0.2265 0.5411 -0.8099
vn 0.1877 -0.9822 0.0040
vn 0.1877 0.9090 -0.3722
vn 0.1877 -0.0040 -0.9822
vn -0.0000 0.9808 -0.1951
vn 0.0000 -0.9442 0.3294
vn 0.6887 -0.3565 -0.6313
vn 0.6887 -0.7197 -0.0878
vn 0.1877 -0.9090 0.3722
vn 0.9641 -0.2207 -0.1475
vn 0.6887 -0.6313 0.3565
vn 0.9641 -0.1475 0.2207
vn 0.0000 -0.8315 0.5556
vn 0.2265 -0.5411 0.8099
vn 0.0000 -0.0150 0.9999
vn 0.0000 -0.1951 0.9808
vn 0.1877 0.0040 0.9822
vn 0.6887 -0.0878 0.7197
vn 0.1877 0.9822 -0.0040
vn 0.0000 0.9984 -0.0574
vn 0.9641 0.1475 -0.2207
vn 0.9641 0.2207 0.1475
vn 0.6887 0.0878 -0.7197
vn 0.6887 0.3565 0.6313
vn 0.0000 0.1951 0.9808
vn 0.1877 0.3722 0.9090
vn 0.6887 0.6313 -0.3565
vn 0.2265 0.8099 0.5411
vn 0.0000 0.9808 0.1951
vn -0.0000 0.5556 0.8315
vn 0.0000 0.3987 0.9171
vn 0.6887 0.7197 0.0878
vn -0.9641 -0.1877 -0.1877
vn -0.6887 -0.2265 -0.6887
vn -0.6887 -0.6887 -0.2265
vn -0.9641 -0.1877 0.1877
vn -0.6887 -0.6887 0.2265
vn -0.8365 -0.3875 0.3875
vn -0.9106 -0.1686 0.3772
vn -0.9641 0.1877 -0.1877
vn -0.9239 0.0000 0.3827
vn -0.2265 -0.6887 -0.6887
vn -0.1877 -0.9641 -0.1877
vn -0.1877 -0.1877 -0.9641
vn -0.3287 -0.9444 -0.0000
vn -0.4934 -0.7163 0.4934
vn -0.3801 -0.9177 0.1158
vn 0.0000 -1.0000 0.0000
vn -0.1877 0.1877 -0.9641
vn 0.0000 -1.0000 0.0000
vn 0.2265 -0.6887 -0.6887
vn 0.1877 -0.1877 -0.9641
vn 0.1930 -0.9812 0.0000
vn 0.1877 -0.9641 -0.1877
vn 0.6887 -0.6887 -0.2265
vn 0.6887 -0.2265 -0.6887
vn 0.3827 -0.9239 -0.0000
vn 0.9641 -0.1877 -0.1877
vn 0.9787 -0.2055 -0.0000
vn 0.9239 -0.3827 0.0000
vn 0.6887 0.2265 -0.6887
vn 0.9641 0.1877 -0.1877
vn 1.0000 0.0000 0.0000
vn -0.6887 0.2265 -0.6887
vn -0.9641 0.1877 0.1877
vn -0.9106 0.1686 0.3772
vn -0.6887 0.6887 -0.2265
vn -0.6887 0.6887 0.2265
vn -0.8365 0.3875 0.3875
vn -0.2265 0.6887 -0.6887
vn -0.1877 0.9641 -0.1877
vn -0.3287 0.9444 -0.0000
vn -0.3801 0.9177 0.1158
vn -0.4934 0.7163 0.4934
vn 0.0000 1.0000 0.0000
vn 0.0000 1.0000 0.0000
vn 0.2265 0.6887 -0.6887
vn 0.1877 0.9641 -0.1877
vn 0.1877 0.1877 -0.9641
vn 0.1930 0.9812 0.0000
vn 0.6887 0.6887 -0.2265
vn 0.9787 0.2055 0.0000
vn 0.9239 0.3827 -0.0000
vn 0.3827 0.9239 0.0000
vn -0.9641 -0.1475 -0.2207
vn -0.6887 -0.6313 -0.3565
vn -0.9239 -0.3753 -0.0747
vn -0.6887 -0.0878 -0.7197
vn -0.9781 -0.2041 -0.0406
vn -1.0000 0.0000 0.0000
vn -0.9641 0.2207 -0.1475
vn -0.6887 0.3565 -0.6313
vn -0.9792 0.1990 0.0396
vn -0.2265 -0.5411 -0.8099
vn -0.1877 -0.9090 -0.3722
vn -0.1925 -0.9625 -0.1914
vn -0.1877 0.0040 -0.9822
vn -0.3827 -0.9061 -0.1802
vn -0.1877 0.3722 -0.9090
vn -0.6887 0.7197 -0.0878
vn -0.9239 0.3753 0.0747
vn -0.2265 0.8099 -0.5411
vn -0.1877 0.9822 0.0040
vn -0.3827 0.9061 0.1802
vn -0.1935 0.9622 0.1914
vn -0.0000 -0.9808 -0.1951
vn 0.2265 -0.5411 -0.8099
vn -0.0000 -0.9808 -0.1951
vn 0.1877 0.0040 -0.9822
vn -0.0000 0.9808 0.1951
vn 0.2265 0.8099 -0.5411
vn 0.1877 -0.9090 -0.3722
vn 0.1877 0.3722 -0.9090
vn 0.1877 0.9822 0.0040
vn 0.0000 0.9808 0.1951
vn 0.0000 -0.9984 -0.0574
vn 0.6887 -0.6313 -0.3565
vn 0.6887 -0.0878 -0.7197
vn 0.1877 -0.9822 -0.0040
vn 0.0000 -0.9808 0.1951
vn 0.2265 -0.8099 0.5411
vn 0.0000 -0.3987 0.9171
vn 0.0000 -0.5556 0.8315
vn 0.1877 -0.3722 0.9090
vn 0.6887 -0.7197 0.0878
vn 0.6887 -0.3565 0.6313
vn 0.9641 -0.1475 -0.2207
vn 0.9641 -0.2207 0.1475
vn 0.0000 -0.1951 0.9808
vn 0.9641 0.2207 -0.1475
vn 0.9641 0.1475 0.2207
vn 0.6887 0.3565 -0.6313
vn 0.1877 -0.0040 0.9822
vn 0.0000 0.0150 0.9999
vn 0.6887 0.0878 0.7197
vn 0.1877 0.9090 0.3722
vn 0.0000 0.9442 0.3294
vn 0.6887 0.7197 -0.0878
vn 0.6887 0.6313 0.3565
vn 0.2265 0.5411 0.8099
vn 0.0000 0.8315 0.5556
vn 0.0000 0.1951 0.9808
vn -0.9641 -0.1016 -0.2452
vn -0.6887 0.0543 -0.7230
vn -0.6887 -0.5496 -0.4728
vn -0.6887 -0.7230 -0.0543
vn -0.9641 -0.2452 0.1016
vn -0.9641 0.2452 -0.1016
vn -0.8353 -0.5080 0.2104
vn -0.9102 -0.3029 0.2826
vn -0.9239 -0.1464 0.3536
vn -0.9641 0.1016 0.2452
vn -0.6887 0.4728 -0.5496
vn -0.6887 0.7230 0.0543
vn -0.6887 0.5496 0.4728
vn -0.9111 0.0086 0.4120
vn -0.8377 0.2090 0.5045
vn -0.2265 -0.3727 -0.8999
vn -0.1877 -0.8189 -0.5424
vn -0.1877 0.1956 -0.9626
vn -0.3288 -0.8725 -0.3614
vn -0.0000 -0.9239 -0.3827
vn -0.1877 0.5424 -0.8189
vn -0.4926 -0.8513 0.1806
vn -0.3801 -0.8919 -0.2449
vn -0.2265 0.8999 -0.3727
vn -0.1877 0.9626 0.1956
vn -0.3801 0.8031 0.4588
vn -0.4943 0.4716 0.7303
vn -0.3286 0.8726 0.3614
vn 0.0000 0.9239 0.3827
vn 0.0000 -0.9239 -0.3827
vn -0.0000 0.9239 0.3827
vn 0.2265 -0.3727 -0.8999
vn 0.1877 0.1956 -0.9626
vn 0.2265 0.8999 -0.3727
vn 0.1919 -0.9067 -0.3756
vn 0.1877 0.9626 0.1956
vn 0.1877 -0.8189 -0.5424
vn 0.1877 0.5424 -0.8189
vn 0.1940 0.9063 0.3754
vn 0.6887 -0.5496 -0.4728
vn 0.6887 0.0543 -0.7230
vn 0.3827 -0.8536 -0.3536
vn 0.9641 -0.1016 -0.2452
vn 0.9775 -0.1947 -0.0807
vn 0.9239 -0.3536 -0.1464
vn 1.0000 0.0000 0.0000
vn 0.6887 0.4728 -0.5496
vn 0.9641 0.2452 -0.1016
vn 0.9797 0.1851 0.0767
vn 0.6887 0.7230 0.0543
vn 0.3827 0.8536 0.3536
vn 0.9239 0.3536 0.1464
vn -0.9641 -0.0518 -0.2603
vn -0.9239 -0.3182 -0.2126
vn -0.9770 -0.1774 -0.1185
vn -0.6887 0.1943 -0.6985
vn -0.6887 -0.4468 -0.5710
vn -1.0000 0.0000 0.0000
vn -0.1914 -0.8161 -0.5453
vn -0.3827 -0.7682 -0.5133
vn -0.1877 -0.6974 -0.6917
vn -0.2265 -0.1900 -0.9553
vn -0.1877 0.3796 -0.9059
vn 0.0000 -0.8315 -0.5556
vn 0.2265 -0.1900 -0.9553
vn -0.0000 -0.8315 -0.5556
vn -0.9641 0.2603 -0.0518
vn -0.9803 0.1644 0.1098
vn -0.6887 0.5710 -0.4468
vn -0.6887 0.6985 0.1943
vn -0.9239 0.3182 0.2126
vn -0.1877 0.6917 -0.6974
vn -0.2265 0.9553 -0.1900
vn -0.3827 0.7682 0.5133
vn -0.1877 0.9059 0.3796
vn -0.1946 0.8156 0.5450
vn 0.1877 0.3796 -0.9059
vn 0.2265 0.9553 -0.1900
vn -0.0000 0.8315 0.5556
vn 0.1877 -0.6974 -0.6917
vn -0.0000 -0.9003 -0.4353
vn 0.1877 -0.9059 -0.3796
vn 0.0000 -0.9808 -0.1951
vn 0.2265 -0.9553 0.1900
vn 0.0000 -0.7210 0.6930
vn 0.0000 -0.8315 0.5556
vn 0.1877 -0.6917 0.6974
vn 0.0000 -0.5556 0.8315
vn 0.6887 -0.6985 -0.1943
vn 0.6887 -0.5710 0.4468
vn 0.6887 -0.4468 -0.5710
vn 0.6887 0.1943 -0.6985
vn 0.9641 -0.2603 0.0518
vn 0.9641 -0.0518 -0.2603
vn 0.9641 0.0518 0.2603
vn 0.0000 -0.3710 0.9286
vn 0.6887 -0.1943 0.6985
vn 0.1877 0.9059 0.3796
vn 0.1877 0.6917 -0.6974
vn -0.0000 0.8315 0.5556
vn 0.6887 0.5710 -0.4468
vn 0.6887 0.6985 0.1943
vn 0.9641 0.2603 -0.0518
vn 0.1877 0.6974 0.6917
vn -0.0000 0.7460 0.6660
vn 0.1877 -0.3796 0.9059
vn 0.2265 0.1900 0.9553
vn 0.0000 -0.1951 0.9808
vn 0.6887 0.4468 0.5710
vn 0.0000 0.5556 0.8315
vn -0.9641 -0.0000 -0.2654
vn -0.6887 0.3268 -0.6472
vn -0.6887 -0.3268 -0.6472
vn -0.2265 -0.0000 -0.9740
vn -0.1877 -0.5490 -0.8145
vn -0.1877 0.5490 -0.8145
vn -0.6887 -0.6472 -0.3268
vn -0.9641 -0.2654 0.0000
vn -0.9097 -0.3900 0.1429
vn -0.9239 -0.2706 0.2706
vn -0.8341 -0.5516 0.0000
vn -0.9641 0.0000 0.2654
vn -0.9641 0.2654 -0.0000
vn -0.6887 0.6472 -0.3268
vn -0.9239 -0.2706 0.2706
vn -0.9097 -0.1429 0.3900
vn -0.8341 -0.0000 0.5516
vn -0.6887 0.3268 0.6472
vn -0.6887 0.6472 0.3268
vn -0.3291 -0.6677 -0.6677
vn -0.4918 -0.8558 -0.1602
vn -0.3802 -0.7299 -0.5681
vn -0.0000 -0.7071 -0.7071
vn -0.1877 0.8145 -0.5490
vn -0.4918 0.1602 0.8558
vn -0.3802 0.5681 0.7299
vn -0.3291 0.6677 0.6677
vn -0.1877 0.8145 0.5490
vn -0.0000 0.7071 0.7071
vn -0.2265 0.9740 0.0000
vn 0.2265 -0.0000 -0.9740
vn 0.0000 -0.7071 -0.7071
vn 0.1877 0.5490 -0.8145
vn 0.1877 0.8145 0.5490
vn 0.2265 0.9740 0.0000
vn 0.1877 -0.5490 -0.8145
vn -0.0000 0.7071 0.7071
vn 0.1877 0.8145 -0.5490
vn 0.6887 -0.3268 -0.6472
vn 0.6887 0.3268 -0.6472
vn 0.3827 -0.6533 -0.6533
vn 0.9641 -0.0000 -0.2654
vn 0.1908 -0.6941 -0.6941
vn 0.1908 0.6941 0.6941
vn 0.9239 -0.2706 -0.2706
vn 0.9239 -0.2706 -0.2706
vn 0.9808 -0.1379 -0.1379
vn 0.6887 0.6472 -0.3268
vn 0.9641 0.2654 -0.0000
vn 0.9808 0.1379 0.1379
vn 0.6887 0.6472 0.3268
vn 0.9239 0.2706 0.2706
vn 0.3827 0.6533 0.6533
vn 0.9239 0.2706 0.2706
vn -0.6887 -0.1943 -0.6985
vn -0.1946 -0.5450 -0.8156
vn -0.3827 -0.5133 -0.7682
vn -0.9641 0.0518 -0.2603
vn -0.9239 -0.2126 -0.3182
vn -0.9803 -0.1098 -0.1644
vn -0.6887 0.4468 -0.5710
vn -0.9641 0.2603 0.0518
vn -1.0000 0.0000 0.0000
vn -0.6887 0.6985 -0.1943
vn -0.2265 0.1900 -0.9553
vn -0.1877 -0.3796 -0.9059
vn -0.1877 0.6974 -0.6917
vn -0.1877 0.9059 -0.3796
vn 0.0000 -0.5556 -0.8315
vn 0.0000 -0.5556 -0.8315
vn 0.2265 0.1900 -0.9553
vn 0.1877 0.6974 -0.6917
vn -0.9770 0.1185 0.1774
vn -0.6887 0.5710 0.4468
vn -0.9239 0.2126 0.3182
vn -0.2265 0.9553 0.1900
vn -0.1877 0.6917 0.6974
vn -0.3827 0.5133 0.7682
vn -0.1914 0.5453 0.8161
vn -0.0000 0.5556 0.8315
vn 0.2265 0.9553 0.1900
vn 0.1877 -0.3796 -0.9059
vn 0.1877 0.9059 -0.3796
vn 0.0000 -0.6660 -0.7460
vn 0.2265 -0.9553 -0.1900
vn 0.0000 -0.8315 -0.5556
vn 0.1877 -0.6917 -0.6974
vn 0.0000 -0.9286 0.3710
vn 0.0000 -0.9808 0.1951
vn 0.1877 -0.9059 0.3796
vn 0.6887 -0.6985 0.1943
vn 0.6887 -0.5710 -0.4468
vn 0.6887 -0.1943 -0.6985
vn -0.0000 -0.8315 0.5556
vn 0.9641 0.0518 -0.2603
vn 0.9641 -0.2603 -0.0518
vn 0.6887 -0.4468 0.5710
vn 0.6887 0.4468 -0.5710
vn 0.9641 0.2603 0.0518
vn 0.9641 -0.0518 0.2603
vn 0.6887 0.6985 -0.1943
vn 0.1877 0.6917 0.6974
vn 0.0000 0.5556 0.8315
vn 0.1877 -0.6974 0.6917
vn 0.1877 0.3796 0.9059
vn 0.0000 0.4353 0.9003
vn 0.0000 -0.6930 0.7210
vn 0.2265 -0.1900 0.9553
vn 0.0000 -0.5556 0.8315
vn 0.0000 0.1951 0.9808
vn 0.6887 0.1943 0.6985
vn 0.6887 0.5710 0.4468
vn -0.9641 -0.2452 -0.1016
vn -0.8377 -0.5045 -0.2090
vn -0.9111 -0.4120 -0.0086
vn -0.6887 -0.4728 -0.5496
vn -0.9641 0.1016 -0.2452
vn -0.6887 -0.0543 -0.7230
vn -0.9641 0.2452 0.1016
vn -0.9641 -0.1016 0.2452
vn -0.9239 -0.3536 0.1464
vn -0.9102 -0.2826 0.3029
vn -0.8353 -0.2104 0.5080
vn -0.6887 0.0543 0.7230
vn -0.6887 0.5496 -0.4728
vn -0.6887 0.7230 -0.0543
vn -0.6887 0.4728 0.5496
vn -0.4943 -0.7303 -0.4716
vn -0.3801 -0.4588 -0.8031
vn -0.3286 -0.3614 -0.8726
vn -0.1877 -0.1956 -0.9626
vn 0.0000 -0.3827 -0.9239
vn -0.4926 -0.1806 0.8513
vn -0.3801 0.2449 0.8919
vn -0.2265 0.3727 -0.8999
vn -0.1877 0.8189 -0.5424
vn -0.1877 0.9626 -0.1956
vn -0.3288 0.3614 0.8725
vn -0.1877 0.5424 0.8189
vn 0.0000 0.3827 0.9239
vn -0.2265 0.8999 0.3727
vn -0.0000 -0.3827 -0.9239
vn -0.0000 0.3827 0.9239
vn 0.2265 0.3727 -0.8999
vn 0.1877 0.8189 -0.5424
vn 0.2265 0.8999 0.3727
vn 0.1940 -0.3754 -0.9063
vn 0.1877 0.5424 0.8189
vn 0.1877 -0.1956 -0.9626
vn 0.1877 0.9626 -0.1956
vn 0.1919 0.3756 0.9067
vn 0.3827 -0.3536 -0.8536
vn 0.6887 -0.0543 -0.7230
vn 0.9797 -0.0767 -0.1851
vn 0.9239 -0.1464 -0.3536
vn 0.9641 0.1016 -0.2452
vn 1.0000 0.0000 0.0000
vn 0.6887 0.5496 -0.4728
vn 0.9641 0.2452 0.1016
vn 0.6887 0.7230 -0.0543
vn 0.6887 0.4728 0.5496
vn 0.3827 0.3536 0.8536
vn 0.9239 0.1464 0.3536
vn 0.9775 0.0807 0.1947
vn -0.9641 0.1475 -0.2207
vn -0.9239 -0.0747 -0.3753
vn -0.9792 -0.0396 -0.1990
vn -0.6887 0.0878 -0.7197
vn -0.6887 0.6313 -0.3565
vn -0.1935 -0.1914 -0.9622
vn -0.3827 -0.1802 -0.9061
vn -0.1877 -0.0040 -0.9822
vn -0.2265 0.5411 -0.8099
vn -0.1877 0.9090 -0.3722
vn -0.9641 0.2207 0.1475
vn -1.0000 0.0000 0.0000
vn -0.9781 0.0406 0.2041
vn -0.6887 0.7197 0.0878
vn -0.6887 0.3565 0.6313
vn -0.9239 0.0747 0.3753
vn -0.1877 0.9822 -0.0040
vn -0.1877 0.3722 0.9090
vn -0.3827 0.1802 0.9061
vn -0.1925 0.1914 0.9625
vn -0.2265 0.8099 0.5411
vn -0.0000 -0.1951 -0.9808
vn 0.2265 0.5411 -0.8099
vn 0.0000 -0.1951 -0.9808
vn 0.0000 0.1951 0.9808
vn 0.1877 0.9090 -0.3722
vn 0.2265 0.8099 0.5411
vn 0.1877 -0.0040 -0.9822
vn 0.1877 0.3722 0.9090
vn 0.1877 0.9822 -0.0040
vn -0.0000 0.1951 0.9808
vn 0.0000 -0.3294 -0.9442
vn 0.1877 -0.3722 -0.9090
vn 0.0000 -0.5556 -0.8315
vn 0.2265 -0.8099 -0.5411
vn 0.0000 -0.9999 -0.0150
vn 0.0000 -0.9808 -0.1951
vn 0.1877 -0.9822 0.0040
vn 0.6887 -0.7197 -0.0878
vn 0.6887 -0.3565 -0.6313
vn 0.9641 -0.2207 -0.1475
vn 0.6887 0.0878 -0.7197
vn 0.6887 0.6313 -0.3565
vn 0.9641 0.1475 -0.2207
vn 0.1877 0.0040 0.9822
vn 0.0000 0.0574 0.9984
vn 0.0000 -0.9808 0.1951
vn 0.1877 -0.9090 0.3722
vn 0.6887 -0.6313 0.3565
vn 0.0000 -0.9171 0.3987
vn 0.9641 -0.1475 0.2207
vn 0.9641 0.2207 0.1475
vn 0.6887 0.7197 0.0878
vn 0.2265 -0.5411 0.8099
vn 0.0000 -0.1951 0.9808
vn 0.0000 -0.8315 0.5556
vn 0.6887 -0.0878 0.7197
vn 0.6887 0.3565 0.6313
f 1//1 2//2 3//3
f 1//1 3//3 4//4
f 1//1 4//4 5//5
f 1//1 5//5 6//6
f 1//1 6//6 7//7
f 1//1 7//7 8//8
f 2//2 9//9 3//3
f 10//10 11//11 9//9
f 10//10 12//12 13//13
f 10//10 13//13 11//11
f 2//2 10//10 9//9
f 14//14 10//10 2//2
f 12//12 15//15 13//13
f 12//12 16//16 17//17
f 12//12 17//17 15//15
f 12//12 18//18 16//16
f 12//12 19//19 18//18
f 20//20 21//21 22//22
f 23//23 24//24 25//25
f 24//24 26//26 25//25
f 20//20 27//27 21//21
f 1//1 28//28 29//29
f 1//1 29//29 30//30
f 1//1 30//30 31//31
f 1//1 31//31 32//32
f 1//1 33//33 28//28
f 34//34 1//1 32//32
f 34//34 32//32 35//35
f 33//33 36//36 28//28
f 33//33 37//37 36//36
f 38//38 39//39 40//40
f 41//41 34//34 35//35
f 41//41 35//35 42//42
f 41//41 42//42 43//43
f 41//41 43//43 44//44
f 39//39 41//41 44//44
f 38//38 45//45 41//41
f 38//38 41//41 39//39
f 38//38 40//40 46//46
f 39//39 44//44 47//47
f 39//39 47//47 48//48
f 39//39 49//49 50//50
f 39//39 50//50 40//40
f 39//39 51//51 49//49
f 39//39 52//52 51//51
f 39//39 53//53 52//52
f 1//1 54//54 2//2
f 55//55 1//1 34//34
f 54//54 14//14 2//2
f 55//55 54//54 1//1
f 1//1 8//8 33//33
f 41//41 56//56 34//34
f 56//56 55//55 34//34
f 41//41 45//45 56//56
f 20//20 22//22 57//57
f 22//22 58//58 57//57
f 59//59 60//60 61//61
f 59//59 62//62 63//63
f 59//59 61//61 62//62
f 62//62 64//64 63//63
f 65//65 66//66 67//67
f 65//65 68//68 66//66
f 65//65 69//69 68//68
f 65//65 67//67 70//70
f 65//65 70//70 12//12
f 65//65 71//71 69//69
f 71//71 72//72 69//69
f 71//71 73//73 72//72
f 12//12 70//70 74//74
f 10//10 65//65 12//12
f 10//10 75//75 65//65
f 14//14 75//75 10//10
f 75//75 76//76 65//65
f 76//76 71//71 65//65
f 76//76 77//77 71//71
f 71//71 78//78 79//79
f 71//71 79//79 73//73
f 78//78 80//80 79//79
f 78//78 81//81 82//82
f 83//83 81//81 78//78
f 78//78 82//82 84//84
f 78//78 84//84 80//80
f 81//81 85//85 82//82
f 79//79 86//86 87//87
f 79//79 88//88 86//86
f 79//79 89//89 73//73
f 79//79 90//90 89//89
f 79//79 87//87 90//90
f 79//79 80//80 91//91
f 79//79 91//91 92//92
f 79//79 92//92 93//93
f 77//77 78//78 71//71
f 77//77 83//83 78//78
f 83//83 94//94 81//81
f 23//23 95//95 96//96
f 23//23 96//96 24//24
f 97//97 98//98 99//99
f 97//97 100//100 101//101
f 98//98 102//102 99//99
f 97//97 101//101 98//98
f 22//22 21//21 103//103
f 24//24 104//104 26//26
f 22//22 103//103 105//105
f 24//24 106//106 104//104
f 26//26 104//104 107//107
f 103//103 108//108 109//109
f 107//107 104//104 110//110
f 22//22 111//111 58//58
f 62//62 61//61 112//112
f 62//62 113//113 64//64
f 114//114 115//115 116//116
f 117//117 118//118 114//114
f 119//119 120//120 117//117
f 121//121 122//122 119//119
f 22//22 105//105 111//111
f 123//123 112//112 124//124
f 111//111 125//125 126//126
f 62//62 112//112 123//123
f 62//62 127//127 113//113
f 62//62 123//123 127//127
f 127//127 128//128 113//113
f 24//24 96//96 129//129
f 130//130 131//131 132//132
f 98//98 133//133 102//102
f 98//98 101//101 134//134
f 132//132 135//135 136//136
f 136//136 137//137 138//138
f 24//24 129//129 106//106
f 102//102 133//133 139//139
f 106//106 129//129 140//140
f 139//139 133//133 141//141
f 98//98 134//134 142//142
f 98//98 143//143 133//133
f 98//98 144//144 143//143
f 98//98 145//145 144//144
f 98//98 142//142 146//146
f 116//116 147//147 148//148
f 148//148 149//149 130//130
f 150//150 38//38 151//151
f 150//150 152//152 38//38
f 38//38 46//46 151//151
f 150//150 151//151 153//153
f 150//150 153//153 154//154
f 155//155 150//150 154//154
f 156//156 150//150 155//155
f 156//156 155//155 157//157
f 155//155 154//154 158//158
f 155//155 158//158 159//159
f 155//155 159//159 160//160
f 155//155 161//161 162//162
f 155//155 163//163 161//161
f 155//155 164//164 157//157
f 155//155 165//165 164//164
f 155//155 162//162 165//165
f 166//166 156//156 167//167
f 156//156 157//157 168//168
f 156//156 168//168 167//167
f 166//166 169//169 170//170
f 166//166 167//167 171//171
f 166//166 171//171 169//169
f 166//166 170//170 172//172
f 166//166 172//172 173//173
f 173//173 172//172 174//174
f 152//152 45//45 38//38
f 156//156 175//175 150//150
f 150//150 175//175 152//152
f 156//156 176//176 175//175
f 166//166 176//176 156//156
f 177//177 166//166 173//173
f 166//166 178//178 176//176
f 177//177 178//178 166//166
f 177//177 179//179 178//178
f 180//180 181//181 182//182
f 180//180 183//183 184//184
f 180//180 182//182 183//183
f 183//183 185//185 184//184
f 186//186 187//187 188//188
f 186//186 188//188 189//189
f 177//177 173//173 190//190
f 177//177 190//190 191//191
f 177//177 191//191 192//192
f 193//193 177//177 192//192
f 193//193 179//179 177//177
f 193//193 194//194 195//195
f 193//193 192//192 194//194
f 195//195 194//194 196//196
f 195//195 196//196 197//197
f 195//195 197//197 198//198
f 195//195 198//198 199//199
f 195//195 199//199 200//200
f 173//173 201//201 190//190
f 173//173 202//202 203//203
f 173//173 203//203 201//201
f 173//173 204//204 202//202
f 173//173 205//205 204//204
f 186//186 189//189 206//206
f 189//189 207//207 206//206
f 208//208 209//209 210//210
f 208//208 210//210 211//211
f 193//193 212//212 179//179
f 193//193 195//195 212//212
f 195//195 213//213 212//212
f 195//195 214//214 213//213
f 195//195 200//200 215//215
f 195//195 216//216 217//217
f 195//195 217//217 218//218
f 195//195 219//219 216//216
f 195//195 218//218 220//220
f 195//195 215//215 219//219
f 195//195 220//220 214//214
f 214//214 220//220 221//221
f 215//215 222//222 219//219
f 215//215 223//223 222//222
f 214//214 224//224 213//213
f 214//214 225//225 224//224
f 225//225 226//226 224//224
f 214//214 221//221 225//225
f 225//225 221//221 227//227
f 225//225 227//227 228//228
f 225//225 228//228 229//229
f 230//230 225//225 229//229
f 225//225 231//231 226//226
f 230//230 231//231 225//225
f 231//231 232//232 233//233
f 230//230 232//232 231//231
f 230//230 229//229 234//234
f 230//230 234//234 235//235
f 230//230 236//236 237//237
f 230//230 237//237 232//232
f 230//230 238//238 236//236
f 230//230 239//239 238//238
f 230//230 240//240 239//239
f 208//208 211//211 241//241
f 211//211 242//242 241//241
f 243//243 244//244 245//245
f 243//243 246//246 247//247
f 243//243 245//245 246//246
f 246//246 248//248 247//247
f 183//183 182//182 249//249
f 183//183 250//250 185//185
f 189//189 188//188 251//251
f 252//252 253//253 121//121
f 254//254 255//255 252//252
f 256//256 257//257 254//254
f 183//183 249//249 258//258
f 183//183 259//259 260//260
f 183//183 258//258 261//261
f 183//183 260//260 262//262
f 183//183 262//262 250//250
f 185//185 250//250 263//263
f 189//189 251//251 264//264
f 263//263 250//250 265//265
f 264//264 251//251 266//266
f 189//189 267//267 207//207
f 211//211 210//210 268//268
f 189//189 264//264 267//267
f 207//207 267//267 269//269
f 269//269 267//267 270//270
f 268//268 271//271 272//272
f 211//211 268//268 273//273
f 274//274 275//275 256//256
f 276//276 277//277 274//274
f 276//276 278//278 279//279
f 211//211 280//280 242//242
f 278//278 281//281 282//282
f 283//283 284//284 281//281
f 283//283 285//285 286//286
f 246//246 245//245 287//287
f 246//246 288//288 248//248
f 211//211 273//273 280//280
f 280//280 289//289 290//290
f 291//291 287//287 292//292
f 246//246 287//287 291//291
f 246//246 293//293 288//288
f 246//246 291//291 293//293
f 293//293 294//294 288//288
f 81//81 295//295 296//296
f 94//94 297//297 81//81
f 81//81 296//296 85//85
f 297//297 295//295 81//81
f 297//297 298//298 299//299
f 297//297 299//299 300//300
f 297//297 300//300 301//301
f 297//297 301//301 302//302
f 297//297 302//302 295//295
f 295//295 303//303 296//296
f 295//295 304//304 303//303
f 295//295 305//305 304//304
f 295//295 306//306 305//305
f 295//295 307//307 306//306
f 295//295 302//302 308//308
f 295//295 308//308 309//309
f 94//94 310//310 297//297
f 310//310 298//298 297//297
f 311//311 298//298 310//310
f 298//298 312//312 313//313
f 298//298 313//313 299//299
f 312//312 314//314 313//313
f 312//312 315//315 316//316
f 312//312 317//317 314//314
f 312//312 316//316 317//317
f 312//312 318//318 315//315
f 318//318 319//319 315//315
f 318//318 320//320 319//319
f 311//311 312//312 298//298
f 311//311 321//321 312//312
f 321//321 322//322 312//312
f 321//321 323//323 322//322
f 312//312 324//324 318//318
f 325//325 326//326 327//327
f 325//325 328//328 329//329
f 326//326 330//330 327//327
f 325//325 329//329 326//326
f 331//331 332//332 333//333
f 332//332 334//334 333//333
f 312//312 322//322 335//335
f 312//312 335//335 336//336
f 312//312 336//336 337//337
f 312//312 337//337 338//338
f 312//312 338//338 339//339
f 312//312 339//339 324//324
f 322//322 340//340 335//335
f 323//323 341//341 322//322
f 341//341 340//340 322//322
f 341//341 342//342 340//340
f 341//341 343//343 342//342
f 344//344 343//343 341//341
f 344//344 345//345 343//343
f 344//344 346//346 345//345
f 344//344 347//347 346//346
f 344//344 348//348 347//347
f 344//344 349//349 348//348
f 331//331 350//350 332//332
f 331//331 351//351 350//350
f 352//352 353//353 354//354
f 353//353 355//355 354//354
f 356//356 341//341 323//323
f 356//356 357//357 341//341
f 358//358 357//357 356//356
f 357//357 344//344 341//341
f 358//358 359//359 357//357
f 360//360 359//359 358//358
f 361//361 362//362 360//360
f 360//360 362//362 359//359
f 363//363 364//364 361//361
f 357//357 365//365 366//366
f 357//357 367//367 365//365
f 357//357 366//366 368//368
f 357//357 368//368 369//369
f 357//357 369//369 344//344
f 359//359 367//367 357//357
f 359//359 370//370 367//367
f 359//359 371//371 370//370
f 344//344 369//369 372//372
f 362//362 373//373 359//359
f 373//373 371//371 359//359
f 362//362 374//374 373//373
f 361//361 364//364 362//362
f 364//364 375//375 362//362
f 362//362 375//375 376//376
f 362//362 376//376 374//374
f 364//364 377//377 375//375
f 373//373 378//378 371//371
f 373//373 379//379 378//378
f 373//373 380//380 379//379
f 373//373 381//381 380//380
f 373//373 382//382 381//381
f 373//373 374//374 383//383
f 373//373 383//383 384//384
f 373//373 384//384 385//385
f 352//352 386//386 387//387
f 352//352 387//387 353//353
f 388//388 389//389 390//390
f 388//388 391//391 392//392
f 389//389 393//393 390//390
f 388//388 392//392 389//389
f 326//326 394//394 330//330
f 326//326 329//329 395//395
f 138//138 396//396 397//397
f 398//398 397//397 399//399
f 398//398 400//400 401//401
f 332//332 402//402 334//334
f 401//401 403//403 404//404
f 326//326 405//405 394//394
f 326//326 395//395 406//406
f 405//405 407//407 394//394
f 326//326 406//406 405//405
f 332//332 408//408 402//402
f 406//406 395//395 409//409
f 410//410 402//402 411//411
f 412//412 404//404 413//413
f 414//414 412//412 415//415
f 332//332 350//350 416//416
f 353//353 417//417 355//355
f 332//332 416//416 408//408
f 355//355 417//417 418//418
f 416//416 419//419 420//420
f 421//421 418//418 417//417
f 353//353 422//422 417//417
f 423//423 414//414 424//424
f 425//425 423//423 426//426
f 427//427 425//425 428//428
f 353//353 387//387 429//429
f 389//389 430//430 393//393
f 389//389 392//392 431//431
f 353//353 429//429 422//422
f 393//393 430//430 432//432
f 422//422 429//429 433//433
f 434//434 432//432 430//430
f 389//389 431//431 435//435
f 389//389 436//436 430//430
f 389//389 437//437 436//436
f 389//389 438//438 437//437
f 389//389 435//435 439//439
f 231//231 440//440 226//226
f 441//441 442//442 440//440
f 441//441 443//443 442//442
f 231//231 441//441 440//440
f 231//231 444//444 441//441
f 231//231 233//233 444//444
f 441//441 444//444 445//445
f 441//441 445//445 446//446
f 447//447 441//441 446//446
f 447//447 443//443 441//441
f 447//447 448//448 443//443
f 447//447 446//446 449//449
f 447//447 449//449 450//450
f 447//447 450//450 451//451
f 447//447 452//452 448//448
f 447//447 453//453 452//452
f 447//447 454//454 453//453
f 447//447 455//455 454//454
f 447//447 456//456 455//455
f 443//443 457//457 442//442
f 443//443 458//458 457//457
f 458//458 459//459 457//457
f 459//459 460//460 461//461
f 458//458 460//460 459//459
f 458//458 462//462 460//460
f 443//443 463//463 458//458
f 443//443 448//448 464//464
f 443//443 464//464 463//463
f 458//458 463//463 465//465
f 458//458 465//465 466//466
f 458//458 466//466 467//467
f 458//458 467//467 468//468
f 458//458 468//468 462//462
f 462//462 468//468 469//469
f 470//470 471//471 472//472
f 470//470 473//473 474//474
f 470//470 472//472 473//473
f 473//473 475//475 474//474
f 476//476 477//477 478//478
f 476//476 478//478 479//479
f 480//480 481//481 363//363
f 482//482 480//480 483//483
f 482//482 481//481 480//480
f 484//484 485//485 483//483
f 486//486 484//484 461//461
f 485//485 482//482 483//483
f 486//486 485//485 484//484
f 485//485 487//487 488//488
f 481//481 364//364 363//363
f 364//364 489//489 377//377
f 481//481 490//490 364//364
f 482//482 491//491 481//481
f 481//481 491//491 492//492
f 481//481 492//492 493//493
f 481//481 493//493 494//494
f 481//481 494//494 490//490
f 490//490 489//489 364//364
f 490//490 495//495 489//489
f 490//490 496//496 495//495
f 490//490 497//497 496//496
f 490//490 498//498 497//497
f 490//490 499//499 498//498
f 490//490 494//494 500//500
f 490//490 500//500 501//501
f 485//485 502//502 482//482
f 482//482 502//502 491//491
f 485//485 503//503 502//502
f 485//485 504//504 503//503
f 485//485 505//505 504//504
f 485//485 506//506 505//505
f 485//485 488//488 506//506
f 488//488 507//507 506//506
f 488//488 508//508 507//507
f 509//509 510//510 511//511
f 509//509 512//512 513//513
f 510//510 514//514 511//511
f 509//509 513//513 510//510
f 515//515 516//516 517//517
f 516//516 518//518 517//517
f 460//460 486//486 461//461
f 460//460 519//519 486//486
f 460//460 520//520 521//521
f 462//462 520//520 460//460
f 460//460 521//521 519//519
f 486//486 522//522 485//485
f 486//486 519//519 522//522
f 485//485 522//522 523//523
f 485//485 523//523 524//524
f 485//485 524//524 525//525
f 485//485 525//525 526//526
f 485//485 526//526 487//487
f 462//462 527//527 520//520
f 462//462 528//528 527//527
f 462//462 529//529 528//528
f 462//462 530//530 529//529
f 462//462 531//531 530//530
f 515//515 532//532 533//533
f 476//476 479//479 534//534
f 479//479 535//535 534//534
f 515//515 533//533 516//516
f 536//536 537//537 538//538
f 537//537 539//539 540//540
f 285//285 541//541 542//542
f 541//541 543//543 544//544
f 473//473 472//472 545//545
f 473//473 546//546 475//475
f 543//543 536//536 547//547
f 479//479 478//478 548//548
f 473//473 545//545 549//549
f 473//473 550//550 551//551
f 473//473 549//549 552//552
f 473//473 551//551 553//553
f 473//473 553//553 546//546
f 475//475 546//546 554//554
f 479//479 548//548 555//555
f 556//556 554//554 546//546
f 555//555 548//548 557//557
f 558//558 427//427 559//559
f 560//560 558//558 561//561
f 562//562 560//560 563//563
f 539//539 562//562 564//564
f 510//510 565//565 514//514
f 510//510 513//513 566//566
f 516//516 567//567 518//518
f 510//510 568//568 565//565
f 510//510 566//566 569//569
f 568//568 570//570 565//565
f 510//510 569//569 568//568
f 516//516 571//571 567//567
f 572//572 567//567 573//573
f 569//569 566//566 574//574
f 479//479 575//575 535//535
f 516//516 533//533 576//576
f 535//535 575//575 577//577
f 578//578 577//577 575//575
f 579//579 580//580 576//576
f 479//479 555//555 575//575
f 516//516 576//576 571//571
f 105//105 103//103 109//109
f 581//581 109//109 108//108
f 581//581 582//582 109//109
f 581//581 583//583 582//582
f 584//584 110//110 585//585
f 110//110 104//104 585//585
f 584//584 585//585 586//586
f 587//587 588//588 589//589
f 587//587 581//581 588//588
f 587//587 583//583 581//581
f 590//590 589//589 584//584
f 590//590 584//584 586//586
f 587//587 589//589 590//590
f 587//587 591//591 583//583
f 590//590 586//586 592//592
f 593//593 594//594 595//595
f 124//124 595//595 123//123
f 593//593 596//596 594//594
f 595//595 594//594 123//123
f 126//126 597//597 598//598
f 105//105 125//125 111//111
f 126//126 125//125 597//597
f 598//598 597//597 599//599
f 600//600 593//593 598//598
f 600//600 596//596 593//593
f 598//598 599//599 601//601
f 602//602 603//603 128//128
f 127//127 604//604 128//128
f 128//128 604//604 602//602
f 261//261 605//605 603//603
f 261//261 603//603 602//602
f 600//600 598//598 601//601
f 600//600 606//606 596//596
f 261//261 602//602 607//607
f 261//261 607//607 608//608
f 114//114 118//118 115//115
f 117//117 120//120 118//118
f 119//119 122//122 120//120
f 609//609 610//610 140//140
f 106//106 140//140 610//610
f 611//611 612//612 609//609
f 609//609 613//613 610//610
f 609//609 612//612 613//613
f 611//611 614//614 615//615
f 614//614 141//141 615//615
f 611//611 615//615 616//616
f 141//141 133//133 615//615
f 617//617 611//611 616//616
f 617//617 612//612 611//611
f 98//98 146//146 145//145
f 146//146 142//142 618//618
f 146//146 618//618 619//619
f 617//617 620//620 612//612
f 617//617 616//616 621//621
f 130//130 149//149 131//131
f 146//146 622//622 145//145
f 146//146 623//623 622//622
f 132//132 131//131 135//135
f 136//136 135//135 137//137
f 137//137 396//396 138//138
f 148//148 147//147 149//149
f 116//116 115//115 147//147
f 587//587 590//590 624//624
f 587//587 625//625 591//591
f 590//590 592//592 626//626
f 587//587 624//624 625//625
f 625//625 627//627 591//591
f 624//624 590//590 626//626
f 628//628 629//629 630//630
f 631//631 632//632 633//633
f 630//630 631//631 634//634
f 628//628 635//635 629//629
f 628//628 630//630 634//634
f 628//628 636//636 635//635
f 628//628 637//637 636//636
f 638//638 637//637 628//628
f 631//631 633//633 634//634
f 634//634 639//639 640//640
f 634//634 633//633 641//641
f 634//634 641//641 639//639
f 628//628 634//634 642//642
f 600//600 643//643 606//606
f 600//600 601//601 644//644
f 643//643 645//645 606//606
f 600//600 644//644 643//643
f 261//261 608//608 646//646
f 261//261 646//646 647//647
f 648//648 649//649 650//650
f 648//648 650//650 651//651
f 648//648 651//651 652//652
f 648//648 653//653 654//654
f 648//648 652//652 638//638
f 638//638 652//652 655//655
f 648//648 656//656 653//653
f 656//656 657//657 653//653
f 656//656 658//658 657//657
f 648//648 638//638 656//656
f 659//659 660//660 661//661
f 659//659 661//661 662//662
f 659//659 662//662 663//663
f 663//663 664//664 665//665
f 663//663 665//665 658//658
f 663//663 658//658 656//656
f 663//663 662//662 664//664
f 659//659 663//663 666//666
f 666//666 663//663 667//667
f 638//638 655//655 637//637
f 656//656 638//638 668//668
f 669//669 656//656 668//668
f 638//638 628//628 670//670
f 638//638 670//670 668//668
f 670//670 628//628 642//642
f 663//663 656//656 669//669
f 663//663 669//669 667//667
f 666//666 667//667 671//671
f 617//617 621//621 672//672
f 617//617 673//673 620//620
f 673//673 674//674 620//620
f 617//617 672//672 673//673
f 146//146 675//675 623//623
f 675//675 676//676 623//623
f 677//677 678//678 679//679
f 679//679 680//680 681//681
f 679//679 681//681 682//682
f 677//677 683//683 678//678
f 684//684 640//640 685//685
f 677//677 685//685 686//686
f 677//677 686//686 683//683
f 677//677 679//679 682//682
f 677//677 682//682 687//687
f 684//684 685//685 677//677
f 634//634 640//640 684//684
f 634//634 684//684 688//688
f 634//634 688//688 642//642
f 689//689 684//684 677//677
f 688//688 684//684 689//689
f 690//690 691//691 692//692
f 693//693 687//687 694//694
f 693//693 694//694 695//695
f 677//677 687//687 693//693
f 690//690 696//696 691//691
f 696//696 697//697 691//691
f 696//696 695//695 697//697
f 693//693 695//695 696//696
f 693//693 696//696 698//698
f 689//689 677//677 699//699
f 699//699 677//677 693//693
f 699//699 693//693 698//698
f 183//183 261//261 259//259
f 261//261 700//700 605//605
f 261//261 258//258 700//700
f 265//265 701//701 702//702
f 703//703 702//702 701//701
f 265//265 250//250 701//701
f 703//703 701//701 704//704
f 703//703 705//705 706//706
f 266//266 706//706 707//707
f 264//264 266//266 707//707
f 706//706 708//708 707//707
f 706//706 705//705 708//708
f 709//709 703//703 704//704
f 709//709 705//705 703//703
f 261//261 710//710 259//259
f 261//261 711//711 710//710
f 709//709 704//704 712//712
f 709//709 713//713 705//705
f 253//253 122//122 121//121
f 252//252 255//255 253//253
f 254//254 257//257 255//255
f 256//256 275//275 257//257
f 714//714 270//270 715//715
f 270//270 267//267 715//715
f 714//714 715//715 716//716
f 717//717 272//272 271//271
f 717//717 718//718 272//272
f 717//717 719//719 718//718
f 720//720 721//721 714//714
f 720//720 714//714 716//716
f 722//722 723//723 721//721
f 722//722 717//717 723//723
f 722//722 719//719 717//717
f 273//273 268//268 272//272
f 722//722 721//721 720//720
f 720//720 716//716 724//724
f 722//722 725//725 719//719
f 274//274 277//277 275//275
f 276//276 279//279 277//277
f 726//726 290//290 727//727
f 273//273 289//289 280//280
f 290//290 289//289 727//727
f 726//726 727//727 728//728
f 729//729 730//730 731//731
f 292//292 731//731 291//291
f 729//729 732//732 730//730
f 731//731 730//730 291//291
f 726//726 728//728 733//733
f 734//734 729//729 726//726
f 734//734 732//732 729//729
f 735//735 736//736 294//294
f 293//293 737//737 294//294
f 294//294 737//737 735//735
f 552//552 738//738 736//736
f 552//552 736//736 735//735
f 278//278 282//282 279//279
f 734//734 726//726 733//733
f 734//734 739//739 732//732
f 281//281 284//284 282//282
f 283//283 286//286 284//284
f 552//552 735//735 740//740
f 552//552 740//740 741//741
f 261//261 647//647 711//711
f 647//647 742//742 711//711
f 709//709 712//712 743//743
f 709//709 744//744 713//713
f 709//709 743//743 744//744
f 744//744 745//745 713//713
f 659//659 746//746 747//747
f 659//659 666//666 746//746
f 666//666 748//748 746//746
f 666//666 749//749 748//748
f 750//750 749//749 666//666
f 750//750 666//666 671//671
f 750//750 751//751 749//749
f 750//750 752//752 751//751
f 753//753 752//752 750//750
f 754//754 755//755 756//756
f 754//754 756//756 757//757
f 754//754 753//753 758//758
f 754//754 757//757 753//753
f 753//753 757//757 752//752
f 753//753 759//759 760//760
f 761//761 762//762 753//753
f 753//753 760//760 758//758
f 753//753 762//762 759//759
f 761//761 763//763 762//762
f 750//750 671//671 764//764
f 753//753 750//750 764//764
f 753//753 764//764 765//765
f 761//761 753//753 765//765
f 766//766 763//763 761//761
f 766//766 761//761 767//767
f 761//761 765//765 767//767
f 766//766 767//767 768//768
f 720//720 724//724 769//769
f 722//722 720//720 770//770
f 722//722 771//771 725//725
f 720//720 769//769 770//770
f 722//722 770//770 771//771
f 771//771 772//772 725//725
f 773//773 774//774 775//775
f 776//776 773//773 766//766
f 776//776 777//777 778//778
f 766//766 779//779 763//763
f 766//766 775//775 780//780
f 766//766 780//780 779//779
f 773//773 775//775 766//766
f 777//777 766//766 768//768
f 777//777 781//781 778//778
f 776//776 766//766 777//777
f 777//777 782//782 781//781
f 777//777 783//783 782//782
f 777//777 784//784 783//783
f 734//734 733//733 785//785
f 734//734 786//786 739//739
f 734//734 785//785 786//786
f 786//786 787//787 739//739
f 552//552 741//741 788//788
f 552//552 788//788 789//789
f 777//777 768//768 790//790
f 777//777 790//790 784//784
f 784//784 790//790 791//791
f 784//784 792//792 783//783
f 784//784 791//791 793//793
f 793//793 791//791 794//794
f 795//795 796//796 797//797
f 795//795 798//798 799//799
f 795//795 799//799 796//796
f 795//795 800//800 801//801
f 795//795 797//797 784//784
f 784//784 797//797 792//792
f 795//795 784//784 793//793
f 795//795 793//793 800//800
f 793//793 802//802 800//800
f 793//793 803//803 802//802
f 793//793 794//794 804//804
f 804//804 794//794 805//805
f 805//805 806//806 807//807
f 808//808 809//809 810//810
f 808//808 810//810 811//811
f 804//804 812//812 803//803
f 804//804 813//813 812//812
f 793//793 804//804 803//803
f 804//804 811//811 813//813
f 804//804 807//807 808//808
f 804//804 805//805 807//807
f 804//804 808//808 811//811
f 814//814 815//815 407//407
f 405//405 816//816 407//407
f 407//407 816//816 814//814
f 146//146 619//619 815//815
f 146//146 815//815 814//814
f 409//409 817//817 406//406
f 818//818 819//819 817//817
f 817//817 819//819 406//406
f 818//818 820//820 819//819
f 821//821 410//410 822//822
f 408//408 411//411 402//402
f 410//410 411//411 822//822
f 821//821 822//822 823//823
f 824//824 818//818 821//821
f 824//824 820//820 818//818
f 821//821 823//823 825//825
f 146//146 814//814 826//826
f 146//146 826//826 827//827
f 397//397 396//396 399//399
f 398//398 399//399 400//400
f 824//824 821//821 825//825
f 824//824 828//828 820//820
f 401//401 400//400 403//403
f 404//404 403//403 413//413
f 412//412 413//413 415//415
f 408//408 416//416 420//420
f 829//829 420//420 419//419
f 829//829 830//830 420//420
f 829//829 831//831 830//830
f 832//832 421//421 833//833
f 421//421 417//417 833//833
f 832//832 833//833 834//834
f 835//835 829//829 836//836
f 835//835 831//831 829//829
f 835//835 836//836 837//837
f 838//838 837//837 832//832
f 838//838 832//832 834//834
f 838//838 835//835 837//837
f 835//835 839//839 831//831
f 838//838 834//834 840//840
f 433//433 841//841 842//842
f 422//422 433//433 842//842
f 843//843 844//844 841//841
f 841//841 845//845 842//842
f 841//841 844//844 845//845
f 843//843 846//846 847//847
f 434//434 847//847 846//846
f 843//843 847//847 848//848
f 434//434 430//430 847//847
f 849//849 844//844 843//843
f 849//849 843//843 848//848
f 389//389 439//439 438//438
f 439//439 435//435 850//850
f 439//439 850//850 851//851
f 414//414 415//415 424//424
f 423//423 424//424 426//426
f 425//425 426//426 428//428
f 427//427 428//428 559//559
f 849//849 852//852 844//844
f 849//849 848//848 853//853
f 439//439 854//854 438//438
f 439//439 855//855 854//854
f 146//146 827//827 856//856
f 146//146 856//856 675//675
f 824//824 857//857 828//828
f 824//824 825//825 858//858
f 857//857 859//859 828//828
f 824//824 858//858 857//857
f 690//690 860//860 861//861
f 690//690 861//861 862//862
f 863//863 690//690 862//862
f 863//863 696//696 690//690
f 863//863 862//862 864//864
f 865//865 696//696 863//863
f 863//863 864//864 866//866
f 863//863 866//866 867//867
f 863//863 867//867 868//868
f 698//698 696//696 865//865
f 869//869 865//865 863//863
f 869//869 863//863 868//868
f 870//870 871//871 872//872
f 870//870 873//873 874//874
f 870//870 874//874 875//875
f 870//870 875//875 876//876
f 868//868 871//871 870//870
f 868//868 877//877 871//871
f 868//868 867//867 877//877
f 868//868 870//870 878//878
f 878//878 870//870 876//876
f 878//878 876//876 879//879
f 869//869 868//868 880//880
f 880//880 868//868 878//878
f 878//878 879//879 881//881
f 880//880 878//878 882//882
f 882//882 878//878 883//883
f 884//884 882//882 883//883
f 885//885 839//839 835//835
f 886//886 835//835 838//838
f 838//838 840//840 887//887
f 885//885 888//888 839//839
f 886//886 885//885 835//835
f 886//886 838//838 887//887
f 883//883 889//889 890//890
f 891//891 890//890 892//892
f 892//892 893//893 894//894
f 883//883 895//895 896//896
f 883//883 881//881 895//895
f 883//883 896//896 889//889
f 891//891 883//883 890//890
f 878//878 881//881 883//883
f 884//884 883//883 891//891
f 891//891 892//892 894//894
f 891//891 894//894 897//897
f 891//891 897//897 898//898
f 891//891 898//898 899//899
f 849//849 900//900 852//852
f 849//849 853//853 901//901
f 900//900 902//902 852//852
f 849//849 901//901 900//900
f 439//439 903//903 855//855
f 903//903 904//904 855//855
f 905//905 884//884 891//891
f 906//906 905//905 907//907
f 905//905 891//891 907//907
f 907//907 891//891 899//899
f 906//906 907//907 908//908
f 909//909 906//906 908//908
f 909//909 908//908 910//910
f 911//911 909//909 910//910
f 908//908 912//912 913//913
f 913//913 914//914 915//915
f 913//913 915//915 916//916
f 908//908 917//917 912//912
f 907//907 899//899 918//918
f 908//908 918//918 919//919
f 908//908 919//919 917//917
f 908//908 913//913 916//916
f 908//908 916//916 920//920
f 908//908 907//907 918//918
f 921//921 922//922 923//923
f 910//910 920//920 924//924
f 910//910 924//924 925//925
f 910//910 908//908 920//920
f 926//926 927//927 922//922
f 926//926 925//925 927//927
f 911//911 910//910 926//926
f 926//926 910//910 925//925
f 921//921 926//926 922//922
f 539//539 564//564 540//540
f 537//537 540//540 538//538
f 473//473 552//552 550//550
f 552//552 928//928 738//738
f 552//552 549//549 928//928
f 556//556 929//929 930//930
f 931//931 930//930 929//929
f 556//556 546//546 929//929
f 931//931 929//929 932//932
f 931//931 933//933 934//934
f 934//934 935//935 557//557
f 555//555 557//557 935//935
f 934//934 936//936 935//935
f 934//934 933//933 936//936
f 937//937 933//933 931//931
f 937//937 931//931 932//932
f 285//285 542//542 286//286
f 541//541 544//544 542//542
f 543//543 547//547 544//544
f 552//552 938//938 550//550
f 552//552 939//939 938//938
f 536//536 538//538 547//547
f 937//937 932//932 940//940
f 937//937 941//941 933//933
f 942//942 943//943 570//570
f 568//568 944//944 570//570
f 570//570 944//944 942//942
f 439//439 851//851 943//943
f 439//439 943//943 942//942
f 572//572 945//945 946//946
f 571//571 573//573 567//567
f 572//572 573//573 945//945
f 946//946 945//945 947//947
f 948//948 569//569 574//574
f 949//949 950//950 948//948
f 948//948 950//950 569//569
f 949//949 951//951 950//950
f 946//946 947//947 952//952
f 953//953 949//949 946//946
f 953//953 951//951 949//949
f 558//558 559//559 561//561
f 560//560 561//561 563//563
f 562//562 563//563 564//564
f 439//439 942//942 954//954
f 439//439 954//954 955//955
f 953//953 946//946 952//952
f 953//953 956//956 951//951
f 957//957 578//578 958//958
f 578//578 575//575 958//958
f 957//957 958//958 959//959
f 960//960 580//580 579//579
f 960//960 961//961 580//580
f 960//960 962//962 961//961
f 963//963 964//964 957//957
f 963//963 957//957 959//959
f 965//965 960//960 966//966
f 965//965 962//962 960//960
f 965//965 966//966 964//964
f 571//571 576//576 580//580
f 963//963 965//965 964//964
f 963//963 959//959 967//967
f 965//965 968//968 962//962
f 552//552 789//789 939//939
f 789//789 969//969 939//939
f 937//937 970//970 941//941
f 937//937 940//940 971//971
f 937//937 971//971 970//970
f 970//970 972//972 941//941
f 973//973 806//806 974//974
f 973//973 974//974 975//975
f 975//975 974//974 976//976
f 808//808 977//977 978//978
f 807//807 979//979 977//977
f 807//807 980//980 979//979
f 807//807 806//806 973//973
f 807//807 973//973 980//980
f 808//808 807//807 977//977
f 973//973 981//981 980//980
f 973//973 982//982 981//981
f 973//973 975//975 982//982
f 983//983 976//976 984//984
f 975//975 976//976 983//983
f 984//984 985//985 986//986
f 983//983 984//984 986//986
f 983//983 986//986 987//987
f 988//988 989//989 990//990
f 988//988 990//990 991//991
f 988//988 975//975 992//992
f 988//988 991//991 975//975
f 975//975 991//991 982//982
f 975//975 993//993 994//994
f 975//975 983//983 995//995
f 975//975 994//994 992//992
f 975//975 995//995 993//993
f 983//983 987//987 995//995
f 439//439 955//955 996//996
f 439//439 996//996 903//903
f 953//953 952//952 997//997
f 953//953 998//998 956//956
f 953//953 997//997 998//998
f 998//998 999//999 956//956
f 1000//1000 911//911 926//926
f 1001//1001 1000//1000 1002//1002
f 1003//1003 1001//1001 1002//1002
f 985//985 1004//1004 1005//1005
f 1004//1004 1006//1006 1007//1007
f 1005//1005 1004//1004 1007//1007
f 1006//1006 1001//1001 1003//1003
f 1006//1006 1003//1003 1007//1007
f 1007//1007 1008//1008 1009//1009
f 921//921 1010//1010 1011//1011
f 921//921 1011//1011 1012//1012
f 1002//1002 926//926 921//921
f 1002//1002 1012//1012 1013//1013
f 1000//1000 926//926 1002//1002
f 1002//1002 1014//1014 1015//1015
f 1002//1002 1013//1013 1014//1014
f 1003//1003 1002//1002 1015//1015
f 1002//1002 921//921 1012//1012
f 1016//1016 1017//1017 1018//1018
f 1016//1016 1019//1019 1020//1020
f 1016//1016 1021//1021 1022//1022
f 1016//1016 1022//1022 1019//1019
f 1007//1007 1003//1003 1016//1016
f 1003//1003 1017//1017 1016//1016
f 1003//1003 1023//1023 1017//1017
f 1003//1003 1015//1015 1023//1023
f 1007//1007 1016//1016 1020//1020
f 1007//1007 1020//1020 1008//1008
f 963//963 967//967 1024//1024
f 1025//1025 968//968 965//965
f 963//963 1026//1026 965//965
f 963//963 1024//1024 1026//1026
f 1025//1025 1027//1027 968//968
f 1026//1026 1025//1025 965//965
f 986//986 1028//1028 1029//1029
f 1029//1029 1030//1030 1031//1031
f 1028//1028 1005//1005 1032//1032
f 985//985 1005//1005 986//986
f 986//986 1031//1031 1033//1033
f 986//986 1033//1033 1034//1034
f 986//986 1034//1034 987//987
f 986//986 1029//1029 1031//1031
f 1005//1005 1035//1035 1036//1036
f 1005//1005 1009//1009 1035//1035
f 1005//1005 1036//1036 1032//1032
f 986//986 1005//1005 1028//1028
f 1005//1005 1007//1007 1009//1009
f 1037//1037 1038//1038 1039//1039
f 1037//1037 1040//1040 1038//1038
f 1037//1037 1041//1041 1040//1040
f 1037//1037 1039//1039 1042//1042
f 1037//1037 1043//1043 1041//1041
f 1043//1043 1044//1044 1041//1041
f 1037//1037 1045//1045 1043//1043
f 1043//1043 1045//1045 1044//1044
f 1040//1040 1046//1046 1038//1038
f 1040//1040 1047//1047 1046//1046
f 1040//1040 1048//1048 1047//1047
f 1040//1040 1049//1049 1048//1048
f 1049//1049 1050//1050 1048//1048
f 1040//1040 1041//1041 1049//1049
f 1041//1041 1044//1044 1051//1051
f 1041//1041 1051//1051 1049//1049
f 1044//1044 1052//1052 1051//1051
f 1044//1044 1053//1053 1052//1052
f 1049//1049 1054//1054 1050//1050
f 1049//1049 1051//1051 1055//1055
f 1051//1051 1052//1052 1055//1055
f 1052//1052 1053//1053 1056//1056
f 1049//1049 1057//1057 1054//1054
f 1049//1049 1058//1058 1057//1057
f 1049//1049 1055//1055 1058//1058
f 1052//1052 1056//1056 1055//1055
f 1058//1058 1059//1059 1057//1057
f 1058//1058 1055//1055 1060//1060
f 1055//1055 1056//1056 1061//1061
f 1060//1060 1062//1062 1063//1063
f 1058//1058 1060//1060 1059//1059
f 1055//1055 1061//1061 1060//1060
f 1060//1060 1064//1064 1062//1062
f 1060//1060 1061//1061 1064//1064
f 1056//1056 1065//1065 1061//1061
f 1061//1061 1066//1066 1064//1064
f 1064//1064 1067//1067 1062//1062
f 1037//1037 1042//1042 1068//1068
f 1068//1068 1042//1042 1069//1069
f 1037//1037 1068//1068 1045//1045
f 1068//1068 1069//1069 1070//1070
f 1068//1068 1070//1070 1071//1071
f 1068//1068 1071//1071 1072//1072
f 1044//1044 1045//1045 1073//1073
f 1068//1068 1072//1072 1045//1045
f 1045//1045 1072//1072 1073//1073
f 1071//1071 1070//1070 1074//1074
f 1071//1071 1074//1074 1075//1075
f 1071//1071 1075//1075 1072//1072
f 1072//1072 1075//1075 1076//1076
f 1077//1077 1076//1076 1078//1078
f 1044//1044 1073//1073 1053//1053
f 1072//1072 1076//1076 1077//1077
f 1073//1073 1072//1072 1079//1079
f 1072//1072 1077//1077 1079//1079
f 1073//1073 1079//1079 1053//1053
f 1077//1077 1078//1078 1080//1080
f 1053//1053 1079//1079 1081//1081
f 1077//1077 1081//1081 1079//1079
f 1077//1077 1080//1080 1082//1082
f 1056//1056 1053//1053 1083//1083
f 1077//1077 1082//1082 1081//1081
f 1053//1053 1081//1081 1083//1083
f 1082//1082 1080//1080 1084//1084
f 1056//1056 1083//1083 1065//1065
f 1082//1082 1084//1084 1085//1085
f 1082//1082 1085//1085 1081//1081
f 1083//1083 1081//1081 1065//1065
f 1061//1061 1065//1065 1066//1066
f 1066//1066 1086//1086 1067//1067
f 1064//1064 1066//1066 1067//1067
f 1085//1085 1084//1084 1087//1087
f 1066//1066 1088//1088 1086//1086
f 1081//1081 1085//1085 1065//1065
f 1085//1085 1088//1088 1066//1066
f 1065//1065 1085//1085 1066//1066
f 1089//1089 1090//1090 1091//1091
f 1089//1089 1092//1092 1090//1090
f 1089//1089 1093//1093 1092//1092
f 1094//1094 1095//1095 1096//1096
f 1089//1089 1091//1091 1095//1095
f 1089//1089 1095//1095 1094//1094
f 1089//1089 1094//1094 1093//1093
f 1093//1093 1094//1094 1097//1097
f 1092//1092 1098//1098 1099//1099
f 1092//1092 1093//1093 1100//1100
f 1092//1092 1101//1101 1098//1098
f 1092//1092 1100//1100 1101//1101
f 1093//1093 1102//1102 1100//1100
f 1093//1093 1103//1103 1102//1102
f 1093//1093 1097//1097 1103//1103
f 1104//1104 1096//1096 1105//1105
f 1094//1094 1096//1096 1104//1104
f 1094//1094 1104//1104 1097//1097
f 1104//1104 1106//1106 1107//1107
f 1107//1107 1106//1106 1108//1108
f 1104//1104 1109//1109 1097//1097
f 1104//1104 1107//1107 1109//1109
f 1097//1097 1109//1109 1103//1103
f 1101//1101 1110//1110 1098//1098
f 1101//1101 1100//1100 1111//1111
f 1100//1100 1102//1102 1111//1111
f 1101//1101 1112//1112 1110//1110
f 1102//1102 1103//1103 1113//1113
f 1107//1107 1108//1108 1114//1114
f 1109//1109 1107//1107 1115//1115
f 1109//1109 1115//1115 1103//1103
f 1101//1101 1116//1116 1112//1112
f 1101//1101 1111//1111 1116//1116
f 1102//1102 1113//1113 1111//1111
f 1103//1103 1117//1117 1113//1113
f 1107//1107 1114//1114 1118//1118
f 1107//1107 1118//1118 1115//1115
f 1103//1103 1115//1115 1117//1117
f 1118//1118 1114//1114 1119//1119
f 1116//1116 1120//1120 1112//1112
f 1121//1121 1122//1122 1123//1123
f 1124//1124 1122//1122 1121//1121
f 1124//1124 1125//1125 1122//1122
f 1124//1124 1121//1121 1126//1126
f 1126//1126 1121//1121 1127//1127
f 1126//1126 1127//1127 1128//1128
f 1126//1126 1128//1128 1129//1129
f 1130//1130 1131//1131 1120//1120
f 1132//1132 1123//1123 1133//1133
f 1132//1132 1131//1131 1130//1130
f 1130//1130 1120//1120 1116//1116
f 1132//1132 1121//1121 1123//1123
f 1132//1132 1127//1127 1121//1121
f 1132//1132 1130//1130 1134//1134
f 1130//1130 1116//1116 1135//1135
f 1116//1116 1111//1111 1135//1135
f 1111//1111 1113//1113 1136//1136
f 1132//1132 1134//1134 1127//1127
f 1134//1134 1128//1128 1127//1127
f 1130//1130 1135//1135 1134//1134
f 1134//1134 1137//1137 1128//1128
f 1134//1134 1135//1135 1137//1137
f 1111//1111 1136//1136 1135//1135
f 1135//1135 1136//1136 1137//1137
f 1113//1113 1117//1117 1136//1136
f 1128//1128 1137//1137 1129//1129
f 1137//1137 1138//1138 1129//1129
f 1136//1136 1138//1138 1137//1137
f 1136//1136 1117//1117 1139//1139
f 1136//1136 1139//1139 1138//1138
f 1140//1140 1119//1119 1141//1141
f 1142//1142 1141//1141 1143//1143
f 1142//1142 1144//1144 1125//1125
f 1142//1142 1140//1140 1141//1141
f 1124//1124 1142//1142 1125//1125
f 1124//1124 1126//1126 1142//1142
f 1142//1142 1145//1145 1140//1140
f 1126//1126 1145//1145 1142//1142
f 1126//1126 1129//1129 1145//1145
f 1140//1140 1118//1118 1119//1119
f 1140//1140 1146//1146 1118//1118
f 1115//1115 1118//1118 1146//1146
f 1115//1115 1139//1139 1117//1117
f 1140//1140 1145//1145 1146//1146
f 1145//1145 1129//1129 1138//1138
f 1145//1145 1138//1138 1146//1146
f 1115//1115 1146//1146 1139//1139
f 1146//1146 1138//1138 1139//1139
f 1147//1147 1148//1148 1149//1149
f 1147//1147 1150//1150 1151//1151
f 1147//1147 1149//1149 1150//1150
f 1147//1147 1151//1151 1152//1152
f 1152//1152 1151//1151 1153//1153
f 1152//1152 1153//1153 1154//1154
f 1152//1152 1154//1154 1155//1155
f 1147//1147 1152//1152 1156//1156
f 1152//1152 1155//1155 1157//1157
f 1152//1152 1157//1157 1156//1156
f 1147//1147 1158//1158 1148//1148
f 1147//1147 1159//1159 1158//1158
f 1147//1147 1156//1156 1159//1159
f 1159//1159 1156//1156 1160//1160
f 1159//1159 1160//1160 1158//1158
f 1160//1160 1156//1156 1161//1161
f 1156//1156 1157//1157 1161//1161
f 1148//1148 1162//1162 1149//1149
f 1148//1148 1163//1163 1162//1162
f 1148//1148 1164//1164 1163//1163
f 1155//1155 1154//1154 1165//1165
f 1155//1155 1165//1165 1166//1166
f 1155//1155 1166//1166 1157//1157
f 1167//1167 1166//1166 1168//1168
f 1157//1157 1166//1166 1167//1167
f 1167//1167 1168//1168 1169//1169
f 1148//1148 1170//1170 1164//1164
f 1148//1148 1158//1158 1170//1170
f 1170//1170 1171//1171 1164//1164
f 1160//1160 1172//1172 1173//1173
f 1158//1158 1160//1160 1174//1174
f 1158//1158 1174//1174 1170//1170
f 1160//1160 1173//1173 1174//1174
f 1160//1160 1161//1161 1172//1172
f 1157//1157 1175//1175 1161//1161
f 1157//1157 1167//1167 1175//1175
f 1161//1161 1175//1175 1172//1172
f 1167//1167 1169//1169 1176//1176
f 1170//1170 1177//1177 1171//1171
f 1173//1173 1172//1172 1178//1178
f 1170//1170 1174//1174 1179//1179
f 1174//1174 1173//1173 1179//1179
f 1175//1175 1180//1180 1172//1172
f 1167//1167 1180//1180 1175//1175
f 1167//1167 1176//1176 1181//1181
f 1170//1170 1182//1182 1177//1177
f 1170//1170 1183//1183 1182//1182
f 1170//1170 1179//1179 1183//1183
f 1173//1173 1178//1178 1179//1179
f 1172//1172 1184//1184 1178//1178
f 1167//1167 1181//1181 1180//1180
f 1172//1172 1180//1180 1184//1184
f 1181//1181 1176//1176 1185//1185
f 1181//1181 1185//1185 1186//1186
f 1186//1186 1185//1185 1187//1187
f 1188//1188 1189//1189 1190//1190
f 1186//1186 1189//1189 1188//1188
f 1183//1183 1191//1191 1182//1182
f 1183//1183 1179//1179 1192//1192
f 1179//1179 1178//1178 1193//1193
f 1183//1183 1192//1192 1191//1191
f 1192//1192 1194//1194 1195//1195
f 1192//1192 1196//1196 1194//1194
f 1196//1196 1197//1197 1194//1194
f 1178//1178 1198//1198 1193//1193
f 1193//1193 1188//1188 1196//1196
f 1196//1196 1190//1190 1197//1197
f 1179//1179 1193//1193 1192//1192
f 1192//1192 1193//1193 1196//1196
f 1178//1178 1184//1184 1198//1198
f 1181//1181 1186//1186 1180//1180
f 1180//1180 1198//1198 1184//1184
f 1193//1193 1198//1198 1188//1188
f 1196//1196 1188//1188 1190//1190
f 1180//1180 1186//1186 1198//1198
f 1186//1186 1188//1188 1198//1198
f 1199//1199 1200//1200 1201//1201
f 1199//1199 1201//1201 1202//1202
f 1199//1199 1203//1203 1200//1200
f 1199//1199 1204//1204 1203//1203
f 1203//1203 1205//1205 1206//1206
f 1203//1203 1207//1207 1205//1205
f 1203//1203 1204//1204 1208//1208
f 1203//1203 1208//1208 1207//1207
f 1204//1204 1209//1209 1208//1208
f 1207//1207 1210//1210 1205//1205
f 1207//1207 1208//1208 1211//1211
f 1207//1207 1212//1212 1210//1210
f 1209//1209 1211//1211 1208//1208
f 1213//1213 1214//1214 1215//1215
f 1216//1216 1202//1202 1217//1217
f 1216//1216 1217//1217 1218//1218
f 1218//1218 1217//1217 1219//1219
f 1216//1216 1218//1218 1220//1220
f 1204//1204 1216//1216 1220//1220
f 1199//1199 1202//1202 1216//1216
f 1199//1199 1216//1216 1204//1204
f 1218//1218 1214//1214 1213//1213
f 1218//1218 1221//1221 1220//1220
f 1218//1218 1213//1213 1221//1221
f 1220//1220 1221//1221 1222//1222
f 1204//1204 1222//1222 1209//1209
f 1204//1204 1220//1220 1222//1222
f 1213//1213 1215//1215 1223//1223
f 1222//1222 1221//1221 1224//1224
f 1209//1209 1222//1222 1225//1225
f 1213//1213 1224//1224 1221//1221
f 1207//1207 1226//1226 1212//1212
f 1207//1207 1211//1211 1226//1226
f 1209//1209 1225//1225 1211//1211
f 1227//1227 1228//1228 1229//1229
f 1227//1227 1230//1230 1231//1231
f 1230//1230 1232//1232 1231//1231
f 1226//1226 1233//1233 1212//1212
f 1234//1234 1235//1235 1236//1236
f 1227//1227 1229//1229 1235//1235
f 1237//1237 1238//1238 1233//1233
f 1234//1234 1227//1227 1235//1235
f 1234//1234 1230//1230 1227//1227
f 1234//1234 1238//1238 1237//1237
f 1234//1234 1237//1237 1239//1239
f 1237//1237 1233//1233 1226//1226
f 1237//1237 1226//1226 1240//1240
f 1226//1226 1211//1211 1240//1240
f 1225//1225 1241//1241 1211//1211
f 1234//1234 1239//1239 1230//1230
f 1230//1230 1239//1239 1232//1232
f 1239//1239 1242//1242 1232//1232
f 1232//1232 1242//1242 1243//1243
f 1237//1237 1240//1240 1239//1239
f 1239//1239 1240//1240 1242//1242
f 1240//1240 1211//1211 1241//1241
f 1240//1240 1241//1241 1242//1242
f 1244//1244 1223//1223 1245//1245
f 1213//1213 1223//1223 1244//1244
f 1213//1213 1244//1244 1224//1224
f 1222//1222 1224//1224 1246//1246
f 1222//1222 1246//1246 1225//1225
f 1247//1247 1245//1245 1248//1248
f 1249//1249 1250//1250 1228//1228
f 1251//1251 1249//1249 1228//1228
f 1251//1251 1231//1231 1249//1249
f 1249//1249 1248//1248 1252//1252
f 1227//1227 1251//1251 1228//1228
f 1227//1227 1231//1231 1251//1251
f 1249//1249 1247//1247 1248//1248
f 1247//1247 1244//1244 1245//1245
f 1249//1249 1253//1253 1247//1247
f 1247//1247 1254//1254 1244//1244
f 1249//1249 1231//1231 1253//1253
f 1231//1231 1243//1243 1253//1253
f 1232//1232 1243//1243 1231//1231
f 1247//1247 1253//1253 1254//1254
f 1243//1243 1255//1255 1253//1253
f 1253//1253 1255//1255 1254//1254
f 1244//1244 1254//1254 1224//1224
f 1246//1246 1224//1224 1256//1256
f 1225//1225 1246//1246 1241//1241
f 1242//1242 1255//1255 1243//1243
f 1254//1254 1256//1256 1224//1224
f 1254//1254 1255//1255 1256//1256
f 1241//1241 1256//1256 1255//1255
f 1241//1241 1255//1255 1242//1242
f 1241//1241 1246//1246 1256//1256
f 1257//1257 1258//1258 1259//1259
f 1257//1257 1260//1260 1261//1261
f 1257//1257 1259//1259 1260//1260
f 1257//1257 1262//1262 1258//1258
f 1257//1257 1261//1261 1263//1263
f 1257//1257 1263//1263 1264//1264
f 1257//1257 1265//1265 1262//1262
f 1265//1265 1266//1266 1262//1262
f 1265//1265 1267//1267 1268//1268
f 1265//1265 1268//1268 1266//1266
f 1265//1265 1269//1269 1267//1267
f 1265//1265 1270//1270 1269//1269
f 1257//1257 1264//1264 1265//1265
f 1264//1264 1271//1271 1272//1272
f 1265//1265 1264//1264 1270//1270
f 1264//1264 1272//1272 1270//1270
f 1261//1261 1260//1260 1273//1273
f 1261//1261 1273//1273 1274//1274
f 1261//1261 1274//1274 1263//1263
f 1263//1263 1274//1274 1275//1275
f 1263//1263 1275//1275 1276//1276
f 1276//1276 1275//1275 1277//1277
f 1267//1267 1278//1278 1268//1268
f 1267//1267 1279//1279 1278//1278
f 1267//1267 1280//1280 1279//1279
f 1267//1267 1281//1281 1280//1280
f 1267//1267 1269//1269 1281//1281
f 1281//1281 1282//1282 1280//1280
f 1271//1271 1283//1283 1272//1272
f 1283//1283 1284//1284 1272//1272
f 1264//1264 1263//1263 1271//1271
f 1263//1263 1285//1285 1271//1271
f 1263//1263 1276//1276 1285//1285
f 1271//1271 1285//1285 1283//1283
f 1270//1270 1272//1272 1269//1269
f 1269//1269 1272//1272 1286//1286
f 1269//1269 1286//1286 1281//1281
f 1272//1272 1284//1284 1286//1286
f 1281//1281 1287//1287 1282//1282
f 1276//1276 1277//1277 1288//1288
f 1283//1283 1289//1289 1284//1284
f 1276//1276 1290//1290 1285//1285
f 1283//1283 1285//1285 1290//1290
f 1281//1281 1286//1286 1291//1291
f 1284//1284 1291//1291 1286//1286
f 1288//1288 1277//1277 1292//1292
f 1283//1283 1293//1293 1289//1289
f 1276//1276 1288//1288 1290//1290
f 1283//1283 1290//1290 1293//1293
f 1281//1281 1294//1294 1287//1287
f 1281//1281 1291//1291 1294//1294
f 1284//1284 1289//1289 1291//1291
f 1288//1288 1292//1292 1295//1295
f 1294//1294 1296//1296 1287//1287
f 1297//1297 1295//1295 1298//1298
f 1297//1297 1299//1299 1300//1300
f 1301//1301 1300//1300 1302//1302
f 1294//1294 1303//1303 1296//1296
f 1304//1304 1305//1305 1306//1306
f 1307//1307 1308//1308 1305//1305
f 1293//1293 1309//1309 1289//1289
f 1297//1297 1300//1300 1301//1301
f 1309//1309 1301//1301 1310//1310
f 1301//1301 1302//1302 1307//1307
f 1301//1301 1307//1307 1310//1310
f 1304//1304 1307//1307 1305//1305
f 1309//1309 1310//1310 1289//1289
f 1307//1307 1302//1302 1308//1308
f 1288//1288 1295//1295 1297//1297
f 1288//1288 1297//1297 1290//1290
f 1293//1293 1290//1290 1309//1309
f 1290//1290 1297//1297 1309//1309
f 1297//1297 1301//1301 1309//1309
f 1294//1294 1291//1291 1304//1304
f 1289//1289 1310//1310 1291//1291
f 1294//1294 1304//1304 1303//1303
f 1291//1291 1310//1310 1304//1304
f 1304//1304 1310//1310 1307//1307
f 1311//1311 1312//1312 1313//1313
f 1314//1314 1315//1315 1312//1312
f 1314//1314 1312//1312 1311//1311
f 1314//1314 1311//1311 1316//1316
f 1311//1311 1317//1317 1318//1318
f 1318//1318 1317//1317 1319//1319
f 1311//1311 1320//1320 1316//1316
f 1311//1311 1318//1318 1320//1320
f 1316//1316 1320//1320 1321//1321
f 1318//1318 1319//1319 1322//1322
f 1318//1318 1323//1323 1320//1320
f 1321//1321 1320//1320 1323//1323
f 1324//1324 1325//1325 1326//1326
f 1314//1314 1327//1327 1315//1315
f 1314//1314 1328//1328 1327//1327
f 1314//1314 1316//1316 1329//1329
f 1314//1314 1329//1329 1328//1328
f 1328//1328 1330//1330 1327//1327
f 1328//1328 1324//1324 1330//1330
f 1328//1328 1329//1329 1324//1324
f 1316//1316 1321//1321 1329//1329
f 1324//1324 1329//1329 1331//1331
f 1324//1324 1332//1332 1325//1325
f 1324//1324 1331//1331 1332//1332
f 1329//1329 1333//1333 1331//1331
f 1321//1321 1333//1333 1329//1329
f 1332//1332 1334//1334 1325//1325
f 1332//1332 1335//1335 1334//1334
f 1333//1333 1336//1336 1331//1331
f 1321//1321 1337//1337 1333//1333
f 1332//1332 1331//1331 1336//1336
f 1318//1318 1322//1322 1338//1338
f 1318//1318 1338//1338 1323//1323
f 1338//1338 1322//1322 1339//1339
f 1321//1321 1323//1323 1340//1340
f 1341//1341 1342//1342 1343//1343
f 1341//1341 1344//1344 1342//1342
f 1345//1345 1339//1339 1346//1346
f 1347//1347 1348//1348 1349//1349
f 1341//1341 1349//1349 1344//1344
f 1347//1347 1346//1346 1350//1350
f 1347//1347 1345//1345 1346//1346
f 1347//1347 1349//1349 1341//1341
f 1347//1347 1341//1341 1343//1343
f 1347//1347 1351//1351 1345//1345
f 1345//1345 1338//1338 1339//1339
f 1345//1345 1352//1352 1338//1338
f 1338//1338 1352//1352 1323//1323
f 1340//1340 1323//1323 1353//1353
f 1347//1347 1343//1343 1351//1351
f 1343//1343 1354//1354 1351//1351
f 1351//1351 1354//1354 1355//1355
f 1343//1343 1356//1356 1354//1354
f 1345//1345 1351//1351 1352//1352
f 1351//1351 1355//1355 1352//1352
f 1352//1352 1353//1353 1323//1323
f 1352//1352 1355//1355 1353//1353
f 1321//1321 1340//1340 1337//1337
f 1332//1332 1357//1357 1335//1335
f 1332//1332 1336//1336 1357//1357
f 1333//1333 1337//1337 1336//1336
f 1357//1357 1358//1358 1335//1335
f 1359//1359 1360//1360 1361//1361
f 1342//1342 1360//1360 1359//1359
f 1342//1342 1359//1359 1362//1362
f 1342//1342 1344//1344 1360//1360
f 1359//1359 1363//1363 1364//1364
f 1364//1364 1363//1363 1358//1358
f 1364//1364 1358//1358 1357//1357
f 1359//1359 1364//1364 1365//1365
f 1364//1364 1357//1357 1366//1366
f 1343//1343 1342//1342 1362//1362
f 1343//1343 1362//1362 1356//1356
f 1359//1359 1365//1365 1362//1362
f 1362//1362 1365//1365 1356//1356
f 1364//1364 1366//1366 1365//1365
f 1356//1356 1365//1365 1367//1367
f 1365//1365 1366//1366 1367//1367
f 1357//1357 1336//1336 1366//1366
f 1337//1337 1368//1368 1336//1336
f 1340//1340 1368//1368 1337//1337
f 1354//1354 1367//1367 1355//1355
f 1354//1354 1356//1356 1367//1367
f 1353//1353 1355//1355 1368//1368
f 1340//1340 1353//1353 1368//1368
f 1355//1355 1367//1367 1368//1368
f 1366//1366 1336//1336 1368//1368
f 1366//1366 1368//1368 1367//1367
f 1369//1369 1370//1370 1371//1371
f 1369//1369 1372//1372 1373//1373
f 1369//1369 1373//1373 1370//1370
f 1369//1369 1374//1374 1375//1375
f 1369//1369 1375//1375 1372//1372
f 1369//1369 1376//1376 1374//1374
f 1369//1369 1371//1371 1377//1377
f 1369//1369 1377//1377 1376//1376
f 1376//1376 1377//1377 1378//1378
f 1376//1376 1378//1378 1379//1379
f 1374//1374 1380//1380 1375//1375
f 1374//1374 1381//1381 1380//1380
f 1376//1376 1382//1382 1374//1374
f 1374//1374 1383//1383 1381//1381
f 1374//1374 1382//1382 1383//1383
f 1376//1376 1379//1379 1382//1382
f 1382//1382 1379//1379 1383//1383
f 1371//1371 1370//1370 1384//1384
f 1371//1371 1384//1384 1385//1385
f 1371//1371 1385//1385 1377//1377
f 1377//1377 1385//1385 1386//1386
f 1377//1377 1386//1386 1387//1387
f 1387//1387 1386//1386 1388//1388
f 1377//1377 1389//1389 1378//1378
f 1377//1377 1387//1387 1389//1389
f 1378//1378 1389//1389 1390//1390
f 1378//1378 1390//1390 1379//1379
f 1381//1381 1391//1391 1380//1380
f 1381//1381 1392//1392 1391//1391
f 1381//1381 1393//1393 1392//1392
f 1381//1381 1394//1394 1393//1393
f 1381//1381 1383//1383 1394//1394
f 1394//1394 1395//1395 1393//1393
f 1390//1390 1396//1396 1379//1379
f 1383//1383 1379//1379 1397//1397
f 1383//1383 1397//1397 1394//1394
f 1379//1379 1396//1396 1397//1397
f 1387//1387 1388//1388 1398//1398
f 1394//1394 1399//1399 1395//1395
f 1387//1387 1400//1400 1389//1389
f 1389//1389 1400//1400 1390//1390
f 1390//1390 1401//1401 1396//1396
f 1397//1397 1396//1396 1402//1402
f 1394//1394 1397//1397 1402//1402
f 1387//1387 1398//1398 1403//1403
f 1394//1394 1404//1404 1399//1399
f 1387//1387 1403//1403 1400//1400
f 1390//1390 1400//1400 1405//1405
f 1390//1390 1405//1405 1401//1401
f 1394//1394 1406//1406 1404//1404
f 1394//1394 1402//1402 1406//1406
f 1396//1396 1401//1401 1402//1402
f 1403//1403 1398//1398 1407//1407
f 1403//1403 1407//1407 1408//1408
f 1403//1403 1408//1408 1400//1400
f 1400//1400 1409//1409 1405//1405
f 1405//1405 1409//1409 1401//1401
f 1408//1408 1407//1407 1410//1410
f 1411//1411 1412//1412 1413//1413
f 1408//1408 1412//1412 1411//1411
f 1411//1411 1413//1413 1414//1414
f 1400//1400 1408//1408 1409//1409
f 1408//1408 1411//1411 1409//1409
f 1409//1409 1411//1411 1415//1415
f 1411//1411 1414//1414 1416//1416
f 1406//1406 1417//1417 1404//1404
f 1416//1416 1414//1414 1418//1418
f 1406//1406 1419//1419 1417//1417
f 1419//1419 1418//1418 1420//1420
f 1419//1419 1416//1416 1418//1418
f 1406//1406 1402//1402 1419//1419
f 1402//1402 1401//1401 1415//1415
f 1411//1411 1416//1416 1415//1415
f 1401//1401 1409//1409 1415//1415
f 1402//1402 1415//1415 1419//1419
f 1419//1419 1415//1415 1416//1416
f 1421//1421 1422//1422 1423//1423
f 1424//1424 1422//1422 1421//1421
f 1424//1424 1421//1421 1425//1425
f 1424//1424 1426//1426 1422//1422
f 1424//1424 1427//1427 1426//1426
f 1424//1424 1425//1425 1428//1428
f 1424//1424 1429//1429 1427//1427
f 1424//1424 1428//1428 1429//1429
f 1430//1430 1431//1431 1432//1432
f 1421//1421 1431//1431 1430//1430
f 1421//1421 1433//1433 1425//1425
f 1421//1421 1430//1430 1433//1433
f 1425//1425 1433//1433 1434//1434
f 1425//1425 1434//1434 1428//1428
f 1434//1434 1435//1435 1428//1428
f 1429//1429 1436//1436 1427//1427
f 1429//1429 1437//1437 1436//1436
f 1429//1429 1428//1428 1437//1437
f 1437//1437 1438//1438 1439//1439
f 1437//1437 1440//1440 1438//1438
f 1437//1437 1428//1428 1441//1441
f 1437//1437 1441//1441 1440//1440
f 1428//1428 1435//1435 1441//1441
f 1430//1430 1432//1432 1442//1442
f 1430//1430 1443//1443 1433//1433
f 1433//1433 1443//1443 1434//1434
f 1434//1434 1444//1444 1435//1435
f 1440//1440 1445//1445 1438//1438
f 1441//1441 1446//1446 1440//1440
f 1435//1435 1446//1446 1441//1441
f 1440//1440 1447//1447 1445//1445
f 1430//1430 1442//1442 1448//1448
f 1430//1430 1448//1448 1443//1443
f 1434//1434 1443//1443 1449//1449
f 1448//1448 1442//1442 1450//1450
f 1434//1434 1449//1449 1444//1444
f 1440//1440 1451//1451 1447//1447
f 1440//1440 1446//1446 1451//1451
f 1435//1435 1444//1444 1446//1446
f 1452//1452 1450//1450 1453//1453
f 1454//1454 1455//1455 1456//1456
f 1457//1457 1453//1453 1458//1458
f 1454//1454 1459//1459 1455//1455
f 1457//1457 1452//1452 1453//1453
f 1457//1457 1459//1459 1454//1454
f 1452//1452 1448//1448 1450//1450
f 1457//1457 1454//1454 1460//1460
f 1457//1457 1461//1461 1452//1452
f 1452//1452 1462//1462 1448//1448
f 1448//1448 1462//1462 1443//1443
f 1443//1443 1463//1463 1449//1449
f 1457//1457 1460//1460 1461//1461
f 1461//1461 1460//1460 1464//1464
f 1452//1452 1461//1461 1462//1462
f 1461//1461 1464//1464 1465//1465
f 1461//1461 1465//1465 1462//1462
f 1443//1443 1462//1462 1463//1463
f 1462//1462 1465//1465 1463//1463
f 1454//1454 1466//1466 1460//1460
f 1454//1454 1456//1456 1466//1466
f 1466//1466 1456//1456 1467//1467
f 1460//1460 1466//1466 1468//1468
f 1460//1460 1468//1468 1469//1469
f 1449//1449 1470//1470 1444//1444
f 1460//1460 1469//1469 1464//1464
f 1449//1449 1463//1463 1470//1470
f 1463//1463 1465//1465 1470//1470
f 1464//1464 1471//1471 1465//1465
f 1464//1464 1469//1469 1471//1471
f 1465//1465 1471//1471 1470//1470
f 1451//1451 1472//1472 1447//1447
f 1473//1473 1474//1474 1472//1472
f 1475//1475 1467//1467 1476//1476
f 1475//1475 1474//1474 1473//1473
f 1466//1466 1467//1467 1475//1475
f 1466//1466 1475//1475 1468//1468
f 1475//1475 1473//1473 1477//1477
f 1468//1468 1475//1475 1477//1477
f 1468//1468 1477//1477 1469//1469
f 1473//1473 1472//1472 1451//1451
f 1473//1473 1451//1451 1478//1478
f 1446//1446 1478//1478 1451//1451
f 1444//1444 1470//1470 1446//1446
f 1473//1473 1478//1478 1477//1477
f 1477//1477 1471//1471 1469//1469
f 1477//1477 1478//1478 1471//1471
f 1446//1446 1470//1470 1478//1478
f 1478//1478 1470//1470 1471//1471
f 1479//1479 1480//1480 1481//1481
f 1479//1479 1481//1481 1482//1482
f 1479//1479 1482//1482 1483//1483
f 1479//1479 1483//1483 1484//1484
f 1484//1484 1483//1483 1485//1485
f 1479//1479 1486//1486 1480//1480
f 1479//1479 1484//1484 1487//1487
f 1484//1484 1485//1485 1488//1488
f 1482//1482 1481//1481 1489//1489
f 1482//1482 1489//1489 1490//1490
f 1482//1482 1490//1490 1483//1483
f 1483//1483 1490//1490 1491//1491
f 1492//1492 1491//1491 1493//1493
f 1483//1483 1491//1491 1492//1492
f 1483//1483 1494//1494 1485//1485
f 1483//1483 1492//1492 1494//1494
f 1485//1485 1494//1494 1495//1495
f 1485//1485 1495//1495 1488//1488
f 1492//1492 1493//1493 1496//1496
f 1492//1492 1497//1497 1494//1494
f 1494//1494 1497//1497 1495//1495
f 1492//1492 1496//1496 1498//1498
f 1492//1492 1498//1498 1497//1497
f 1495//1495 1497//1497 1499//1499
f 1495//1495 1499//1499 1500//1500
f 1498//1498 1496//1496 1501//1501
f 1498//1498 1501//1501 1502//1502
f 1498//1498 1502//1502 1497//1497
f 1497//1497 1503//1503 1499//1499
f 1499//1499 1503//1503 1500//1500
f 1502//1502 1501//1501 1504//1504
f 1505//1505 1506//1506 1507//1507
f 1497//1497 1502//1502 1503//1503
f 1502//1502 1506//1506 1505//1505
f 1502//1502 1505//1505 1503//1503
f 1503//1503 1505//1505 1508//1508
f 1505//1505 1507//1507 1509//1509
f 1479//1479 1487//1487 1486//1486
f 1487//1487 1510//1510 1486//1486
f 1484//1484 1511//1511 1487//1487
f 1484//1484 1488//1488 1511//1511
f 1487//1487 1512//1512 1510//1510
f 1487//1487 1513//1513 1512//1512
f 1487//1487 1514//1514 1513//1513
f 1487//1487 1511//1511 1514//1514
f 1511//1511 1488//1488 1514//1514
f 1495//1495 1515//1515 1488//1488
f 1513//1513 1516//1516 1512//1512
f 1513//1513 1517//1517 1516//1516
f 1513//1513 1518//1518 1517//1517
f 1513//1513 1519//1519 1518//1518
f 1519//1519 1520//1520 1518//1518
f 1513//1513 1514//1514 1519//1519
f 1488//1488 1521//1521 1514//1514
f 1488//1488 1515//1515 1521//1521
f 1514//1514 1521//1521 1519//1519
f 1519//1519 1522//1522 1520//1520
f 1495//1495 1500//1500 1515//1515
f 1515//1515 1523//1523 1521//1521
f 1519//1519 1521//1521 1523//1523
f 1519//1519 1524//1524 1522//1522
f 1519//1519 1525//1525 1524//1524
f 1515//1515 1500//1500 1523//1523
f 1519//1519 1523//1523 1525//1525
f 1525//1525 1526//1526 1524//1524
f 1500//1500 1508//1508 1523//1523
f 1525//1525 1523//1523 1527//1527
f 1503//1503 1508//1508 1500//1500
f 1505//1505 1528//1528 1508//1508
f 1505//1505 1509//1509 1528//1528
f 1528//1528 1509//1509 1529//1529
f 1527//1527 1529//1529 1530//1530
f 1525//1525 1527//1527 1526//1526
f 1523//1523 1508//1508 1527//1527
f 1527//1527 1528//1528 1529//1529
f 1508//1508 1528//1528 1527//1527
f 1531//1531 1532//1532 1533//1533
f 1534//1534 1532//1532 1531//1531
f 1534//1534 1531//1531 1535//1535
f 1531//1531 1536//1536 1537//1537
f 1537//1537 1536//1536 1538//1538
f 1531//1531 1539//1539 1535//1535
f 1531//1531 1537//1537 1539//1539
f 1535//1535 1539//1539 1540//1540
f 1534//1534 1541//1541 1532//1532
f 1534//1534 1535//1535 1542//1542
f 1534//1534 1543//1543 1541//1541
f 1534//1534 1542//1542 1543//1543
f 1543//1543 1544//1544 1541//1541
f 1543//1543 1545//1545 1544//1544
f 1543//1543 1542//1542 1546//1546
f 1543//1543 1546//1546 1545//1545
f 1535//1535 1540//1540 1542//1542
f 1540//1540 1547//1547 1542//1542
f 1546//1546 1548//1548 1549//1549
f 1542//1542 1550//1550 1546//1546
f 1542//1542 1547//1547 1550//1550
f 1546//1546 1551//1551 1548//1548
f 1546//1546 1550//1550 1551//1551
f 1537//1537 1538//1538 1552//1552
f 1537//1537 1553//1553 1539//1539
f 1539//1539 1553//1553 1540//1540
f 1551//1551 1554//1554 1548//1548
f 1540//1540 1555//1555 1547//1547
f 1547//1547 1556//1556 1550//1550
f 1551//1551 1550//1550 1556//1556
f 1551//1551 1557//1557 1554//1554
f 1537//1537 1552//1552 1558//1558
f 1537//1537 1558//1558 1553//1553
f 1540//1540 1553//1553 1559//1559
f 1558//1558 1552//1552 1560//1560
f 1540//1540 1559//1559 1555//1555
f 1551//1551 1561//1561 1557//1557
f 1547//1547 1555//1555 1556//1556
f 1551//1551 1556//1556 1561//1561
f 1562//1562 1560//1560 1563//1563
f 1564//1564 1563//1563 1565//1565
f 1564//1564 1566//1566 1567//1567
f 1562//1562 1563//1563 1564//1564
f 1564//1564 1567//1567 1568//1568
f 1562//1562 1564//1564 1569//1569
f 1564//1564 1568//1568 1570//1570
f 1564//1564 1570//1570 1569//1569
f 1569//1569 1570//1570 1571//1571
f 1562//1562 1558//1558 1560//1560
f 1562//1562 1572//1572 1558//1558
f 1558//1558 1572//1572 1553//1553
f 1553//1553 1573//1573 1559//1559
f 1562//1562 1569//1569 1572//1572
f 1569//1569 1571//1571 1574//1574
f 1569//1569 1574//1574 1572//1572
f 1553//1553 1572//1572 1573//1573
f 1572//1572 1574//1574 1573//1573
f 1561//1561 1575//1575 1557//1557
f 1568//1568 1567//1567 1576//1576
f 1568//1568 1577//1577 1570//1570
f 1568//1568 1576//1576 1577//1577
f 1571//1571 1570//1570 1578//1578
f 1570//1570 1577//1577 1579//1579
f 1570//1570 1579//1579 1578//1578
f 1559//1559 1580//1580 1555//1555
f 1571//1571 1581//1581 1574//1574
f 1559//1559 1573//1573 1580//1580
f 1573//1573 1574//1574 1580//1580
f 1571//1571 1578//1578 1581//1581
f 1574//1574 1581//1581 1580//1580
f 1577//1577 1576//1576 1582//1582
f 1583//1583 1584//1584 1575//1575
f 1585//1585 1582//1582 1586//1586
f 1585//1585 1584//1584 1583//1583
f 1583//1583 1575//1575 1561//1561
f 1577//1577 1582//1582 1585//1585
f 1577//1577 1585//1585 1579//1579
f 1585//1585 1583//1583 1587//1587
f 1583//1583 1561//1561 1588//1588
f 1555//1555 1580//1580 1556//1556
f 1561//1561 1556//1556 1588//1588
f 1578//1578 1587//1587 1581//1581
f 1585//1585 1587//1587 1579//1579
f 1579//1579 1587//1587 1578//1578
f 1583//1583 1588//1588 1587//1587
f 1587//1587 1588//1588 1581//1581
f 1556//1556 1580//1580 1588//1588
f 1580//1580 1581//1581 1588//1588
f 1589//1589 1590//1590 1591//1591
f 1589//1589 1592//1592 1593//1593
f 1589//1589 1594//1594 1592//1592
f 1589//1589 1595//1595 1594//1594
f 1589//1589 1593//1593 1590//1590
f 1589//1589 1591//1591 1596//1596
f 1591//1591 1590//1590 1597//1597
f 1591//1591 1597//1597 1598//1598
f 1589//1589 1596//1596 1595//1595
f 1596//1596 1599//1599 1595//1595
f 1596//1596 1600//1600 1599//1599
f 1596//1596 1601//1601 1600//1600
f 1591//1591 1598//1598 1602//1602
f 1591//1591 1602//1602 1596//1596
f 1596//1596 1602//1602 1603//1603
f 1596//1596 1603//1603 1601//1601
f 1602//1602 1598//1598 1603//1603
f 1604//1604 1605//1605 1606//1606
f 1590//1590 1605//1605 1604//1604
f 1604//1604 1606//1606 1607//1607
f 1593//1593 1592//1592 1608//1608
f 1593//1593 1608//1608 1605//1605
f 1593//1593 1605//1605 1590//1590
f 1590//1590 1609//1609 1597//1597
f 1590//1590 1604//1604 1609//1609
f 1597//1597 1609//1609 1610//1610
f 1597//1597 1610//1610 1598//1598
f 1601//1601 1611//1611 1600//1600
f 1601//1601 1612//1612 1611//1611
f 1601//1601 1613//1613 1612//1612
f 1610//1610 1614//1614 1598//1598
f 1601//1601 1603//1603 1615//1615
f 1601//1601 1615//1615 1613//1613
f 1615//1615 1616//1616 1613//1613
f 1598//1598 1617//1617 1603//1603
f 1598//1598 1614//1614 1617//1617
f 1603//1603 1617//1617 1615//1615
f 1604//1604 1607//1607 1618//1618
f 1615//1615 1619//1619 1616//1616
f 1604//1604 1620//1620 1609//1609
f 1609//1609 1620//1620 1610//1610
f 1610//1610 1621//1621 1614//1614
f 1617//1617 1622//1622 1615//1615
f 1614//1614 1622//1622 1617//1617
f 1604//1604 1618//1618 1623//1623
f 1615//1615 1624//1624 1619//1619
f 1604//1604 1623//1623 1620//1620
f 1610//1610 1620//1620 1625//1625
f 1610//1610 1625//1625 1621//1621
f 1615//1615 1626//1626 1624//1624
f 1614//1614 1621//1621 1622//1622
f 1615//1615 1622//1622 1626//1626
f 1623//1623 1618//1618 1627//1627
f 1623//1623 1627//1627 1628//1628
f 1628//1628 1627//1627 1629//1629
f 1630//1630 1631//1631 1632//1632
f 1628//1628 1631//1631 1630//1630
f 1623//1623 1628//1628 1620//1620
f 1620//1620 1633//1633 1625//1625
f 1625//1625 1633//1633 1621//1621
f 1620//1620 1628//1628 1633//1633
f 1628//1628 1630//1630 1633//1633
f 1633//1633 1630//1630 1634//1634
f 1630//1630 1632//1632 1635//1635
f 1626//1626 1636//1636 1624//1624
f 1621//1621 1634//1634 1622//1622
f 1622//1622 1637//1637 1626//1626
f 1621//1621 1633//1633 1634//1634
f 1630//1630 1635//1635 1634//1634
f 1635//1635 1632//1632 1638//1638
f 1626//1626 1637//1637 1636//1636
f 1637//1637 1635//1635 1639//1639
f 1637//1637 1639//1639 1640//1640
f 1635//1635 1638//1638 1639//1639
f 1622//1622 1634//1634 1637//1637
f 1634//1634 1635//1635 1637//1637
f 1641//1641 1642//1642 1643//1643
f 1644//1644 1645//1645 1646//1646
f 1644//1644 1647//1647 1645//1645
f 1645//1645 1647//1647 1648//1648
f 1644//1644 1646//1646 1649//1649
f 1644//1644 1650//1650 1647//1647
f 1644//1644 1651//1651 1650//1650
f 1644//1644 1649//1649 1651//1651
f 1645//1645 1642//1642 1641//1641
f 1645//1645 1652//1652 1646//1646
f 1645//1645 1641//1641 1652//1652
f 1646//1646 1652//1652 1653//1653
f 1646//1646 1653//1653 1649//1649
f 1653//1653 1654//1654 1649//1649
f 1641//1641 1643//1643 1655//1655
f 1652//1652 1641//1641 1656//1656
f 1652//1652 1656//1656 1653//1653
f 1653//1653 1657//1657 1654//1654
f 1651//1651 1658//1658 1650//1650
f 1651//1651 1659//1659 1660//1660
f 1651//1651 1649//1649 1659//1659
f 1651//1651 1660//1660 1658//1658
f 1649//1649 1661//1661 1659//1659
f 1649//1649 1654//1654 1661//1661
f 1659//1659 1661//1661 1662//1662
f 1659//1659 1663//1663 1664//1664
f 1659//1659 1662//1662 1663//1663
f 1662//1662 1665//1665 1663//1663
f 1662//1662 1661//1661 1666//1666
f 1662//1662 1667//1667 1665//1665
f 1654//1654 1666//1666 1661//1661
f 1668//1668 1655//1655 1669//1669
f 1641//1641 1655//1655 1668//1668
f 1641//1641 1668//1668 1656//1656
f 1653//1653 1656//1656 1670//1670
f 1653//1653 1670//1670 1657//1657
f 1671//1671 1669//1669 1672//1672
f 1673//1673 1672//1672 1674//1674
f 1671//1671 1672//1672 1673//1673
f 1671//1671 1668//1668 1669//1669
f 1671//1671 1675//1675 1668//1668
f 1671//1671 1673//1673 1676//1676
f 1673//1673 1677//1677 1678//1678
f 1673//1673 1678//1678 1679//1679
f 1673//1673 1679//1679 1680//1680
f 1679//1679 1678//1678 1681//1681
f 1679//1679 1681//1681 1680//1680
f 1676//1676 1682//1682 1675//1675
f 1671//1671 1676//1676 1675//1675
f 1676//1676 1683//1683 1682//1682
f 1676//1676 1673//1673 1680//1680
f 1676//1676 1680//1680 1683//1683
f 1680//1680 1684//1684 1683//1683
f 1656//1656 1668//1668 1675//1675
f 1656//1656 1685//1685 1670//1670
f 1670//1670 1686//1686 1657//1657
f 1656//1656 1675//1675 1685//1685
f 1675//1675 1682//1682 1685//1685
f 1682//1682 1686//1686 1685//1685
f 1670//1670 1685//1685 1686//1686
f 1683//1683 1687//1687 1682//1682
f 1682//1682 1687//1687 1686//1686
f 1662//1662 1688//1688 1667//1667
f 1662//1662 1666//1666 1688//1688
f 1654//1654 1657//1657 1666//1666
f 1681//1681 1678//1678 1689//1689
f 1680//1680 1690//1690 1684//1684
f 1680//1680 1681//1681 1690//1690
f 1688//1688 1691//1691 1667//1667
f 1657//1657 1686//1686 1666//1666
f 1688//1688 1666//1666 1692//1692
f 1688//1688 1692//1692 1693//1693
f 1681//1681 1689//1689 1694//1694
f 1695//1695 1694//1694 1696//1696
f 1693//1693 1697//1697 1691//1691
f 1681//1681 1694//1694 1695//1695
f 1681//1681 1695//1695 1690//1690
f 1695//1695 1697//1697 1693//1693
f 1695//1695 1693//1693 1698//1698
f 1688//1688 1693//1693 1691//1691
f 1687//1687 1684//1684 1698//1698
f 1683//1683 1684//1684 1687//1687
f 1686//1686 1692//1692 1666//1666
f 1686//1686 1687//1687 1692//1692
f 1692//1692 1698//1698 1693//1693
f 1692//1692 1687//1687 1698//1698
f 1695//1695 1698//1698 1690//1690
f 1690//1690 1698//1698 1684//1684
f 1699//1699 1700//1700 1701//1701
f 1700//1700 1702//1702 1701//1701
f 1700//1700 1703//1703 1702//1702
f 1701//1701 1702//1702 1704//1704
f 1699//1699 1705//1705 1700//1700
f 1700//1700 1705//1705 1706//1706
f 1705//1705 1707//1707 1708//1708
f 1706//1706 1705//1705 1709//1709
f 1705//1705 1708//1708 1709//1709
f 1705//1705 1710//1710 1707//1707
f 1699//1699 1701//1701 1711//1711
f 1699//1699 1712//1712 1705//1705
f 1699//1699 1713//1713 1712//1712
f 1699//1699 1711//1711 1713//1713
f 1705//1705 1712//1712 1710//1710
f 1712//1712 1714//1714 1710//1710
f 1712//1712 1715//1715 1714//1714
f 1712//1712 1716//1716 1715//1715
f 1712//1712 1713//1713 1717//1717
f 1712//1712 1717//1717 1716//1716
f 1700//1700 1718//1718 1703//1703
f 1700//1700 1706//1706 1719//1719
f 1706//1706 1709//1709 1720//1720
f 1706//1706 1720//1720 1719//1719
f 1700//1700 1719//1719 1718//1718
f 1703//1703 1718//1718 1721//1721
f 1701//1701 1704//1704 1711//1711
f 1704//1704 1722//1722 1711//1711
f 1716//1716 1717//1717 1723//1723
f 1716//1716 1724//1724 1715//1715
f 1716//1716 1725//1725 1724//1724
f 1716//1716 1726//1726 1725//1725
f 1716//1716 1723//1723 1726//1726
f 1723//1723 1727//1727 1726//1726
f 1713//1713 1711//1711 1717//1717
f 1711//1711 1728//1728 1717//1717
f 1711//1711 1722//1722 1728//1728
f 1717//1717 1728//1728 1723//1723
f 1702//1702 1703//1703 1729//1729
f 1702//1702 1729//1729 1704//1704
f 1723//1723 1730//1730 1727//1727
f 1703//1703 1721//1721 1731//1731
f 1704//1704 1732//1732 1722//1722
f 1722//1722 1733//1733 1728//1728
f 1728//1728 1733//1733 1723//1723
f 1703//1703 1731//1731 1729//1729
f 1704//1704 1729//1729 1734//1734
f 1731//1731 1721//1721 1735//1735
f 1704//1704 1734//1734 1732//1732
f 1723//1723 1736//1736 1730//1730
f 1722//1722 1732//1732 1733//1733
f 1723//1723 1733//1733 1736//1736
f 1731//1731 1737//1737 1738//1738
f 1729//1729 1731//1731 1738//1738
f 1729//1729 1739//1739 1734//1734
f 1729//1729 1738//1738 1739//1739
f 1738//1738 1740//1740 1739//1739
f 1731//1731 1735//1735 1737//1737
f 1736//1736 1741//1741 1730//1730
f 1738//1738 1737//1737 1742//1742
f 1738//1738 1743//1743 1744//1744
f 1740//1740 1744//1744 1745//1745
f 1734//1734 1739//1739 1732//1732
f 1738//1738 1744//1744 1740//1740
f 1739//1739 1740//1740 1746//1746
f 1740//1740 1745//1745 1747//1747
f 1740//1740 1747//1747 1746//1746
f 1739//1739 1746//1746 1732//1732
f 1748//1748 1747//1747 1749//1749
f 1747//1747 1745//1745 1750//1750
f 1736//1736 1751//1751 1741//1741
f 1748//1748 1749//1749 1752//1752
f 1747//1747 1750//1750 1749//1749
f 1732//1732 1746//1746 1733//1733
f 1733//1733 1748//1748 1736//1736
f 1733//1733 1746//1746 1748//1748
f 1736//1736 1748//1748 1751//1751
f 1746//1746 1747//1747 1748//1748
f 1753//1753 1754//1754 1755//1755
f 1753//1753 1756//1756 1754//1754
f 1754//1754 1756//1756 1757//1757
f 1753//1753 1758//1758 1756//1756
f 1754//1754 1759//1759 1760//1760
f 1760//1760 1759//1759 1761//1761
f 1754//1754 1762//1762 1755//1755
f 1754//1754 1760//1760 1762//1762
f 1755//1755 1762//1762 1763//1763
f 1760//1760 1761//1761 1764//1764
f 1762//1762 1765//1765 1763//1763
f 1762//1762 1760//1760 1765//1765
f 1753//1753 1755//1755 1766//1766
f 1753//1753 1767//1767 1758//1758
f 1753//1753 1768//1768 1767//1767
f 1753//1753 1766//1766 1768//1768
f 1766//1766 1769//1769 1768//1768
f 1768//1768 1770//1770 1767//1767
f 1768//1768 1769//1769 1770//1770
f 1755//1755 1763//1763 1766//1766
f 1763//1763 1771//1771 1766//1766
f 1766//1766 1771//1771 1772//1772
f 1766//1766 1772//1772 1769//1769
f 1769//1769 1772//1772 1773//1773
f 1769//1769 1773//1773 1774//1774
f 1769//1769 1774//1774 1775//1775
f 1763//1763 1776//1776 1771//1771
f 1771//1771 1777//1777 1772//1772
f 1773//1773 1772//1772 1777//1777
f 1773//1773 1778//1778 1774//1774
f 1773//1773 1779//1779 1778//1778
f 1760//1760 1764//1764 1780//1780
f 1763//1763 1765//1765 1781//1781
f 1760//1760 1780//1780 1765//1765
f 1780//1780 1764//1764 1782//1782
f 1783//1783 1782//1782 1784//1784
f 1780//1780 1782//1782 1783//1783
f 1780//1780 1783//1783 1785//1785
f 1765//1765 1780//1780 1785//1785
f 1765//1765 1786//1786 1781//1781
f 1787//1787 1784//1784 1788//1788
f 1783//1783 1784//1784 1787//1787
f 1787//1787 1789//1789 1790//1790
f 1791//1791 1790//1790 1792//1792
f 1783//1783 1787//1787 1793//1793
f 1787//1787 1790//1790 1791//1791
f 1787//1787 1791//1791 1794//1794
f 1765//1765 1785//1785 1786//1786
f 1785//1785 1795//1795 1786//1786
f 1785//1785 1783//1783 1793//1793
f 1785//1785 1793//1793 1795//1795
f 1787//1787 1794//1794 1793//1793
f 1793//1793 1794//1794 1796//1796
f 1795//1795 1793//1793 1796//1796
f 1796//1796 1794//1794 1797//1797
f 1791//1791 1798//1798 1794//1794
f 1791//1791 1792//1792 1798//1798
f 1763//1763 1781//1781 1776//1776
f 1773//1773 1799//1799 1779//1779
f 1771//1771 1776//1776 1777//1777
f 1773//1773 1777//1777 1799//1799
f 1781//1781 1800//1800 1776//1776
f 1776//1776 1800//1800 1777//1777
f 1799//1799 1777//1777 1801//1801
f 1781//1781 1786//1786 1800//1800
f 1786//1786 1795//1795 1800//1800
f 1795//1795 1796//1796 1802//1802
f 1796//1796 1797//1797 1802//1802
f 1795//1795 1802//1802 1800//1800
f 1800//1800 1801//1801 1777//1777
f 1800//1800 1802//1802 1801//1801
f 1799//1799 1803//1803 1779//1779
f 1798//1798 1792//1792 1804//1804
f 1805//1805 1806//1806 1803//1803
f 1799//1799 1805//1805 1803//1803
f 1799//1799 1801//1801 1805//1805
f 1805//1805 1807//1807 1808//1808
f 1808//1808 1804//1804 1809//1809
f 1798//1798 1804//1804 1808//1808
f 1810//1810 1798//1798 1808//1808
f 1805//1805 1808//1808 1806//1806
f 1794//1794 1810//1810 1797//1797
f 1794//1794 1798//1798 1810//1810
f 1810//1810 1808//1808 1807//1807
f 1810//1810 1807//1807 1797//1797
f 1802//1802 1797//1797 1807//1807
f 1801//1801 1802//1802 1807//1807
f 1801//1801 1807//1807 1805//1805
f 1811//1811 1812//1812 1813//1813
f 1811//1811 1814//1814 1812//1812
f 1812//1812 1814//1814 1815//1815
f 1811//1811 1813//1813 1816//1816
f 1811//1811 1816//1816 1817//1817
f 1817//1817 1816//1816 1818//1818
f 1814//1814 1819//1819 1815//1815
f 1814//1814 1820//1820 1821//1821
f 1814//1814 1821//1821 1819//1819
f 1811//1811 1822//1822 1814//1814
f 1814//1814 1823//1823 1820//1820
f 1814//1814 1822//1822 1823//1823
f 1811//1811 1817//1817 1822//1822
f 1818//1818 1824//1824 1822//1822
f 1817//1817 1818//1818 1822//1822
f 1822//1822 1824//1824 1825//1825
f 1822//1822 1825//1825 1823//1823
f 1812//1812 1826//1826 1813//1813
f 1812//1812 1827//1827 1826//1826
f 1813//1813 1826//1826 1828//1828
f 1812//1812 1829//1829 1827//1827
f 1812//1812 1815//1815 1830//1830
f 1812//1812 1830//1830 1829//1829
f 1827//1827 1829//1829 1831//1831
f 1813//1813 1828//1828 1816//1816
f 1828//1828 1832//1832 1816//1816
f 1816//1816 1833//1833 1818//1818
f 1816//1816 1832//1832 1833//1833
f 1818//1818 1833//1833 1834//1834
f 1815//1815 1819//1819 1835//1835
f 1815//1815 1835//1835 1830//1830
f 1834//1834 1836//1836 1824//1824
f 1818//1818 1834//1834 1824//1824
f 1834//1834 1837//1837 1836//1836
f 1824//1824 1838//1838 1825//1825
f 1824//1824 1839//1839 1838//1838
f 1824//1824 1836//1836 1839//1839
f 1827//1827 1831//1831 1840//1840
f 1834//1834 1841//1841 1837//1837
f 1826//1826 1842//1842 1828//1828
f 1826//1826 1827//1827 1842//1842
f 1828//1828 1843//1843 1832//1832
f 1832//1832 1844//1844 1833//1833
f 1833//1833 1844//1844 1834//1834
f 1827//1827 1840//1840 1845//1845
f 1834//1834 1846//1846 1841//1841
f 1828//1828 1842//1842 1847//1847
f 1827//1827 1845//1845 1842//1842
f 1828//1828 1847//1847 1843//1843
f 1832//1832 1843//1843 1844//1844
f 1834//1834 1844//1844 1848//1848
f 1834//1834 1848//1848 1846//1846
f 1845//1845 1840//1840 1849//1849
f 1842//1842 1845//1845 1850//1850
f 1842//1842 1851//1851 1847//1847
f 1845//1845 1849//1849 1850//1850
f 1847//1847 1851//1851 1843//1843
f 1842//1842 1850//1850 1851//1851
f 1850//1850 1852//1852 1851//1851
f 1850//1850 1849//1849 1853//1853
f 1850//1850 1854//1854 1852//1852
f 1852//1852 1854//1854 1855//1855
f 1852//1852 1855//1855 1856//1856
f 1851//1851 1852//1852 1857//1857
f 1852//1852 1856//1856 1858//1858
f 1843//1843 1857//1857 1844//1844
f 1844//1844 1859//1859 1848//1848
f 1843//1843 1851//1851 1857//1857
f 1852//1852 1858//1858 1857//1857
f 1844//1844 1857//1857 1859//1859
f 1857//1857 1858//1858 1859//1859
f 1848//1848 1860//1860 1846//1846
f 1858//1858 1856//1856 1861//1861
f 1848//1848 1859//1859 1860//1860
f 1859//1859 1858//1858 1861//1861
f 1859//1859 1861//1861 1862//1862
f 1863//1863 1864//1864 1865//1865
f 1863//1863 1866//1866 1864//1864
f 1864//1864 1866//1866 1867//1867
f 1863//1863 1865//1865 1868//1868
f 1863//1863 1869//1869 1866//1866
f 1863//1863 1870//1870 1869//1869
f 1863//1863 1871//1871 1870//1870
f 1863//1863 1868//1868 1871//1871
f 1864//1864 1872//1872 1865//1865
f 1864//1864 1873//1873 1874//1874
f 1864//1864 1874//1874 1872//1872
f 1865//1865 1872//1872 1875//1875
f 1874//1874 1873//1873 1876//1876
f 1865//1865 1875//1875 1868//1868
f 1875//1875 1877//1877 1868//1868
f 1871//1871 1868//1868 1878//1878
f 1871//1871 1879//1879 1870//1870
f 1871//1871 1878//1878 1879//1879
f 1868//1868 1880//1880 1878//1878
f 1868//1868 1877//1877 1880//1880
f 1878//1878 1880//1880 1881//1881
f 1878//1878 1882//1882 1883//1883
f 1878//1878 1881//1881 1882//1882
f 1874//1874 1876//1876 1884//1884
f 1872//1872 1874//1874 1885//1885
f 1872//1872 1885//1885 1875//1875
f 1875//1875 1886//1886 1877//1877
f 1881//1881 1887//1887 1882//1882
f 1877//1877 1888//1888 1880//1880
f 1880//1880 1888//1888 1881//1881
f 1881//1881 1889//1889 1887//1887
f 1874//1874 1884//1884 1890//1890
f 1874//1874 1890//1890 1885//1885
f 1875//1875 1885//1885 1891//1891
f 1890//1890 1884//1884 1892//1892
f 1875//1875 1891//1891 1886//1886
f 1877//1877 1886//1886 1888//1888
f 1881//1881 1888//1888 1893//1893
f 1881//1881 1893//1893 1889//1889
f 1894//1894 1892//1892 1895//1895
f 1885//1885 1890//1890 1896//1896
f 1885//1885 1897//1897 1891//1891
f 1890//1890 1894//1894 1896//1896
f 1890//1890 1892//1892 1894//1894
f 1898//1898 1895//1895 1899//1899
f 1900//1900 1901//1901 1902//1902
f 1894//1894 1895//1895 1898//1898
f 1898//1898 1901//1901 1900//1900
f 1894//1894 1898//1898 1903//1903
f 1898//1898 1900//1900 1904//1904
f 1885//1885 1896//1896 1897//1897
f 1896//1896 1905//1905 1897//1897
f 1896//1896 1903//1903 1905//1905
f 1896//1896 1894//1894 1903//1903
f 1905//1905 1903//1903 1906//1906
f 1898//1898 1904//1904 1903//1903
f 1903//1903 1904//1904 1906//1906
f 1891//1891 1907//1907 1886//1886
f 1891//1891 1897//1897 1907//1907
f 1897//1897 1905//1905 1907//1907
f 1905//1905 1906//1906 1908//1908
f 1905//1905 1908//1908 1907//1907
f 1904//1904 1909//1909 1906//1906
f 1906//1906 1909//1909 1908//1908
f 1900//1900 1902//1902 1910//1910
f 1900//1900 1911//1911 1904//1904
f 1900//1900 1910//1910 1911//1911
f 1911//1911 1910//1910 1912//1912
f 1904//1904 1911//1911 1913//1913
f 1904//1904 1913//1913 1909//1909
f 1893//1893 1914//1914 1889//1889
f 1886//1886 1907//1907 1888//1888
f 1888//1888 1915//1915 1893//1893
f 1893//1893 1916//1916 1914//1914
f 1893//1893 1915//1915 1916//1916
f 1888//1888 1907//1907 1915//1915
f 1907//1907 1908//1908 1915//1915
f 1915//1915 1908//1908 1917//1917
f 1915//1915 1917//1917 1916//1916
f 1908//1908 1909//1909 1917//1917
f 1916//1916 1918//1918 1914//1914
f 1919//1919 1912//1912 1920//1920
f 1916//1916 1919//1919 1918//1918
f 1911//1911 1912//1912 1919//1919
f 1916//1916 1917//1917 1919//1919
f 1911//1911 1919//1919 1913//1913
f 1913//1913 1919//1919 1917//1917
f 1913//1913 1917//1917 1909//1909
f 1921//1921 1922//1922 1923//1923
f 1921//1921 1924//1924 1922//1922
f 1921//1921 1923//1923 1925//1925
f 1922//1922 1924//1924 1926//1926
f 1924//1924 1927//1927 1926//1926
f 1924//1924 1928//1928 1927//1927
f 1921//1921 1929//1929 1924//1924
f 1924//1924 1930//1930 1928//1928
f 1922//1922 1931//1931 1923//1923
f 1923//1923 1931//1931 1932//1932
f 1922//1922 1933//1933 1931//1931
f 1922//1922 1934//1934 1933//1933
f 1923//1923 1932//1932 1925//1925
f 1922//1922 1926//1926 1935//1935
f 1922//1922 1935//1935 1934//1934
f 1926//1926 1927//1927 1936//1936
f 1926//1926 1936//1936 1935//1935
f 1933//1933 1934//1934 1937//1937
f 1933//1933 1937//1937 1938//1938
f 1931//1931 1933//1933 1939//1939
f 1931//1931 1939//1939 1932//1932
f 1933//1933 1938//1938 1940//1940
f 1932//1932 1939//1939 1941//1941
f 1933//1933 1940//1940 1939//1939
f 1932//1932 1941//1941 1942//1942
f 1940//1940 1938//1938 1943//1943
f 1939//1939 1944//1944 1941//1941
f 1939//1939 1940//1940 1945//1945
f 1940//1940 1943//1943 1945//1945
f 1941//1941 1944//1944 1942//1942
f 1939//1939 1945//1945 1944//1944
f 1945//1945 1946//1946 1944//1944
f 1945//1945 1947//1947 1946//1946
f 1945//1945 1943//1943 1948//1948
f 1946//1946 1947//1947 1949//1949
f 1944//1944 1946//1946 1950//1950
f 1946//1946 1949//1949 1951//1951
f 1921//1921 1925//1925 1952//1952
f 1921//1921 1952//1952 1929//1929
f 1952//1952 1925//1925 1953//1953
f 1952//1952 1953//1953 1929//1929
f 1924//1924 1929//1929 1930//1930
f 1929//1929 1954//1954 1930//1930
f 1953//1953 1955//1955 1929//1929
f 1929//1929 1955//1955 1956//1956
f 1929//1929 1956//1956 1954//1954
f 1932//1932 1957//1957 1925//1925
f 1925//1925 1958//1958 1953//1953
f 1925//1925 1957//1957 1958//1958
f 1953//1953 1958//1958 1959//1959
f 1953//1953 1959//1959 1955//1955
f 1959//1959 1960//1960 1955//1955
f 1955//1955 1961//1961 1956//1956
f 1955//1955 1962//1962 1961//1961
f 1955//1955 1960//1960 1962//1962
f 1959//1959 1963//1963 1960//1960
f 1959//1959 1964//1964 1963//1963
f 1932//1932 1942//1942 1957//1957
f 1957//1957 1965//1965 1958//1958
f 1958//1958 1965//1965 1959//1959
f 1959//1959 1966//1966 1964//1964
f 1957//1957 1942//1942 1965//1965
f 1959//1959 1965//1965 1967//1967
f 1959//1959 1967//1967 1966//1966
f 1942//1942 1950//1950 1965//1965
f 1965//1965 1968//1968 1967//1967
f 1967//1967 1969//1969 1966//1966
f 1944//1944 1950//1950 1942//1942
f 1946//1946 1970//1970 1950//1950
f 1946//1946 1951//1951 1970//1970
f 1970//1970 1951//1951 1971//1971
f 1965//1965 1950//1950 1968//1968
f 1967//1967 1968//1968 1969//1969
f 1950//1950 1970//1970 1968//1968
f 1968//1968 1970//1970 1971//1971
f 1968//1968 1971//1971 1972//1972
f 1973//1973 1974//1974 1975//1975
f 1973//1973 1976//1976 1974//1974
f 1974//1974 1976//1976 1977//1977
f 1975//1975 1974//1974 1978//1978
f 1975//1975 1978//1978 1979//1979
f 1974//1974 1980//1980 1978//1978
f 1974//1974 1981//1981 1980//1980
f 1980//1980 1981//1981 1982//1982
f 1973//1973 1975//1975 1983//1983
f 1973//1973 1983//1983 1984//1984
f 1973//1973 1984//1984 1985//1985
f 1984//1984 1986//1986 1985//1985
f 1973//1973 1985//1985 1976//1976
f 1984//1984 1983//1983 1987//1987
f 1984//1984 1987//1987 1988//1988
f 1984//1984 1988//1988 1986//1986
f 1975//1975 1979//1979 1983//1983
f 1979//1979 1989//1989 1983//1983
f 1983//1983 1990//1990 1987//1987
f 1983//1983 1989//1989 1990//1990
f 1987//1987 1990//1990 1991//1991
f 1987//1987 1991//1991 1992//1992
f 1987//1987 1992//1992 1993//1993
f 1980//1980 1982//1982 1994//1994
f 1979//1979 1978//1978 1995//1995
f 1980//1980 1995//1995 1978//1978
f 1991//1991 1996//1996 1992//1992
f 1979//1979 1997//1997 1989//1989
f 1989//1989 1998//1998 1990//1990
f 1990//1990 1998//1998 1991//1991
f 1991//1991 1999//1999 1996//1996
f 1980//1980 1994//1994 2000//2000
f 1979//1979 1995//1995 2001//2001
f 1980//1980 2000//2000 1995//1995
f 2000//2000 1994//1994 2002//2002
f 1979//1979 2001//2001 1997//1997
f 1991//1991 2003//2003 1999//1999
f 1989//1989 1997//1997 1998//1998
f 1991//1991 1998//1998 2003//2003
f 2004//2004 2002//2002 2005//2005
f 2001//2001 1995//1995 2006//2006
f 2000//2000 2007//2007 1995//1995
f 2000//2000 2002//2002 2004//2004
f 2000//2000 2004//2004 2007//2007
f 1995//1995 2007//2007 2006//2006
f 2006//2006 2007//2007 2008//2008
f 2007//2007 2009//2009 2008//2008
f 2007//2007 2004//2004 2009//2009
f 2008//2008 2009//2009 2010//2010
f 2011//2011 2005//2005 2012//2012
f 2011//2011 2013//2013 2014//2014
f 2004//2004 2005//2005 2011//2011
f 2011//2011 2014//2014 2015//2015
f 2004//2004 2011//2011 2009//2009
f 2011//2011 2015//2015 2016//2016
f 2011//2011 2016//2016 2009//2009
f 2009//2009 2016//2016 2010//2010
f 2003//2003 2017//2017 1999//1999
f 2001//2001 2018//2018 1997//1997
f 2001//2001 2006//2006 2018//2018
f 2006//2006 2008//2008 2018//2018
f 2008//2008 2019//2019 2018//2018
f 2008//2008 2010//2010 2019//2019
f 2010//2010 2020//2020 2019//2019
f 1997//1997 2018//2018 1998//1998
f 1998//1998 2021//2021 2003//2003
f 2003//2003 2021//2021 2022//2022
f 2003//2003 2022//2022 2017//2017
f 2022//2022 2023//2023 2017//2017
f 2024//2024 2025//2025 2026//2026
f 2022//2022 2024//2024 2023//2023
f 2027//2027 2025//2025 2024//2024
f 2022//2022 2028//2028 2024//2024
f 2027//2027 2024//2024 2029//2029
f 1998//1998 2018//2018 2021//2021
f 2018//2018 2019//2019 2021//2021
f 2021//2021 2019//2019 2028//2028
f 2019//2019 2020//2020 2028//2028
f 2021//2021 2028//2028 2022//2022
f 2024//2024 2028//2028 2029//2029
f 2029//2029 2028//2028 2020//2020
f 2015//2015 2014//2014 2030//2030
f 2027//2027 2016//2016 2015//2015
f 2027//2027 2015//2015 2030//2030
f 2010//2010 2016//2016 2020//2020
f 2027//2027 2029//2029 2016//2016
f 2029//2029 2020//2020 2016//2016
f 2027//2027 2030//2030 2025//2025
f 2031//2031 2032//2032 2033//2033
f 2031//2031 2033//2033 2034//2034
f 2035//2035 2034//2034 2036//2036
f 2031//2031 2034//2034 2035//2035
f 2031//2031 2035//2035 2037//2037
f 2035//2035 2036//2036 2037//2037
f 2036//2036 2038//2038 2037//2037
f 2031//2031 2039//2039 2032//2032
f 2032//2032 2039//2039 2040//2040
f 2031//2031 2037//2037 2039//2039
f 2039//2039 2041//2041 2040//2040
f 2039//2039 2042//2042 2041//2041
f 2039//2039 2043//2043 2042//2042
f 2039//2039 2037//2037 2043//2043
f 2037//2037 2044//2044 2043//2043
f 2037//2037 2045//2045 2044//2044
f 2037//2037 2038//2038 2045//2045
f 2033//2033 2032//2032 2046//2046
f 2033//2033 2046//2046 2047//2047
f 2032//2032 2048//2048 2046//2046
f 2033//2033 2047//2047 2034//2034
f 2034//2034 2049//2049 2036//2036
f 2034//2034 2050//2050 2049//2049
f 2036//2036 2049//2049 2051//2051
f 2047//2047 2050//2050 2034//2034
f 2036//2036 2051//2051 2038//2038
f 2051//2051 2052//2052 2038//2038
f 2051//2051 2053//2053 2052//2052
f 2032//2032 2054//2054 2048//2048
f 2048//2048 2054//2054 2055//2055
f 2048//2048 2055//2055 2056//2056
f 2032//2032 2040//2040 2054//2054
f 2040//2040 2041//2041 2057//2057
f 2040//2040 2057//2057 2054//2054
f 2038//2038 2058//2058 2045//2045
f 2038//2038 2059//2059 2058//2058
f 2038//2038 2052//2052 2059//2059
f 2051//2051 2060//2060 2053//2053
f 2048//2048 2056//2056 2061//2061
f 2046//2046 2048//2048 2062//2062
f 2047//2047 2046//2046 2062//2062
f 2050//2050 2063//2063 2049//2049
f 2049//2049 2063//2063 2051//2051
f 2047//2047 2064//2064 2050//2050
f 2051//2051 2065//2065 2060//2060
f 2048//2048 2061//2061 2066//2066
f 2047//2047 2062//2062 2067//2067
f 2048//2048 2066//2066 2062//2062
f 2047//2047 2067//2067 2064//2064
f 2050//2050 2064//2064 2063//2063
f 2051//2051 2063//2063 2068//2068
f 2051//2051 2068//2068 2065//2065
f 2066//2066 2061//2061 2069//2069
f 2067//2067 2062//2062 2070//2070
f 2062//2062 2066//2066 2071//2071
f 2067//2067 2070//2070 2064//2064
f 2062//2062 2071//2071 2070//2070
f 2070//2070 2071//2071 2072//2072
f 2070//2070 2072//2072 2073//2073
f 2072//2072 2074//2074 2075//2075
f 2064//2064 2073//2073 2063//2063
f 2063//2063 2076//2076 2068//2068
f 2068//2068 2077//2077 2065//2065
f 2063//2063 2073//2073 2076//2076
f 2073//2073 2075//2075 2076//2076
f 2064//2064 2070//2070 2073//2073
f 2072//2072 2075//2075 2073//2073
f 2075//2075 2074//2074 2078//2078
f 2068//2068 2076//2076 2077//2077
f 2076//2076 2075//2075 2079//2079
f 2076//2076 2079//2079 2080//2080
f 2075//2075 2078//2078 2079//2079
f 2066//2066 2069//2069 2071//2071
f 2071//2071 2069//2069 2081//2081
f 2071//2071 2082//2082 2072//2072
f 2072//2072 2082//2082 2074//2074
f 2083//2083 2084//2084 2085//2085
f 2083//2083 2086//2086 2084//2084
f 2087//2087 2086//2086 2083//2083
f 2087//2087 2083//2083 2088//2088
f 2083//2083 2089//2089 2088//2088
f 2088//2088 2089//2089 2090//2090
f 2083//2083 2085//2085 2089//2089
f 2087//2087 2091//2091 2086//2086
f 2091//2091 2092//2092 2086//2086
f 2087//2087 2093//2093 2091//2091
f 2087//2087 2088//2088 2093//2093
f 2088//2088 2094//2094 2095//2095
f 2088//2088 2095//2095 2093//2093
f 2095//2095 2094//2094 2096//2096
f 2093//2093 2095//2095 2097//2097
f 2091//2091 2098//2098 2092//2092
f 2093//2093 2097//2097 2091//2091
f 2095//2095 2096//2096 2099//2099
f 2084//2084 2086//2086 2100//2100
f 2084//2084 2100//2100 2101//2101
f 2084//2084 2102//2102 2085//2085
f 2084//2084 2101//2101 2102//2102
f 2086//2086 2103//2103 2100//2100
f 2086//2086 2092//2092 2103//2103
f 2100//2100 2103//2103 2104//2104
f 2100//2100 2105//2105 2106//2106
f 2100//2100 2104//2104 2105//2105
f 2104//2104 2107//2107 2105//2105
f 2103//2103 2092//2092 2108//2108
f 2103//2103 2108//2108 2104//2104
f 2104//2104 2109//2109 2107//2107
f 2095//2095 2099//2099 2110//2110
f 2091//2091 2111//2111 2098//2098
f 2091//2091 2097//2097 2111//2111
f 2095//2095 2110//2110 2097//2097
f 2110//2110 2099//2099 2112//2112
f 2111//2111 2113//2113 2098//2098
f 2097//2097 2114//2114 2111//2111
f 2097//2097 2110//2110 2115//2115
f 2111//2111 2114//2114 2113//2113
f 2116//2116 2117//2117 2113//2113
f 2114//2114 2116//2116 2113//2113
f 2097//2097 2115//2115 2114//2114
f 2114//2114 2115//2115 2116//2116
f 2116//2116 2118//2118 2117//2117
f 2119//2119 2112//2112 2120//2120
f 2110//2110 2112//2112 2119//2119
f 2119//2119 2120//2120 2121//2121
f 2110//2110 2119//2119 2115//2115
f 2119//2119 2121//2121 2122//2122
f 2123//2123 2124//2124 2125//2125
f 2126//2126 2123//2123 2125//2125
f 2121//2121 2120//2120 2127//2127
f 2121//2121 2128//2128 2124//2124
f 2121//2121 2124//2124 2123//2123
f 2126//2126 2121//2121 2123//2123
f 2115//2115 2122//2122 2116//2116
f 2116//2116 2122//2122 2118//2118
f 2115//2115 2119//2119 2122//2122
f 2126//2126 2129//2129 2118//2118
f 2122//2122 2121//2121 2126//2126
f 2122//2122 2126//2126 2118//2118
f 2092//2092 2098//2098 2108//2108
f 2104//2104 2130//2130 2109//2109
f 2104//2104 2108//2108 2130//2130
f 2130//2130 2131//2131 2109//2109
f 2108//2108 2098//2098 2113//2113
f 2108//2108 2132//2132 2130//2130
f 2130//2130 2132//2132 2133//2133
f 2130//2130 2133//2133 2131//2131
f 2133//2133 2134//2134 2131//2131
f 2125//2125 2135//2135 2136//2136
f 2137//2137 2136//2136 2138//2138
f 2133//2133 2137//2137 2134//2134
f 2133//2133 2139//2139 2137//2137
f 2125//2125 2136//2136 2137//2137
f 2125//2125 2137//2137 2140//2140
f 2108//2108 2113//2113 2132//2132
f 2113//2113 2117//2117 2132//2132
f 2132//2132 2139//2139 2133//2133
f 2132//2132 2117//2117 2139//2139
f 2117//2117 2129//2129 2139//2139
f 2118//2118 2129//2129 2117//2117
f 2137//2137 2139//2139 2140//2140
f 2139//2139 2129//2129 2140//2140
f 2125//2125 2124//2124 2135//2135
f 2126//2126 2140//2140 2129//2129
f 2126//2126 2125//2125 2140//2140
f 2141//2141 2142//2142 2143//2143
f 2142//2142 2144//2144 2143//2143
f 2142//2142 2145//2145 2144//2144
f 2143//2143 2144//2144 2146//2146
f 2147//2147 2148//2148 2149//2149
f 2149//2149 2148//2148 2150//2150
f 2149//2149 2150//2150 2151//2151
f 2148//2148 2152//2152 2150//2150
f 2141//2141 2153//2153 2147//2147
f 2141//2141 2147//2147 2142//2142
f 2142//2142 2147//2147 2149//2149
f 2147//2147 2153//2153 2154//2154
f 2141//2141 2143//2143 2153//2153
f 2143//2143 2155//2155 2153//2153
f 2153//2153 2156//2156 2157//2157
f 2153//2153 2158//2158 2156//2156
f 2155//2155 2158//2158 2153//2153
f 2153//2153 2157//2157 2154//2154
f 2147//2147 2154//2154 2148//2148
f 2148//2148 2154//2154 2159//2159
f 2154//2154 2157//2157 2160//2160
f 2154//2154 2160//2160 2161//2161
f 2154//2154 2161//2161 2162//2162
f 2159//2159 2154//2154 2162//2162
f 2142//2142 2151//2151 2145//2145
f 2142//2142 2149//2149 2151//2151
f 2143//2143 2146//2146 2155//2155
f 2146//2146 2163//2163 2155//2155
f 2155//2155 2164//2164 2158//2158
f 2155//2155 2165//2165 2164//2164
f 2155//2155 2163//2163 2165//2165
f 2146//2146 2166//2166 2163//2163
f 2148//2148 2167//2167 2152//2152
f 2148//2148 2159//2159 2168//2168
f 2159//2159 2162//2162 2169//2169
f 2159//2159 2169//2169 2168//2168
f 2148//2148 2168//2168 2167//2167
f 2152//2152 2167//2167 2170//2170
f 2144//2144 2145//2145 2171//2171
f 2144//2144 2171//2171 2146//2146
f 2150//2150 2172//2172 2151//2151
f 2150//2150 2152//2152 2172//2172
f 2146//2146 2173//2173 2166//2166
f 2145//2145 2151//2151 2174//2174
f 2152//2152 2170//2170 2175//2175
f 2146//2146 2176//2176 2173//2173
f 2145//2145 2174//2174 2171//2171
f 2146//2146 2171//2171 2176//2176
f 2151//2151 2172//2172 2177//2177
f 2152//2152 2175//2175 2172//2172
f 2175//2175 2170//2170 2178//2178
f 2151//2151 2177//2177 2174//2174
f 2171//2171 2174//2174 2179//2179
f 2171//2171 2180//2180 2176//2176
f 2171//2171 2179//2179 2180//2180
f 2176//2176 2180//2180 2181//2181
f 2179//2179 2182//2182 2180//2180
f 2172//2172 2183//2183 2177//2177
f 2172//2172 2175//2175 2184//2184
f 2172//2172 2184//2184 2183//2183
f 2183//2183 2184//2184 2185//2185
f 2175//2175 2186//2186 2184//2184
f 2176//2176 2187//2187 2173//2173
f 2175//2175 2178//2178 2186//2186
f 2174//2174 2177//2177 2183//2183
f 2174//2174 2183//2183 2179//2179
f 2180//2180 2182//2182 2188//2188
f 2179//2179 2185//2185 2182//2182
f 2182//2182 2189//2189 2190//2190
f 2179//2179 2183//2183 2185//2185
f 2184//2184 2191//2191 2185//2185
f 2182//2182 2185//2185 2189//2189
f 2176//2176 2181//2181 2187//2187
f 2180//2180 2188//2188 2192//2192
f 2182//2182 2190//2190 2188//2188
f 2184//2184 2186//2186 2193//2193
f 2184//2184 2194//2194 2191//2191
f 2185//2185 2191//2191 2189//2189
f 2195//2195 2196//2196 2197//2197
f 2197//2197 2196//2196 2198//2198
f 2197//2197 2198//2198 2199//2199
f 2195//2195 2197//2197 2200//2200
f 2195//2195 2200//2200 2201//2201
f 2197//2197 2199//2199 2200//2200
f 2200//2200 2199//2199 2202//2202
f 2195//2195 2203//2203 2204//2204
f 2195//2195 2204//2204 2205//2205
f 2195//2195 2205//2205 2196//2196
f 2196//2196 2205//2205 2206//2206
f 2196//2196 2206//2206 2207//2207
f 2195//2195 2201//2201 2203//2203
f 2196//2196 2207//2207 2208//2208
f 2205//2205 2209//2209 2206//2206
f 2204//2204 2203//2203 2210//2210
f 2205//2205 2204//2204 2209//2209
f 2206//2206 2211//2211 2207//2207
f 2206//2206 2212//2212 2211//2211
f 2200//2200 2213//2213 2201//2201
f 2200//2200 2214//2214 2213//2213
f 2200//2200 2202//2202 2214//2214
f 2213//2213 2214//2214 2215//2215
f 2201//2201 2213//2213 2216//2216
f 2201//2201 2216//2216 2203//2203
f 2213//2213 2217//2217 2216//2216
f 2213//2213 2218//2218 2217//2217
f 2217//2217 2218//2218 2219//2219
f 2217//2217 2219//2219 2220//2220
f 2216//2216 2221//2221 2203//2203
f 2216//2216 2217//2217 2221//2221
f 2206//2206 2222//2222 2212//2212
f 2204//2204 2210//2210 2209//2209
f 2206//2206 2209//2209 2222//2222
f 2203//2203 2223//2223 2210//2210
f 2210//2210 2223//2223 2224//2224
f 2209//2209 2210//2210 2224//2224
f 2209//2209 2225//2225 2222//2222
f 2209//2209 2224//2224 2225//2225
f 2224//2224 2226//2226 2225//2225
f 2224//2224 2227//2227 2226//2226
f 2224//2224 2223//2223 2228//2228
f 2224//2224 2228//2228 2227//2227
f 2226//2226 2229//2229 2230//2230
f 2226//2226 2227//2227 2229//2229
f 2222//2222 2231//2231 2212//2212
f 2232//2232 2233//2233 2231//2231
f 2222//2222 2232//2232 2231//2231
f 2222//2222 2225//2225 2232//2232
f 2232//2232 2234//2234 2235//2235
f 2232//2232 2235//2235 2233//2233
f 2236//2236 2237//2237 2238//2238
f 2235//2235 2238//2238 2239//2239
f 2235//2235 2236//2236 2238//2238
f 2240//2240 2236//2236 2235//2235
f 2225//2225 2226//2226 2234//2234
f 2226//2226 2230//2230 2234//2234
f 2225//2225 2234//2234 2232//2232
f 2234//2234 2240//2240 2235//2235
f 2234//2234 2230//2230 2240//2240
f 2240//2240 2230//2230 2241//2241
f 2240//2240 2241//2241 2236//2236
f 2217//2217 2220//2220 2242//2242
f 2203//2203 2221//2221 2223//2223
f 2217//2217 2242//2242 2221//2221
f 2242//2242 2220//2220 2243//2243
f 2244//2244 2243//2243 2245//2245
f 2242//2242 2243//2243 2244//2244
f 2221//2221 2228//2228 2223//2223
f 2221//2221 2242//2242 2246//2246
f 2242//2242 2244//2244 2246//2246
f 2247//2247 2245//2245 2248//2248
f 2244//2244 2245//2245 2247//2247
f 2249//2249 2250//2250 2237//2237
f 2247//2247 2251//2251 2250//2250
f 2244//2244 2247//2247 2252//2252
f 2249//2249 2247//2247 2250//2250
f 2249//2249 2241//2241 2247//2247
f 2221//2221 2246//2246 2228//2228
f 2228//2228 2246//2246 2227//2227
f 2246//2246 2244//2244 2252//2252
f 2246//2246 2252//2252 2227//2227
f 2230//2230 2229//2229 2241//2241
f 2227//2227 2252//2252 2229//2229
f 2247//2247 2241//2241 2252//2252
f 2252//2252 2241//2241 2229//2229
f 2236//2236 2249//2249 2237//2237
f 2236//2236 2241//2241 2249//2249
f 2253//2253 2254//2254 2255//2255
f 2253//2253 2256//2256 2254//2254
f 2253//2253 2255//2255 2257//2257
f 2255//2255 2258//2258 2257//2257
f 2253//2253 2257//2257 2256//2256
f 2257//2257 2258//2258 2259//2259
f 2257//2257 2259//2259 2260//2260
f 2254//2254 2256//2256 2261//2261
f 2256//2256 2262//2262 2261//2261
f 2256//2256 2263//2263 2262//2262
f 2262//2262 2263//2263 2264//2264
f 2257//2257 2263//2263 2256//2256
f 2263//2263 2260//2260 2265//2265
f 2257//2257 2260//2260 2263//2263
f 2263//2263 2265//2265 2266//2266
f 2263//2263 2266//2266 2267//2267
f 2263//2263 2267//2267 2264//2264
f 2254//2254 2268//2268 2255//2255
f 2254//2254 2269//2269 2268//2268
f 2255//2255 2268//2268 2270//2270
f 2254//2254 2271//2271 2269//2269
f 2255//2255 2270//2270 2258//2258
f 2270//2270 2272//2272 2273//2273
f 2270//2270 2273//2273 2258//2258
f 2258//2258 2274//2274 2259//2259
f 2258//2258 2275//2275 2274//2274
f 2258//2258 2273//2273 2275//2275
f 2254//2254 2261//2261 2271//2271
f 2261//2261 2262//2262 2276//2276
f 2261//2261 2276//2276 2271//2271
f 2262//2262 2277//2277 2276//2276
f 2262//2262 2278//2278 2277//2277
f 2262//2262 2264//2264 2279//2279
f 2262//2262 2279//2279 2278//2278
f 2277//2277 2278//2278 2280//2280
f 2264//2264 2267//2267 2281//2281
f 2264//2264 2281//2281 2279//2279
f 2270//2270 2282//2282 2272//2272
f 2277//2277 2280//2280 2283//2283
f 2268//2268 2284//2284 2270//2270
f 2269//2269 2284//2284 2268//2268
f 2269//2269 2271//2271 2285//2285
f 2271//2271 2276//2276 2286//2286
f 2276//2276 2277//2277 2286//2286
f 2270//2270 2287//2287 2282//2282
f 2277//2277 2283//2283 2288//2288
f 2269//2269 2285//2285 2284//2284
f 2270//2270 2284//2284 2289//2289
f 2270//2270 2289//2289 2287//2287
f 2271//2271 2290//2290 2285//2285
f 2271//2271 2286//2286 2290//2290
f 2277//2277 2288//2288 2286//2286
f 2288//2288 2283//2283 2291//2291
f 2285//2285 2292//2292 2284//2284
f 2284//2284 2293//2293 2289//2289
f 2284//2284 2292//2292 2293//2293
f 2292//2292 2294//2294 2293//2293
f 2285//2285 2295//2295 2292//2292
f 2292//2292 2296//2296 2294//2294
f 2289//2289 2297//2297 2287//2287
f 2289//2289 2293//2293 2297//2297
f 2293//2293 2294//2294 2298//2298
f 2293//2293 2298//2298 2299//2299
f 2294//2294 2300//2300 2298//2298
f 2285//2285 2290//2290 2295//2295
f 2290//2290 2286//2286 2295//2295
f 2286//2286 2288//2288 2301//2301
f 2288//2288 2291//2291 2301//2301
f 2292//2292 2295//2295 2296//2296
f 2294//2294 2296//2296 2300//2300
f 2286//2286 2301//2301 2295//2295
f 2295//2295 2301//2301 2296//2296
f 2301//2301 2291//2291 2302//2302
f 2301//2301 2303//2303 2296//2296
f 2296//2296 2303//2303 2304//2304
f 2296//2296 2304//2304 2300//2300
f 2305//2305 2306//2306 2307//2307
f 2305//2305 2308//2308 2309//2309
f 2305//2305 2307//2307 2308//2308
f 2306//2306 2310//2310 2307//2307
f 2306//2306 2311//2311 2310//2310
f 2307//2307 2310//2310 2312//2312
f 2307//2307 2313//2313 2314//2314
f 2307//2307 2312//2312 2313//2313
f 2305//2305 2309//2309 2315//2315
f 2305//2305 2315//2315 2306//2306
f 2306//2306 2315//2315 2316//2316
f 2315//2315 2309//2309 2317//2317
f 2315//2315 2317//2317 2318//2318
f 2315//2315 2319//2319 2316//2316
f 2315//2315 2318//2318 2319//2319
f 2319//2319 2318//2318 2320//2320
f 2306//2306 2321//2321 2311//2311
f 2306//2306 2316//2316 2321//2321
f 2316//2316 2319//2319 2322//2322
f 2319//2319 2323//2323 2324//2324
f 2316//2316 2322//2322 2321//2321
f 2319//2319 2324//2324 2322//2322
f 2324//2324 2323//2323 2325//2325
f 2312//2312 2326//2326 2313//2313
f 2310//2310 2311//2311 2327//2327
f 2312//2312 2310//2310 2327//2327
f 2312//2312 2328//2328 2326//2326
f 2324//2324 2325//2325 2329//2329
f 2311//2311 2321//2321 2330//2330
f 2321//2321 2322//2322 2331//2331
f 2322//2322 2324//2324 2331//2331
f 2311//2311 2330//2330 2327//2327
f 2312//2312 2327//2327 2332//2332
f 2312//2312 2332//2332 2328//2328
f 2324//2324 2329//2329 2333//2333
f 2321//2321 2334//2334 2330//2330
f 2321//2321 2331//2331 2334//2334
f 2324//2324 2333//2333 2331//2331
f 2333//2333 2329//2329 2335//2335
f 2332//2332 2336//2336 2328//2328
f 2327//2327 2330//2330 2337//2337
f 2332//2332 2327//2327 2338//2338
f 2332//2332 2339//2339 2336//2336
f 2332//2332 2338//2338 2339//2339
f 2327//2327 2337//2337 2338//2338
f 2337//2337 2340//2340 2338//2338
f 2338//2338 2340//2340 2341//2341
f 2338//2338 2341//2341 2339//2339
f 2340//2340 2342//2342 2341//2341
f 2339//2339 2343//2343 2336//2336
f 2344//2344 2345//2345 2346//2346
f 2339//2339 2344//2344 2343//2343
f 2344//2344 2347//2347 2345//2345
f 2339//2339 2341//2341 2344//2344
f 2344//2344 2348//2348 2347//2347
f 2344//2344 2341//2341 2348//2348
f 2341//2341 2342//2342 2348//2348
f 2349//2349 2335//2335 2350//2350
f 2330//2330 2334//2334 2337//2337
f 2337//2337 2351//2351 2340//2340
f 2340//2340 2352//2352 2342//2342
f 2337//2337 2334//2334 2353//2353
f 2337//2337 2353//2353 2351//2351
f 2340//2340 2351//2351 2352//2352
f 2342//2342 2352//2352 2354//2354
f 2347//2347 2355//2355 2345//2345
f 2347//2347 2356//2356 2355//2355
f 2347//2347 2354//2354 2356//2356
f 2347//2347 2348//2348 2354//2354
f 2342//2342 2354//2354 2348//2348
f 2334//2334 2331//2331 2353//2353
f 2331//2331 2333//2333 2357//2357
f 2333//2333 2349//2349 2357//2357
f 2333//2333 2335//2335 2349//2349
f 2358//2358 2350//2350 2359//2359
f 2356//2356 2360//2360 2361//2361
f 2356//2356 2358//2358 2360//2360
f 2349//2349 2350//2350 2358//2358
f 2349//2349 2358//2358 2362//2362
f 2356//2356 2354//2354 2358//2358
f 2331//2331 2357//2357 2353//2353
f 2353//2353 2357//2357 2351//2351
f 2357//2357 2362//2362 2351//2351
f 2351//2351 2362//2362 2352//2352
f 2357//2357 2349//2349 2362//2362
f 2358//2358 2354//2354 2362//2362
f 2354//2354 2352//2352 2362//2362
f 2356//2356 2361//2361 2355//2355
f 2363//2363 2364//2364 2365//2365
f 2363//2363 2365//2365 2366//2366
f 2365//2365 2367//2367 2366//2366
f 2366//2366 2367//2367 2368//2368
f 2366//2366 2368//2368 2369//2369
f 2363//2363 2370//2370 2364//2364
f 2363//2363 2366//2366 2370//2370
f 2366//2366 2369//2369 2371//2371
f 2365//2365 2364//2364 2372//2372
f 2365//2365 2372//2372 2373//2373
f 2364//2364 2374//2374 2372//2372
f 2365//2365 2373//2373 2367//2367
f 2373//2373 2375//2375 2367//2367
f 2367//2367 2376//2376 2368//2368
f 2367//2367 2377//2377 2376//2376
f 2367//2367 2375//2375 2377//2377
f 2373//2373 2378//2378 2375//2375
f 2364//2364 2379//2379 2374//2374
f 2373//2373 2380//2380 2378//2378
f 2372//2372 2381//2381 2373//2373
f 2372//2372 2374//2374 2381//2381
f 2374//2374 2379//2379 2382//2382
f 2373//2373 2383//2383 2380//2380
f 2373//2373 2381//2381 2384//2384
f 2374//2374 2382//2382 2381//2381
f 2373//2373 2384//2384 2383//2383
f 2381//2381 2385//2385 2384//2384
f 2381//2381 2382//2382 2386//2386
f 2384//2384 2387//2387 2383//2383
f 2381//2381 2386//2386 2385//2385
f 2384//2384 2385//2385 2387//2387
f 2385//2385 2386//2386 2388//2388
f 2385//2385 2388//2388 2389//2389
f 2385//2385 2389//2389 2390//2390
f 2382//2382 2391//2391 2386//2386
f 2386//2386 2392//2392 2388//2388
f 2388//2388 2393//2393 2389//2389
f 2364//2364 2370//2370 2394//2394
f 2366//2366 2395//2395 2370//2370
f 2366//2366 2371//2371 2395//2395
f 2395//2395 2371//2371 2396//2396
f 2370//2370 2397//2397 2394//2394
f 2370//2370 2395//2395 2397//2397
f 2397//2397 2395//2395 2398//2398
f 2395//2395 2399//2399 2398//2398
f 2395//2395 2396//2396 2399//2399
f 2364//2364 2394//2394 2379//2379
f 2394//2394 2397//2397 2400//2400
f 2394//2394 2400//2400 2379//2379
f 2397//2397 2401//2401 2400//2400
f 2397//2397 2402//2402 2401//2401
f 2397//2397 2398//2398 2403//2403
f 2397//2397 2403//2403 2402//2402
f 2398//2398 2399//2399 2404//2404
f 2398//2398 2404//2404 2403//2403
f 2401//2401 2402//2402 2405//2405
f 2401//2401 2405//2405 2406//2406
f 2379//2379 2400//2400 2407//2407
f 2400//2400 2401//2401 2407//2407
f 2401//2401 2406//2406 2408//2408
f 2382//2382 2379//2379 2409//2409
f 2379//2379 2407//2407 2409//2409
f 2401//2401 2408//2408 2407//2407
f 2408//2408 2406//2406 2410//2410
f 2382//2382 2409//2409 2391//2391
f 2409//2409 2407//2407 2391//2391
f 2407//2407 2408//2408 2411//2411
f 2408//2408 2410//2410 2411//2411
f 2386//2386 2391//2391 2392//2392
f 2388//2388 2392//2392 2393//2393
f 2392//2392 2412//2412 2393//2393
f 2407//2407 2411//2411 2391//2391
f 2391//2391 2411//2411 2392//2392
f 2411//2411 2413//2413 2392//2392
f 2411//2411 2410//2410 2414//2414
f 2392//2392 2413//2413 2412//2412
f 2415//2415 2416//2416 2417//2417
f 2415//2415 2418//2418 2416//2416
f 2415//2415 2417//2417 2419//2419
f 2415//2415 2419//2419 2420//2420
f 2415//2415 2421//2421 2418//2418
f 2415//2415 2420//2420 2421//2421
f 2418//2418 2421//2421 2422//2422
f 2421//2421 2420//2420 2423//2423
f 2416//2416 2418//2418 2424//2424
f 2416//2416 2424//2424 2425//2425
f 2416//2416 2425//2425 2426//2426
f 2418//2418 2427//2427 2424//2424
f 2416//2416 2426//2426 2428//2428
f 2418//2418 2429//2429 2427//2427
f 2418//2418 2422//2422 2429//2429
f 2421//2421 2430//2430 2422//2422
f 2421//2421 2423//2423 2430//2430
f 2430//2430 2423//2423 2431//2431
f 2422//2422 2430//2430 2432//2432
f 2422//2422 2432//2432 2429//2429
f 2430//2430 2433//2433 2432//2432
f 2430//2430 2434//2434 2433//2433
f 2433//2433 2434//2434 2435//2435
f 2425//2425 2436//2436 2426//2426
f 2424//2424 2437//2437 2425//2425
f 2424//2424 2427//2427 2437//2437
f 2425//2425 2438//2438 2436//2436
f 2427//2427 2429//2429 2439//2439
f 2433//2433 2435//2435 2440//2440
f 2429//2429 2432//2432 2441//2441
f 2432//2432 2433//2433 2441//2441
f 2425//2425 2442//2442 2438//2438
f 2425//2425 2437//2437 2442//2442
f 2427//2427 2439//2439 2437//2437
f 2429//2429 2443//2443 2439//2439
f 2433//2433 2440//2440 2444//2444
f 2429//2429 2441//2441 2443//2443
f 2433//2433 2444//2444 2441//2441
f 2444//2444 2440//2440 2445//2445
f 2442//2442 2446//2446 2438//2438
f 2437//2437 2447//2447 2442//2442
f 2437//2437 2439//2439 2448//2448
f 2442//2442 2447//2447 2449//2449
f 2442//2442 2449//2449 2446//2446
f 2449//2449 2450//2450 2446//2446
f 2451//2451 2452//2452 2453//2453
f 2449//2449 2451//2451 2450//2450
f 2451//2451 2454//2454 2452//2452
f 2449//2449 2455//2455 2451//2451
f 2451//2451 2456//2456 2454//2454
f 2437//2437 2448//2448 2447//2447
f 2447//2447 2448//2448 2457//2457
f 2447//2447 2457//2457 2455//2455
f 2447//2447 2455//2455 2449//2449
f 2451//2451 2455//2455 2456//2456
f 2455//2455 2458//2458 2456//2456
f 2457//2457 2458//2458 2455//2455
f 2454//2454 2459//2459 2452//2452
f 2439//2439 2443//2443 2448//2448
f 2448//2448 2460//2460 2457//2457
f 2457//2457 2461//2461 2458//2458
f 2448//2448 2443//2443 2462//2462
f 2448//2448 2462//2462 2460//2460
f 2457//2457 2460//2460 2461//2461
f 2454//2454 2463//2463 2459//2459
f 2463//2463 2464//2464 2459//2459
f 2454//2454 2465//2465 2463//2463
f 2454//2454 2456//2456 2465//2465
f 2456//2456 2458//2458 2465//2465
f 2458//2458 2461//2461 2465//2465
f 2466//2466 2445//2445 2467//2467
f 2443//2443 2441//2441 2462//2462
f 2441//2441 2444//2444 2468//2468
f 2444//2444 2445//2445 2466//2466
f 2444//2444 2466//2466 2468//2468
f 2441//2441 2468//2468 2462//2462
f 2462//2462 2468//2468 2460//2460
f 2468//2468 2469//2469 2460//2460
f 2468//2468 2466//2466 2469//2469
f 2460//2460 2469//2469 2461//2461
f 2470//2470 2467//2467 2471//2471
f 2470//2470 2472//2472 2464//2464
f 2470//2470 2466//2466 2467//2467
f 2463//2463 2470//2470 2464//2464
f 2463//2463 2465//2465 2470//2470
f 2470//2470 2469//2469 2466//2466
f 2465//2465 2469//2469 2470//2470
f 2465//2465 2461//2461 2469//2469
f 2473//2473 2474//2474 2475//2475
f 2475//2475 2476//2476 2477//2477
f 2473//2473 2475//2475 2477//2477
f 2473//2473 2477//2477 2478//2478
f 2473//2473 2478//2478 2474//2474
f 2477//2477 2476//2476 2479//2479
f 2477//2477 2480//2480 2481//2481
f 2477//2477 2479//2479 2480//2480
f 2477//2477 2481//2481 2482//2482
f 2474//2474 2478//2478 2483//2483
f 2478//2478 2484//2484 2483//2483
f 2477//2477 2482//2482 2478//2478
f 2484//2484 2482//2482 2485//2485
f 2482//2482 2481//2481 2486//2486
f 2482//2482 2486//2486 2487//2487
f 2482//2482 2487//2487 2485//2485
f 2478//2478 2482//2482 2484//2484
f 2475//2475 2474//2474 2488//2488
f 2475//2475 2488//2488 2489//2489
f 2474//2474 2490//2490 2488//2488
f 2489//2489 2491//2491 2476//2476
f 2475//2475 2489//2489 2476//2476
f 2489//2489 2492//2492 2491//2491
f 2474//2474 2493//2493 2490//2490
f 2476//2476 2494//2494 2479//2479
f 2476//2476 2495//2495 2494//2494
f 2476//2476 2491//2491 2495//2495
f 2474//2474 2483//2483 2493//2493
f 2483//2483 2484//2484 2496//2496
f 2483//2483 2496//2496 2493//2493
f 2484//2484 2497//2497 2496//2496
f 2484//2484 2485//2485 2498//2498
f 2485//2485 2487//2487 2499//2499
f 2485//2485 2499//2499 2498//2498
f 2484//2484 2498//2498 2497//2497
f 2497//2497 2498//2498 2500//2500
f 2497//2497 2500//2500 2501//2501
f 2489//2489 2502//2502 2492//2492
f 2497//2497 2501//2501 2503//2503
f 2488//2488 2490//2490 2504//2504
f 2489//2489 2488//2488 2504//2504
f 2490//2490 2493//2493 2505//2505
f 2493//2493 2496//2496 2506//2506
f 2496//2496 2497//2497 2506//2506
f 2489//2489 2507//2507 2502//2502
f 2497//2497 2503//2503 2508//2508
f 2489//2489 2504//2504 2509//2509
f 2490//2490 2505//2505 2504//2504
f 2489//2489 2509//2509 2507//2507
f 2493//2493 2510//2510 2505//2505
f 2493//2493 2506//2506 2510//2510
f 2497//2497 2508//2508 2506//2506
f 2508//2508 2503//2503 2511//2511
f 2509//2509 2504//2504 2512//2512
f 2504//2504 2505//2505 2513//2513
f 2509//2509 2514//2514 2507//2507
f 2504//2504 2513//2513 2512//2512
f 2512//2512 2513//2513 2515//2515
f 2509//2509 2512//2512 2514//2514
f 2512//2512 2516//2516 2517//2517
f 2512//2512 2515//2515 2516//2516
f 2515//2515 2518//2518 2516//2516
f 2505//2505 2519//2519 2513//2513
f 2513//2513 2520//2520 2515//2515
f 2515//2515 2521//2521 2518//2518
f 2505//2505 2510//2510 2519//2519
f 2510//2510 2506//2506 2519//2519
f 2506//2506 2508//2508 2522//2522
f 2513//2513 2519//2519 2520//2520
f 2515//2515 2520//2520 2521//2521
f 2506//2506 2522//2522 2519//2519
f 2519//2519 2522//2522 2520//2520
f 2508//2508 2511//2511 2522//2522
f 2522//2522 2511//2511 2523//2523
f 2522//2522 2524//2524 2520//2520
f 2520//2520 2524//2524 2521//2521
f 2525//2525 2526//2526 2527//2527
f 2525//2525 2528//2528 2529//2529
f 2525//2525 2529//2529 2526//2526
f 2525//2525 2527//2527 2530//2530
f 2529//2529 2531//2531 2532//2532
f 2529//2529 2533//2533 2531//2531
f 2529//2529 2528//2528 2534//2534
f 2529//2529 2534//2534 2533//2533
f 2528//2528 2535//2535 2534//2534
f 2533//2533 2536//2536 2531//2531
f 2534//2534 2535//2535 2537//2537
f 2534//2534 2537//2537 2533//2533
f 2533//2533 2538//2538 2536//2536
f 2525//2525 2530//2530 2539//2539
f 2525//2525 2539//2539 2528//2528
f 2539//2539 2530//2530 2540//2540
f 2528//2528 2539//2539 2541//2541
f 2539//2539 2540//2540 2542//2542
f 2542//2542 2540//2540 2543//2543
f 2541//2541 2539//2539 2542//2542
f 2528//2528 2544//2544 2535//2535
f 2528//2528 2541//2541 2544//2544
f 2541//2541 2545//2545 2544//2544
f 2541//2541 2542//2542 2545//2545
f 2542//2542 2546//2546 2547//2547
f 2542//2542 2547//2547 2545//2545
f 2547//2547 2546//2546 2548//2548
f 2535//2535 2544//2544 2549//2549
f 2544//2544 2545//2545 2550//2550
f 2547//2547 2550//2550 2545//2545
f 2547//2547 2548//2548 2551//2551
f 2535//2535 2549//2549 2537//2537
f 2533//2533 2552//2552 2538//2538
f 2533//2533 2537//2537 2552//2552
f 2552//2552 2553//2553 2538//2538
f 2554//2554 2553//2553 2552//2552
f 2554//2554 2555//2555 2553//2553
f 2556//2556 2557//2557 2558//2558
f 2559//2559 2560//2560 2557//2557
f 2554//2554 2556//2556 2555//2555
f 2554//2554 2561//2561 2556//2556
f 2556//2556 2559//2559 2557//2557
f 2556//2556 2562//2562 2559//2559
f 2554//2554 2552//2552 2563//2563
f 2537//2537 2563//2563 2552//2552
f 2537//2537 2549//2549 2564//2564
f 2556//2556 2561//2561 2562//2562
f 2561//2561 2565//2565 2562//2562
f 2554//2554 2563//2563 2561//2561
f 2561//2561 2563//2563 2566//2566
f 2537//2537 2564//2564 2563//2563
f 2563//2563 2564//2564 2566//2566
f 2561//2561 2566//2566 2565//2565
f 2565//2565 2566//2566 2567//2567
f 2559//2559 2568//2568 2560//2560
f 2559//2559 2562//2562 2569//2569
f 2565//2565 2569//2569 2562//2562
f 2547//2547 2551//2551 2570//2570
f 2544//2544 2571//2571 2549//2549
f 2544//2544 2550//2550 2571//2571
f 2547//2547 2570//2570 2550//2550
f 2570//2570 2551//2551 2572//2572
f 2549//2549 2571//2571 2564//2564
f 2571//2571 2550//2550 2573//2573
f 2570//2570 2574//2574 2550//2550
f 2564//2564 2575//2575 2566//2566
f 2566//2566 2575//2575 2567//2567
f 2564//2564 2571//2571 2573//2573
f 2564//2564 2573//2573 2575//2575
f 2573//2573 2550//2550 2574//2574
f 2573//2573 2574//2574 2575//2575
f 2576//2576 2572//2572 2577//2577
f 2559//2559 2578//2578 2568//2568
f 2559//2559 2569//2569 2578//2578
f 2579//2579 2580//2580 2568//2568
f 2578//2578 2579//2579 2568//2568
f 2569//2569 2579//2579 2578//2578
f 2570//2570 2572//2572 2576//2576
f 2579//2579 2576//2576 2577//2577
f 2579//2579 2581//2581 2576//2576
f 2570//2570 2576//2576 2574//2574
f 2579//2579 2577//2577 2582//2582
f 2565//2565 2567//2567 2569//2569
f 2569//2569 2581//2581 2579//2579
f 2569//2569 2567//2567 2581//2581
f 2575//2575 2581//2581 2567//2567
f 2574//2574 2576//2576 2581//2581
f 2574//2574 2581//2581 2575//2575
f 2583//2583 2584//2584 2585//2585
f 2585//2585 2584//2584 2586//2586
f 2585//2585 2586//2586 2587//2587
f 2584//2584 2588//2588 2586//2586
f 2585//2585 2589//2589 2590//2590
f 2583//2583 2585//2585 2590//2590
f 2590//2590 2591//2591 2592//2592
f 2589//2589 2593//2593 2590//2590
f 2590//2590 2593//2593 2591//2591
f 2590//2590 2592//2592 2594//2594
f 2583//2583 2590//2590 2595//2595
f 2583//2583 2595//2595 2584//2584
f 2590//2590 2594//2594 2595//2595
f 2584//2584 2595//2595 2596//2596
f 2594//2594 2592//2592 2597//2597
f 2594//2594 2597//2597 2598//2598
f 2594//2594 2598//2598 2599//2599
f 2594//2594 2599//2599 2600//2600
f 2594//2594 2600//2600 2601//2601
f 2594//2594 2601//2601 2595//2595
f 2587//2587 2602//2602 2589//2589
f 2589//2589 2603//2603 2593//2593
f 2589//2589 2604//2604 2603//2603
f 2589//2589 2602//2602 2604//2604
f 2585//2585 2587//2587 2589//2589
f 2587//2587 2605//2605 2602//2602
f 2584//2584 2606//2606 2588//2588
f 2584//2584 2596//2596 2606//2606
f 2600//2600 2599//2599 2607//2607
f 2600//2600 2607//2607 2608//2608
f 2600//2600 2608//2608 2601//2601
f 2601//2601 2608//2608 2609//2609
f 2601//2601 2609//2609 2610//2610
f 2610//2610 2609//2609 2611//2611
f 2595//2595 2601//2601 2596//2596
f 2596//2596 2601//2601 2612//2612
f 2596//2596 2612//2612 2606//2606
f 2601//2601 2610//2610 2612//2612
f 2587//2587 2586//2586 2613//2613
f 2586//2586 2588//2588 2613//2613
f 2587//2587 2614//2614 2605//2605
f 2588//2588 2606//2606 2615//2615
f 2610//2610 2611//2611 2616//2616
f 2606//2606 2612//2612 2617//2617
f 2610//2610 2617//2617 2612//2612
f 2587//2587 2618//2618 2614//2614
f 2587//2587 2613//2613 2618//2618
f 2588//2588 2615//2615 2613//2613
f 2616//2616 2611//2611 2619//2619
f 2606//2606 2620//2620 2615//2615
f 2606//2606 2617//2617 2620//2620
f 2610//2610 2616//2616 2617//2617
f 2618//2618 2613//2613 2621//2621
f 2613//2613 2615//2615 2622//2622
f 2618//2618 2621//2621 2623//2623
f 2613//2613 2622//2622 2621//2621
f 2621//2621 2622//2622 2624//2624
f 2618//2618 2625//2625 2614//2614
f 2616//2616 2619//2619 2626//2626
f 2618//2618 2623//2623 2625//2625
f 2621//2621 2627//2627 2628//2628
f 2624//2624 2629//2629 2627//2627
f 2615//2615 2620//2620 2630//2630
f 2621//2621 2624//2624 2627//2627
f 2615//2615 2630//2630 2622//2622
f 2622//2622 2631//2631 2624//2624
f 2624//2624 2632//2632 2629//2629
f 2622//2622 2630//2630 2631//2631
f 2633//2633 2634//2634 2631//2631
f 2624//2624 2631//2631 2632//2632
f 2633//2633 2626//2626 2635//2635
f 2633//2633 2636//2636 2634//2634
f 2631//2631 2634//2634 2632//2632
f 2620//2620 2617//2617 2630//2630
f 2616//2616 2633//2633 2617//2617
f 2617//2617 2633//2633 2630//2630
f 2630//2630 2633//2633 2631//2631
f 2616//2616 2626//2626 2633//2633
f 2637//2637 2638//2638 2639//2639
f 2640//2640 2637//2637 2641//2641
f 2640//2640 2641//2641 2642//2642
f 2640//2640 2643//2643 2637//2637
f 2640//2640 2644//2644 2643//2643
f 2640//2640 2642//2642 2644//2644
f 2644//2644 2642//2642 2645//2645
f 2643//2643 2644//2644 2646//2646
f 2637//2637 2643//2643 2647//2647
f 2637//2637 2648//2648 2638//2638
f 2637//2637 2647//2647 2648//2648
f 2643//2643 2649//2649 2647//2647
f 2643//2643 2650//2650 2649//2649
f 2643//2643 2646//2646 2650//2650
f 2648//2648 2651//2651 2638//2638
f 2648//2648 2652//2652 2651//2651
f 2647//2647 2653//2653 2648//2648
f 2647//2647 2649//2649 2653//2653
f 2649//2649 2650//2650 2654//2654
f 2644//2644 2645//2645 2655//2655
f 2656//2656 2655//2655 2657//2657
f 2644//2644 2655//2655 2656//2656
f 2644//2644 2656//2656 2646//2646
f 2646//2646 2656//2656 2658//2658
f 2646//2646 2658//2658 2650//2650
f 2656//2656 2659//2659 2658//2658
f 2656//2656 2660//2660 2659//2659
f 2659//2659 2660//2660 2661//2661
f 2659//2659 2661//2661 2662//2662
f 2659//2659 2663//2663 2658//2658
f 2650//2650 2658//2658 2663//2663
f 2648//2648 2664//2664 2652//2652
f 2648//2648 2653//2653 2664//2664
f 2649//2649 2654//2654 2653//2653
f 2650//2650 2665//2665 2654//2654
f 2664//2664 2666//2666 2652//2652
f 2667//2667 2668//2668 2669//2669
f 2667//2667 2670//2670 2671//2671
f 2667//2667 2672//2672 2670//2670
f 2667//2667 2673//2673 2672//2672
f 2669//2669 2668//2668 2666//2666
f 2669//2669 2666//2666 2664//2664
f 2667//2667 2669//2669 2674//2674
f 2669//2669 2664//2664 2675//2675
f 2672//2672 2676//2676 2670//2670
f 2669//2669 2675//2675 2674//2674
f 2674//2674 2675//2675 2677//2677
f 2674//2674 2677//2677 2678//2678
f 2667//2667 2674//2674 2673//2673
f 2674//2674 2678//2678 2673//2673
f 2672//2672 2673//2673 2679//2679
f 2673//2673 2678//2678 2679//2679
f 2653//2653 2675//2675 2664//2664
f 2653//2653 2654//2654 2680//2680
f 2654//2654 2665//2665 2680//2680
f 2653//2653 2680//2680 2675//2675
f 2675//2675 2680//2680 2677//2677
f 2677//2677 2680//2680 2681//2681
f 2678//2678 2677//2677 2682//2682
f 2677//2677 2681//2681 2682//2682
f 2680//2680 2683//2683 2681//2681
f 2680//2680 2665//2665 2683//2683
f 2659//2659 2662//2662 2684//2684
f 2659//2659 2684//2684 2663//2663
f 2684//2684 2662//2662 2685//2685
f 2650//2650 2663//2663 2665//2665
f 2672//2672 2686//2686 2676//2676
f 2672//2672 2679//2679 2686//2686
f 2687//2687 2685//2685 2688//2688
f 2686//2686 2689//2689 2676//2676
f 2690//2690 2691//2691 2689//2689
f 2690//2690 2688//2688 2692//2692
f 2690//2690 2687//2687 2688//2688
f 2686//2686 2690//2690 2689//2689
f 2686//2686 2679//2679 2690//2690
f 2690//2690 2693//2693 2687//2687
f 2687//2687 2684//2684 2685//2685
f 2665//2665 2663//2663 2683//2683
f 2684//2684 2694//2694 2663//2663
f 2687//2687 2694//2694 2684//2684
f 2678//2678 2682//2682 2679//2679
f 2693//2693 2682//2682 2681//2681
f 2690//2690 2679//2679 2693//2693
f 2679//2679 2682//2682 2693//2693
f 2687//2687 2693//2693 2694//2694
f 2693//2693 2681//2681 2694//2694
f 2683//2683 2663//2663 2694//2694
f 2683//2683 2694//2694 2681//2681
f 2695//2695 2696//2696 2697//2697
f 2695//2695 2698//2698 2696//2696
f 2695//2695 2699//2699 2700//2700
f 2695//2695 2700//2700 2698//2698
f 2695//2695 2701//2701 2699//2699
f 2695//2695 2697//2697 2702//2702
f 2702//2702 2697//2697 2703//2703
f 2695//2695 2702//2702 2701//2701
f 2702//2702 2703//2703 2704//2704
f 2702//2702 2704//2704 2705//2705
f 2702//2702 2705//2705 2706//2706
f 2699//2699 2707//2707 2700//2700
f 2699//2699 2701//2701 2707//2707
f 2707//2707 2701//2701 2708//2708
f 2702//2702 2706//2706 2709//2709
f 2702//2702 2709//2709 2701//2701
f 2701//2701 2709//2709 2708//2708
f 2698//2698 2710//2710 2696//2696
f 2698//2698 2711//2711 2710//2710
f 2698//2698 2712//2712 2711//2711
f 2698//2698 2700//2700 2713//2713
f 2713//2713 2714//2714 2712//2712
f 2698//2698 2713//2713 2712//2712
f 2706//2706 2705//2705 2715//2715
f 2706//2706 2715//2715 2716//2716
f 2700//2700 2707//2707 2717//2717
f 2700//2700 2717//2717 2713//2713
f 2707//2707 2718//2718 2717//2717
f 2707//2707 2719//2719 2718//2718
f 2707//2707 2708//2708 2719//2719
f 2706//2706 2716//2716 2709//2709
f 2709//2709 2716//2716 2720//2720
f 2709//2709 2720//2720 2721//2721
f 2721//2721 2720//2720 2722//2722
f 2708//2708 2709//2709 2723//2723
f 2708//2708 2723//2723 2719//2719
f 2709//2709 2721//2721 2723//2723
f 2713//2713 2724//2724 2714//2714
f 2721//2721 2722//2722 2725//2725
f 2713//2713 2717//2717 2726//2726
f 2717//2717 2718//2718 2726//2726
f 2718//2718 2719//2719 2727//2727
f 2721//2721 2728//2728 2723//2723
f 2719//2719 2723//2723 2728//2728
f 2713//2713 2729//2729 2724//2724
f 2721//2721 2725//2725 2730//2730
f 2713//2713 2731//2731 2729//2729
f 2713//2713 2726//2726 2731//2731
f 2718//2718 2727//2727 2726//2726
f 2719//2719 2732//2732 2727//2727
f 2721//2721 2730//2730 2728//2728
f 2719//2719 2728//2728 2732//2732
f 2730//2730 2725//2725 2733//2733
f 2731//2731 2734//2734 2729//2729
f 2731//2731 2735//2735 2734//2734
f 2735//2735 2736//2736 2737//2737
f 2735//2735 2738//2738 2736//2736
f 2738//2738 2739//2739 2736//2736
f 2731//2731 2726//2726 2735//2735
f 2726//2726 2727//2727 2740//2740
f 2726//2726 2740//2740 2735//2735
f 2735//2735 2740//2740 2738//2738
f 2740//2740 2741//2741 2738//2738
f 2727//2727 2742//2742 2740//2740
f 2727//2727 2732//2732 2742//2742
f 2730//2730 2733//2733 2743//2743
f 2732//2732 2728//2728 2742//2742
f 2730//2730 2743//2743 2728//2728
f 2740//2740 2742//2742 2741//2741
f 2738//2738 2741//2741 2739//2739
f 2743//2743 2733//2733 2744//2744
f 2741//2741 2745//2745 2746//2746
f 2743//2743 2745//2745 2741//2741
f 2741//2741 2746//2746 2739//2739
f 2728//2728 2743//2743 2742//2742
f 2742//2742 2743//2743 2741//2741
f 2747//2747 2748//2748 2749//2749
f 2747//2747 2750//2750 2748//2748
f 2747//2747 2751//2751 2750//2750
f 2750//2750 2752//2752 2753//2753
f 2750//2750 2754//2754 2752//2752
f 2750//2750 2751//2751 2755//2755
f 2750//2750 2755//2755 2754//2754
f 2751//2751 2756//2756 2755//2755
f 2747//2747 2749//2749 2757//2757
f 2747//2747 2757//2757 2751//2751
f 2757//2757 2749//2749 2758//2758
f 2757//2757 2758//2758 2759//2759
f 2751//2751 2757//2757 2760//2760
f 2761//2761 2759//2759 2762//2762
f 2757//2757 2759//2759 2761//2761
f 2757//2757 2761//2761 2760//2760
f 2751//2751 2763//2763 2756//2756
f 2751//2751 2760//2760 2763//2763
f 2764//2764 2765//2765 2766//2766
f 2761//2761 2765//2765 2764//2764
f 2760//2760 2761//2761 2767//2767
f 2760//2760 2767//2767 2763//2763
f 2761//2761 2764//2764 2767//2767
f 2754//2754 2768//2768 2752//2752
f 2754//2754 2755//2755 2769//2769
f 2755//2755 2756//2756 2769//2769
f 2754//2754 2770//2770 2768//2768
f 2764//2764 2766//2766 2771//2771
f 2756//2756 2763//2763 2772//2772
f 2763//2763 2767//2767 2773//2773
f 2764//2764 2773//2773 2767//2767
f 2754//2754 2774//2774 2770//2770
f 2754//2754 2769//2769 2774//2774
f 2756//2756 2772//2772 2769//2769
f 2764//2764 2771//2771 2775//2775
f 2763//2763 2776//2776 2772//2772
f 2763//2763 2773//2773 2776//2776
f 2764//2764 2775//2775 2773//2773
f 2775//2775 2771//2771 2777//2777
f 2774//2774 2778//2778 2770//2770
f 2779//2779 2780//2780 2778//2778
f 2781//2781 2782//2782 2783//2783
f 2781//2781 2780//2780 2779//2779
f 2781//2781 2784//2784 2782//2782
f 2781//2781 2785//2785 2784//2784
f 2781//2781 2779//2779 2786//2786
f 2781//2781 2786//2786 2785//2785
f 2786//2786 2787//2787 2785//2785
f 2779//2779 2778//2778 2774//2774
f 2779//2779 2774//2774 2788//2788
f 2774//2774 2769//2769 2788//2788
f 2769//2769 2772//2772 2789//2789
f 2779//2779 2788//2788 2786//2786
f 2786//2786 2790//2790 2787//2787
f 2786//2786 2788//2788 2790//2790
f 2769//2769 2789//2789 2788//2788
f 2788//2788 2789//2789 2790//2790
f 2791//2791 2777//2777 2792//2792
f 2784//2784 2793//2793 2782//2782
f 2784//2784 2794//2794 2793//2793
f 2784//2784 2795//2795 2794//2794
f 2784//2784 2785//2785 2795//2795
f 2787//2787 2795//2795 2785//2785
f 2794//2794 2796//2796 2793//2793
f 2772//2772 2776//2776 2789//2789
f 2787//2787 2790//2790 2797//2797
f 2787//2787 2797//2797 2795//2795
f 2789//2789 2798//2798 2790//2790
f 2789//2789 2776//2776 2799//2799
f 2789//2789 2799//2799 2798//2798
f 2790//2790 2798//2798 2797//2797
f 2800//2800 2792//2792 2801//2801
f 2794//2794 2802//2802 2796//2796
f 2794//2794 2800//2800 2802//2802
f 2800//2800 2791//2791 2792//2792
f 2791//2791 2775//2775 2777//2777
f 2794//2794 2795//2795 2800//2800
f 2800//2800 2803//2803 2791//2791
f 2791//2791 2804//2804 2775//2775
f 2776//2776 2773//2773 2799//2799
f 2775//2775 2804//2804 2773//2773
f 2800//2800 2795//2795 2803//2803
f 2795//2795 2797//2797 2803//2803
f 2797//2797 2798//2798 2803//2803
f 2791//2791 2803//2803 2804//2804
f 2803//2803 2798//2798 2804//2804
f 2773//2773 2804//2804 2799//2799
f 2799//2799 2804//2804 2798//2798
