v -0.14000 -0.32174 -0.26997
v -0.14000 -0.35698 -0.21964
v -0.17600 -0.34607 -0.21438
v -0.20000 -0.31177 -0.18000
v -0.20000 -0.27578 -0.23140
v -0.17600 -0.31255 -0.26226
v -0.18373 -0.33302 -0.20615
v -0.18482 -0.33269 -0.20286
v -0.18516 -0.33290 -0.20138
v -0.18236 -0.33459 -0.20869
v -0.18200 -0.33515 -0.20913
v -0.17600 -0.34607 -0.21438
v -0.18200 -0.27812 -0.27978
v -0.17600 -0.28562 -0.28919
v -0.20000 -0.23140 -0.27578
v -0.18609 -0.24928 -0.29708
v -0.18482 -0.27032 -0.27963
v -0.18442 -0.27211 -0.27896
v -0.18353 -0.27496 -0.27864
v -0.18207 -0.27800 -0.27969
v -0.17600 -0.31255 -0.26226
v -0.17600 -0.28562 -0.28919
v -0.14000 -0.29312 -0.29859
v -0.18569 -0.33655 -0.19431
v -0.18535 -0.36508 -0.13475
v -0.20000 -0.33829 -0.12313
v -0.18516 -0.36588 -0.13393
v -0.18490 -0.36667 -0.13346
v -0.17600 -0.40180 -0.07085
v -0.17600 -0.38402 -0.13721
v -0.14000 -0.39498 -0.14249
v -0.17600 -0.40180 -0.07085
v -0.18200 -0.39224 -0.04300
v -0.18212 -0.39200 -0.04295
v -0.18354 -0.38930 -0.04124
v -0.17600 -0.40424 -0.04300
v -0.20000 -0.35453 -0.06251
v -0.18396 -0.36902 -0.13193
v -0.18270 -0.37171 -0.13160
v -0.18200 -0.37306 -0.13193
v -0.17600 -0.38402 -0.13721
v -0.20000 -0.36000 0.00000
v -0.18442 -0.38776 -0.03882
v -0.18480 -0.38716 -0.03700
v -0.18614 -0.38772 0.00000
v -0.14000 -0.41362 -0.07293
v -0.17600 -0.40424 -0.04300
v -0.14000 -0.41624 -0.04300
v -0.20000 -0.21613 -0.07866
v -0.20000 -0.19919 -0.11500
v -0.20000 -0.17619 -0.14784
v -0.20000 -0.22651 -0.03994
v -0.20000 -0.23000 0.00000
v -0.17600 -0.20400 -0.35334
v -0.18200 -0.21115 -0.33374
v -0.18229 -0.21088 -0.33321
v -0.17600 -0.21862 -0.34310
v -0.20000 -0.18000 -0.31177
v -0.17600 -0.13954 -0.38339
v -0.20000 -0.12313 -0.33829
v -0.18259 -0.12891 -0.37266
v -0.18200 -0.12941 -0.37373
v -0.18383 -0.12690 -0.37064
v -0.18507 -0.12225 -0.36933
v -0.18480 -0.12377 -0.36948
v -0.17600 -0.13207 -0.38540
v -0.17600 -0.20400 -0.35334
v -0.14000 -0.21000 -0.36373
v -0.17600 -0.21862 -0.34310
v -0.14000 -0.22608 -0.35247
v -0.14000 -0.14365 -0.39467
v -0.17600 -0.13954 -0.38339
v -0.17600 -0.13207 -0.38540
v -0.14000 -0.13473 -0.39706
v -0.18488 -0.21248 -0.32579
v -0.18455 -0.21151 -0.32729
v -0.18365 -0.21054 -0.33016
v -0.20000 -0.14784 -0.17619
v -0.20000 -0.11500 -0.19919
v -0.20000 -0.06251 -0.35453
v -0.18594 -0.06740 -0.38222
v -0.18494 -0.05009 -0.38574
v -0.17600 0.00000 -0.40800
v -0.18359 -0.04643 -0.38876
v -0.18455 -0.04856 -0.38664
v -0.18215 -0.04537 -0.39173
v -0.18200 -0.04537 -0.39203
v -0.17600 -0.04806 -0.40380
v -0.20000 0.00000 -0.36000
v -0.17600 0.00000 -0.40800
v -0.14000 0.00000 -0.42000
v -0.17600 -0.04806 -0.40380
v -0.14000 -0.05074 -0.41556
v -0.20000 -0.07866 -0.21613
v -0.20000 -0.03994 -0.22651
v -0.20000 0.00000 -0.23000
v 0.01200 -0.32174 -0.26997
v -0.01800 -0.29312 -0.29859
v 0.01200 -0.34902 -0.23101
v -0.01800 -0.35698 -0.21964
v -0.01376 -0.35800 -0.21818
v -0.01200 -0.23101 -0.34902
v -0.01376 -0.22753 -0.35146
v 0.01376 -0.21818 -0.35800
v 0.01376 -0.29984 -0.29187
v 0.01200 -0.30286 -0.28885
v 0.01800 -0.29859 -0.29312
v 0.14000 -0.26997 -0.32174
v -0.01800 -0.39498 -0.14249
v 0.01200 -0.41362 -0.07293
v -0.20000 -0.22651 -0.03994
v 0.20000 -0.22651 -0.03994
v -0.20000 -0.21613 -0.07866
v -0.20000 -0.23000 0.00000
v 0.20000 -0.23000 0.00000
v 0.01200 -0.39861 -0.12893
v -0.01515 -0.39467 -0.14365
v -0.01200 -0.36373 -0.21000
v -0.01200 -0.36047 -0.21466
v 0.01376 -0.35146 -0.22753
v -0.01800 -0.41624 -0.04300
v -0.01376 -0.41639 -0.04124
v 0.01376 -0.41541 -0.05251
v -0.01200 -0.41676 -0.03700
v 0.01200 -0.21000 -0.36373
v -0.01800 -0.13473 -0.39706
v 0.01200 0.00000 -0.42000
v -0.20000 -0.03994 -0.22651
v 0.20000 -0.03994 -0.22651
v -0.20000 0.00000 -0.23000
v -0.01800 -0.22608 -0.35247
v 0.01200 -0.14802 -0.39263
v 0.01515 -0.14365 -0.39467
v 0.01376 -0.14417 -0.39443
v -0.01376 -0.13303 -0.39752
v -0.01200 -0.12893 -0.39861
v 0.01200 -0.03700 -0.41676
v -0.01800 -0.05074 -0.41556
v -0.01200 -0.07293 -0.41362
v -0.01200 -0.05678 -0.41503
v 0.01376 -0.04124 -0.41639
v -0.01376 -0.05251 -0.41541
v -0.20000 -0.17619 -0.14784
v 0.20000 -0.17619 -0.14784
v -0.20000 -0.14784 -0.17619
v -0.20000 -0.19919 -0.11500
v 0.20000 -0.19919 -0.11500
v 0.20000 -0.14784 -0.17619
v -0.20000 -0.11500 -0.19919
v 0.20000 -0.21613 -0.07866
v 0.20000 -0.11500 -0.19919
v -0.20000 -0.07866 -0.21613
v 0.20000 -0.07866 -0.21613
v -0.17600 -0.40180 0.07085
v -0.18200 -0.39224 0.04300
v -0.17600 -0.40424 0.04300
v -0.18480 -0.38716 0.03700
v -0.20000 -0.35453 0.06251
v -0.18442 -0.38776 0.03882
v -0.18354 -0.38930 0.04124
v -0.18212 -0.39200 0.04295
v -0.20000 -0.33829 0.12313
v -0.18490 -0.36667 0.13346
v -0.17600 -0.40180 0.07085
v -0.17600 -0.40424 0.04300
v -0.14000 -0.41624 0.04300
v -0.14000 -0.41362 0.07293
v -0.17600 -0.38402 0.13721
v -0.18516 -0.36588 0.13393
v -0.18535 -0.36508 0.13475
v -0.18569 -0.33655 0.19431
v -0.18396 -0.36902 0.13193
v -0.18200 -0.37306 0.13193
v -0.18270 -0.37171 0.13160
v -0.17600 -0.38402 0.13721
v -0.14000 -0.39498 0.14249
v -0.20000 -0.22651 0.03994
v -0.20000 -0.21613 0.07866
v -0.20000 -0.19919 0.11500
v -0.20000 -0.31177 0.18000
v -0.18516 -0.33290 0.20138
v -0.20000 -0.27578 0.23140
v -0.18482 -0.33269 0.20286
v -0.18373 -0.33302 0.20615
v -0.18236 -0.33459 0.20869
v -0.18200 -0.33515 0.20913
v -0.17600 -0.34607 0.21438
v -0.20000 -0.17619 0.14784
v -0.17600 -0.31255 0.26226
v -0.17600 -0.34607 0.21438
v -0.14000 -0.35698 0.21964
v -0.17600 -0.31255 0.26226
v -0.18353 -0.27496 0.27864
v -0.18442 -0.27211 0.27896
v -0.18482 -0.27032 0.27963
v -0.17600 -0.28562 0.28919
v -0.18200 -0.27812 0.27978
v -0.18207 -0.27800 0.27969
v -0.20000 -0.23140 0.27578
v -0.18609 -0.24928 0.29708
v -0.18488 -0.21248 0.32579
v -0.14000 -0.32174 0.26997
v -0.17600 -0.28562 0.28919
v -0.14000 -0.29312 0.29859
v -0.20000 -0.14784 0.17619
v -0.20000 -0.11500 0.19919
v -0.20000 -0.18000 0.31177
v -0.18455 -0.21151 0.32729
v -0.18365 -0.21054 0.33016
v -0.18229 -0.21088 0.33321
v -0.18200 -0.21115 0.33374
v -0.17600 -0.20400 0.35334
v -0.20000 -0.07866 0.21613
v -0.20000 -0.12313 0.33829
v -0.17600 -0.21862 0.34310
v -0.18259 -0.12891 0.37266
v -0.18383 -0.12690 0.37064
v -0.18480 -0.12377 0.36948
v -0.18507 -0.12225 0.36933
v -0.18200 -0.12941 0.37373
v -0.17600 -0.13954 0.38339
v -0.17600 -0.13207 0.38540
v -0.17600 -0.20400 0.35334
v -0.17600 -0.21862 0.34310
v -0.14000 -0.22608 0.35247
v -0.17600 -0.13954 0.38339
v -0.14000 -0.21000 0.36373
v -0.14000 -0.14365 0.39467
v -0.17600 -0.13207 0.38540
v -0.14000 -0.13473 0.39706
v -0.20000 -0.03994 0.22651
v -0.20000 -0.06251 0.35453
v -0.20000 0.00000 0.23000
v -0.20000 0.00000 0.36000
v -0.18594 -0.06740 0.38222
v -0.18494 -0.05009 0.38574
v -0.18455 -0.04856 0.38664
v -0.18359 -0.04643 0.38876
v -0.18215 -0.04537 0.39173
v -0.18200 -0.04537 0.39203
v -0.17600 0.00000 0.40800
v -0.17600 -0.04806 0.40380
v -0.17600 0.00000 0.40800
v -0.17600 -0.04806 0.40380
v -0.14000 -0.05074 0.41556
v -0.14000 0.00000 0.42000
v -0.01800 -0.41624 0.04300
v 0.01200 -0.39861 0.12893
v -0.20000 -0.22651 0.03994
v 0.20000 -0.22651 0.03994
v 0.01200 -0.41362 0.07293
v -0.01376 -0.41639 0.04124
v 0.01200 -0.41503 0.05678
v -0.01200 -0.41676 0.03700
v 0.01376 -0.41541 0.05251
v -0.01800 -0.39498 0.14249
v -0.01515 -0.39467 0.14365
v -0.01200 -0.36373 0.21000
v 0.01376 -0.35146 0.22753
v -0.01200 -0.36047 0.21466
v -0.01376 -0.35800 0.21818
v 0.01200 -0.34902 0.23101
v -0.01800 -0.35698 0.21964
v 0.01200 -0.32174 0.26997
v -0.01800 -0.29312 0.29859
v 0.01800 -0.29859 0.29312
v -0.01376 -0.29187 0.29984
v -0.01200 -0.28885 0.30286
v -0.01200 -0.26997 0.32174
v -0.01200 -0.23101 0.34902
v 0.01200 -0.21466 0.36047
v -0.01376 -0.22753 0.35146
v -0.20000 -0.21613 0.07866
v 0.20000 -0.21613 0.07866
v -0.20000 -0.19919 0.11500
v 0.20000 -0.19919 0.11500
v -0.20000 -0.17619 0.14784
v 0.20000 -0.17619 0.14784
v -0.20000 -0.14784 0.17619
v 0.20000 -0.14784 0.17619
v -0.20000 -0.11500 0.19919
v 0.20000 -0.11500 0.19919
v -0.20000 -0.07866 0.21613
v 0.20000 -0.07866 0.21613
v -0.01800 -0.22608 0.35247
v 0.01200 -0.14802 0.39263
v 0.01515 -0.14365 0.39467
v -0.20000 -0.03994 0.22651
v 0.20000 -0.03994 0.22651
v -0.20000 0.00000 0.23000
v 0.20000 0.00000 0.23000
v -0.01800 -0.05074 0.41556
v 0.01200 -0.21000 0.36373
v 0.01376 -0.14417 0.39443
v -0.01800 -0.13473 0.39706
v -0.01376 -0.13303 0.39752
v -0.01200 -0.12893 0.39861
v 0.01200 -0.03700 0.41676
v 0.01200 0.00000 0.42000
v -0.01200 -0.07293 0.41362
v 0.01800 -0.04300 0.41624
v -0.01200 -0.05678 0.41503
v -0.01376 -0.05251 0.41541
v 0.01376 -0.04124 0.41639
v -0.18200 0.04537 -0.39203
v -0.17600 0.04806 -0.40380
v -0.20000 0.06251 -0.35453
v -0.18494 0.05009 -0.38574
v -0.18455 0.04856 -0.38664
v -0.18359 0.04643 -0.38876
v -0.18215 0.04537 -0.39173
v -0.18594 0.06740 -0.38222
v -0.20000 0.12313 -0.33829
v -0.18507 0.12225 -0.36933
v -0.17600 0.04806 -0.40380
v -0.14000 0.05074 -0.41556
v -0.20000 0.03994 -0.22651
v -0.20000 0.07866 -0.21613
v -0.18200 0.12941 -0.37373
v -0.18259 0.12891 -0.37266
v -0.18480 0.12377 -0.36948
v -0.18383 0.12690 -0.37064
v -0.17600 0.13954 -0.38339
v -0.17600 0.13207 -0.38540
v -0.17600 0.20400 -0.35334
v -0.20000 0.18000 -0.31177
v -0.18200 0.21115 -0.33374
v -0.17600 0.21862 -0.34310
v -0.14000 0.14365 -0.39467
v -0.14000 0.13473 -0.39706
v -0.17600 0.13207 -0.38540
v -0.17600 0.13954 -0.38339
v -0.14000 0.21000 -0.36373
v -0.17600 0.20400 -0.35334
v -0.17600 0.21862 -0.34310
v -0.14000 0.22608 -0.35247
v -0.20000 0.11500 -0.19919
v -0.18229 0.21088 -0.33321
v -0.18455 0.21151 -0.32729
v -0.18365 0.21054 -0.33016
v -0.18488 0.21248 -0.32579
v -0.20000 0.23140 -0.27578
v -0.20000 0.14784 -0.17619
v -0.20000 0.27578 -0.23140
v -0.20000 0.17619 -0.14784
v -0.18609 0.24928 -0.29708
v -0.18482 0.27032 -0.27963
v -0.17600 0.31255 -0.26226
v -0.18442 0.27211 -0.27896
v -0.18353 0.27496 -0.27864
v -0.18207 0.27800 -0.27969
v -0.18200 0.27812 -0.27978
v -0.17600 0.28562 -0.28919
v -0.17600 0.34607 -0.21438
v -0.14000 0.32174 -0.26997
v -0.14000 0.29312 -0.29859
v -0.17600 0.28562 -0.28919
v -0.17600 0.31255 -0.26226
v -0.14000 0.35698 -0.21964
v -0.17600 0.34607 -0.21438
v -0.20000 0.31177 -0.18000
v -0.20000 0.19919 -0.11500
v -0.18516 0.33290 -0.20138
v -0.18373 0.33302 -0.20615
v -0.18236 0.33459 -0.20869
v -0.18200 0.33515 -0.20913
v -0.18482 0.33269 -0.20286
v -0.18569 0.33655 -0.19431
v -0.20000 0.33829 -0.12313
v -0.20000 0.21613 -0.07866
v -0.20000 0.22651 -0.03994
v -0.20000 0.35453 -0.06251
v -0.20000 0.23000 0.00000
v -0.20000 0.36000 0.00000
v -0.18535 0.36508 -0.13475
v -0.18490 0.36667 -0.13346
v -0.18516 0.36588 -0.13393
v -0.17600 0.40180 -0.07085
v -0.18396 0.36902 -0.13193
v -0.18270 0.37171 -0.13160
v -0.18200 0.37306 -0.13193
v -0.17600 0.38402 -0.13721
v -0.14000 0.41362 -0.07293
v -0.14000 0.39498 -0.14249
v -0.17600 0.38402 -0.13721
v -0.18200 0.39224 -0.04300
v -0.18480 0.38716 -0.03700
v -0.18354 0.38930 -0.04124
v -0.18212 0.39200 -0.04295
v -0.18442 0.38776 -0.03882
v -0.18614 0.38772 0.00000
v -0.17600 0.40424 -0.04300
v -0.17600 0.40180 -0.07085
v -0.14000 0.41624 -0.04300
v -0.17600 0.40424 -0.04300
v -0.01800 0.05074 -0.41556
v 0.20000 0.00000 -0.23000
v -0.20000 0.03994 -0.22651
v 0.20000 0.03994 -0.22651
v -0.20000 0.07866 -0.21613
v 0.01515 0.14365 -0.39467
v 0.01200 0.14802 -0.39263
v -0.01800 0.22608 -0.35247
v 0.01200 0.03700 -0.41676
v -0.01376 0.05251 -0.41541
v -0.01200 0.05678 -0.41503
v 0.01376 0.04124 -0.41639
v -0.01200 0.07293 -0.41362
v 0.01800 0.04300 -0.41624
v -0.01800 0.13473 -0.39706
v 0.01376 0.14417 -0.39443
v 0.01200 0.21000 -0.36373
v -0.01376 0.13303 -0.39752
v -0.01200 0.12893 -0.39861
v -0.01376 0.22753 -0.35146
v -0.20000 0.11500 -0.19919
v 0.20000 0.07866 -0.21613
v -0.20000 0.14784 -0.17619
v 0.20000 0.11500 -0.19919
v -0.20000 0.17619 -0.14784
v 0.20000 0.14784 -0.17619
v -0.20000 0.19919 -0.11500
v 0.20000 0.17619 -0.14784
v 0.20000 0.19919 -0.11500
v -0.20000 0.21613 -0.07866
v -0.20000 0.22651 -0.03994
v 0.20000 0.21613 -0.07866
v 0.01200 0.32174 -0.26997
v -0.01800 0.35698 -0.21964
v -0.01200 0.23101 -0.34902
v 0.01200 0.21466 -0.36047
v -0.01800 0.29312 -0.29859
v 0.01200 0.34902 -0.23101
v -0.01200 0.26997 -0.32174
v -0.01200 0.28885 -0.30286
v 0.01800 0.29859 -0.29312
v -0.01376 0.29187 -0.29984
v -0.01376 0.35800 -0.21818
v -0.20000 0.23000 0.00000
v 0.20000 0.22651 -0.03994
v 0.01200 0.39861 -0.12893
v -0.01800 0.41624 -0.04300
v -0.01800 0.39498 -0.14249
v -0.01200 0.36047 -0.21466
v -0.01200 0.36373 -0.21000
v 0.01376 0.35146 -0.22753
v -0.01515 0.39467 -0.14365
v 0.01200 0.41362 -0.07293
v -0.01376 0.41639 -0.04124
v 0.01200 0.41503 -0.05678
v -0.01200 0.41676 -0.03700
v 0.01376 0.41541 -0.05251
v -0.20000 0.27578 0.23140
v -0.20000 0.19919 0.11500
v -0.20000 0.17619 0.14784
v -0.20000 0.23140 0.27578
v -0.20000 0.14784 0.17619
v -0.20000 0.03994 0.22651
v -0.20000 0.06251 0.35453
v -0.20000 0.07866 0.21613
v -0.20000 0.12313 0.33829
v -0.20000 0.11500 0.19919
v -0.18494 0.05009 0.38574
v -0.18455 0.04856 0.38664
v -0.18359 0.04643 0.38876
v -0.18215 0.04537 0.39173
v -0.18200 0.04537 0.39203
v -0.17600 0.04806 0.40380
v -0.18594 0.06740 0.38222
v -0.18507 0.12225 0.36933
v -0.17600 0.04806 0.40380
v -0.14000 0.05074 0.41556
v -0.20000 0.18000 0.31177
v -0.18609 0.24928 0.29708
v -0.18365 0.21054 0.33016
v -0.18455 0.21151 0.32729
v -0.18229 0.21088 0.33321
v -0.18488 0.21248 0.32579
v -0.17600 0.20400 0.35334
v -0.18480 0.12377 0.36948
v -0.18383 0.12690 0.37064
v -0.18259 0.12891 0.37266
v -0.18200 0.12941 0.37373
v -0.17600 0.13954 0.38339
v -0.17600 0.13207 0.38540
v -0.18200 0.21115 0.33374
v -0.17600 0.21862 0.34310
v -0.17600 0.13954 0.38339
v -0.14000 0.14365 0.39467
v -0.17600 0.20400 0.35334
v -0.17600 0.13207 0.38540
v -0.14000 0.13473 0.39706
v -0.14000 0.21000 0.36373
v -0.17600 0.21862 0.34310
v -0.14000 0.22608 0.35247
v -0.20000 0.22651 0.03994
v -0.20000 0.35453 0.06251
v -0.20000 0.33829 0.12313
v -0.20000 0.21613 0.07866
v -0.20000 0.31177 0.18000
v -0.18516 0.33290 0.20138
v -0.18569 0.33655 0.19431
v -0.17600 0.31255 0.26226
v -0.18480 0.38716 0.03700
v -0.18442 0.38776 0.03882
v -0.18354 0.38930 0.04124
v -0.17600 0.40180 0.07085
v -0.18490 0.36667 0.13346
v -0.18396 0.36902 0.13193
v -0.18270 0.37171 0.13160
v -0.18200 0.37306 0.13193
v -0.17600 0.38402 0.13721
v -0.18212 0.39200 0.04295
v -0.18200 0.39224 0.04300
v -0.17600 0.40424 0.04300
v -0.14000 0.41362 0.07293
v -0.14000 0.41624 0.04300
v -0.17600 0.40424 0.04300
v -0.17600 0.40180 0.07085
v -0.14000 0.39498 0.14249
v -0.18516 0.36588 0.13393
v -0.18535 0.36508 0.13475
v -0.17600 0.38402 0.13721
v -0.18482 0.27032 0.27963
v -0.18442 0.27211 0.27896
v -0.18353 0.27496 0.27864
v -0.18207 0.27800 0.27969
v -0.18200 0.27812 0.27978
v -0.17600 0.28562 0.28919
v -0.18482 0.33269 0.20286
v -0.18373 0.33302 0.20615
v -0.18236 0.33459 0.20869
v -0.18200 0.33515 0.20913
v -0.17600 0.34607 0.21438
v -0.17600 0.31255 0.26226
v -0.14000 0.32174 0.26997
v -0.17600 0.34607 0.21438
v -0.14000 0.29312 0.29859
v -0.17600 0.28562 0.28919
v -0.14000 0.35698 0.21964
v -0.20000 0.03994 0.22651
v -0.20000 0.07866 0.21613
v 0.20000 0.07866 0.21613
v -0.20000 0.11500 0.19919
v 0.20000 0.11500 0.19919
v -0.20000 0.19919 0.11500
v -0.20000 0.21613 0.07866
v 0.20000 0.21613 0.07866
v -0.20000 0.14784 0.17619
v 0.20000 0.14784 0.17619
v -0.20000 0.17619 0.14784
v 0.20000 0.19919 0.11500
v 0.20000 0.17619 0.14784
v 0.20000 0.03994 0.22651
v -0.01800 0.13473 0.39706
v 0.01200 0.21000 0.36373
v 0.01200 0.03700 0.41676
v -0.01800 0.05074 0.41556
v -0.01376 0.05251 0.41541
v 0.01376 0.04124 0.41639
v -0.01200 0.05678 0.41503
v -0.01200 0.07293 0.41362
v 0.01515 0.14365 0.39467
v 0.01376 0.14417 0.39443
v 0.01200 0.14802 0.39263
v -0.01800 0.22608 0.35247
v -0.01376 0.13303 0.39752
v -0.01200 0.12893 0.39861
v -0.01376 0.22753 0.35146
v -0.20000 0.22651 0.03994
v 0.20000 0.23000 0.00000
v 0.20000 0.22651 0.03994
v 0.01200 0.41362 0.07293
v -0.01800 0.39498 0.14249
v -0.01800 0.41624 0.04300
v 0.01200 0.39861 0.12893
v -0.01376 0.41639 0.04124
v 0.01376 0.41541 0.05251
v -0.01200 0.41676 0.03700
v -0.01376 0.35800 0.21818
v 0.01376 0.35146 0.22753
v -0.01200 0.36047 0.21466
v -0.01200 0.36373 0.21000
v -0.01515 0.39467 0.14365
v -0.01800 0.29312 0.29859
v 0.01200 0.32174 0.26997
v 0.01200 0.30286 0.28885
v 0.01376 0.29984 0.29187
v 0.01800 0.29859 0.29312
v 0.14000 0.26997 0.32174
v 0.01376 0.21818 0.35800
v -0.01200 0.23101 0.34902
v 0.01200 0.34902 0.23101
v -0.01800 0.35698 0.21964
v 0.01800 -0.21964 -0.35698
v -0.01200 -0.26997 -0.32174
v 0.14000 -0.21964 -0.35698
v -0.01376 -0.29187 -0.29984
v -0.01200 -0.28885 -0.30286
v 0.14000 -0.29859 -0.29312
v 0.01376 -0.39752 -0.13303
v 0.01800 -0.39706 -0.13473
v 0.01800 -0.35247 -0.22608
v 0.14000 -0.39467 -0.14365
v -0.01376 -0.39443 -0.14417
v -0.01200 -0.39263 -0.14802
v 0.14000 -0.35247 -0.22608
v 0.01200 -0.41503 -0.05678
v 0.01800 -0.41556 -0.05074
v -0.01200 -0.42000 0.00000
v 0.14000 -0.41556 -0.05074
v 0.14000 -0.39706 -0.13473
v 0.14000 -0.36373 -0.21000
v 0.14000 -0.42000 0.00000
v 0.01200 -0.21466 -0.36047
v 0.01800 -0.14249 -0.39498
v 0.14000 -0.07293 -0.41362
v 0.01800 -0.04300 -0.41624
v 0.14000 -0.04300 -0.41624
v 0.14000 -0.14249 -0.39498
v 0.17600 -0.21438 -0.34607
v 0.17600 -0.26226 -0.31255
v 0.17600 -0.28919 -0.28562
v 0.20000 -0.27578 -0.23140
v 0.18609 -0.29708 -0.24928
v 0.18482 -0.27963 -0.27032
v 0.17600 -0.26226 -0.31255
v 0.18200 -0.27978 -0.27812
v 0.17600 -0.28919 -0.28562
v 0.20000 -0.23140 -0.27578
v 0.17600 -0.21438 -0.34607
v 0.18200 -0.20913 -0.33515
v 0.18236 -0.20869 -0.33459
v 0.18373 -0.20615 -0.33302
v 0.18482 -0.20286 -0.33269
v 0.18516 -0.20138 -0.33290
v 0.20000 -0.18000 -0.31177
v 0.18207 -0.27969 -0.27800
v 0.18353 -0.27864 -0.27496
v 0.18442 -0.27896 -0.27211
v 0.17600 -0.38339 -0.13954
v 0.17600 -0.38540 -0.13207
v 0.17600 -0.35334 -0.20400
v 0.17600 -0.34310 -0.21862
v 0.17600 -0.35334 -0.20400
v 0.17600 -0.34310 -0.21862
v 0.18200 -0.33374 -0.21115
v 0.18229 -0.33321 -0.21088
v 0.17600 -0.38339 -0.13954
v 0.20000 -0.31177 -0.18000
v 0.18200 -0.37373 -0.12941
v 0.17600 -0.38540 -0.13207
v 0.20000 -0.33829 -0.12313
v 0.18259 -0.37266 -0.12891
v 0.18383 -0.37064 -0.12690
v 0.18480 -0.36948 -0.12377
v 0.18507 -0.36933 -0.12225
v 0.17600 -0.40380 -0.04806
v 0.17600 -0.40800 0.00000
v 0.17600 -0.40800 0.00000
v 0.17600 -0.40380 -0.04806
v 0.18200 -0.39203 -0.04537
v 0.18215 -0.39173 -0.04537
v 0.18359 -0.38876 -0.04643
v 0.18455 -0.38664 -0.04856
v 0.18494 -0.38574 -0.05009
v 0.20000 -0.35453 -0.06251
v 0.18594 -0.38222 -0.06740
v 0.20000 -0.36000 0.00000
v 0.18455 -0.32729 -0.21151
v 0.18488 -0.32579 -0.21248
v 0.18365 -0.33016 -0.21054
v 0.20000 -0.19919 -0.11500
v 0.20000 -0.17619 -0.14784
v 0.20000 -0.21613 -0.07866
v 0.20000 -0.22651 -0.03994
v 0.20000 -0.23000 0.00000
v 0.17600 -0.07085 -0.40180
v 0.17600 -0.13721 -0.38402
v 0.18569 -0.19431 -0.33655
v 0.18535 -0.13475 -0.36508
v 0.20000 -0.12313 -0.33829
v 0.18516 -0.13393 -0.36588
v 0.18490 -0.13346 -0.36667
v 0.20000 -0.14784 -0.17619
v 0.20000 -0.11500 -0.19919
v 0.20000 -0.07866 -0.21613
v 0.17600 -0.04300 -0.40424
v 0.20000 -0.06251 -0.35453
v 0.18200 -0.13193 -0.37306
v 0.17600 -0.13721 -0.38402
v 0.17600 -0.07085 -0.40180
v 0.18270 -0.13160 -0.37171
v 0.18396 -0.13193 -0.36902
v 0.17600 -0.04300 -0.40424
v 0.18200 -0.04300 -0.39224
v 0.18212 -0.04295 -0.39200
v 0.18354 -0.04124 -0.38930
v 0.20000 0.00000 -0.36000
v 0.18442 -0.03882 -0.38776
v 0.18480 -0.03700 -0.38716
v 0.18614 0.00000 -0.38772
v 0.20000 -0.03994 -0.22651
v 0.20000 0.00000 -0.23000
v 0.01800 -0.41556 0.05074
v 0.01376 -0.39752 0.13303
v 0.01800 -0.39706 0.13473
v 0.01800 -0.35247 0.22608
v 0.14000 -0.39467 0.14365
v -0.01376 -0.39443 0.14417
v 0.14000 -0.39706 0.13473
v -0.01200 -0.39263 0.14802
v 0.14000 -0.36373 0.21000
v 0.14000 -0.41556 0.05074
v 0.14000 -0.35247 0.22608
v 0.01200 -0.30286 0.28885
v 0.01376 -0.29984 0.29187
v 0.14000 -0.29859 0.29312
v 0.14000 -0.26997 0.32174
v 0.01800 -0.21964 0.35698
v 0.01376 -0.21818 0.35800
v 0.14000 -0.21964 0.35698
v 0.01800 -0.14249 0.39498
v 0.14000 -0.14249 0.39498
v 0.14000 -0.07293 0.41362
v 0.14000 -0.04300 0.41624
v 0.17600 -0.40380 0.04806
v 0.18200 -0.39203 0.04537
v 0.17600 -0.40380 0.04806
v 0.18215 -0.39173 0.04537
v 0.18359 -0.38876 0.04643
v 0.18455 -0.38664 0.04856
v 0.18494 -0.38574 0.05009
v 0.20000 -0.35453 0.06251
v 0.18594 -0.38222 0.06740
v 0.20000 -0.33829 0.12313
v 0.18507 -0.36933 0.12225
v 0.17600 -0.38540 0.13207
v 0.17600 -0.38339 0.13954
v 0.17600 -0.35334 0.20400
v 0.17600 -0.34310 0.21862
v 0.17600 -0.38339 0.13954
v 0.17600 -0.38540 0.13207
v 0.18200 -0.37373 0.12941
v 0.17600 -0.35334 0.20400
v 0.18259 -0.37266 0.12891
v 0.18383 -0.37064 0.12690
v 0.18480 -0.36948 0.12377
v 0.18200 -0.33374 0.21115
v 0.17600 -0.34310 0.21862
v 0.20000 -0.31177 0.18000
v 0.20000 -0.22651 0.03994
v 0.20000 -0.21613 0.07866
v 0.18229 -0.33321 0.21088
v 0.18365 -0.33016 0.21054
v 0.18455 -0.32729 0.21151
v 0.18488 -0.32579 0.21248
v 0.20000 -0.27578 0.23140
v 0.20000 -0.19919 0.11500
v 0.20000 -0.23140 0.27578
v 0.20000 -0.17619 0.14784
v 0.17600 -0.28919 0.28562
v 0.17600 -0.26226 0.31255
v 0.18609 -0.29708 0.24928
v 0.18482 -0.27963 0.27032
v 0.17600 -0.26226 0.31255
v 0.18200 -0.27978 0.27812
v 0.18207 -0.27969 0.27800
v 0.18353 -0.27864 0.27496
v 0.17600 -0.28919 0.28562
v 0.18442 -0.27896 0.27211
v 0.17600 -0.21438 0.34607
v 0.17600 -0.21438 0.34607
v 0.20000 -0.14784 0.17619
v 0.20000 -0.18000 0.31177
v 0.18200 -0.20913 0.33515
v 0.18236 -0.20869 0.33459
v 0.18373 -0.20615 0.33302
v 0.18482 -0.20286 0.33269
v 0.18516 -0.20138 0.33290
v 0.18569 -0.19431 0.33655
v 0.20000 -0.11500 0.19919
v 0.20000 -0.12313 0.33829
v 0.17600 -0.13721 0.38402
v 0.17600 -0.07085 0.40180
v 0.17600 -0.13721 0.38402
v 0.18200 -0.13193 0.37306
v 0.18270 -0.13160 0.37171
v 0.18396 -0.13193 0.36902
v 0.18490 -0.13346 0.36667
v 0.18535 -0.13475 0.36508
v 0.18516 -0.13393 0.36588
v 0.20000 -0.07866 0.21613
v 0.20000 -0.06251 0.35453
v 0.20000 -0.03994 0.22651
v 0.20000 0.00000 0.23000
v 0.20000 0.00000 0.36000
v 0.17600 -0.07085 0.40180
v 0.17600 -0.04300 0.40424
v 0.18200 -0.04300 0.39224
v 0.18212 -0.04295 0.39200
v 0.18354 -0.04124 0.38930
v 0.18442 -0.03882 0.38776
v 0.18480 -0.03700 0.38716
v 0.18614 0.00000 0.38772
v 0.17600 -0.04300 0.40424
v 0.14000 0.07293 -0.41362
v 0.01800 0.14249 -0.39498
v 0.01376 0.21818 -0.35800
v 0.14000 0.14249 -0.39498
v 0.14000 0.04300 -0.41624
v 0.01800 0.21964 -0.35698
v 0.14000 0.26997 -0.32174
v 0.01200 0.30286 -0.28885
v 0.01376 0.29984 -0.29187
v 0.14000 0.29859 -0.29312
v 0.14000 0.21964 -0.35698
v 0.01800 0.35247 -0.22608
v 0.01376 0.39752 -0.13303
v 0.01800 0.39706 -0.13473
v 0.14000 0.36373 -0.21000
v -0.01200 0.39263 -0.14802
v 0.14000 0.39467 -0.14365
v -0.01376 0.39443 -0.14417
v 0.14000 0.39706 -0.13473
v 0.01800 0.41556 -0.05074
v 0.14000 0.42000 0.00000
v -0.01200 0.42000 0.00000
v 0.14000 0.35247 -0.22608
v 0.14000 0.41556 -0.05074
v 0.17600 0.07085 -0.40180
v 0.17600 0.04300 -0.40424
v 0.17600 0.13721 -0.38402
v 0.17600 0.07085 -0.40180
v 0.18200 0.04300 -0.39224
v 0.17600 0.04300 -0.40424
v 0.18480 0.03700 -0.38716
v 0.20000 0.06251 -0.35453
v 0.18442 0.03882 -0.38776
v 0.18354 0.04124 -0.38930
v 0.18212 0.04295 -0.39200
v 0.18490 0.13346 -0.36667
v 0.20000 0.12313 -0.33829
v 0.20000 0.03994 -0.22651
v 0.20000 0.07866 -0.21613
v 0.20000 0.11500 -0.19919
v 0.17600 0.13721 -0.38402
v 0.18200 0.13193 -0.37306
v 0.18270 0.13160 -0.37171
v 0.18396 0.13193 -0.36902
v 0.18516 0.13393 -0.36588
v 0.18535 0.13475 -0.36508
v 0.18569 0.19431 -0.33655
v 0.20000 0.18000 -0.31177
v 0.20000 0.14784 -0.17619
v 0.20000 0.23140 -0.27578
v 0.18200 0.20913 -0.33515
v 0.17600 0.21438 -0.34607
v 0.18516 0.20138 -0.33290
v 0.18482 0.20286 -0.33269
v 0.18373 0.20615 -0.33302
v 0.18236 0.20869 -0.33459
v 0.20000 0.17619 -0.14784
v 0.20000 0.19919 -0.11500
v 0.20000 0.27578 -0.23140
v 0.17600 0.26226 -0.31255
v 0.17600 0.21438 -0.34607
v 0.17600 0.28919 -0.28562
v 0.17600 0.26226 -0.31255
v 0.17600 0.28919 -0.28562
v 0.18200 0.27978 -0.27812
v 0.18207 0.27969 -0.27800
v 0.18353 0.27864 -0.27496
v 0.18442 0.27896 -0.27211
v 0.18482 0.27963 -0.27032
v 0.18609 0.29708 -0.24928
v 0.18488 0.32579 -0.21248
v 0.20000 0.31177 -0.18000
v 0.20000 0.21613 -0.07866
v 0.18200 0.33374 -0.21115
v 0.17600 0.35334 -0.20400
v 0.18455 0.32729 -0.21151
v 0.18365 0.33016 -0.21054
v 0.18229 0.33321 -0.21088
v 0.20000 0.33829 -0.12313
v 0.20000 0.22651 -0.03994
v 0.20000 0.23000 0.00000
v 0.20000 0.35453 -0.06251
v 0.20000 0.36000 0.00000
v 0.17600 0.35334 -0.20400
v 0.17600 0.34310 -0.21862
v 0.17600 0.38339 -0.13954
v 0.17600 0.38540 -0.13207
v 0.17600 0.34310 -0.21862
v 0.17600 0.38339 -0.13954
v 0.17600 0.38540 -0.13207
v 0.18200 0.37373 -0.12941
v 0.18259 0.37266 -0.12891
v 0.18383 0.37064 -0.12690
v 0.18480 0.36948 -0.12377
v 0.18507 0.36933 -0.12225
v 0.17600 0.40800 0.00000
v 0.17600 0.40380 -0.04806
v 0.18594 0.38222 -0.06740
v 0.18494 0.38574 -0.05009
v 0.18200 0.39203 -0.04537
v 0.17600 0.40800 0.00000
v 0.18215 0.39173 -0.04537
v 0.18359 0.38876 -0.04643
v 0.18455 0.38664 -0.04856
v 0.17600 0.40380 -0.04806
v 0.01800 0.04300 0.41624
v 0.14000 0.04300 0.41624
v 0.14000 0.07293 0.41362
v 0.01800 0.14249 0.39498
v 0.01200 0.21466 0.36047
v 0.14000 0.14249 0.39498
v 0.01200 0.41503 0.05678
v 0.01800 0.41556 0.05074
v 0.14000 0.41556 0.05074
v 0.01800 0.35247 0.22608
v 0.01376 0.39752 0.13303
v 0.01800 0.39706 0.13473
v 0.14000 0.35247 0.22608
v 0.14000 0.39467 0.14365
v -0.01200 0.39263 0.14802
v -0.01376 0.39443 0.14417
v 0.14000 0.36373 0.21000
v 0.14000 0.39706 0.13473
v -0.01200 0.28885 0.30286
v -0.01200 0.26997 0.32174
v -0.01376 0.29187 0.29984
v 0.01800 0.21964 0.35698
v 0.14000 0.21964 0.35698
v 0.14000 0.29859 0.29312
v 0.20000 0.23140 0.27578
v 0.20000 0.11500 0.19919
v 0.20000 0.14784 0.17619
v 0.20000 0.27578 0.23140
v 0.20000 0.17619 0.14784
v 0.20000 0.06251 0.35453
v 0.20000 0.03994 0.22651
v 0.20000 0.12313 0.33829
v 0.20000 0.07866 0.21613
v 0.17600 0.04300 0.40424
v 0.17600 0.07085 0.40180
v 0.17600 0.07085 0.40180
v 0.18354 0.04124 0.38930
v 0.18480 0.03700 0.38716
v 0.18442 0.03882 0.38776
v 0.17600 0.04300 0.40424
v 0.18200 0.04300 0.39224
v 0.18212 0.04295 0.39200
v 0.17600 0.13721 0.38402
v 0.18200 0.13193 0.37306
v 0.18490 0.13346 0.36667
v 0.18270 0.13160 0.37171
v 0.18396 0.13193 0.36902
v 0.20000 0.18000 0.31177
v 0.17600 0.26226 0.31255
v 0.18516 0.20138 0.33290
v 0.18569 0.19431 0.33655
v 0.17600 0.13721 0.38402
v 0.18516 0.13393 0.36588
v 0.18535 0.13475 0.36508
v 0.20000 0.22651 0.03994
v 0.20000 0.21613 0.07866
v 0.20000 0.35453 0.06251
v 0.20000 0.19919 0.11500
v 0.20000 0.33829 0.12313
v 0.20000 0.31177 0.18000
v 0.17600 0.35334 0.20400
v 0.18229 0.33321 0.21088
v 0.18609 0.29708 0.24928
v 0.18488 0.32579 0.21248
v 0.18365 0.33016 0.21054
v 0.18455 0.32729 0.21151
v 0.17600 0.40380 0.04806
v 0.18494 0.38574 0.05009
v 0.18507 0.36933 0.12225
v 0.18594 0.38222 0.06740
v 0.17600 0.40380 0.04806
v 0.18200 0.39203 0.04537
v 0.18215 0.39173 0.04537
v 0.18359 0.38876 0.04643
v 0.18455 0.38664 0.04856
v 0.17600 0.35334 0.20400
v 0.17600 0.38339 0.13954
v 0.17600 0.34310 0.21862
v 0.17600 0.38540 0.13207
v 0.17600 0.38339 0.13954
v 0.18200 0.37373 0.12941
v 0.17600 0.38540 0.13207
v 0.18480 0.36948 0.12377
v 0.18383 0.37064 0.12690
v 0.18259 0.37266 0.12891
v 0.17600 0.34310 0.21862
v 0.18200 0.33374 0.21115
v 0.17600 0.26226 0.31255
v 0.17600 0.21438 0.34607
v 0.17600 0.28919 0.28562
v 0.18207 0.27969 0.27800
v 0.18200 0.27978 0.27812
v 0.18353 0.27864 0.27496
v 0.18482 0.27963 0.27032
v 0.18442 0.27896 0.27211
v 0.17600 0.21438 0.34607
v 0.18200 0.20913 0.33515
v 0.18236 0.20869 0.33459
v 0.18373 0.20615 0.33302
v 0.18482 0.20286 0.33269
v 0.17600 0.28919 0.28562
v -0.18624 0.38776 -0.03700
v -0.18442 0.38776 -0.03882
v -0.18480 0.38716 -0.03700
v -0.18614 0.38772 0.00000
v -0.18624 0.38776 0.03700
v -0.18800 0.39200 -0.03700
v -0.18800 0.43800 0.03700
v -0.18800 0.43800 -0.03700
v -0.18624 0.39200 -0.04124
v -0.18212 0.39200 -0.04295
v -0.18354 0.38930 -0.04124
v -0.18200 0.39224 -0.04300
v -0.18200 0.43800 -0.04300
v -0.17600 0.40424 -0.04300
v -0.18800 0.39200 0.03700
v -0.18624 0.43800 -0.04124
v -0.18200 0.44224 -0.04124
v -0.18624 0.44224 -0.03700
v -0.18200 0.44400 -0.03700
v -0.18624 0.44224 0.03700
v -0.14000 0.41624 -0.04300
v -0.01800 0.44224 -0.04124
v -0.18200 0.44400 0.03700
v -0.01800 0.44400 -0.03700
v -0.01800 0.41624 -0.04300
v -0.01800 0.43800 -0.04300
v -0.01376 0.41639 -0.04124
v -0.01376 0.43800 -0.04124
v -0.01200 0.41676 -0.03700
v -0.01376 0.41639 -0.04124
v -0.01376 0.44224 -0.03700
v -0.01200 0.43800 -0.03700
v -0.01800 0.44400 0.03700
v -0.01200 0.43800 0.03700
v -0.01200 0.42000 0.00000
v -0.18480 0.38716 0.03700
v -0.18442 0.38776 0.03882
v -0.18624 0.39200 0.04124
v -0.18354 0.38930 0.04124
v -0.18212 0.39200 0.04295
v -0.18624 0.43800 0.04124
v -0.18200 0.43800 0.04300
v -0.18200 0.39224 0.04300
v -0.17600 0.40424 0.04300
v -0.18200 0.44224 0.04124
v -0.14000 0.41624 0.04300
v -0.01800 0.44224 0.04124
v -0.01800 0.43800 0.04300
v -0.01800 0.41624 0.04300
v -0.01376 0.44224 0.03700
v -0.01376 0.41639 0.04124
v -0.01200 0.41676 0.03700
v -0.01376 0.43800 0.04124
v -0.01376 0.41639 0.04124
v 0.01376 0.43620 0.05726
v 0.01800 0.41556 0.05074
v 0.01376 0.41541 0.05251
v 0.01800 0.43659 0.05554
v 0.01200 0.43525 0.06139
v 0.01200 0.41503 0.05678
v 0.01200 0.41362 0.07293
v 0.01200 0.41879 0.13354
v 0.01376 0.41541 0.05251
v 0.01376 0.43939 0.06234
v 0.01800 0.44033 0.05820
v 0.01800 0.44110 0.06273
v 0.01376 0.42292 0.13448
v 0.01800 0.42463 0.13487
v 0.01200 0.39861 0.12893
v 0.01376 0.41784 0.13767
v 0.01376 0.39752 0.13303
v 0.01376 0.39752 0.13303
v 0.01800 0.41745 0.13939
v 0.01800 0.39706 0.13473
v 0.01800 0.42198 0.13862
v 0.14000 0.41556 0.05074
v 0.18200 0.44033 0.05820
v 0.18200 0.44110 0.06273
v 0.18200 0.41745 0.13939
v 0.18200 0.42198 0.13862
v 0.18200 0.43659 0.05554
v 0.18200 0.42463 0.13487
v 0.14000 0.39706 0.13473
v 0.17600 0.40380 0.04806
v 0.18624 0.38627 0.05021
v 0.18494 0.38574 0.05009
v 0.18455 0.38664 0.04856
v 0.18624 0.39135 0.04702
v 0.18594 0.38222 0.06740
v 0.18507 0.36933 0.12225
v 0.18800 0.39041 0.05116
v 0.18624 0.36980 0.12236
v 0.18800 0.37394 0.12330
v 0.18200 0.39203 0.04537
v 0.18359 0.38876 0.04643
v 0.18215 0.39173 0.04537
v 0.18624 0.43620 0.05726
v 0.18800 0.43525 0.06139
v 0.18624 0.43939 0.06234
v 0.18624 0.42292 0.13448
v 0.18800 0.41879 0.13354
v 0.17600 0.38540 0.13207
v 0.18383 0.37064 0.12690
v 0.18480 0.36948 0.12377
v 0.18624 0.37299 0.12744
v 0.18259 0.37266 0.12891
v 0.18200 0.37373 0.12941
v 0.18624 0.41784 0.13767
v -0.18624 0.33330 0.20158
v -0.18516 0.33290 0.20138
v -0.18482 0.33269 0.20286
v -0.18624 0.36541 0.13491
v -0.18800 0.33713 0.20342
v -0.18800 0.36923 0.13675
v -0.18535 0.36508 0.13475
v -0.18569 0.33655 0.19431
v -0.18516 0.36588 0.13393
v -0.18624 0.37107 0.13292
v -0.18490 0.36667 0.13346
v -0.18396 0.36902 0.13193
v -0.18270 0.37171 0.13160
v -0.18200 0.37306 0.13193
v -0.18200 0.41328 0.15130
v -0.18800 0.41068 0.15671
v -0.18800 0.37857 0.22338
v -0.18624 0.33529 0.20724
v -0.18373 0.33302 0.20615
v -0.18236 0.33459 0.20869
v -0.18624 0.37673 0.22720
v -0.18200 0.37597 0.22878
v -0.18200 0.33515 0.20913
v -0.17600 0.34607 0.21438
v -0.18624 0.41252 0.15288
v -0.18624 0.41450 0.15855
v -0.18200 0.41634 0.15472
v -0.18200 0.41608 0.15931
v -0.17600 0.38402 0.13721
v -0.18624 0.38239 0.22522
v -0.18200 0.38398 0.22598
v -0.14000 0.35698 0.21964
v -0.14000 0.39498 0.14249
v -0.01800 0.41634 0.15472
v -0.01800 0.41608 0.15931
v -0.01800 0.39498 0.14249
v -0.18200 0.38055 0.22904
v -0.01800 0.37597 0.22878
v -0.01800 0.38055 0.22904
v -0.01800 0.41328 0.15130
v -0.01800 0.38398 0.22598
v -0.01376 0.37673 0.22720
v -0.01800 0.35698 0.21964
v -0.01376 0.35800 0.21818
v -0.01376 0.35800 0.21818
v -0.01200 0.36047 0.21466
v -0.01200 0.37857 0.22338
v -0.01200 0.36373 0.21000
v -0.01200 0.41068 0.15671
v -0.01515 0.39467 0.14365
v -0.01376 0.41252 0.15288
v -0.01376 0.39443 0.14417
v -0.01200 0.39263 0.14802
v -0.01376 0.39443 0.14417
v -0.01376 0.41450 0.15855
v -0.01376 0.38239 0.22522
v 0.01200 0.31937 0.30202
v 0.01200 0.34902 0.23101
v 0.01200 0.32174 0.26997
v 0.01200 0.30286 0.28885
v 0.01800 0.31563 0.30671
v 0.01376 0.29984 0.29187
v 0.01800 0.29859 0.29312
v 0.01376 0.31673 0.30533
v 0.01376 0.29984 0.29187
v 0.01376 0.32269 0.30466
v 0.01800 0.32004 0.30798
v 0.01800 0.32406 0.30576
v 0.01200 0.36551 0.24416
v 0.01376 0.35146 0.22753
v 0.01376 0.36816 0.24084
v 0.01800 0.35247 0.22608
v 0.01376 0.35146 0.22753
v 0.01376 0.36883 0.24681
v 0.01800 0.37020 0.24790
v 0.01800 0.36925 0.23947
v 0.01800 0.37147 0.24349
v 0.18200 0.31563 0.30671
v 0.18200 0.32004 0.30798
v 0.14000 0.35247 0.22608
v 0.18200 0.37020 0.24790
v 0.18200 0.37147 0.24349
v 0.18624 0.33219 0.21216
v 0.18365 0.33016 0.21054
v 0.18229 0.33321 0.21088
v 0.18624 0.32623 0.21283
v 0.18488 0.32579 0.21248
v 0.18455 0.32729 0.21151
v 0.18800 0.32955 0.21548
v 0.18200 0.36925 0.23947
v 0.18200 0.33374 0.21115
v 0.18624 0.36816 0.24084
v 0.14000 0.29859 0.29312
v 0.18200 0.32406 0.30576
v 0.17600 0.28919 0.28562
v 0.18624 0.28009 0.27069
v 0.18609 0.29708 0.24928
v 0.18482 0.27963 0.27032
v 0.18624 0.28076 0.27665
v 0.18207 0.27969 0.27800
v 0.18353 0.27864 0.27496
v 0.18442 0.27896 0.27211
v 0.18800 0.28341 0.27334
v 0.18800 0.36551 0.24416
v 0.18800 0.31937 0.30202
v 0.18200 0.27978 0.27812
v 0.18624 0.31673 0.30533
v 0.18624 0.32269 0.30466
v 0.17600 0.34310 0.21862
v 0.18624 0.36883 0.24681
v -0.18624 0.21283 0.32623
v -0.18624 0.21216 0.33219
v -0.18800 0.21548 0.32955
v -0.18455 0.21151 0.32729
v -0.18365 0.21054 0.33016
v -0.18488 0.21248 0.32579
v -0.18229 0.21088 0.33321
v -0.18624 0.24084 0.36816
v -0.18200 0.23947 0.36925
v -0.18200 0.21115 0.33374
v -0.18800 0.24416 0.36551
v -0.18800 0.27334 0.28341
v -0.18800 0.30202 0.31937
v -0.18624 0.27069 0.28009
v -0.18609 0.24928 0.29708
v -0.18482 0.27032 0.27963
v -0.18624 0.27665 0.28076
v -0.18442 0.27211 0.27896
v -0.18353 0.27496 0.27864
v -0.18207 0.27800 0.27969
v -0.18200 0.27812 0.27978
v -0.18200 0.30671 0.31563
v -0.18624 0.30533 0.31673
v -0.17600 0.28562 0.28919
v -0.18624 0.30466 0.32269
v -0.18200 0.30798 0.32004
v -0.18200 0.30576 0.32406
v -0.14000 0.29312 0.29859
v -0.17600 0.21862 0.34310
v -0.18624 0.24681 0.36883
v -0.18200 0.24349 0.37147
v -0.18200 0.24790 0.37020
v -0.14000 0.22608 0.35247
v -0.01800 0.30798 0.32004
v -0.01800 0.29312 0.29859
v -0.01800 0.23947 0.36925
v -0.01800 0.24349 0.37147
v -0.01800 0.30576 0.32406
v -0.01800 0.30671 0.31563
v -0.01800 0.24790 0.37020
v -0.01800 0.22608 0.35247
v -0.01200 0.30202 0.31937
v -0.01200 0.23101 0.34902
v -0.01200 0.26997 0.32174
v -0.01376 0.29187 0.29984
v -0.01376 0.30533 0.31673
v -0.01200 0.28885 0.30286
v -0.01376 0.29187 0.29984
v -0.01376 0.30466 0.32269
v -0.01376 0.24084 0.36816
v -0.01376 0.22753 0.35146
v -0.01200 0.24416 0.36551
v -0.01376 0.22753 0.35146
v -0.01376 0.24681 0.36883
v 0.01376 0.15288 0.41252
v 0.01200 0.14802 0.39263
v 0.01376 0.14417 0.39443
v 0.01376 0.14417 0.39443
v 0.01515 0.14365 0.39467
v 0.01800 0.15130 0.41328
v 0.01800 0.14249 0.39498
v 0.01200 0.15671 0.41068
v 0.01376 0.15855 0.41450
v 0.01800 0.15472 0.41634
v 0.01800 0.15931 0.41608
v 0.01200 0.22338 0.37857
v 0.01200 0.21000 0.36373
v 0.01200 0.21466 0.36047
v 0.01376 0.22720 0.37673
v 0.01376 0.21818 0.35800
v 0.01800 0.21964 0.35698
v 0.01376 0.21818 0.35800
v 0.01800 0.22598 0.38398
v 0.01376 0.22522 0.38239
v 0.18200 0.15130 0.41328
v 0.18200 0.15472 0.41634
v 0.18200 0.22598 0.38398
v 0.01800 0.22878 0.37597
v 0.01800 0.22904 0.38055
v 0.14000 0.21964 0.35698
v 0.18200 0.22904 0.38055
v 0.14000 0.14249 0.39498
v 0.18200 0.15931 0.41608
v 0.18624 0.20158 0.33330
v 0.18516 0.20138 0.33290
v 0.18482 0.20286 0.33269
v 0.17600 0.13721 0.38402
v 0.18200 0.22878 0.37597
v 0.17600 0.21438 0.34607
v 0.18624 0.13292 0.37107
v 0.18270 0.13160 0.37171
v 0.18396 0.13193 0.36902
v 0.18200 0.13193 0.37306
v 0.18624 0.13491 0.36541
v 0.18516 0.13393 0.36588
v 0.18535 0.13475 0.36508
v 0.18490 0.13346 0.36667
v 0.18800 0.13675 0.36923
v 0.18569 0.19431 0.33655
v 0.18800 0.20342 0.33713
v 0.18800 0.15671 0.41068
v 0.18624 0.15288 0.41252
v 0.18624 0.15855 0.41450
v 0.18200 0.20913 0.33515
v 0.18624 0.20724 0.33529
v 0.18373 0.20615 0.33302
v 0.18236 0.20869 0.33459
v 0.18624 0.22720 0.37673
v 0.18800 0.22338 0.37857
v 0.18624 0.22522 0.38239
v -0.18624 0.05021 0.38627
v -0.18494 0.05009 0.38574
v -0.18455 0.04856 0.38664
v -0.18624 0.04702 0.39135
v -0.18359 0.04643 0.38876
v -0.18800 0.05116 0.39041
v -0.18215 0.04537 0.39173
v -0.18624 0.05726 0.43620
v -0.18200 0.05554 0.43659
v -0.18200 0.04537 0.39203
v -0.17600 0.04806 0.40380
v -0.18594 0.06740 0.38222
v -0.18624 0.12236 0.36980
v -0.18507 0.12225 0.36933
v -0.18800 0.12330 0.37394
v -0.18800 0.06139 0.43525
v -0.18800 0.13354 0.41879
v -0.18624 0.06234 0.43939
v -0.18200 0.05820 0.44033
v -0.18200 0.06273 0.44110
v -0.18200 0.13487 0.42463
v -0.18624 0.13448 0.42292
v -0.14000 0.05074 0.41556
v -0.18624 0.12744 0.37299
v -0.18480 0.12377 0.36948
v -0.18383 0.12690 0.37064
v -0.18259 0.12891 0.37266
v -0.18200 0.12941 0.37373
v -0.18200 0.13939 0.41745
v -0.18624 0.13767 0.41784
v -0.17600 0.13207 0.38540
v -0.18200 0.13862 0.42198
v -0.14000 0.13473 0.39706
v -0.01800 0.05554 0.43659
v -0.01800 0.05820 0.44033
v -0.01800 0.13487 0.42463
v -0.01800 0.13862 0.42198
v -0.01800 0.13473 0.39706
v -0.01800 0.05074 0.41556
v -0.01800 0.06273 0.44110
v -0.01800 0.13939 0.41745
v -0.01376 0.05726 0.43620
v -0.01376 0.05251 0.41541
v -0.01200 0.06139 0.43525
v -0.01376 0.05251 0.41541
v -0.01200 0.05678 0.41503
v -0.01376 0.06234 0.43939
v -0.01376 0.13448 0.42292
v -0.01200 0.13354 0.41879
v -0.01200 0.07293 0.41362
v -0.01376 0.13303 0.39752
v -0.01376 0.13767 0.41784
v -0.01200 0.12893 0.39861
v -0.01376 0.13303 0.39752
v 0.01200 -0.03700 0.43800
v 0.01200 0.00000 0.42000
v 0.01200 -0.03700 0.41676
v 0.01800 -0.04300 0.43800
v 0.01376 -0.04124 0.41639
v 0.01800 -0.04300 0.41624
v 0.01376 -0.04124 0.43800
v 0.01800 -0.04124 0.44224
v 0.01376 -0.04124 0.41639
v 0.01376 -0.03700 0.44224
v 0.01800 -0.03700 0.44400
v 0.01200 0.03700 0.43800
v 0.01800 0.03700 0.44400
v 0.18200 -0.04300 0.43800
v 0.18200 -0.04124 0.44224
v 0.14000 -0.04300 0.41624
v 0.18200 -0.03700 0.44400
v 0.18200 0.03700 0.44400
v 0.17600 -0.04300 0.40424
v 0.18624 -0.03700 0.38776
v 0.18442 -0.03882 0.38776
v 0.18480 -0.03700 0.38716
v 0.18614 0.00000 0.38772
v 0.18624 0.03700 0.38776
v 0.18200 -0.04300 0.39224
v 0.18624 -0.04124 0.39200
v 0.18212 -0.04295 0.39200
v 0.18354 -0.04124 0.38930
v 0.18800 -0.03700 0.39200
v 0.18800 -0.03700 0.43800
v 0.18624 -0.04124 0.43800
v 0.18624 -0.03700 0.44224
v 0.18800 0.03700 0.39200
v 0.18624 0.03700 0.44224
v 0.18800 0.03700 0.43800
v 0.01200 0.03700 0.41676
v 0.01376 0.03700 0.44224
v 0.01376 0.04124 0.41639
v 0.01376 0.04124 0.43800
v 0.01800 0.04124 0.44224
v 0.01800 0.04300 0.41624
v 0.01376 0.04124 0.41639
v 0.01800 0.04300 0.43800
v 0.14000 0.04300 0.41624
v 0.18200 0.04124 0.44224
v 0.18200 0.04300 0.43800
v 0.17600 0.04300 0.40424
v 0.18480 0.03700 0.38716
v 0.18442 0.03882 0.38776
v 0.18200 0.04300 0.39224
v 0.18624 0.04124 0.39200
v 0.18354 0.04124 0.38930
v 0.18212 0.04295 0.39200
v 0.18624 0.04124 0.43800
v -0.18624 -0.12744 0.37299
v -0.18624 -0.12236 0.36980
v -0.18383 -0.12690 0.37064
v -0.18259 -0.12891 0.37266
v -0.18624 -0.13767 0.41784
v -0.18800 -0.12330 0.37394
v -0.18200 -0.13939 0.41745
v -0.18200 -0.12941 0.37373
v -0.18507 -0.12225 0.36933
v -0.18480 -0.12377 0.36948
v -0.18800 -0.13354 0.41879
v -0.17600 -0.13207 0.38540
v -0.18624 -0.13448 0.42292
v -0.18200 -0.13862 0.42198
v -0.18200 -0.13487 0.42463
v -0.14000 -0.13473 0.39706
v -0.18594 -0.06740 0.38222
v -0.18624 -0.05021 0.38627
v -0.18800 -0.05116 0.39041
v -0.18494 -0.05009 0.38574
v -0.18800 -0.06139 0.43525
v -0.18200 -0.06273 0.44110
v -0.18624 -0.06234 0.43939
v -0.18624 -0.05726 0.43620
v -0.18200 -0.05820 0.44033
v -0.18200 -0.05554 0.43659
v -0.18455 -0.04856 0.38664
v -0.18624 -0.04702 0.39135
v -0.18359 -0.04643 0.38876
v -0.18215 -0.04537 0.39173
v -0.18200 -0.04537 0.39203
v -0.17600 -0.04806 0.40380
v -0.14000 -0.05074 0.41556
v -0.01800 -0.13939 0.41745
v -0.01800 -0.13862 0.42198
v -0.01800 -0.06273 0.44110
v -0.01800 -0.05820 0.44033
v -0.01800 -0.05074 0.41556
v -0.01800 -0.13487 0.42463
v -0.01800 -0.13473 0.39706
v -0.01800 -0.05554 0.43659
v -0.01376 -0.13767 0.41784
v -0.01376 -0.13303 0.39752
v -0.01200 -0.13354 0.41879
v -0.01376 -0.13303 0.39752
v -0.01200 -0.12893 0.39861
v -0.01376 -0.13448 0.42292
v -0.01376 -0.06234 0.43939
v -0.01200 -0.06139 0.43525
v -0.01376 -0.05726 0.43620
v -0.01200 -0.05678 0.41503
v -0.01376 -0.05251 0.41541
v -0.01200 -0.07293 0.41362
v -0.01376 -0.05251 0.41541
v 0.01376 -0.22720 0.37673
v 0.01376 -0.21818 0.35800
v 0.01800 -0.22878 0.37597
v 0.01800 -0.21964 0.35698
v 0.01200 -0.22338 0.37857
v 0.01376 -0.22522 0.38239
v 0.01800 -0.22904 0.38055
v 0.01800 -0.22598 0.38398
v 0.18200 -0.22878 0.37597
v 0.18200 -0.22904 0.38055
v 0.01200 -0.21000 0.36373
v 0.01200 -0.21466 0.36047
v 0.01200 -0.14802 0.39263
v 0.01376 -0.21818 0.35800
v 0.01200 -0.15671 0.41068
v 0.01800 -0.15931 0.41608
v 0.01376 -0.15855 0.41450
v 0.01376 -0.15288 0.41252
v 0.01800 -0.15472 0.41634
v 0.01800 -0.15130 0.41328
v 0.01376 -0.14417 0.39443
v 0.01515 -0.14365 0.39467
v 0.01376 -0.14417 0.39443
v 0.01800 -0.14249 0.39498
v 0.18200 -0.15931 0.41608
v 0.14000 -0.14249 0.39498
v 0.18200 -0.15472 0.41634
v 0.14000 -0.21964 0.35698
v 0.18200 -0.22598 0.38398
v 0.18624 -0.22720 0.37673
v 0.18624 -0.22522 0.38239
v 0.18800 -0.22338 0.37857
v 0.18200 -0.15130 0.41328
v 0.18624 -0.20158 0.33330
v 0.18482 -0.20286 0.33269
v 0.18516 -0.20138 0.33290
v 0.17600 -0.21438 0.34607
v 0.17600 -0.13721 0.38402
v 0.18200 -0.20913 0.33515
v 0.18624 -0.20724 0.33529
v 0.18236 -0.20869 0.33459
v 0.18800 -0.20342 0.33713
v 0.18373 -0.20615 0.33302
v 0.18569 -0.19431 0.33655
v 0.18800 -0.13675 0.36923
v 0.18624 -0.13491 0.36541
v 0.18800 -0.15671 0.41068
v 0.18624 -0.15855 0.41450
v 0.18535 -0.13475 0.36508
v 0.18624 -0.13292 0.37107
v 0.18270 -0.13160 0.37171
v 0.18624 -0.15288 0.41252
v 0.18396 -0.13193 0.36902
v 0.18516 -0.13393 0.36588
v 0.18490 -0.13346 0.36667
v 0.18200 -0.13193 0.37306
v -0.18624 -0.30533 0.31673
v -0.18200 -0.30671 0.31563
v -0.18200 -0.30798 0.32004
v -0.18624 -0.30466 0.32269
v -0.18200 -0.30576 0.32406
v -0.18207 -0.27800 0.27969
v -0.18800 -0.27334 0.28341
v -0.18624 -0.27665 0.28076
v -0.18200 -0.27812 0.27978
v -0.17600 -0.28562 0.28919
v -0.18800 -0.30202 0.31937
v -0.18800 -0.21548 0.32955
v -0.18624 -0.27069 0.28009
v -0.18442 -0.27211 0.27896
v -0.18353 -0.27496 0.27864
v -0.18482 -0.27032 0.27963
v -0.18609 -0.24928 0.29708
v -0.18624 -0.21283 0.32623
v -0.18488 -0.21248 0.32579
v -0.14000 -0.29312 0.29859
v -0.18800 -0.24416 0.36551
v -0.18200 -0.24790 0.37020
v -0.18624 -0.24681 0.36883
v -0.18624 -0.21216 0.33219
v -0.18624 -0.24084 0.36816
v -0.18200 -0.23947 0.36925
v -0.17600 -0.21862 0.34310
v -0.18200 -0.21115 0.33374
v -0.18200 -0.24349 0.37147
v -0.14000 -0.22608 0.35247
v -0.01800 -0.30671 0.31563
v -0.01800 -0.30798 0.32004
v -0.01800 -0.24790 0.37020
v -0.01800 -0.24349 0.37147
v -0.01800 -0.22608 0.35247
v -0.18455 -0.21151 0.32729
v -0.18365 -0.21054 0.33016
v -0.18229 -0.21088 0.33321
v -0.01800 -0.30576 0.32406
v -0.01800 -0.29312 0.29859
v -0.01800 -0.23947 0.36925
v -0.01376 -0.30533 0.31673
v -0.01376 -0.30466 0.32269
v -0.01376 -0.29187 0.29984
v -0.01376 -0.29187 0.29984
v -0.01200 -0.30202 0.31937
v -0.01200 -0.28885 0.30286
v -0.01200 -0.26997 0.32174
v -0.01376 -0.24681 0.36883
v -0.01200 -0.24416 0.36551
v -0.01376 -0.22753 0.35146
v -0.01376 -0.24084 0.36816
v -0.01200 -0.23101 0.34902
v -0.01376 -0.22753 0.35146
v 0.01200 -0.36551 0.24416
v 0.01200 -0.32174 0.26997
v 0.01200 -0.34902 0.23101
v 0.01200 -0.31937 0.30202
v 0.01376 -0.36816 0.24084
v 0.01800 -0.37147 0.24349
v 0.01376 -0.36883 0.24681
v 0.01376 -0.35146 0.22753
v 0.01800 -0.36925 0.23947
v 0.01800 -0.37020 0.24790
v 0.01376 -0.35146 0.22753
v 0.01800 -0.35247 0.22608
v 0.01800 -0.32406 0.30576
v 0.01376 -0.32269 0.30466
v 0.01200 -0.30286 0.28885
v 0.01376 -0.31673 0.30533
v 0.01376 -0.29984 0.29187
v 0.01800 -0.31563 0.30671
v 0.01800 -0.29859 0.29312
v 0.01800 -0.32004 0.30798
v 0.01376 -0.29984 0.29187
v 0.18200 -0.36925 0.23947
v 0.18200 -0.37147 0.24349
v 0.18200 -0.32406 0.30576
v 0.14000 -0.29859 0.29312
v 0.18200 -0.32004 0.30798
v 0.18624 -0.33219 0.21216
v 0.18200 -0.33374 0.21115
v 0.18229 -0.33321 0.21088
v 0.18365 -0.33016 0.21054
v 0.18455 -0.32729 0.21151
v 0.18624 -0.32623 0.21283
v 0.18488 -0.32579 0.21248
v 0.18800 -0.32955 0.21548
v 0.14000 -0.35247 0.22608
v 0.18200 -0.37020 0.24790
v 0.18200 -0.31563 0.30671
v 0.17600 -0.34310 0.21862
v 0.18624 -0.36816 0.24084
v 0.18624 -0.36883 0.24681
v 0.18800 -0.36551 0.24416
v 0.18624 -0.32269 0.30466
v 0.18800 -0.31937 0.30202
v 0.17600 -0.28919 0.28562
v 0.18609 -0.29708 0.24928
v 0.18800 -0.28341 0.27334
v 0.18624 -0.28009 0.27069
v 0.18482 -0.27963 0.27032
v 0.18624 -0.28076 0.27665
v 0.18353 -0.27864 0.27496
v 0.18207 -0.27969 0.27800
v 0.18442 -0.27896 0.27211
v 0.18624 -0.31673 0.30533
v 0.18200 -0.27978 0.27812
v -0.18800 -0.41068 0.15671
v -0.18624 -0.41252 0.15288
v -0.18624 -0.41450 0.15855
v -0.18200 -0.41634 0.15472
v -0.18200 -0.41328 0.15130
v -0.18200 -0.41608 0.15931
v -0.18800 -0.36923 0.13675
v -0.18270 -0.37171 0.13160
v -0.18200 -0.37306 0.13193
v -0.17600 -0.38402 0.13721
v -0.18200 -0.38398 0.22598
v -0.18800 -0.37857 0.22338
v -0.18624 -0.38239 0.22522
v -0.18800 -0.33713 0.20342
v -0.18624 -0.36541 0.13491
v -0.18624 -0.37107 0.13292
v -0.18516 -0.36588 0.13393
v -0.18490 -0.36667 0.13346
v -0.18396 -0.36902 0.13193
v -0.18535 -0.36508 0.13475
v -0.18624 -0.33330 0.20158
v -0.18569 -0.33655 0.19431
v -0.18624 -0.33529 0.20724
v -0.18624 -0.37673 0.22720
v -0.18200 -0.37597 0.22878
v -0.18200 -0.33515 0.20913
v -0.18516 -0.33290 0.20138
v -0.18373 -0.33302 0.20615
v -0.18482 -0.33269 0.20286
v -0.18236 -0.33459 0.20869
v -0.17600 -0.34607 0.21438
v -0.14000 -0.39498 0.14249
v -0.14000 -0.35698 0.21964
v -0.01800 -0.41634 0.15472
v -0.01800 -0.41328 0.15130
v -0.01800 -0.38398 0.22598
v -0.18200 -0.38055 0.22904
v -0.01800 -0.38055 0.22904
v -0.01800 -0.35698 0.21964
v -0.01800 -0.41608 0.15931
v -0.01800 -0.39498 0.14249
v -0.01376 -0.41252 0.15288
v -0.01376 -0.39443 0.14417
v -0.01200 -0.41068 0.15671
v -0.01376 -0.41450 0.15855
v -0.01515 -0.39467 0.14365
v -0.01376 -0.39443 0.14417
v -0.01200 -0.39263 0.14802
v -0.01376 -0.38239 0.22522
v -0.01200 -0.37857 0.22338
v -0.01376 -0.37673 0.22720
v -0.01200 -0.36047 0.21466
v -0.01376 -0.35800 0.21818
v -0.01200 -0.36373 0.21000
v -0.01800 -0.37597 0.22878
v -0.01376 -0.35800 0.21818
v 0.01376 -0.43620 0.05726
v 0.01376 -0.41541 0.05251
v 0.01800 -0.43659 0.05554
v 0.01800 -0.41556 0.05074
v 0.01200 -0.43525 0.06139
v 0.01200 -0.41362 0.07293
v 0.01200 -0.41503 0.05678
v 0.01200 -0.41879 0.13354
v 0.01200 -0.39861 0.12893
v 0.01376 -0.43939 0.06234
v 0.01800 -0.44033 0.05820
v 0.01800 -0.44110 0.06273
v 0.01376 -0.41541 0.05251
v 0.01800 -0.42463 0.13487
v 0.01376 -0.42292 0.13448
v 0.01376 -0.41784 0.13767
v 0.01800 -0.42198 0.13862
v 0.01800 -0.41745 0.13939
v 0.01376 -0.39752 0.13303
v 0.01800 -0.39706 0.13473
v 0.01376 -0.39752 0.13303
v 0.18200 -0.43659 0.05554
v 0.18200 -0.44033 0.05820
v 0.18200 -0.42463 0.13487
v 0.14000 -0.39706 0.13473
v 0.18200 -0.42198 0.13862
v 0.14000 -0.41556 0.05074
v 0.18200 -0.44110 0.06273
v 0.18200 -0.41745 0.13939
v 0.17600 -0.40380 0.04806
v 0.18624 -0.39135 0.04702
v 0.18624 -0.43620 0.05726
v 0.18800 -0.43525 0.06139
v 0.18200 -0.39203 0.04537
v 0.18800 -0.39041 0.05116
v 0.18215 -0.39173 0.04537
v 0.18359 -0.38876 0.04643
v 0.18455 -0.38664 0.04856
v 0.18624 -0.38627 0.05021
v 0.18624 -0.43939 0.06234
v 0.18624 -0.42292 0.13448
v 0.18800 -0.41879 0.13354
v 0.18800 -0.37394 0.12330
v 0.18494 -0.38574 0.05009
v 0.18594 -0.38222 0.06740
v 0.18624 -0.36980 0.12236
v 0.18507 -0.36933 0.12225
v 0.17600 -0.38540 0.13207
v 0.18624 -0.41784 0.13767
v 0.18200 -0.37373 0.12941
v 0.18259 -0.37266 0.12891
v 0.18624 -0.37299 0.12744
v 0.18480 -0.36948 0.12377
v 0.18383 -0.37064 0.12690
v -0.18800 -0.43800 -0.03700
v -0.18800 -0.39200 0.03700
v -0.18800 -0.39200 -0.03700
v -0.18624 -0.43800 -0.04124
v -0.18200 -0.43800 -0.04300
v -0.18200 -0.44224 -0.04124
v -0.18624 -0.44224 -0.03700
v -0.18200 -0.44400 -0.03700
v -0.18212 -0.39200 -0.04295
v -0.18800 -0.43800 0.03700
v -0.18200 -0.44400 0.03700
v -0.18624 -0.39200 -0.04124
v -0.18200 -0.39224 -0.04300
v -0.18354 -0.38930 -0.04124
v -0.18624 -0.38776 -0.03700
v -0.18442 -0.38776 -0.03882
v -0.17600 -0.40424 -0.04300
v -0.18624 -0.38776 0.03700
v -0.18480 -0.38716 -0.03700
v -0.18614 -0.38772 0.00000
v -0.14000 -0.41624 -0.04300
v -0.01800 -0.43800 -0.04300
v -0.01800 -0.44224 -0.04124
v -0.01800 -0.44400 -0.03700
v -0.01800 -0.44400 0.03700
v -0.01800 -0.41624 -0.04300
v -0.01376 -0.43800 -0.04124
v -0.01376 -0.44224 -0.03700
v -0.01200 -0.43800 -0.03700
v -0.01376 -0.41639 -0.04124
v -0.01376 -0.41639 -0.04124
v -0.01200 -0.41676 -0.03700
v -0.01376 -0.44224 0.03700
v -0.01200 -0.42000 0.00000
v -0.01200 -0.43800 0.03700
v -0.18624 -0.44224 0.03700
v -0.18624 -0.43800 0.04124
v -0.18200 -0.44224 0.04124
v -0.18200 -0.43800 0.04300
v -0.18624 -0.39200 0.04124
v -0.18200 -0.39224 0.04300
v -0.18442 -0.38776 0.03882
v -0.18354 -0.38930 0.04124
v -0.18212 -0.39200 0.04295
v -0.17600 -0.40424 0.04300
v -0.18480 -0.38716 0.03700
v -0.14000 -0.41624 0.04300
v -0.01800 -0.44224 0.04124
v -0.01800 -0.41624 0.04300
v -0.01800 -0.43800 0.04300
v -0.01376 -0.43800 0.04124
v -0.01200 -0.41676 0.03700
v -0.01376 -0.41639 0.04124
v -0.01376 -0.41639 0.04124
v 0.01200 -0.41879 -0.13354
v 0.01200 -0.41362 -0.07293
v 0.01200 -0.39861 -0.12893
v 0.01376 -0.41784 -0.13767
v 0.01376 -0.42292 -0.13448
v 0.01800 -0.42198 -0.13862
v 0.01800 -0.42463 -0.13487
v 0.01800 -0.41745 -0.13939
v 0.01376 -0.39752 -0.13303
v 0.01376 -0.39752 -0.13303
v 0.01800 -0.39706 -0.13473
v 0.01200 -0.43525 -0.06139
v 0.01200 -0.41503 -0.05678
v 0.01376 -0.43939 -0.06234
v 0.01800 -0.44110 -0.06273
v 0.01800 -0.44033 -0.05820
v 0.01376 -0.43620 -0.05726
v 0.01800 -0.43659 -0.05554
v 0.01376 -0.41541 -0.05251
v 0.01800 -0.41556 -0.05074
v 0.01376 -0.41541 -0.05251
v 0.18200 -0.41745 -0.13939
v 0.18200 -0.42198 -0.13862
v 0.18200 -0.44110 -0.06273
v 0.18200 -0.44033 -0.05820
v 0.14000 -0.41556 -0.05074
v 0.14000 -0.39706 -0.13473
v 0.18200 -0.42463 -0.13487
v 0.18200 -0.43659 -0.05554
v 0.17600 -0.38540 -0.13207
v 0.18624 -0.42292 -0.13448
v 0.18624 -0.41784 -0.13767
v 0.18800 -0.41879 -0.13354
v 0.18200 -0.37373 -0.12941
v 0.18624 -0.37299 -0.12744
v 0.18800 -0.37394 -0.12330
v 0.18259 -0.37266 -0.12891
v 0.18383 -0.37064 -0.12690
v 0.18624 -0.36980 -0.12236
v 0.18480 -0.36948 -0.12377
v 0.18507 -0.36933 -0.12225
v 0.17600 -0.40380 -0.04806
v 0.18624 -0.43939 -0.06234
v 0.18800 -0.43525 -0.06139
v 0.18624 -0.43620 -0.05726
v 0.18800 -0.39041 -0.05116
v 0.18215 -0.39173 -0.04537
v 0.18624 -0.39135 -0.04702
v 0.18200 -0.39203 -0.04537
v 0.18359 -0.38876 -0.04643
v 0.18624 -0.38627 -0.05021
v 0.18455 -0.38664 -0.04856
v 0.18594 -0.38222 -0.06740
v 0.18494 -0.38574 -0.05009
v -0.18624 -0.38239 -0.22522
v -0.18800 -0.37857 -0.22338
v -0.18624 -0.37673 -0.22720
v -0.18200 -0.38055 -0.22904
v -0.18200 -0.38398 -0.22598
v -0.18200 -0.37597 -0.22878
v -0.01800 -0.38055 -0.22904
v -0.01800 -0.37597 -0.22878
v -0.14000 -0.35698 -0.21964
v -0.18800 -0.41068 -0.15671
v -0.18200 -0.41608 -0.15931
v -0.18624 -0.41450 -0.15855
v -0.18624 -0.41252 -0.15288
v -0.18200 -0.41634 -0.15472
v -0.18200 -0.41328 -0.15130
v -0.18624 -0.37107 -0.13292
v -0.17600 -0.38402 -0.13721
v -0.18200 -0.37306 -0.13193
v -0.18800 -0.36923 -0.13675
v -0.18800 -0.33713 -0.20342
v -0.18236 -0.33459 -0.20869
v -0.18624 -0.33529 -0.20724
v -0.18200 -0.33515 -0.20913
v -0.18624 -0.33330 -0.20158
v -0.18373 -0.33302 -0.20615
v -0.18482 -0.33269 -0.20286
v -0.18569 -0.33655 -0.19431
v -0.18516 -0.33290 -0.20138
v -0.17600 -0.34607 -0.21438
v -0.18624 -0.36541 -0.13491
v -0.18490 -0.36667 -0.13346
v -0.18516 -0.36588 -0.13393
v -0.18396 -0.36902 -0.13193
v -0.18535 -0.36508 -0.13475
v -0.18270 -0.37171 -0.13160
v -0.14000 -0.39498 -0.14249
v -0.01800 -0.41608 -0.15931
v -0.01800 -0.41634 -0.15472
v -0.01800 -0.39498 -0.14249
v -0.01800 -0.38398 -0.22598
v -0.01800 -0.35698 -0.21964
v -0.01376 -0.38239 -0.22522
v -0.01376 -0.37673 -0.22720
v -0.01200 -0.37857 -0.22338
v -0.01800 -0.41328 -0.15130
v -0.01376 -0.41450 -0.15855
v -0.01200 -0.41068 -0.15671
v -0.01200 -0.36373 -0.21000
v -0.01200 -0.39263 -0.14802
v -0.01376 -0.41252 -0.15288
v -0.01515 -0.39467 -0.14365
v -0.01376 -0.39443 -0.14417
v -0.01376 -0.39443 -0.14417
v -0.01200 -0.36047 -0.21466
v -0.01376 -0.35800 -0.21818
v -0.01376 -0.35800 -0.21818
v 0.01200 -0.36551 -0.24416
v 0.01200 -0.31937 -0.30202
v 0.01376 -0.32269 -0.30466
v 0.01800 -0.37020 -0.24790
v 0.01800 -0.32406 -0.30576
v 0.01200 -0.34902 -0.23101
v 0.01376 -0.36883 -0.24681
v 0.01800 -0.37147 -0.24349
v 0.01376 -0.36816 -0.24084
v 0.01376 -0.35146 -0.22753
v 0.01800 -0.36925 -0.23947
v 0.01800 -0.35247 -0.22608
v 0.01376 -0.35146 -0.22753
v 0.01200 -0.32174 -0.26997
v 0.01200 -0.30286 -0.28885
v 0.01376 -0.31673 -0.30533
v 0.01800 -0.32004 -0.30798
v 0.01800 -0.31563 -0.30671
v 0.01376 -0.29984 -0.29187
v 0.01376 -0.29984 -0.29187
v 0.01800 -0.29859 -0.29312
v 0.14000 -0.35247 -0.22608
v 0.18200 -0.37147 -0.24349
v 0.18200 -0.37020 -0.24790
v 0.18200 -0.32004 -0.30798
v 0.18200 -0.31563 -0.30671
v 0.18200 -0.36925 -0.23947
v 0.18200 -0.32406 -0.30576
v 0.14000 -0.29859 -0.29312
v 0.17600 -0.34310 -0.21862
v 0.18624 -0.36883 -0.24681
v 0.18624 -0.32269 -0.30466
v 0.18800 -0.31937 -0.30202
v 0.18624 -0.36816 -0.24084
v 0.18800 -0.36551 -0.24416
v 0.18200 -0.33374 -0.21115
v 0.18229 -0.33321 -0.21088
v 0.18624 -0.33219 -0.21216
v 0.18800 -0.32955 -0.21548
v 0.17600 -0.28919 -0.28562
v 0.18624 -0.31673 -0.30533
v 0.18624 -0.28076 -0.27665
v 0.18200 -0.27978 -0.27812
v 0.18800 -0.28341 -0.27334
v 0.18207 -0.27969 -0.27800
v 0.18624 -0.32623 -0.21283
v 0.18609 -0.29708 -0.24928
v 0.18488 -0.32579 -0.21248
v 0.18624 -0.28009 -0.27069
v 0.18353 -0.27864 -0.27496
v 0.18442 -0.27896 -0.27211
v 0.18482 -0.27963 -0.27032
v 0.18365 -0.33016 -0.21054
v 0.18455 -0.32729 -0.21151
v -0.18624 -0.24681 -0.36883
v -0.18624 -0.30466 -0.32269
v -0.18800 -0.30202 -0.31937
v -0.18200 -0.30576 -0.32406
v -0.18800 -0.24416 -0.36551
v -0.18200 -0.24790 -0.37020
v -0.18624 -0.24084 -0.36816
v -0.18200 -0.24349 -0.37147
v -0.18200 -0.23947 -0.36925
v -0.18800 -0.21548 -0.32955
v -0.18229 -0.21088 -0.33321
v -0.18624 -0.21216 -0.33219
v -0.18200 -0.21115 -0.33374
v -0.17600 -0.21862 -0.34310
v -0.14000 -0.22608 -0.35247
v -0.18624 -0.30533 -0.31673
v -0.18200 -0.30798 -0.32004
v -0.18200 -0.30671 -0.31563
v -0.18624 -0.27665 -0.28076
v -0.18800 -0.27334 -0.28341
v -0.18200 -0.27812 -0.27978
v -0.18207 -0.27800 -0.27969
v -0.17600 -0.28562 -0.28919
v -0.18624 -0.27069 -0.28009
v -0.18353 -0.27496 -0.27864
v -0.18442 -0.27211 -0.27896
v -0.18482 -0.27032 -0.27963
v -0.18609 -0.24928 -0.29708
v -0.18624 -0.21283 -0.32623
v -0.18488 -0.21248 -0.32579
v -0.14000 -0.29312 -0.29859
v -0.01800 -0.30576 -0.32406
v -0.01800 -0.24349 -0.37147
v -0.01800 -0.23947 -0.36925
v -0.01800 -0.30798 -0.32004
v -0.01800 -0.29312 -0.29859
v -0.18455 -0.21151 -0.32729
v -0.18365 -0.21054 -0.33016
v -0.01800 -0.24790 -0.37020
v -0.01800 -0.22608 -0.35247
v -0.01800 -0.30671 -0.31563
v -0.01376 -0.30466 -0.32269
v -0.01200 -0.24416 -0.36551
v -0.01200 -0.30202 -0.31937
v -0.01376 -0.24681 -0.36883
v -0.01376 -0.24084 -0.36816
v -0.01376 -0.22753 -0.35146
v -0.01376 -0.22753 -0.35146
v -0.01200 -0.23101 -0.34902
v -0.01376 -0.30533 -0.31673
v -0.01200 -0.28885 -0.30286
v -0.01376 -0.29187 -0.29984
v -0.01376 -0.29187 -0.29984
v -0.01200 -0.26997 -0.32174
v 0.01376 -0.22522 -0.38239
v 0.01376 -0.22720 -0.37673
v 0.01200 -0.22338 -0.37857
v 0.01800 -0.22904 -0.38055
v 0.01800 -0.22598 -0.38398
v 0.01800 -0.22878 -0.37597
v 0.01800 -0.21964 -0.35698
v 0.14000 -0.21964 -0.35698
v 0.18200 -0.22904 -0.38055
v 0.01200 -0.15671 -0.41068
v 0.01200 -0.21000 -0.36373
v 0.01200 -0.14802 -0.39263
v 0.01376 -0.15855 -0.41450
v 0.01800 -0.15931 -0.41608
v 0.01200 -0.21466 -0.36047
v 0.01376 -0.21818 -0.35800
v 0.01376 -0.21818 -0.35800
v 0.01376 -0.15288 -0.41252
v 0.01800 -0.15472 -0.41634
v 0.01800 -0.15130 -0.41328
v 0.01515 -0.14365 -0.39467
v 0.01376 -0.14417 -0.39443
v 0.01376 -0.14417 -0.39443
v 0.01800 -0.14249 -0.39498
v 0.18200 -0.22598 -0.38398
v 0.18200 -0.15472 -0.41634
v 0.18200 -0.15130 -0.41328
v 0.18200 -0.22878 -0.37597
v 0.18624 -0.22522 -0.38239
v 0.18624 -0.22720 -0.37673
v 0.18800 -0.22338 -0.37857
v 0.14000 -0.14249 -0.39498
v 0.18200 -0.15931 -0.41608
v 0.17600 -0.21438 -0.34607
v 0.17600 -0.13721 -0.38402
v 0.18800 -0.15671 -0.41068
v 0.18624 -0.15855 -0.41450
v 0.18236 -0.20869 -0.33459
v 0.18624 -0.20724 -0.33529
v 0.18200 -0.20913 -0.33515
v 0.18800 -0.20342 -0.33713
v 0.18373 -0.20615 -0.33302
v 0.18624 -0.20158 -0.33330
v 0.18482 -0.20286 -0.33269
v 0.18569 -0.19431 -0.33655
v 0.18516 -0.20138 -0.33290
v 0.18624 -0.13491 -0.36541
v 0.18800 -0.13675 -0.36923
v 0.18200 -0.13193 -0.37306
v 0.18624 -0.15288 -0.41252
v 0.18624 -0.13292 -0.37107
v 0.18535 -0.13475 -0.36508
v 0.18270 -0.13160 -0.37171
v 0.18396 -0.13193 -0.36902
v 0.18490 -0.13346 -0.36667
v 0.18516 -0.13393 -0.36588
v -0.18800 -0.13354 -0.41879
v -0.18624 -0.13448 -0.42292
v -0.18624 -0.13767 -0.41784
v -0.18200 -0.13862 -0.42198
v -0.18200 -0.13487 -0.42463
v -0.18200 -0.13939 -0.41745
v -0.18624 -0.12744 -0.37299
v -0.18800 -0.12330 -0.37394
v -0.17600 -0.13207 -0.38540
v -0.18200 -0.12941 -0.37373
v -0.18383 -0.12690 -0.37064
v -0.18624 -0.12236 -0.36980
v -0.18259 -0.12891 -0.37266
v -0.18480 -0.12377 -0.36948
v -0.18507 -0.12225 -0.36933
v -0.14000 -0.13473 -0.39706
v -0.18800 -0.06139 -0.43525
v -0.18800 -0.05116 -0.39041
v -0.18624 -0.06234 -0.43939
v -0.18200 -0.06273 -0.44110
v -0.18624 -0.05726 -0.43620
v -0.18200 -0.05820 -0.44033
v -0.18200 -0.05554 -0.43659
v -0.18624 -0.05021 -0.38627
v -0.18594 -0.06740 -0.38222
v -0.18494 -0.05009 -0.38574
v -0.18215 -0.04537 -0.39173
v -0.18624 -0.04702 -0.39135
v -0.18200 -0.04537 -0.39203
v -0.18455 -0.04856 -0.38664
v -0.18359 -0.04643 -0.38876
v -0.17600 -0.04806 -0.40380
v -0.14000 -0.05074 -0.41556
v -0.01800 -0.13862 -0.42198
v -0.01800 -0.13473 -0.39706
v -0.01800 -0.13487 -0.42463
v -0.01800 -0.05820 -0.44033
v -0.01800 -0.05554 -0.43659
v -0.01800 -0.13939 -0.41745
v -0.01800 -0.06273 -0.44110
v -0.01800 -0.05074 -0.41556
v -0.01376 -0.13448 -0.42292
v -0.01376 -0.13767 -0.41784
v -0.01200 -0.13354 -0.41879
v -0.01376 -0.13303 -0.39752
v -0.01200 -0.12893 -0.39861
v -0.01376 -0.13303 -0.39752
v -0.01200 -0.07293 -0.41362
v -0.01200 -0.06139 -0.43525
v -0.01376 -0.06234 -0.43939
v -0.01376 -0.05726 -0.43620
v -0.01376 -0.05251 -0.41541
v -0.01200 -0.05678 -0.41503
v -0.01376 -0.05251 -0.41541
v 0.01200 -0.03700 -0.43800
v 0.01200 -0.03700 -0.41676
v 0.01200 0.00000 -0.42000
v 0.01200 0.03700 -0.43800
v 0.01376 -0.04124 -0.43800
v 0.01800 -0.04124 -0.44224
v 0.01800 -0.04300 -0.43800
v 0.01800 -0.04300 -0.41624
v 0.01376 -0.04124 -0.41639
v 0.01376 -0.03700 -0.44224
v 0.01376 -0.04124 -0.41639
v 0.01800 -0.03700 -0.44400
v 0.01376 0.03700 -0.44224
v 0.14000 -0.04300 -0.41624
v 0.18200 -0.04124 -0.44224
v 0.01800 0.03700 -0.44400
v 0.18200 -0.03700 -0.44400
v 0.18200 -0.04300 -0.43800
v 0.17600 -0.04300 -0.40424
v 0.18624 -0.04124 -0.43800
v 0.18212 -0.04295 -0.39200
v 0.18624 -0.03700 -0.44224
v 0.18800 -0.03700 -0.43800
v 0.18624 -0.04124 -0.39200
v 0.18200 -0.04300 -0.39224
v 0.18354 -0.04124 -0.38930
v 0.18800 -0.03700 -0.39200
v 0.18442 -0.03882 -0.38776
v 0.18624 -0.03700 -0.38776
v 0.18200 0.03700 -0.44400
v 0.18800 0.03700 -0.43800
v 0.18624 0.03700 -0.38776
v 0.18800 0.03700 -0.39200
v 0.18480 -0.03700 -0.38716
v 0.18614 0.00000 -0.38772
v 0.01200 0.03700 -0.41676
v 0.01376 0.04124 -0.43800
v 0.01800 0.04124 -0.44224
v 0.01376 0.04124 -0.41639
v 0.01376 0.04124 -0.41639
v 0.01800 0.04300 -0.43800
v 0.01800 0.04300 -0.41624
v 0.18200 0.04124 -0.44224
v 0.18200 0.04300 -0.43800
v 0.14000 0.04300 -0.41624
v 0.17600 0.04300 -0.40424
v 0.18624 0.03700 -0.44224
v 0.18624 0.04124 -0.43800
v 0.18624 0.04124 -0.39200
v 0.18200 0.04300 -0.39224
v 0.18354 0.04124 -0.38930
v 0.18442 0.03882 -0.38776
v 0.18212 0.04295 -0.39200
v 0.18480 0.03700 -0.38716
v -0.18624 0.04702 -0.39135
v -0.18800 0.06139 -0.43525
v -0.18624 0.05726 -0.43620
v -0.18200 0.05554 -0.43659
v -0.18800 0.05116 -0.39041
v -0.18200 0.04537 -0.39203
v -0.18359 0.04643 -0.38876
v -0.18455 0.04856 -0.38664
v -0.18624 0.05021 -0.38627
v -0.18215 0.04537 -0.39173
v -0.17600 0.04806 -0.40380
v -0.18494 0.05009 -0.38574
v -0.18800 0.13354 -0.41879
v -0.18800 0.12330 -0.37394
v -0.18624 0.06234 -0.43939
v -0.18200 0.05820 -0.44033
v -0.18200 0.06273 -0.44110
v -0.18624 0.13448 -0.42292
v -0.18200 0.13487 -0.42463
v -0.18594 0.06740 -0.38222
v -0.18624 0.12236 -0.36980
v -0.18507 0.12225 -0.36933
v -0.14000 0.05074 -0.41556
v -0.18624 0.13767 -0.41784
v -0.18200 0.13862 -0.42198
v -0.18200 0.13939 -0.41745
v -0.18259 0.12891 -0.37266
v -0.18200 0.12941 -0.37373
v -0.17600 0.13207 -0.38540
v -0.18624 0.12744 -0.37299
v -0.18480 0.12377 -0.36948
v -0.18383 0.12690 -0.37064
v -0.14000 0.13473 -0.39706
v -0.01800 0.05820 -0.44033
v -0.01800 0.06273 -0.44110
v -0.01800 0.05074 -0.41556
v -0.01800 0.13862 -0.42198
v -0.01800 0.13939 -0.41745
v -0.01800 0.05554 -0.43659
v -0.01800 0.13487 -0.42463
v -0.01800 0.13473 -0.39706
v -0.01376 0.05251 -0.41541
v -0.01376 0.05726 -0.43620
v -0.01376 0.06234 -0.43939
v -0.01200 0.06139 -0.43525
v -0.01200 0.05678 -0.41503
v -0.01376 0.05251 -0.41541
v -0.01200 0.13354 -0.41879
v -0.01376 0.13448 -0.42292
v -0.01200 0.07293 -0.41362
v -0.01200 0.12893 -0.39861
v -0.01376 0.13767 -0.41784
v -0.01376 0.13303 -0.39752
v -0.01376 0.13303 -0.39752
v 0.01200 0.15671 -0.41068
v 0.01376 0.15288 -0.41252
v 0.01376 0.14417 -0.39443
v 0.01800 0.15130 -0.41328
v 0.01800 0.14249 -0.39498
v 0.01200 0.14802 -0.39263
v 0.01515 0.14365 -0.39467
v 0.01376 0.14417 -0.39443
v 0.01376 0.15855 -0.41450
v 0.01800 0.15472 -0.41634
v 0.01800 0.15931 -0.41608
v 0.01200 0.22338 -0.37857
v 0.01376 0.22522 -0.38239
v 0.01800 0.22598 -0.38398
v 0.01200 0.21000 -0.36373
v 0.01200 0.21466 -0.36047
v 0.01376 0.22720 -0.37673
v 0.01376 0.21818 -0.35800
v 0.14000 0.14249 -0.39498
v 0.18200 0.15472 -0.41634
v 0.18200 0.15931 -0.41608
v 0.01800 0.22904 -0.38055
v 0.01800 0.22878 -0.37597
v 0.01376 0.21818 -0.35800
v 0.01800 0.21964 -0.35698
v 0.18200 0.22904 -0.38055
v 0.18200 0.22878 -0.37597
v 0.18200 0.15130 -0.41328
v 0.18200 0.22598 -0.38398
v 0.17600 0.13721 -0.38402
v 0.14000 0.21964 -0.35698
v 0.17600 0.21438 -0.34607
v 0.18200 0.13193 -0.37306
v 0.18624 0.15288 -0.41252
v 0.18270 0.13160 -0.37171
v 0.18800 0.15671 -0.41068
v 0.18624 0.13292 -0.37107
v 0.18624 0.15855 -0.41450
v 0.18396 0.13193 -0.36902
v 0.18490 0.13346 -0.36667
v 0.18516 0.13393 -0.36588
v 0.18800 0.13675 -0.36923
v 0.18624 0.13491 -0.36541
v 0.18535 0.13475 -0.36508
v 0.18569 0.19431 -0.33655
v 0.18624 0.20158 -0.33330
v 0.18800 0.20342 -0.33713
v 0.18800 0.22338 -0.37857
v 0.18624 0.22522 -0.38239
v 0.18624 0.20724 -0.33529
v 0.18624 0.22720 -0.37673
v 0.18200 0.20913 -0.33515
v 0.18236 0.20869 -0.33459
v 0.18373 0.20615 -0.33302
v 0.18516 0.20138 -0.33290
v 0.18482 0.20286 -0.33269
v -0.18624 0.21216 -0.33219
v -0.18200 0.21115 -0.33374
v -0.18229 0.21088 -0.33321
v -0.18200 0.23947 -0.36925
v -0.18624 0.21283 -0.32623
v -0.18800 0.21548 -0.32955
v -0.18365 0.21054 -0.33016
v -0.18455 0.21151 -0.32729
v -0.18488 0.21248 -0.32579
v -0.18800 0.30202 -0.31937
v -0.18800 0.24416 -0.36551
v -0.18624 0.24084 -0.36816
v -0.18624 0.24681 -0.36883
v -0.18200 0.24349 -0.37147
v -0.18200 0.24790 -0.37020
v -0.17600 0.21862 -0.34310
v -0.18624 0.30466 -0.32269
v -0.18200 0.30576 -0.32406
v -0.14000 0.22608 -0.35247
v -0.18800 0.27334 -0.28341
v -0.18609 0.24928 -0.29708
v -0.18624 0.27069 -0.28009
v -0.18482 0.27032 -0.27963
v -0.18624 0.27665 -0.28076
v -0.18442 0.27211 -0.27896
v -0.18353 0.27496 -0.27864
v -0.18207 0.27800 -0.27969
v -0.18624 0.30533 -0.31673
v -0.18200 0.30671 -0.31563
v -0.18200 0.27812 -0.27978
v -0.17600 0.28562 -0.28919
v -0.18200 0.30798 -0.32004
v -0.14000 0.29312 -0.29859
v -0.01800 0.24349 -0.37147
v -0.01800 0.24790 -0.37020
v -0.01800 0.22608 -0.35247
v -0.01800 0.30798 -0.32004
v -0.01800 0.30671 -0.31563
v -0.01800 0.23947 -0.36925
v -0.01800 0.30576 -0.32406
v -0.01800 0.29312 -0.29859
v -0.01376 0.24084 -0.36816
v -0.01376 0.24681 -0.36883
v -0.01376 0.22753 -0.35146
v -0.01200 0.24416 -0.36551
v -0.01200 0.23101 -0.34902
v -0.01376 0.22753 -0.35146
v -0.01200 0.30202 -0.31937
v -0.01200 0.26997 -0.32174
v -0.01376 0.30466 -0.32269
v -0.01376 0.30533 -0.31673
v -0.01376 0.29187 -0.29984
v -0.01200 0.28885 -0.30286
v -0.01376 0.29187 -0.29984
v 0.01200 0.31937 -0.30202
v 0.01200 0.30286 -0.28885
v 0.01200 0.32174 -0.26997
v 0.01376 0.31673 -0.30533
v 0.01800 0.29859 -0.29312
v 0.01376 0.29984 -0.29187
v 0.01800 0.32004 -0.30798
v 0.01800 0.31563 -0.30671
v 0.01376 0.32269 -0.30466
v 0.01800 0.32406 -0.30576
v 0.01376 0.29984 -0.29187
v 0.01376 0.36883 -0.24681
v 0.01200 0.36551 -0.24416
v 0.01200 0.34902 -0.23101
v 0.01800 0.37020 -0.24790
v 0.01376 0.36816 -0.24084
v 0.01376 0.35146 -0.22753
v 0.01800 0.36925 -0.23947
v 0.01376 0.35146 -0.22753
v 0.01800 0.35247 -0.22608
v 0.01800 0.37147 -0.24349
v 0.14000 0.29859 -0.29312
v 0.18200 0.32004 -0.30798
v 0.18200 0.32406 -0.30576
v 0.18200 0.37147 -0.24349
v 0.18200 0.36925 -0.23947
v 0.18200 0.31563 -0.30671
v 0.14000 0.35247 -0.22608
v 0.18200 0.37020 -0.24790
v 0.17600 0.28919 -0.28562
v 0.18200 0.27978 -0.27812
v 0.18624 0.31673 -0.30533
v 0.18207 0.27969 -0.27800
v 0.18624 0.28076 -0.27665
v 0.18800 0.31937 -0.30202
v 0.18800 0.28341 -0.27334
v 0.18624 0.32269 -0.30466
v 0.18353 0.27864 -0.27496
v 0.18442 0.27896 -0.27211
v 0.18624 0.28009 -0.27069
v 0.18482 0.27963 -0.27032
v 0.18609 0.29708 -0.24928
v 0.18624 0.32623 -0.21283
v 0.18800 0.32955 -0.21548
v 0.18488 0.32579 -0.21248
v 0.17600 0.34310 -0.21862
v 0.18800 0.36551 -0.24416
v 0.18624 0.36883 -0.24681
v 0.18200 0.33374 -0.21115
v 0.18624 0.33219 -0.21216
v 0.18624 0.36816 -0.24084
v 0.18229 0.33321 -0.21088
v 0.18365 0.33016 -0.21054
v 0.18455 0.32729 -0.21151
v -0.18800 0.37857 -0.22338
v -0.18624 0.38239 -0.22522
v -0.18624 0.37673 -0.22720
v -0.18200 0.38055 -0.22904
v -0.18200 0.37597 -0.22878
v -0.18200 0.38398 -0.22598
v -0.01800 0.38055 -0.22904
v -0.01800 0.35698 -0.21964
v -0.14000 0.35698 -0.21964
v -0.18624 0.33330 -0.20158
v -0.18482 0.33269 -0.20286
v -0.18516 0.33290 -0.20138
v -0.18800 0.33713 -0.20342
v -0.18800 0.41068 -0.15671
v -0.18624 0.33529 -0.20724
v -0.18200 0.33515 -0.20913
v -0.18236 0.33459 -0.20869
v -0.18373 0.33302 -0.20615
v -0.18569 0.33655 -0.19431
v -0.17600 0.34607 -0.21438
v -0.18800 0.36923 -0.13675
v -0.18624 0.36541 -0.13491
v -0.18535 0.36508 -0.13475
v -0.18624 0.37107 -0.13292
v -0.18624 0.41252 -0.15288
v -0.18270 0.37171 -0.13160
v -0.18516 0.36588 -0.13393
v -0.18490 0.36667 -0.13346
v -0.18396 0.36902 -0.13193
v -0.18200 0.41328 -0.15130
v -0.18200 0.37306 -0.13193
v -0.18624 0.41450 -0.15855
v -0.18200 0.41608 -0.15931
v -0.18200 0.41634 -0.15472
v -0.17600 0.38402 -0.13721
v -0.14000 0.39498 -0.14249
v -0.01800 0.38398 -0.22598
v -0.01800 0.41328 -0.15130
v -0.01800 0.41634 -0.15472
v -0.01800 0.37597 -0.22878
v -0.01376 0.35800 -0.21818
v -0.01376 0.37673 -0.22720
v -0.01376 0.38239 -0.22522
v -0.01200 0.37857 -0.22338
v -0.01800 0.41608 -0.15931
v -0.01800 0.39498 -0.14249
v -0.01200 0.36047 -0.21466
v -0.01376 0.35800 -0.21818
v -0.01200 0.36373 -0.21000
v -0.01200 0.39263 -0.14802
v -0.01200 0.41068 -0.15671
v -0.01376 0.41450 -0.15855
v -0.01376 0.41252 -0.15288
v -0.01515 0.39467 -0.14365
v -0.01376 0.39443 -0.14417
v -0.01376 0.39443 -0.14417
v 0.01200 0.41879 -0.13354
v 0.01376 0.39752 -0.13303
v 0.01200 0.39861 -0.12893
v 0.01376 0.41784 -0.13767
v 0.01800 0.39706 -0.13473
v 0.01376 0.39752 -0.13303
v 0.01800 0.41745 -0.13939
v 0.01376 0.42292 -0.13448
v 0.01800 0.42198 -0.13862
v 0.01800 0.42463 -0.13487
v 0.01200 0.43525 -0.06139
v 0.01200 0.41362 -0.07293
v 0.01200 0.41503 -0.05678
v 0.01376 0.43939 -0.06234
v 0.01800 0.44110 -0.06273
v 0.01376 0.43620 -0.05726
v 0.01376 0.41541 -0.05251
v 0.01800 0.44033 -0.05820
v 0.01800 0.43659 -0.05554
v 0.01376 0.41541 -0.05251
v 0.01800 0.41556 -0.05074
v 0.14000 0.39706 -0.13473
v 0.18200 0.42198 -0.13862
v 0.18200 0.42463 -0.13487
v 0.18200 0.43659 -0.05554
v 0.18200 0.44033 -0.05820
v 0.18200 0.41745 -0.13939
v 0.14000 0.41556 -0.05074
v 0.18200 0.44110 -0.06273
v 0.17600 0.38540 -0.13207
v 0.18624 0.37299 -0.12744
v 0.18383 0.37064 -0.12690
v 0.18259 0.37266 -0.12891
v 0.18624 0.36980 -0.12236
v 0.18480 0.36948 -0.12377
v 0.18507 0.36933 -0.12225
v 0.18800 0.37394 -0.12330
v 0.18200 0.37373 -0.12941
v 0.18624 0.41784 -0.13767
v 0.18800 0.41879 -0.13354
v 0.18624 0.42292 -0.13448
v 0.17600 0.40380 -0.04806
v 0.18594 0.38222 -0.06740
v 0.18624 0.38627 -0.05021
v 0.18800 0.39041 -0.05116
v 0.18494 0.38574 -0.05009
v 0.18455 0.38664 -0.04856
v 0.18624 0.39135 -0.04702
v 0.18800 0.43525 -0.06139
v 0.18624 0.43939 -0.06234
v 0.18624 0.43620 -0.05726
v 0.18200 0.39203 -0.04537
v 0.18215 0.39173 -0.04537
v 0.18359 0.38876 -0.04643
vn -0.1588 -0.7563 -0.6346
vn -0.1570 -0.8090 -0.5665
vn -0.3151 -0.7774 -0.5443
vn -0.9703 -0.2094 -0.1209
vn -0.9703 -0.1852 -0.1554
vn -0.8944 -0.3426 -0.2875
vn -0.8937 -0.3675 -0.2573
vn -0.8937 -0.3675 -0.2573
vn -0.8937 -0.3675 -0.2573
vn -0.8937 -0.3675 -0.2573
vn -0.8937 -0.3675 -0.2573
vn -0.8937 -0.3675 -0.2573
vn -0.8937 -0.3172 -0.3172
vn -0.8937 -0.3172 -0.3172
vn -0.9703 -0.1554 -0.1852
vn -0.8944 -0.2879 -0.3422
vn -0.8937 -0.3172 -0.3172
vn -0.8937 -0.3172 -0.3172
vn -0.8937 -0.3172 -0.3172
vn -0.8937 -0.3172 -0.3172
vn -0.3162 -0.7267 -0.6098
vn -0.3151 -0.6711 -0.6711
vn -0.1578 -0.6982 -0.6982
vn -0.8944 -0.3864 -0.2251
vn -0.8937 -0.4066 -0.1896
vn -0.9703 -0.2272 -0.0827
vn -0.8937 -0.4066 -0.1896
vn -0.8943 -0.4263 -0.1360
vn -0.3162 -0.9343 -0.1647
vn -0.3151 -0.9167 -0.2456
vn -0.1565 -0.9540 -0.2556
vn -0.8944 -0.4404 -0.0777
vn -0.8937 -0.4469 -0.0391
vn -0.8937 -0.4469 -0.0391
vn -0.8937 -0.4469 -0.0391
vn -0.8937 -0.4469 -0.0391
vn -0.9703 -0.2381 -0.0420
vn -0.8937 -0.4333 -0.1161
vn -0.8937 -0.4333 -0.1161
vn -0.8937 -0.4333 -0.1161
vn -0.8937 -0.4333 -0.1161
vn -0.9703 -0.2418 0.0000
vn -0.8937 -0.4469 -0.0391
vn -0.8937 -0.4469 -0.0391
vn -0.8944 -0.4472 0.0000
vn -0.1588 -0.9723 -0.1714
vn -0.3151 -0.9454 -0.0827
vn -0.1582 -0.9836 -0.0861
vn -1.0000 0.0000 0.0000
vn -1.0000 0.0000 0.0000
vn -1.0000 0.0000 0.0000
vn -1.0000 0.0000 0.0000
vn -1.0000 0.0000 0.0000
vn -0.8944 -0.2236 -0.3873
vn -0.8937 -0.2573 -0.3675
vn -0.8937 -0.2573 -0.3675
vn -0.8937 -0.2573 -0.3675
vn -0.9703 -0.1209 -0.2094
vn -0.8944 -0.1530 -0.4202
vn -0.9703 -0.0827 -0.2272
vn -0.8937 -0.1161 -0.4333
vn -0.8937 -0.1161 -0.4333
vn -0.8937 -0.1161 -0.4333
vn -0.8937 -0.1161 -0.4333
vn -0.8937 -0.1161 -0.4333
vn -0.8937 -0.1161 -0.4333
vn -0.3162 -0.4743 -0.8216
vn -0.1588 -0.4937 -0.8550
vn -0.3151 -0.5443 -0.7774
vn -0.1586 -0.5663 -0.8088
vn -0.1588 -0.3377 -0.9278
vn -0.3162 -0.3245 -0.8915
vn -0.3151 -0.2456 -0.9167
vn -0.1590 -0.2555 -0.9536
vn -0.8937 -0.2573 -0.3675
vn -0.8937 -0.2573 -0.3675
vn -0.8937 -0.2573 -0.3675
vn -1.0000 0.0000 0.0000
vn -1.0000 0.0000 0.0000
vn -0.9703 -0.0420 -0.2381
vn -0.8944 -0.0765 -0.4406
vn -0.8937 -0.0391 -0.4469
vn -0.8944 -0.0000 -0.4472
vn -0.8937 -0.0391 -0.4469
vn -0.8937 -0.0391 -0.4469
vn -0.8937 -0.0391 -0.4469
vn -0.8937 -0.0391 -0.4469
vn -0.8937 -0.0391 -0.4469
vn -0.9703 -0.0000 -0.2418
vn -0.3162 -0.0000 -0.9487
vn -0.1588 0.0000 -0.9873
vn -0.3151 -0.0827 -0.9454
vn -0.1574 -0.0861 -0.9838
vn -1.0000 0.0000 0.0000
vn -1.0000 0.0000 0.0000
vn -1.0000 0.0000 0.0000
vn 0.0000 -0.7660 -0.6428
vn 0.0000 -0.7071 -0.7071
vn -0.0000 -0.8192 -0.5736
vn 0.0000 -0.8192 -0.5736
vn 0.0000 -0.8192 -0.5736
vn 0.0000 -0.5736 -0.8192
vn -0.0000 -0.5736 -0.8192
vn 0.0000 -0.5736 -0.8192
vn 0.0000 -0.7071 -0.7071
vn -0.0000 -0.7071 -0.7071
vn 0.0000 -0.7071 -0.7071
vn 0.1588 -0.6346 -0.7563
vn 0.0000 -0.9659 -0.2588
vn -0.0000 -0.9848 -0.1736
vn -0.0000 0.9848 0.1736
vn -0.0000 0.9848 0.1736
vn -0.0000 0.9397 0.3420
vn 0.0000 1.0000 0.0000
vn -0.0000 1.0000 -0.0000
vn 0.0000 -0.9659 -0.2588
vn 0.0000 -0.9601 -0.2798
vn -0.0000 -0.8660 -0.5000
vn -0.0000 -0.8192 -0.5736
vn -0.0000 -0.8192 -0.5736
vn 0.0000 -0.9962 -0.0872
vn 0.0000 -0.9962 -0.0872
vn -0.0000 -0.9962 -0.0872
vn -0.0000 -0.9962 -0.0872
vn 0.0000 -0.5000 -0.8660
vn 0.0000 -0.2588 -0.9659
vn -0.0000 -0.0000 -1.0000
vn 0.0000 0.1736 0.9848
vn 0.0000 0.1736 0.9848
vn 0.0000 -0.0000 1.0000
vn -0.0000 -0.5736 -0.8192
vn -0.0000 -0.4226 -0.9063
vn -0.0000 -0.2798 -0.9601
vn -0.0000 -0.4226 -0.9063
vn -0.0000 -0.2588 -0.9659
vn -0.0000 -0.2588 -0.9659
vn -0.0000 -0.0872 -0.9962
vn 0.0000 -0.0872 -0.9962
vn -0.0000 -0.1736 -0.9848
vn -0.0000 -0.0872 -0.9962
vn -0.0000 -0.0872 -0.9962
vn 0.0000 -0.0872 -0.9962
vn -0.0000 0.7660 0.6428
vn 0.0000 0.7660 0.6428
vn 0.0000 0.6428 0.7660
vn 0.0000 0.8660 0.5000
vn -0.0000 0.8660 0.5000
vn 0.0000 0.6428 0.7660
vn 0.0000 0.5000 0.8660
vn 0.0000 0.9397 0.3420
vn 0.0000 0.5000 0.8660
vn 0.0000 0.3420 0.9397
vn 0.0000 0.3420 0.9397
vn -0.8944 -0.4404 0.0777
vn -0.8937 -0.4469 0.0391
vn -0.8937 -0.4469 0.0391
vn -0.8937 -0.4469 0.0391
vn -0.9703 -0.2381 0.0420
vn -0.8937 -0.4469 0.0391
vn -0.8937 -0.4469 0.0391
vn -0.8937 -0.4469 0.0391
vn -0.9703 -0.2272 0.0827
vn -0.8943 -0.4263 0.1360
vn -0.3162 -0.9343 0.1647
vn -0.3151 -0.9454 0.0827
vn -0.1582 -0.9836 0.0861
vn -0.1588 -0.9723 0.1714
vn -0.3151 -0.9167 0.2456
vn -0.8937 -0.4066 0.1896
vn -0.8937 -0.4066 0.1896
vn -0.8944 -0.3864 0.2251
vn -0.8937 -0.4333 0.1161
vn -0.8937 -0.4333 0.1161
vn -0.8937 -0.4333 0.1161
vn -0.8937 -0.4333 0.1161
vn -0.1565 -0.9540 0.2556
vn -1.0000 0.0000 0.0000
vn -1.0000 0.0000 0.0000
vn -1.0000 0.0000 0.0000
vn -0.9703 -0.2094 0.1209
vn -0.8937 -0.3675 0.2573
vn -0.9703 -0.1852 0.1554
vn -0.8937 -0.3675 0.2573
vn -0.8937 -0.3675 0.2573
vn -0.8937 -0.3675 0.2573
vn -0.8937 -0.3675 0.2573
vn -0.8937 -0.3675 0.2573
vn -1.0000 0.0000 0.0000
vn -0.3162 -0.7267 0.6098
vn -0.3151 -0.7774 0.5443
vn -0.1570 -0.8090 0.5665
vn -0.8944 -0.3426 0.2875
vn -0.8937 -0.3172 0.3172
vn -0.8937 -0.3172 0.3172
vn -0.8937 -0.3172 0.3172
vn -0.8937 -0.3172 0.3172
vn -0.8937 -0.3172 0.3172
vn -0.8937 -0.3172 0.3172
vn -0.9703 -0.1554 0.1852
vn -0.8944 -0.2879 0.3422
vn -0.8937 -0.2573 0.3675
vn -0.1588 -0.7563 0.6346
vn -0.3151 -0.6711 0.6711
vn -0.1578 -0.6982 0.6982
vn -1.0000 0.0000 0.0000
vn -1.0000 0.0000 0.0000
vn -0.9703 -0.1209 0.2094
vn -0.8937 -0.2573 0.3675
vn -0.8937 -0.2573 0.3675
vn -0.8937 -0.2573 0.3675
vn -0.8937 -0.2573 0.3675
vn -0.8944 -0.2236 0.3873
vn -1.0000 0.0000 0.0000
vn -0.9703 -0.0827 0.2272
vn -0.8937 -0.2573 0.3675
vn -0.8937 -0.1161 0.4333
vn -0.8937 -0.1161 0.4333
vn -0.8937 -0.1161 0.4333
vn -0.8937 -0.1161 0.4333
vn -0.8937 -0.1161 0.4333
vn -0.8944 -0.1530 0.4202
vn -0.8937 -0.1161 0.4333
vn -0.3162 -0.4743 0.8216
vn -0.3151 -0.5443 0.7774
vn -0.1586 -0.5663 0.8088
vn -0.3162 -0.3245 0.8915
vn -0.1588 -0.4937 0.8550
vn -0.1588 -0.3377 0.9278
vn -0.3151 -0.2456 0.9167
vn -0.1590 -0.2555 0.9536
vn -1.0000 0.0000 0.0000
vn -0.9703 -0.0420 0.2381
vn -1.0000 0.0000 0.0000
vn -0.9703 -0.0000 0.2418
vn -0.8944 -0.0765 0.4406
vn -0.8937 -0.0391 0.4469
vn -0.8937 -0.0391 0.4469
vn -0.8937 -0.0391 0.4469
vn -0.8937 -0.0391 0.4469
vn -0.8937 -0.0391 0.4469
vn -0.8944 -0.0000 0.4472
vn -0.8937 -0.0391 0.4469
vn -0.3162 0.0000 0.9487
vn -0.3151 -0.0827 0.9454
vn -0.1574 -0.0861 0.9838
vn -0.1588 -0.0000 0.9873
vn -0.0000 -0.9962 0.0872
vn 0.0000 -0.9659 0.2588
vn 0.0000 0.9848 -0.1736
vn 0.0000 0.9848 -0.1736
vn 0.0000 -0.9848 0.1736
vn 0.0000 -0.9962 0.0872
vn 0.0000 -0.9962 0.0872
vn 0.0000 -0.9962 0.0872
vn -0.0000 -0.9962 0.0872
vn 0.0000 -0.9659 0.2588
vn 0.0000 -0.9601 0.2798
vn -0.0000 -0.8660 0.5000
vn -0.0000 -0.8192 0.5736
vn -0.0000 -0.8192 0.5736
vn -0.0000 -0.8192 0.5736
vn -0.0000 -0.8192 0.5736
vn -0.0000 -0.8192 0.5736
vn 0.0000 -0.7660 0.6428
vn -0.0000 -0.7071 0.7071
vn -0.0000 -0.7071 0.7071
vn -0.0000 -0.7071 0.7071
vn 0.0000 -0.7071 0.7071
vn 0.0000 -0.6428 0.7660
vn -0.0000 -0.5736 0.8192
vn -0.0000 -0.5736 0.8192
vn -0.0000 -0.5736 0.8192
vn 0.0000 0.9397 -0.3420
vn 0.0000 0.9397 -0.3420
vn -0.0000 0.8660 -0.5000
vn 0.0000 0.8660 -0.5000
vn 0.0000 0.7660 -0.6428
vn -0.0000 0.7660 -0.6428
vn -0.0000 0.6428 -0.7660
vn 0.0000 0.6428 -0.7660
vn 0.0000 0.5000 -0.8660
vn -0.0000 0.5000 -0.8660
vn -0.0000 0.3420 -0.9397
vn 0.0000 0.3420 -0.9397
vn 0.0000 -0.5736 0.8192
vn 0.0000 -0.4226 0.9063
vn -0.0000 -0.2798 0.9601
vn 0.0000 0.1736 -0.9848
vn -0.0000 0.1736 -0.9848
vn 0.0000 0.0000 -1.0000
vn 0.0000 -0.0000 -1.0000
vn -0.0000 -0.0872 0.9962
vn -0.0000 -0.5000 0.8660
vn 0.0000 -0.4226 0.9063
vn -0.0000 -0.2588 0.9659
vn -0.0000 -0.2588 0.9659
vn 0.0000 -0.2588 0.9659
vn 0.0000 -0.0872 0.9962
vn 0.0000 0.0000 1.0000
vn -0.0000 -0.1736 0.9848
vn -0.0000 -0.0872 0.9962
vn -0.0000 -0.0872 0.9962
vn 0.0000 -0.0872 0.9962
vn -0.0000 -0.0872 0.9962
vn -0.8937 0.0391 -0.4469
vn -0.8937 0.0391 -0.4469
vn -0.9703 0.0420 -0.2381
vn -0.8937 0.0391 -0.4469
vn -0.8937 0.0391 -0.4469
vn -0.8937 0.0391 -0.4469
vn -0.8937 0.0391 -0.4469
vn -0.8944 0.0765 -0.4406
vn -0.9703 0.0827 -0.2272
vn -0.8937 0.1161 -0.4333
vn -0.3151 0.0827 -0.9454
vn -0.1574 0.0861 -0.9838
vn -1.0000 0.0000 0.0000
vn -1.0000 0.0000 0.0000
vn -0.8937 0.1161 -0.4333
vn -0.8937 0.1161 -0.4333
vn -0.8937 0.1161 -0.4333
vn -0.8937 0.1161 -0.4333
vn -0.8944 0.1530 -0.4202
vn -0.8937 0.1161 -0.4333
vn -0.8944 0.2236 -0.3873
vn -0.9703 0.1209 -0.2094
vn -0.8937 0.2573 -0.3675
vn -0.8937 0.2573 -0.3675
vn -0.1588 0.3377 -0.9278
vn -0.1590 0.2555 -0.9536
vn -0.3151 0.2456 -0.9167
vn -0.3162 0.3245 -0.8915
vn -0.1588 0.4937 -0.8550
vn -0.3162 0.4743 -0.8216
vn -0.3151 0.5443 -0.7774
vn -0.1586 0.5663 -0.8088
vn -1.0000 0.0000 0.0000
vn -0.8937 0.2573 -0.3675
vn -0.8937 0.2573 -0.3675
vn -0.8937 0.2573 -0.3675
vn -0.8937 0.2573 -0.3675
vn -0.9703 0.1554 -0.1852
vn -1.0000 0.0000 0.0000
vn -0.9703 0.1852 -0.1554
vn -1.0000 0.0000 0.0000
vn -0.8944 0.2879 -0.3422
vn -0.8937 0.3172 -0.3172
vn -0.8944 0.3426 -0.2875
vn -0.8937 0.3172 -0.3172
vn -0.8937 0.3172 -0.3172
vn -0.8937 0.3172 -0.3172
vn -0.8937 0.3172 -0.3172
vn -0.8937 0.3172 -0.3172
vn -0.8937 0.3675 -0.2573
vn -0.1588 0.7563 -0.6346
vn -0.1578 0.6982 -0.6982
vn -0.3151 0.6711 -0.6711
vn -0.3162 0.7267 -0.6098
vn -0.1570 0.8090 -0.5665
vn -0.3151 0.7774 -0.5443
vn -0.9703 0.2094 -0.1209
vn -1.0000 0.0000 0.0000
vn -0.8937 0.3675 -0.2573
vn -0.8937 0.3675 -0.2573
vn -0.8937 0.3675 -0.2573
vn -0.8937 0.3675 -0.2573
vn -0.8937 0.3675 -0.2573
vn -0.8944 0.3864 -0.2251
vn -0.9703 0.2272 -0.0827
vn -1.0000 0.0000 0.0000
vn -1.0000 0.0000 0.0000
vn -0.9703 0.2381 -0.0420
vn -1.0000 0.0000 0.0000
vn -0.9703 0.2418 -0.0000
vn -0.8937 0.4066 -0.1896
vn -0.8943 0.4263 -0.1360
vn -0.8937 0.4066 -0.1896
vn -0.8944 0.4404 -0.0777
vn -0.8937 0.4333 -0.1161
vn -0.8937 0.4333 -0.1161
vn -0.8937 0.4333 -0.1161
vn -0.8937 0.4333 -0.1161
vn -0.1588 0.9723 -0.1714
vn -0.1565 0.9540 -0.2556
vn -0.3151 0.9167 -0.2456
vn -0.8937 0.4469 -0.0391
vn -0.8937 0.4469 -0.0391
vn -0.8937 0.4469 -0.0391
vn -0.8937 0.4469 -0.0391
vn -0.8937 0.4469 -0.0391
vn -0.8944 0.4472 0.0000
vn -0.8937 0.4469 -0.0391
vn -0.3162 0.9343 -0.1647
vn -0.1582 0.9836 -0.0861
vn -0.3151 0.9454 -0.0827
vn 0.0000 0.0872 -0.9962
vn -0.0000 0.0000 1.0000
vn -0.0000 -0.1736 0.9848
vn -0.0000 -0.1736 0.9848
vn -0.0000 -0.3420 0.9397
vn -0.0000 0.2798 -0.9601
vn 0.0000 0.4226 -0.9063
vn -0.0000 0.5736 -0.8192
vn 0.0000 0.0872 -0.9962
vn 0.0000 0.0872 -0.9962
vn -0.0000 0.0872 -0.9962
vn -0.0000 0.0872 -0.9962
vn -0.0000 0.1736 -0.9848
vn -0.0000 0.0872 -0.9962
vn 0.0000 0.2588 -0.9659
vn 0.0000 0.4226 -0.9063
vn 0.0000 0.5000 -0.8660
vn -0.0000 0.2588 -0.9659
vn -0.0000 0.2588 -0.9659
vn 0.0000 0.5736 -0.8192
vn 0.0000 -0.5000 0.8660
vn 0.0000 -0.3420 0.9397
vn 0.0000 -0.6428 0.7660
vn 0.0000 -0.5000 0.8660
vn 0.0000 -0.7660 0.6428
vn 0.0000 -0.6428 0.7660
vn 0.0000 -0.8660 0.5000
vn 0.0000 -0.7660 0.6428
vn 0.0000 -0.8660 0.5000
vn 0.0000 -0.9397 0.3420
vn 0.0000 -0.9848 0.1736
vn 0.0000 -0.9397 0.3420
vn -0.0000 0.7660 -0.6428
vn -0.0000 0.8192 -0.5736
vn 0.0000 0.5736 -0.8192
vn 0.0000 0.5736 -0.8192
vn -0.0000 0.7071 -0.7071
vn -0.0000 0.8192 -0.5736
vn -0.0000 0.6428 -0.7660
vn 0.0000 0.7071 -0.7071
vn -0.0000 0.7071 -0.7071
vn 0.0000 0.7071 -0.7071
vn -0.0000 0.8192 -0.5736
vn 0.0000 -1.0000 -0.0000
vn 0.0000 -0.9848 0.1736
vn 0.0000 0.9659 -0.2588
vn 0.0000 0.9962 -0.0872
vn 0.0000 0.9659 -0.2588
vn -0.0000 0.8192 -0.5736
vn 0.0000 0.8660 -0.5000
vn -0.0000 0.8192 -0.5736
vn 0.0000 0.9601 -0.2798
vn 0.0000 0.9848 -0.1736
vn 0.0000 0.9962 -0.0872
vn 0.0000 0.9962 -0.0872
vn 0.0000 0.9962 -0.0872
vn 0.0000 0.9962 -0.0872
vn -0.9703 0.1852 0.1554
vn -1.0000 0.0000 0.0000
vn -1.0000 0.0000 0.0000
vn -0.9703 0.1554 0.1852
vn -1.0000 0.0000 0.0000
vn -1.0000 0.0000 0.0000
vn -0.9703 0.0420 0.2381
vn -1.0000 0.0000 0.0000
vn -0.9703 0.0827 0.2272
vn -1.0000 0.0000 0.0000
vn -0.8937 0.0391 0.4469
vn -0.8937 0.0391 0.4469
vn -0.8937 0.0391 0.4469
vn -0.8937 0.0391 0.4469
vn -0.8937 0.0391 0.4469
vn -0.8937 0.0391 0.4469
vn -0.8944 0.0765 0.4406
vn -0.8937 0.1161 0.4333
vn -0.3151 0.0827 0.9454
vn -0.1574 0.0861 0.9838
vn -0.9703 0.1209 0.2094
vn -0.8944 0.2879 0.3422
vn -0.8937 0.2573 0.3675
vn -0.8937 0.2573 0.3675
vn -0.8937 0.2573 0.3675
vn -0.8937 0.2573 0.3675
vn -0.8944 0.2236 0.3873
vn -0.8937 0.1161 0.4333
vn -0.8937 0.1161 0.4333
vn -0.8937 0.1161 0.4333
vn -0.8937 0.1161 0.4333
vn -0.8944 0.1530 0.4202
vn -0.8937 0.1161 0.4333
vn -0.8937 0.2573 0.3675
vn -0.8937 0.2573 0.3675
vn -0.3162 0.3245 0.8915
vn -0.1588 0.3377 0.9278
vn -0.3162 0.4743 0.8216
vn -0.3151 0.2456 0.9167
vn -0.1590 0.2555 0.9536
vn -0.1588 0.4937 0.8550
vn -0.3151 0.5443 0.7774
vn -0.1586 0.5663 0.8088
vn -1.0000 0.0000 0.0000
vn -0.9703 0.2381 0.0420
vn -0.9703 0.2272 0.0827
vn -1.0000 0.0000 0.0000
vn -0.9703 0.2094 0.1209
vn -0.8937 0.3675 0.2573
vn -0.8944 0.3864 0.2251
vn -0.8944 0.3426 0.2875
vn -0.8937 0.4469 0.0391
vn -0.8937 0.4469 0.0391
vn -0.8937 0.4469 0.0391
vn -0.8944 0.4404 0.0777
vn -0.8943 0.4263 0.1360
vn -0.8937 0.4333 0.1161
vn -0.8937 0.4333 0.1161
vn -0.8937 0.4333 0.1161
vn -0.8937 0.4333 0.1161
vn -0.8937 0.4469 0.0391
vn -0.8937 0.4469 0.0391
vn -0.8937 0.4469 0.0391
vn -0.1588 0.9723 0.1714
vn -0.1582 0.9836 0.0861
vn -0.3151 0.9454 0.0827
vn -0.3162 0.9343 0.1647
vn -0.1565 0.9540 0.2556
vn -0.8937 0.4066 0.1896
vn -0.8937 0.4066 0.1896
vn -0.3151 0.9167 0.2456
vn -0.8937 0.3172 0.3172
vn -0.8937 0.3172 0.3172
vn -0.8937 0.3172 0.3172
vn -0.8937 0.3172 0.3172
vn -0.8937 0.3172 0.3172
vn -0.8937 0.3172 0.3172
vn -0.8937 0.3675 0.2573
vn -0.8937 0.3675 0.2573
vn -0.8937 0.3675 0.2573
vn -0.8937 0.3675 0.2573
vn -0.8937 0.3675 0.2573
vn -0.3162 0.7267 0.6098
vn -0.1588 0.7563 0.6346
vn -0.3151 0.7774 0.5443
vn -0.1578 0.6982 0.6982
vn -0.3151 0.6711 0.6711
vn -0.1570 0.8090 0.5665
vn 0.0000 -0.1736 -0.9848
vn -0.0000 -0.3420 -0.9397
vn 0.0000 -0.3420 -0.9397
vn -0.0000 -0.5000 -0.8660
vn -0.0000 -0.5000 -0.8660
vn 0.0000 -0.8660 -0.5000
vn -0.0000 -0.9397 -0.3420
vn 0.0000 -0.9397 -0.3420
vn 0.0000 -0.6428 -0.7660
vn -0.0000 -0.6428 -0.7660
vn 0.0000 -0.7660 -0.6428
vn 0.0000 -0.8660 -0.5000
vn 0.0000 -0.7660 -0.6428
vn 0.0000 -0.1736 -0.9848
vn -0.0000 0.2588 0.9659
vn -0.0000 0.5000 0.8660
vn -0.0000 0.0872 0.9962
vn -0.0000 0.0872 0.9962
vn -0.0000 0.0872 0.9962
vn -0.0000 0.0872 0.9962
vn -0.0000 0.0872 0.9962
vn -0.0000 0.1736 0.9848
vn -0.0000 0.2798 0.9601
vn 0.0000 0.4226 0.9063
vn -0.0000 0.4226 0.9063
vn -0.0000 0.5736 0.8192
vn -0.0000 0.2588 0.9659
vn 0.0000 0.2588 0.9659
vn 0.0000 0.5736 0.8192
vn 0.0000 -0.9848 -0.1736
vn 0.0000 -1.0000 0.0000
vn -0.0000 -0.9848 -0.1736
vn -0.0000 0.9848 0.1736
vn 0.0000 0.9659 0.2588
vn -0.0000 0.9962 0.0872
vn -0.0000 0.9659 0.2588
vn -0.0000 0.9962 0.0872
vn 0.0000 0.9962 0.0872
vn -0.0000 0.9962 0.0872
vn 0.0000 0.8192 0.5736
vn 0.0000 0.8192 0.5736
vn 0.0000 0.8192 0.5736
vn 0.0000 0.8660 0.5000
vn 0.0000 0.9601 0.2798
vn 0.0000 0.7071 0.7071
vn -0.0000 0.7660 0.6428
vn 0.0000 0.7071 0.7071
vn 0.0000 0.7071 0.7071
vn 0.0000 0.7071 0.7071
vn 0.1588 0.6346 0.7563
vn -0.0000 0.5736 0.8192
vn 0.0000 0.5736 0.8192
vn 0.0000 0.8192 0.5736
vn 0.0000 0.8192 0.5736
vn 0.0000 -0.5736 -0.8192
vn 0.0000 -0.6428 -0.7660
vn 0.1570 -0.5665 -0.8090
vn 0.0000 -0.7071 -0.7071
vn 0.0000 -0.7071 -0.7071
vn 0.1578 -0.6982 -0.6982
vn 0.0000 -0.9659 -0.2588
vn 0.0000 -0.9659 -0.2588
vn -0.0000 -0.8192 -0.5736
vn 0.1588 -0.9278 -0.3377
vn 0.0000 -0.9063 -0.4226
vn 0.0000 -0.9063 -0.4226
vn 0.1586 -0.8088 -0.5663
vn -0.0000 -0.9962 -0.0872
vn -0.0000 -0.9962 -0.0872
vn 0.0000 -1.0000 -0.0000
vn 0.1574 -0.9838 -0.0861
vn 0.1590 -0.9536 -0.2555
vn 0.1588 -0.8550 -0.4937
vn 0.1588 -0.9873 0.0000
vn 0.0000 -0.5736 -0.8192
vn -0.0000 -0.2588 -0.9659
vn 0.1588 -0.1714 -0.9723
vn 0.0000 -0.0872 -0.9962
vn 0.1582 -0.0861 -0.9836
vn 0.1565 -0.2556 -0.9540
vn 0.3151 -0.5443 -0.7774
vn 0.3162 -0.6098 -0.7267
vn 0.3151 -0.6711 -0.6711
vn 0.9703 -0.1852 -0.1554
vn 0.8944 -0.3422 -0.2879
vn 0.8937 -0.3172 -0.3172
vn 0.8944 -0.2875 -0.3426
vn 0.8937 -0.3172 -0.3172
vn 0.8937 -0.3172 -0.3172
vn 0.9703 -0.1554 -0.1852
vn 0.8937 -0.2573 -0.3675
vn 0.8937 -0.2573 -0.3675
vn 0.8937 -0.2573 -0.3675
vn 0.8937 -0.2573 -0.3675
vn 0.8937 -0.2573 -0.3675
vn 0.8937 -0.2573 -0.3675
vn 0.9703 -0.1209 -0.2094
vn 0.8937 -0.3172 -0.3172
vn 0.8937 -0.3172 -0.3172
vn 0.8937 -0.3172 -0.3172
vn 0.3162 -0.8915 -0.3245
vn 0.3151 -0.9167 -0.2456
vn 0.3162 -0.8216 -0.4743
vn 0.3151 -0.7774 -0.5443
vn 0.8944 -0.3873 -0.2236
vn 0.8937 -0.3675 -0.2573
vn 0.8937 -0.3675 -0.2573
vn 0.8937 -0.3675 -0.2573
vn 0.8944 -0.4202 -0.1530
vn 0.9703 -0.2094 -0.1209
vn 0.8937 -0.4333 -0.1161
vn 0.8937 -0.4333 -0.1161
vn 0.9703 -0.2272 -0.0827
vn 0.8937 -0.4333 -0.1161
vn 0.8937 -0.4333 -0.1161
vn 0.8937 -0.4333 -0.1161
vn 0.8937 -0.4333 -0.1161
vn 0.3151 -0.9454 -0.0827
vn 0.3162 -0.9487 0.0000
vn 0.8944 -0.4472 -0.0000
vn 0.8937 -0.4469 -0.0391
vn 0.8937 -0.4469 -0.0391
vn 0.8937 -0.4469 -0.0391
vn 0.8937 -0.4469 -0.0391
vn 0.8937 -0.4469 -0.0391
vn 0.8937 -0.4469 -0.0391
vn 0.9703 -0.2381 -0.0420
vn 0.8944 -0.4406 -0.0765
vn 0.9703 -0.2418 0.0000
vn 0.8937 -0.3675 -0.2573
vn 0.8937 -0.3675 -0.2573
vn 0.8937 -0.3675 -0.2573
vn 1.0000 0.0000 0.0000
vn 1.0000 0.0000 0.0000
vn 1.0000 0.0000 0.0000
vn 1.0000 0.0000 0.0000
vn 1.0000 0.0000 0.0000
vn 0.3162 -0.1647 -0.9343
vn 0.3151 -0.2456 -0.9167
vn 0.8944 -0.2251 -0.3864
vn 0.8937 -0.1896 -0.4066
vn 0.9703 -0.0827 -0.2272
vn 0.8937 -0.1896 -0.4066
vn 0.8943 -0.1360 -0.4263
vn 1.0000 0.0000 0.0000
vn 1.0000 0.0000 0.0000
vn 1.0000 0.0000 0.0000
vn 0.3151 -0.0827 -0.9454
vn 0.9703 -0.0420 -0.2381
vn 0.8937 -0.1161 -0.4333
vn 0.8937 -0.1161 -0.4333
vn 0.8944 -0.0777 -0.4404
vn 0.8937 -0.1161 -0.4333
vn 0.8937 -0.1161 -0.4333
vn 0.8937 -0.0391 -0.4469
vn 0.8937 -0.0391 -0.4469
vn 0.8937 -0.0391 -0.4469
vn 0.8937 -0.0391 -0.4469
vn 0.9703 0.0000 -0.2418
vn 0.8937 -0.0391 -0.4469
vn 0.8937 -0.0391 -0.4469
vn 0.8944 0.0000 -0.4472
vn 1.0000 0.0000 0.0000
vn 1.0000 0.0000 0.0000
vn -0.0000 -0.9962 0.0872
vn -0.0000 -0.9659 0.2588
vn -0.0000 -0.9659 0.2588
vn 0.0000 -0.8192 0.5736
vn 0.1588 -0.9278 0.3377
vn -0.0000 -0.9063 0.4226
vn 0.1590 -0.9536 0.2555
vn -0.0000 -0.9063 0.4226
vn 0.1588 -0.8550 0.4937
vn 0.1574 -0.9838 0.0861
vn 0.1586 -0.8088 0.5663
vn -0.0000 -0.7071 0.7071
vn -0.0000 -0.7071 0.7071
vn 0.1578 -0.6982 0.6982
vn 0.1588 -0.6346 0.7563
vn -0.0000 -0.5736 0.8192
vn 0.0000 -0.5736 0.8192
vn 0.1570 -0.5665 0.8090
vn -0.0000 -0.2588 0.9659
vn 0.1565 -0.2556 0.9540
vn 0.1588 -0.1714 0.9723
vn 0.1582 -0.0861 0.9836
vn 0.3151 -0.9454 0.0827
vn 0.8937 -0.4469 0.0391
vn 0.8937 -0.4469 0.0391
vn 0.8937 -0.4469 0.0391
vn 0.8937 -0.4469 0.0391
vn 0.8937 -0.4469 0.0391
vn 0.8937 -0.4469 0.0391
vn 0.9703 -0.2381 0.0420
vn 0.8944 -0.4406 0.0765
vn 0.9703 -0.2272 0.0827
vn 0.8937 -0.4333 0.1161
vn 0.3151 -0.9167 0.2456
vn 0.3162 -0.8915 0.3245
vn 0.3162 -0.8216 0.4743
vn 0.3151 -0.7774 0.5443
vn 0.8944 -0.4202 0.1530
vn 0.8937 -0.4333 0.1161
vn 0.8937 -0.4333 0.1161
vn 0.8944 -0.3873 0.2236
vn 0.8937 -0.4333 0.1161
vn 0.8937 -0.4333 0.1161
vn 0.8937 -0.4333 0.1161
vn 0.8937 -0.3675 0.2573
vn 0.8937 -0.3675 0.2573
vn 0.9703 -0.2094 0.1209
vn 1.0000 0.0000 0.0000
vn 1.0000 0.0000 0.0000
vn 0.8937 -0.3675 0.2573
vn 0.8937 -0.3675 0.2573
vn 0.8937 -0.3675 0.2573
vn 0.8937 -0.3675 0.2573
vn 0.9703 -0.1852 0.1554
vn 1.0000 0.0000 0.0000
vn 0.9703 -0.1554 0.1852
vn 1.0000 0.0000 0.0000
vn 0.3151 -0.6711 0.6711
vn 0.3162 -0.6098 0.7267
vn 0.8944 -0.3422 0.2879
vn 0.8937 -0.3172 0.3172
vn 0.8944 -0.2875 0.3426
vn 0.8937 -0.3172 0.3172
vn 0.8937 -0.3172 0.3172
vn 0.8937 -0.3172 0.3172
vn 0.8937 -0.3172 0.3172
vn 0.8937 -0.3172 0.3172
vn 0.8937 -0.2573 0.3675
vn 0.3151 -0.5443 0.7774
vn 1.0000 0.0000 0.0000
vn 0.9703 -0.1209 0.2094
vn 0.8937 -0.2573 0.3675
vn 0.8937 -0.2573 0.3675
vn 0.8937 -0.2573 0.3675
vn 0.8937 -0.2573 0.3675
vn 0.8937 -0.2573 0.3675
vn 0.8944 -0.2251 0.3864
vn 1.0000 0.0000 0.0000
vn 0.9703 -0.0827 0.2272
vn 0.3151 -0.2456 0.9167
vn 0.8944 -0.0777 0.4404
vn 0.8937 -0.1161 0.4333
vn 0.8937 -0.1161 0.4333
vn 0.8937 -0.1161 0.4333
vn 0.8937 -0.1161 0.4333
vn 0.8943 -0.1360 0.4263
vn 0.8937 -0.1896 0.4066
vn 0.8937 -0.1896 0.4066
vn 1.0000 0.0000 0.0000
vn 0.9703 -0.0420 0.2381
vn 1.0000 0.0000 0.0000
vn 1.0000 0.0000 0.0000
vn 0.9703 -0.0000 0.2418
vn 0.3162 -0.1647 0.9343
vn 0.3151 -0.0827 0.9454
vn 0.8937 -0.0391 0.4469
vn 0.8937 -0.0391 0.4469
vn 0.8937 -0.0391 0.4469
vn 0.8937 -0.0391 0.4469
vn 0.8937 -0.0391 0.4469
vn 0.8944 0.0000 0.4472
vn 0.8937 -0.0391 0.4469
vn 0.1588 0.1714 -0.9723
vn -0.0000 0.2588 -0.9659
vn -0.0000 0.5736 -0.8192
vn 0.1565 0.2556 -0.9540
vn 0.1582 0.0861 -0.9836
vn -0.0000 0.5736 -0.8192
vn 0.1588 0.6346 -0.7563
vn 0.0000 0.7071 -0.7071
vn 0.0000 0.7071 -0.7071
vn 0.1578 0.6982 -0.6982
vn 0.1570 0.5665 -0.8090
vn 0.0000 0.8192 -0.5736
vn -0.0000 0.9659 -0.2588
vn -0.0000 0.9659 -0.2588
vn 0.1588 0.8550 -0.4937
vn 0.0000 0.9063 -0.4226
vn 0.1588 0.9278 -0.3377
vn 0.0000 0.9063 -0.4226
vn 0.1590 0.9536 -0.2555
vn 0.0000 0.9962 -0.0872
vn 0.1588 0.9873 0.0000
vn 0.0000 1.0000 -0.0000
vn 0.1586 0.8088 -0.5663
vn 0.1574 0.9838 -0.0861
vn 0.3162 0.1647 -0.9343
vn 0.3151 0.0827 -0.9454
vn 0.3151 0.2456 -0.9167
vn 0.8944 0.0777 -0.4404
vn 0.8937 0.0391 -0.4469
vn 0.8937 0.0391 -0.4469
vn 0.8937 0.0391 -0.4469
vn 0.9703 0.0420 -0.2381
vn 0.8937 0.0391 -0.4469
vn 0.8937 0.0391 -0.4469
vn 0.8937 0.0391 -0.4469
vn 0.8943 0.1360 -0.4263
vn 0.9703 0.0827 -0.2272
vn 1.0000 0.0000 0.0000
vn 1.0000 0.0000 0.0000
vn 1.0000 0.0000 0.0000
vn 0.8937 0.1161 -0.4333
vn 0.8937 0.1161 -0.4333
vn 0.8937 0.1161 -0.4333
vn 0.8937 0.1161 -0.4333
vn 0.8937 0.1896 -0.4066
vn 0.8937 0.1896 -0.4066
vn 0.8944 0.2251 -0.3864
vn 0.9703 0.1209 -0.2094
vn 1.0000 0.0000 0.0000
vn 0.9703 0.1554 -0.1852
vn 0.8937 0.2573 -0.3675
vn 0.8937 0.2573 -0.3675
vn 0.8937 0.2573 -0.3675
vn 0.8937 0.2573 -0.3675
vn 0.8937 0.2573 -0.3675
vn 0.8937 0.2573 -0.3675
vn 1.0000 0.0000 0.0000
vn 1.0000 0.0000 0.0000
vn 0.9703 0.1852 -0.1554
vn 0.3162 0.6098 -0.7267
vn 0.3151 0.5443 -0.7774
vn 0.3151 0.6711 -0.6711
vn 0.8944 0.2875 -0.3426
vn 0.8937 0.3172 -0.3172
vn 0.8937 0.3172 -0.3172
vn 0.8937 0.3172 -0.3172
vn 0.8937 0.3172 -0.3172
vn 0.8937 0.3172 -0.3172
vn 0.8937 0.3172 -0.3172
vn 0.8944 0.3422 -0.2879
vn 0.8937 0.3675 -0.2573
vn 0.9703 0.2094 -0.1209
vn 1.0000 0.0000 0.0000
vn 0.8937 0.3675 -0.2573
vn 0.8944 0.3873 -0.2236
vn 0.8937 0.3675 -0.2573
vn 0.8937 0.3675 -0.2573
vn 0.8937 0.3675 -0.2573
vn 0.9703 0.2272 -0.0827
vn 1.0000 0.0000 0.0000
vn 1.0000 0.0000 0.0000
vn 0.9703 0.2381 -0.0420
vn 0.9703 0.2418 -0.0000
vn 0.3162 0.8216 -0.4743
vn 0.3151 0.7774 -0.5443
vn 0.3162 0.8915 -0.3245
vn 0.3151 0.9167 -0.2456
vn 0.8937 0.3675 -0.2573
vn 0.8944 0.4202 -0.1530
vn 0.8937 0.4333 -0.1161
vn 0.8937 0.4333 -0.1161
vn 0.8937 0.4333 -0.1161
vn 0.8937 0.4333 -0.1161
vn 0.8937 0.4333 -0.1161
vn 0.8937 0.4333 -0.1161
vn 0.3162 0.9487 -0.0000
vn 0.3151 0.9454 -0.0827
vn 0.8944 0.4406 -0.0765
vn 0.8937 0.4469 -0.0391
vn 0.8937 0.4469 -0.0391
vn 0.8944 0.4472 0.0000
vn 0.8937 0.4469 -0.0391
vn 0.8937 0.4469 -0.0391
vn 0.8937 0.4469 -0.0391
vn 0.8937 0.4469 -0.0391
vn 0.0000 0.0872 0.9962
vn 0.1582 0.0861 0.9836
vn 0.1588 0.1714 0.9723
vn -0.0000 0.2588 0.9659
vn -0.0000 0.5736 0.8192
vn 0.1565 0.2556 0.9540
vn -0.0000 0.9962 0.0872
vn 0.0000 0.9962 0.0872
vn 0.1574 0.9838 0.0861
vn -0.0000 0.8192 0.5736
vn 0.0000 0.9659 0.2588
vn 0.0000 0.9659 0.2588
vn 0.1586 0.8088 0.5663
vn 0.1588 0.9278 0.3377
vn 0.0000 0.9063 0.4226
vn -0.0000 0.9063 0.4226
vn 0.1588 0.8550 0.4937
vn 0.1590 0.9536 0.2555
vn 0.0000 0.7071 0.7071
vn -0.0000 0.6428 0.7660
vn 0.0000 0.7071 0.7071
vn -0.0000 0.5736 0.8192
vn 0.1570 0.5665 0.8090
vn 0.1578 0.6982 0.6982
vn 0.9703 0.1554 0.1852
vn 1.0000 0.0000 0.0000
vn 1.0000 0.0000 0.0000
vn 0.9703 0.1852 0.1554
vn 1.0000 0.0000 0.0000
vn 0.9703 0.0420 0.2381
vn 1.0000 0.0000 0.0000
vn 0.9703 0.0827 0.2272
vn 1.0000 0.0000 0.0000
vn 0.3151 0.0827 0.9454
vn 0.3162 0.1647 0.9343
vn 0.8944 0.0777 0.4404
vn 0.8937 0.0391 0.4469
vn 0.8937 0.0391 0.4469
vn 0.8937 0.0391 0.4469
vn 0.8937 0.0391 0.4469
vn 0.8937 0.0391 0.4469
vn 0.8937 0.0391 0.4469
vn 0.8937 0.1161 0.4333
vn 0.8937 0.1161 0.4333
vn 0.8943 0.1360 0.4263
vn 0.8937 0.1161 0.4333
vn 0.8937 0.1161 0.4333
vn 0.9703 0.1209 0.2094
vn 0.8944 0.2875 0.3426
vn 0.8937 0.2573 0.3675
vn 0.8944 0.2251 0.3864
vn 0.3151 0.2456 0.9167
vn 0.8937 0.1896 0.4066
vn 0.8937 0.1896 0.4066
vn 1.0000 0.0000 0.0000
vn 1.0000 0.0000 0.0000
vn 0.9703 0.2381 0.0420
vn 1.0000 0.0000 0.0000
vn 0.9703 0.2272 0.0827
vn 0.9703 0.2094 0.1209
vn 0.8944 0.3873 0.2236
vn 0.8937 0.3675 0.2573
vn 0.8944 0.3422 0.2879
vn 0.8937 0.3675 0.2573
vn 0.8937 0.3675 0.2573
vn 0.8937 0.3675 0.2573
vn 0.3151 0.9454 0.0827
vn 0.8937 0.4469 0.0391
vn 0.8937 0.4333 0.1161
vn 0.8944 0.4406 0.0765
vn 0.8937 0.4469 0.0391
vn 0.8937 0.4469 0.0391
vn 0.8937 0.4469 0.0391
vn 0.8937 0.4469 0.0391
vn 0.8937 0.4469 0.0391
vn 0.3162 0.8216 0.4743
vn 0.3162 0.8915 0.3245
vn 0.3151 0.7774 0.5443
vn 0.3151 0.9167 0.2456
vn 0.8944 0.4202 0.1530
vn 0.8937 0.4333 0.1161
vn 0.8937 0.4333 0.1161
vn 0.8937 0.4333 0.1161
vn 0.8937 0.4333 0.1161
vn 0.8937 0.4333 0.1161
vn 0.8937 0.3675 0.2573
vn 0.8937 0.3675 0.2573
vn 0.3162 0.6098 0.7267
vn 0.3151 0.5443 0.7774
vn 0.3151 0.6711 0.6711
vn 0.8937 0.3172 0.3172
vn 0.8937 0.3172 0.3172
vn 0.8937 0.3172 0.3172
vn 0.8937 0.3172 0.3172
vn 0.8937 0.3172 0.3172
vn 0.8937 0.2573 0.3675
vn 0.8937 0.2573 0.3675
vn 0.8937 0.2573 0.3675
vn 0.8937 0.2573 0.3675
vn 0.8937 0.2573 0.3675
vn 0.8937 0.3172 0.3172
vn -0.6887 -0.6887 -0.2265
vn -0.5394 -0.6466 -0.5394
vn -0.3759 -0.9075 -0.1875
vn -0.3827 -0.9239 -0.0000
vn -0.6887 -0.6887 0.2265
vn -0.9641 -0.1877 -0.1877
vn -0.9641 0.1877 0.1877
vn -0.9641 0.1877 -0.1877
vn -0.6887 -0.2265 -0.6887
vn -0.3801 -0.1158 -0.9177
vn -0.4934 -0.4934 -0.7163
vn -0.3287 0.0000 -0.9444
vn -0.1877 0.1877 -0.9641
vn 0.0000 0.0000 -1.0000
vn -0.9641 -0.1877 0.1877
vn -0.6887 0.2265 -0.6887
vn -0.2265 0.6887 -0.6887
vn -0.6887 0.6887 -0.2265
vn -0.1877 0.9641 -0.1877
vn -0.6887 0.6887 0.2265
vn 0.0000 0.0000 -1.0000
vn 0.2265 0.6887 -0.6887
vn -0.1877 0.9641 0.1877
vn 0.1877 0.9641 -0.1877
vn 0.1930 0.0000 -0.9812
vn 0.1877 0.1877 -0.9641
vn 0.3827 0.0000 -0.9239
vn 0.6887 0.2265 -0.6887
vn 0.9787 0.0000 -0.2055
vn 0.9239 0.0000 -0.3827
vn 0.6887 0.6887 -0.2265
vn 0.9641 0.1877 -0.1877
vn 0.1877 0.9641 0.1877
vn 0.9641 0.1877 0.1877
vn 1.0000 0.0000 0.0000
vn -0.3759 -0.9075 0.1875
vn -0.5394 -0.6466 0.5394
vn -0.6887 -0.2265 0.6887
vn -0.4934 -0.4934 0.7163
vn -0.3801 -0.1158 0.9177
vn -0.6887 0.2265 0.6887
vn -0.1877 0.1877 0.9641
vn -0.3287 0.0000 0.9444
vn 0.0000 0.0000 1.0000
vn -0.2265 0.6887 0.6887
vn 0.0000 0.0000 1.0000
vn 0.2265 0.6887 0.6887
vn 0.1877 0.1877 0.9641
vn 0.1930 0.0000 0.9812
vn 0.6887 0.6887 0.2265
vn 0.9239 0.0000 0.3827
vn 0.9787 0.0000 0.2055
vn 0.6887 0.2265 0.6887
vn 0.3827 0.0000 0.9239
vn -0.6887 0.3741 -0.6211
vn -0.1918 0.2184 -0.9568
vn -0.3827 0.2056 -0.9007
vn -0.1877 0.3975 -0.8982
vn -0.9641 0.2248 -0.1412
vn -0.9774 0.0471 -0.2062
vn -1.0000 0.0000 0.0000
vn -0.9641 0.1412 0.2248
vn -0.9239 0.0852 -0.3731
vn -0.6887 0.7219 -0.0676
vn -0.2265 0.8247 -0.5182
vn -0.1877 0.9817 0.0316
vn -0.6887 0.6211 0.3741
vn -0.1877 0.8982 0.3975
vn -0.9799 -0.0444 0.1946
vn -0.6887 0.0676 0.7219
vn -0.9239 -0.0852 0.3731
vn -0.3827 -0.2056 0.9007
vn -0.1877 -0.0316 0.9817
vn -0.1942 -0.2183 0.9564
vn -0.2265 0.5182 0.8247
vn 0.0000 0.2225 -0.9749
vn 0.2265 0.8247 -0.5182
vn 0.1877 0.9817 0.0316
vn 0.1877 -0.0316 0.9817
vn 0.2265 0.5182 0.8247
vn 0.1877 0.3975 -0.8982
vn 0.1877 0.8982 0.3975
vn 0.0000 -0.2225 0.9749
vn -0.0000 0.2225 -0.9749
vn 0.6887 -0.6211 -0.3741
vn 0.3757 -0.8420 -0.3870
vn 0.5406 -0.5081 -0.6705
vn 0.6887 -0.0676 -0.7219
vn 0.3827 -0.9007 -0.2056
vn 0.3761 -0.9263 -0.0216
vn 0.9641 -0.1412 -0.2248
vn 0.6887 -0.7219 0.0676
vn 0.9641 -0.2248 0.1412
vn 0.3289 0.2101 -0.9207
vn 0.4925 -0.3205 -0.8092
vn 0.3801 0.0922 -0.9203
vn 0.6887 0.3741 -0.6211
vn 0.9641 0.2248 -0.1412
vn 0.6887 0.7219 -0.0676
vn 0.6887 0.6211 0.3741
vn 0.9641 0.1412 0.2248
vn -0.0000 -0.2225 0.9749
vn 0.4944 -0.6411 0.5870
vn 0.5382 -0.7522 0.3803
vn 0.6887 -0.3741 0.6211
vn 0.3801 -0.3179 0.8686
vn 0.3286 -0.2102 0.9208
vn 0.6887 0.0676 0.7219
vn -0.6887 -0.7188 -0.0947
vn -0.3756 -0.9000 -0.2212
vn -0.5412 -0.8147 0.2084
vn -0.6887 -0.5222 -0.5029
vn -0.9641 -0.2505 0.0877
vn -0.9641 -0.0877 -0.2505
vn -0.3762 -0.7384 -0.5597
vn -0.3827 -0.8324 -0.4009
vn -0.5375 -0.3522 -0.7662
vn -0.6887 0.0947 -0.7188
vn -0.5774 -0.2697 -0.7707
vn -0.4916 -0.1311 -0.8609
vn -0.3802 0.2953 -0.8765
vn -0.3292 0.4097 -0.8508
vn -0.1877 0.5874 -0.7872
vn -0.9641 0.2505 -0.0877
vn -0.9641 0.0877 0.2505
vn -0.6887 -0.5029 0.5222
vn -0.4921 -0.7549 0.4335
vn -0.3802 -0.5014 0.7772
vn -0.6887 -0.0947 0.7188
vn -0.1877 -0.2492 0.9501
vn -0.3290 -0.4097 0.8508
vn 0.0000 -0.4339 0.9010
vn -0.6887 0.5029 -0.5222
vn -0.6887 0.7188 0.0947
vn -0.2265 0.9193 -0.3217
vn -0.1877 0.9501 0.2492
vn 0.0000 0.4339 -0.9010
vn -0.6887 0.5222 0.5029
vn -0.1877 0.7872 0.5874
vn -0.0000 -0.4339 0.9010
vn 0.0000 0.4339 -0.9010
vn 0.2265 0.9193 -0.3217
vn 0.1877 0.9501 0.2492
vn 0.1905 0.4259 -0.8845
vn -0.2265 0.3217 0.9193
vn 0.1877 -0.2492 0.9501
vn 0.2265 0.3217 0.9193
vn 0.1877 0.5874 -0.7872
vn 0.1877 0.7872 0.5874
vn 0.6887 -0.0947 0.7188
vn 0.1911 -0.4259 0.8844
vn 0.3827 -0.4009 0.8324
vn 0.9239 -0.1660 0.3448
vn 0.9767 -0.0931 0.1933
vn 0.9641 0.0877 0.2505
vn 1.0000 0.0000 0.0000
vn 0.9641 0.2505 -0.0877
vn 0.3827 0.4009 -0.8324
vn 0.6887 0.5029 -0.5222
vn 0.3827 0.4009 -0.8324
vn 0.9805 0.0853 -0.1771
vn 0.9239 0.1660 -0.3448
vn 0.6887 0.7188 0.0947
vn 0.6887 0.5222 0.5029
vn -0.9641 0.0297 0.2638
vn -0.9793 0.1263 -0.1584
vn -1.0000 0.0000 0.0000
vn -0.9780 -0.1300 0.1630
vn -0.1877 -0.4544 0.8708
vn -0.3827 -0.5760 0.7223
vn -0.1924 -0.6118 0.7672
vn -0.6887 -0.2523 0.6797
vn -0.9239 -0.2386 0.2992
vn -0.6887 0.3972 0.6065
vn -0.2265 0.1091 0.9679
vn -0.1877 0.6368 0.7479
vn -0.9641 0.2638 -0.0297
vn -0.9239 0.2386 -0.2992
vn -0.6887 0.6065 -0.3972
vn -0.1936 0.6117 -0.7670
vn -0.3827 0.5760 -0.7223
vn -0.6887 0.6797 0.2523
vn -0.1877 0.8708 0.4544
vn -0.1877 0.7479 -0.6368
vn -0.2265 0.9679 -0.1091
vn 0.1877 -0.4544 0.8708
vn 0.2265 0.1091 0.9679
vn -0.0000 0.6235 -0.7818
vn 0.1877 0.8708 0.4544
vn 0.2265 0.9679 -0.1091
vn 0.6887 0.2523 -0.6797
vn 0.4939 0.0600 -0.8674
vn 0.3801 0.4813 -0.7899
vn 0.6887 -0.3972 -0.6065
vn 0.3760 -0.5935 -0.7116
vn 0.5388 -0.1704 -0.8250
vn 0.9641 -0.0297 -0.2638
vn 0.1877 0.7479 -0.6368
vn 0.3286 0.5889 -0.7384
vn 0.6887 0.6065 -0.3972
vn 0.0000 -0.6235 0.7818
vn 0.1877 0.6368 0.7479
vn 0.0000 -0.6235 0.7818
vn 0.6887 -0.6797 -0.2523
vn 0.3827 -0.7223 -0.5760
vn 0.3758 -0.8270 -0.4181
vn 0.6887 -0.6065 0.3972
vn 0.3801 -0.6624 0.6456
vn 0.4930 -0.8324 0.2532
vn 0.5400 -0.8414 0.0197
vn 0.9641 -0.2638 0.0297
vn 0.9641 0.2638 -0.0297
vn 0.9641 0.0297 0.2638
vn 0.3288 -0.5888 0.7384
vn 0.6887 -0.2523 0.6797
vn 0.6887 0.3972 0.6065
vn 0.0000 0.6235 -0.7818
vn 0.6887 0.6797 0.2523
vn -0.6887 -0.6065 -0.3972
vn -0.6887 -0.6797 0.2523
vn -0.9641 -0.2638 -0.0297
vn -0.5388 -0.8250 -0.1704
vn -0.4939 -0.8674 0.0600
vn -0.3760 -0.7116 -0.5935
vn -0.3801 -0.7899 0.4813
vn -0.6887 -0.3972 0.6065
vn -0.1877 -0.6368 0.7479
vn -0.3286 -0.7384 0.5889
vn -0.9641 -0.0297 0.2638
vn -0.9641 0.0297 -0.2638
vn -0.9641 0.2638 0.0297
vn -0.6887 -0.2523 -0.6797
vn -0.3827 -0.5760 -0.7223
vn -0.3758 -0.4181 -0.8270
vn -0.6887 0.3972 -0.6065
vn -0.5400 0.0197 -0.8414
vn -0.4930 0.2532 -0.8324
vn -0.3801 0.6456 -0.6624
vn -0.3288 0.7384 -0.5888
vn -0.1877 0.8708 -0.4544
vn -0.6887 0.6797 -0.2523
vn 0.0000 0.7818 -0.6235
vn -0.6887 0.6065 0.3972
vn -0.2265 0.9679 0.1091
vn -0.1877 0.7479 0.6368
vn -0.0000 0.7818 -0.6235
vn -0.0000 -0.7818 0.6235
vn -0.6887 0.2523 0.6797
vn -0.2265 -0.1091 0.9679
vn -0.1877 0.4544 0.8708
vn 0.0000 -0.7818 0.6235
vn 0.2265 0.9679 0.1091
vn 0.1924 0.7672 -0.6118
vn 0.1877 -0.6368 0.7479
vn 0.2265 -0.1091 0.9679
vn 0.1877 0.7479 0.6368
vn 0.1877 0.8708 -0.4544
vn 0.1877 0.4544 0.8708
vn 0.1936 -0.7670 0.6117
vn 0.9641 0.2638 0.0297
vn 0.9793 -0.1584 0.1263
vn 1.0000 0.0000 0.0000
vn 0.3827 0.7223 -0.5760
vn 0.6887 0.6797 -0.2523
vn 0.9780 0.1630 -0.1300
vn 0.9239 0.2992 -0.2386
vn 0.6887 0.6065 0.3972
vn 0.6887 -0.3972 0.6065
vn 0.3827 -0.7223 0.5760
vn 0.9641 -0.0297 0.2638
vn 0.9239 -0.2992 0.2386
vn 0.6887 0.2523 0.6797
vn -0.6887 -0.5222 0.5029
vn -0.9805 -0.1771 0.0853
vn -0.9239 -0.3448 0.1660
vn -0.3827 -0.8324 0.4009
vn -0.3827 -0.8324 0.4009
vn -0.1877 -0.7872 0.5874
vn -0.1905 -0.8845 0.4259
vn -0.9641 -0.0877 0.2505
vn -0.6887 0.0947 0.7188
vn -0.2265 -0.3217 0.9193
vn -0.1877 0.2492 0.9501
vn -0.9641 0.2505 0.0877
vn -1.0000 0.0000 0.0000
vn -0.9767 0.1933 -0.0931
vn -0.6887 0.7188 -0.0947
vn -0.9239 0.3448 -0.1660
vn -0.1911 0.8844 -0.4259
vn -0.3827 0.8324 -0.4009
vn -0.1877 0.5874 0.7872
vn -0.6887 0.5029 0.5222
vn 0.1877 -0.7872 0.5874
vn 0.2265 -0.3217 0.9193
vn 0.1877 0.5874 0.7872
vn -0.1877 0.9501 -0.2492
vn -0.2265 0.9193 0.3217
vn 0.0000 0.9010 -0.4339
vn 0.2265 0.9193 0.3217
vn -0.0000 -0.9010 0.4339
vn 0.1877 0.2492 0.9501
vn 0.6887 -0.0947 -0.7188
vn 0.3756 -0.2212 -0.9000
vn 0.5412 0.2084 -0.8147
vn -0.0000 -0.9010 0.4339
vn 0.1877 0.9501 -0.2492
vn -0.0000 0.9010 -0.4339
vn 0.6887 -0.7188 0.0947
vn 0.3802 -0.8765 0.2953
vn 0.4916 -0.8609 -0.1311
vn 0.3292 -0.8508 0.4097
vn 0.6887 -0.5029 -0.5222
vn 0.5375 -0.7662 -0.3522
vn 0.3762 -0.5597 -0.7384
vn 0.5774 -0.7707 -0.2697
vn 0.9641 -0.2505 -0.0877
vn 0.3827 -0.4009 -0.8324
vn 0.9641 0.0877 -0.2505
vn 0.9641 -0.0877 0.2505
vn 0.6887 -0.5222 0.5029
vn 0.6887 0.0947 0.7188
vn 0.3290 0.8508 -0.4097
vn 0.6887 0.5222 -0.5029
vn 0.4921 0.4335 -0.7549
vn 0.3802 0.7772 -0.5014
vn 0.6887 0.7188 -0.0947
vn 0.9641 0.2505 0.0877
vn 0.6887 0.5029 0.5222
vn -0.6887 -0.3741 -0.6211
vn -0.3757 -0.3870 -0.8420
vn -0.5406 -0.6705 -0.5081
vn -0.6887 -0.7219 -0.0676
vn -0.4925 -0.8092 -0.3205
vn -0.9641 -0.2248 -0.1412
vn -0.3801 -0.9203 0.0922
vn -0.6887 -0.6211 0.3741
vn -0.1877 -0.8982 0.3975
vn -0.3289 -0.9207 0.2101
vn 0.0000 -0.9749 0.2225
vn -0.3827 -0.2056 -0.9007
vn -0.6887 0.0676 -0.7219
vn -0.3761 -0.0216 -0.9263
vn -0.9641 0.1412 -0.2248
vn -0.9641 -0.1412 0.2248
vn -0.9641 0.2248 0.1412
vn -0.6887 -0.0676 0.7219
vn -0.2265 -0.5182 0.8247
vn -0.1877 0.0316 0.9817
vn -0.1877 0.3975 0.8982
vn -0.6887 0.3741 0.6211
vn -0.0000 -0.9749 0.2225
vn -0.6887 0.6211 -0.3741
vn -0.5382 0.3803 -0.7522
vn -0.4944 0.5870 -0.6411
vn -0.3801 0.8686 -0.3179
vn -0.3286 0.9208 -0.2102
vn -0.1877 0.9817 -0.0316
vn -0.6887 0.7219 0.0676
vn 0.0000 0.9749 -0.2225
vn -0.2265 0.8247 0.5182
vn -0.0000 0.9749 -0.2225
vn 0.1877 -0.8982 0.3975
vn 0.2265 -0.5182 0.8247
vn 0.1877 0.3975 0.8982
vn 0.2265 0.8247 0.5182
vn 0.1942 0.9564 -0.2183
vn 0.1918 -0.9568 0.2184
vn 0.1877 0.0316 0.9817
vn 0.1877 0.9817 -0.0316
vn 0.6887 -0.6211 0.3741
vn 0.3827 -0.9007 0.2056
vn 0.9641 -0.1412 0.2248
vn 0.9239 -0.3731 0.0852
vn 0.9774 -0.2062 0.0471
vn 0.6887 -0.0676 0.7219
vn 0.6887 0.3741 0.6211
vn 0.9641 0.2248 0.1412
vn 1.0000 0.0000 0.0000
vn 0.3827 0.9007 -0.2056
vn 0.6887 0.7219 0.0676
vn 0.9799 0.1946 -0.0444
vn 0.9239 0.3731 -0.0852
vn -0.9641 -0.1877 0.1877
vn -1.0000 0.0000 0.0000
vn -0.9787 -0.2055 0.0000
vn -0.1877 -0.9641 0.1877
vn -0.3827 -0.9239 0.0000
vn -0.1930 -0.9812 0.0000
vn -0.6887 -0.6887 0.2265
vn -0.2265 -0.6887 0.6887
vn -0.9239 -0.3827 0.0000
vn -0.6887 -0.2265 0.6887
vn -0.1877 -0.1877 0.9641
vn -0.9641 0.1877 0.1877
vn -0.1877 0.1877 0.9641
vn 0.1877 -0.9641 0.1877
vn 0.2265 -0.6887 0.6887
vn 0.0000 -1.0000 0.0000
vn 0.1877 -0.1877 0.9641
vn 0.1877 0.1877 0.9641
vn 0.0000 -1.0000 0.0000
vn 0.6887 -0.2265 -0.6887
vn 0.5394 -0.5394 -0.6466
vn 0.3759 -0.1875 -0.9075
vn 0.3827 0.0000 -0.9239
vn 0.6887 0.2265 -0.6887
vn 0.3287 -0.9444 -0.0000
vn 0.6887 -0.6887 -0.2265
vn 0.3801 -0.9177 -0.1158
vn 0.4934 -0.7163 -0.4934
vn 0.9641 -0.1877 -0.1877
vn 0.9641 -0.1877 0.1877
vn 0.6887 -0.6887 0.2265
vn 0.6887 -0.2265 0.6887
vn 0.9641 0.1877 -0.1877
vn 0.6887 0.2265 0.6887
vn 0.9641 0.1877 0.1877
vn -0.9787 0.2055 0.0000
vn -0.6887 0.2265 0.6887
vn -0.9239 0.3827 0.0000
vn -0.6887 0.6887 0.2265
vn -0.2265 0.6887 0.6887
vn -0.1930 0.9812 0.0000
vn -0.3827 0.9239 0.0000
vn -0.1877 0.9641 0.1877
vn 0.0000 1.0000 0.0000
vn 0.2265 0.6887 0.6887
vn 0.1877 0.9641 0.1877
vn 0.0000 1.0000 0.0000
vn 0.3759 0.1875 -0.9075
vn 0.5394 0.5394 -0.6466
vn 0.3287 0.9444 0.0000
vn 0.6887 0.6887 -0.2265
vn 0.4934 0.7163 -0.4934
vn 0.3801 0.9177 -0.1158
vn 0.6887 0.6887 0.2265
vn -0.6887 -0.6211 -0.3741
vn -0.6887 -0.0676 -0.7219
vn -0.4944 -0.5870 -0.6411
vn -0.3801 -0.8686 -0.3179
vn -0.6887 -0.7219 0.0676
vn -0.9641 -0.1412 -0.2248
vn -0.1877 -0.9817 -0.0316
vn -0.3286 -0.9208 -0.2102
vn -0.3761 0.0216 -0.9263
vn -0.5382 -0.3803 -0.7522
vn -0.9641 -0.2248 0.1412
vn -0.0000 -0.9749 -0.2225
vn -0.6887 -0.3741 0.6211
vn -0.2265 -0.8247 0.5182
vn -0.1877 -0.3975 0.8982
vn -0.0000 -0.9749 -0.2225
vn -0.3827 0.2056 -0.9007
vn -0.6887 0.3741 -0.6211
vn -0.9641 0.2248 -0.1412
vn -0.3757 0.3870 -0.8420
vn -0.9641 0.1412 0.2248
vn -0.1877 -0.0316 0.9817
vn -0.6887 0.0676 0.7219
vn -0.6887 0.6211 0.3741
vn -0.2265 0.5182 0.8247
vn -0.1877 0.8982 0.3975
vn -0.5406 0.6705 -0.5081
vn -0.6887 0.7219 -0.0676
vn -0.4925 0.8092 -0.3205
vn -0.3801 0.9203 0.0922
vn -0.3289 0.9207 0.2101
vn 0.0000 0.9749 0.2225
vn -0.0000 0.9749 0.2225
vn 0.1877 -0.9817 -0.0316
vn 0.2265 -0.8247 0.5182
vn 0.1877 -0.0316 0.9817
vn 0.2265 0.5182 0.8247
vn 0.1918 0.9568 0.2184
vn 0.1877 -0.3975 0.8982
vn 0.1942 -0.9564 -0.2183
vn 0.1877 0.8982 0.3975
vn 0.6887 -0.7219 0.0676
vn 0.3827 -0.9007 -0.2056
vn 0.9641 -0.2248 0.1412
vn 0.9239 -0.3731 -0.0852
vn 0.9799 -0.1946 -0.0444
vn 0.6887 -0.3741 0.6211
vn 0.6887 0.0676 0.7219
vn 0.9641 0.1412 0.2248
vn 0.6887 0.6211 0.3741
vn 0.9774 0.2062 0.0471
vn 0.9239 0.3731 0.0852
vn 1.0000 0.0000 0.0000
vn 0.3827 0.9007 0.2056
vn -0.6887 -0.7188 -0.0947
vn -0.3827 -0.8324 -0.4009
vn -0.1877 -0.9501 -0.2492
vn -0.1911 -0.8844 -0.4259
vn -0.9641 -0.2505 0.0877
vn -0.6887 -0.5029 0.5222
vn -0.2265 -0.9193 0.3217
vn -0.1877 -0.5874 0.7872
vn 0.1877 -0.9501 -0.2492
vn 0.2265 -0.9193 0.3217
vn -1.0000 0.0000 0.0000
vn -0.9767 -0.1933 -0.0931
vn -0.9805 0.1771 0.0853
vn -0.9239 -0.3448 -0.1660
vn -0.9641 0.0877 0.2505
vn -0.1877 -0.2492 0.9501
vn -0.6887 -0.0947 0.7188
vn -0.6887 0.5222 0.5029
vn -0.2265 0.3217 0.9193
vn -0.1877 0.7872 0.5874
vn -0.9239 0.3448 0.1660
vn -0.3827 0.8324 0.4009
vn -0.3827 0.8324 0.4009
vn -0.1905 0.8845 0.4259
vn 0.1877 -0.2492 0.9501
vn -0.0000 0.9010 0.4339
vn 0.2265 0.3217 0.9193
vn -0.0000 -0.9010 -0.4339
vn 0.1877 -0.5874 0.7872
vn 0.6887 -0.7188 -0.0947
vn 0.6887 -0.5029 0.5222
vn 0.9641 -0.2505 0.0877
vn 0.1877 0.7872 0.5874
vn 0.6887 0.0947 -0.7188
vn 0.5412 -0.2084 -0.8147
vn 0.3756 0.2212 -0.9000
vn 0.0000 -0.9010 -0.4339
vn -0.0000 0.9010 0.4339
vn 0.3290 -0.8508 -0.4097
vn 0.6887 -0.5222 -0.5029
vn 0.3802 -0.7772 -0.5014
vn 0.9641 -0.0877 -0.2505
vn 0.4921 -0.4335 -0.7549
vn 0.3827 0.4009 -0.8324
vn 0.9641 0.2505 -0.0877
vn 0.6887 0.5029 -0.5222
vn 0.9641 0.0877 0.2505
vn 0.6887 -0.0947 0.7188
vn 0.3762 0.5597 -0.7384
vn 0.6887 0.7188 0.0947
vn 0.3802 0.8765 0.2953
vn 0.6887 0.5222 0.5029
vn 0.4916 0.8609 -0.1311
vn 0.5375 0.7662 -0.3522
vn 0.5774 0.7707 -0.2697
vn 0.3292 0.8508 0.4097
vn -0.6887 -0.6797 -0.2523
vn -0.1877 -0.8708 -0.4544
vn -0.2265 -0.9679 0.1091
vn -0.6887 -0.6065 0.3972
vn -0.1877 -0.7479 0.6368
vn -0.3801 -0.6456 -0.6624
vn -0.9641 -0.0297 -0.2638
vn -0.6887 -0.3972 -0.6065
vn -0.3288 -0.7384 -0.5888
vn -0.0000 -0.7818 -0.6235
vn -0.9641 -0.2638 0.0297
vn -0.9641 0.2638 -0.0297
vn -0.6887 0.2523 -0.6797
vn -0.5400 -0.0197 -0.8414
vn -0.4930 -0.2532 -0.8324
vn -0.3758 0.4181 -0.8270
vn -0.3827 0.5760 -0.7223
vn -0.6887 0.6065 -0.3972
vn -0.3760 0.7116 -0.5935
vn 0.0000 -0.7818 -0.6235
vn -0.9641 0.0297 0.2638
vn -0.1877 -0.4544 0.8708
vn -0.6887 -0.2523 0.6797
vn -0.6887 0.6797 0.2523
vn -0.6887 0.3972 0.6065
vn -0.1877 0.6368 0.7479
vn -0.0000 0.7818 0.6235
vn -0.3286 0.7384 0.5889
vn -0.2265 0.1091 0.9679
vn 0.0000 0.7818 0.6235
vn 0.1877 -0.8708 -0.4544
vn 0.2265 -0.9679 0.1091
vn 0.1877 -0.4544 0.8708
vn 0.2265 0.1091 0.9679
vn 0.1936 0.7670 0.6117
vn -0.5388 0.8250 -0.1704
vn -0.4939 0.8674 0.0600
vn -0.3801 0.7899 0.4813
vn 0.1877 -0.7479 0.6368
vn 0.1924 -0.7672 -0.6118
vn 0.1877 0.6368 0.7479
vn 0.6887 -0.6797 -0.2523
vn 0.6887 -0.6065 0.3972
vn 0.3827 -0.7223 -0.5760
vn 0.9239 -0.2992 -0.2386
vn 0.9641 -0.2638 0.0297
vn 0.9780 -0.1630 -0.1300
vn 1.0000 0.0000 0.0000
vn 0.6887 -0.2523 0.6797
vn 0.9641 0.0297 0.2638
vn 0.3827 0.7223 0.5760
vn 0.6887 0.3972 0.6065
vn 0.9793 0.1584 0.1263
vn 0.9239 0.2992 0.2386
vn -0.9641 -0.2638 -0.0297
vn -1.0000 0.0000 0.0000
vn -0.9793 -0.1263 -0.1584
vn -0.9641 -0.0297 0.2638
vn -0.6887 -0.6065 -0.3972
vn -0.2265 -0.9679 -0.1091
vn -0.6887 -0.6797 0.2523
vn -0.3827 -0.5760 -0.7223
vn -0.1877 -0.7479 -0.6368
vn -0.1877 -0.8708 0.4544
vn -0.9239 -0.2386 -0.2992
vn -0.1936 -0.6117 -0.7670
vn -0.1877 -0.6368 0.7479
vn -0.6887 -0.3972 0.6065
vn -0.9780 0.1300 0.1630
vn -0.6887 0.2523 0.6797
vn -0.9239 0.2386 0.2992
vn -0.1877 0.4544 0.8708
vn -0.1924 0.6118 0.7672
vn -0.2265 -0.1091 0.9679
vn -0.3827 0.5760 0.7223
vn 0.1877 -0.7479 -0.6368
vn 0.2265 -0.9679 -0.1091
vn 0.1877 -0.6368 0.7479
vn -0.0000 0.6235 0.7818
vn 0.2265 -0.1091 0.9679
vn 0.6887 -0.2523 -0.6797
vn 0.3286 -0.5889 -0.7384
vn 0.3801 -0.4813 -0.7899
vn 0.4939 -0.0600 -0.8674
vn 0.5388 0.1704 -0.8250
vn 0.6887 0.3972 -0.6065
vn 0.3760 0.5935 -0.7116
vn 0.9641 0.0297 -0.2638
vn 0.0000 -0.6235 -0.7818
vn 0.1877 -0.8708 0.4544
vn 0.1877 0.4544 0.8708
vn -0.0000 -0.6235 -0.7818
vn 0.6887 -0.6065 -0.3972
vn 0.6887 -0.6797 0.2523
vn 0.9641 -0.2638 -0.0297
vn 0.6887 -0.3972 0.6065
vn 0.9641 -0.0297 0.2638
vn -0.0000 0.6235 0.7818
vn 0.3827 0.7223 -0.5760
vn 0.9641 0.2638 0.0297
vn 0.6887 0.6797 -0.2523
vn 0.3758 0.8270 -0.4181
vn 0.6887 0.6065 0.3972
vn 0.4930 0.8324 0.2532
vn 0.3801 0.6624 0.6456
vn 0.5400 0.8414 0.0197
vn 0.6887 0.2523 0.6797
vn 0.3288 0.5888 0.7384
vn -0.9641 -0.2505 -0.0877
vn -0.6887 -0.5029 -0.5222
vn -0.6887 -0.7188 0.0947
vn -0.2265 -0.9193 -0.3217
vn -0.1877 -0.5874 -0.7872
vn -0.1877 -0.9501 0.2492
vn -0.9641 0.0877 -0.2505
vn -0.3802 -0.2953 -0.8765
vn -0.3292 -0.4097 -0.8508
vn 0.0000 -0.4339 -0.9010
vn -0.1877 -0.7872 0.5874
vn -0.9641 -0.0877 0.2505
vn -0.6887 -0.5222 0.5029
vn -0.9641 0.2505 0.0877
vn -0.6887 0.5222 -0.5029
vn -0.6887 -0.0947 -0.7188
vn -0.5375 0.3522 -0.7662
vn -0.5774 0.2697 -0.7707
vn -0.4916 0.1311 -0.8609
vn -0.3762 0.7384 -0.5597
vn -0.6887 0.7188 -0.0947
vn -0.3827 0.8324 -0.4009
vn -0.6887 0.5029 0.5222
vn -0.6887 0.0947 0.7188
vn -0.1877 0.2492 0.9501
vn -0.3290 0.4097 0.8508
vn -0.3756 0.9000 -0.2212
vn -0.4921 0.7549 0.4335
vn -0.5412 0.8147 0.2084
vn -0.3802 0.5014 0.7772
vn -0.0000 0.4339 0.9010
vn -0.0000 -0.4339 -0.9010
vn 0.0000 0.4339 0.9010
vn 0.2265 -0.9193 -0.3217
vn 0.1877 -0.5874 -0.7872
vn 0.1877 -0.7872 0.5874
vn -0.2265 -0.3217 0.9193
vn 0.2265 -0.3217 0.9193
vn 0.1911 0.4259 0.8844
vn 0.1877 -0.9501 0.2492
vn 0.1905 -0.4259 -0.8845
vn 0.6887 -0.5029 -0.5222
vn 0.9239 -0.1660 -0.3448
vn 0.9641 -0.2505 -0.0877
vn 0.6887 -0.7188 0.0947
vn 0.3827 -0.4009 -0.8324
vn 0.3827 -0.4009 -0.8324
vn 0.9805 -0.0853 -0.1771
vn 0.6887 -0.5222 0.5029
vn 0.9641 -0.0877 0.2505
vn 0.6887 0.0947 0.7188
vn 0.9767 0.0931 0.1933
vn 0.9239 0.1660 0.3448
vn 1.0000 0.0000 0.0000
vn 0.1877 0.2492 0.9501
vn 0.3827 0.4009 0.8324
vn -0.6887 -0.3741 -0.6211
vn -0.3827 -0.2056 -0.9007
vn -0.1877 -0.3975 -0.8982
vn -0.1918 -0.2184 -0.9568
vn -0.9641 -0.2248 -0.1412
vn -1.0000 0.0000 0.0000
vn -0.9774 -0.0471 -0.2062
vn -0.9641 -0.1412 0.2248
vn -0.9799 0.0444 0.1946
vn -0.6887 -0.7219 -0.0676
vn -0.2265 -0.8247 -0.5182
vn -0.1877 -0.9817 0.0316
vn -0.9239 -0.0852 -0.3731
vn -0.1877 -0.8982 0.3975
vn -0.6887 -0.6211 0.3741
vn -0.6887 -0.0676 0.7219
vn -0.2265 -0.5182 0.8247
vn -0.1877 0.0316 0.9817
vn -0.9239 0.0852 0.3731
vn -0.1942 0.2183 0.9564
vn -0.3827 0.2056 0.9007
vn 0.1877 -0.3975 -0.8982
vn 0.2265 -0.8247 -0.5182
vn 0.1877 -0.8982 0.3975
vn 0.0000 0.2225 0.9749
vn 0.2265 -0.5182 0.8247
vn 0.0000 -0.2225 -0.9749
vn 0.1877 -0.9817 0.0316
vn 0.1877 0.0316 0.9817
vn 0.0000 -0.2225 -0.9749
vn 0.6887 0.0676 -0.7219
vn 0.6887 -0.3741 -0.6211
vn 0.9641 -0.2248 -0.1412
vn 0.3289 -0.2101 -0.9207
vn 0.9641 0.1412 -0.2248
vn 0.3801 -0.0922 -0.9203
vn 0.4925 0.3205 -0.8092
vn 0.5406 0.5081 -0.6705
vn 0.6887 0.6211 -0.3741
vn 0.6887 -0.7219 -0.0676
vn 0.6887 -0.6211 0.3741
vn 0.9641 -0.1412 0.2248
vn 0.9641 0.2248 0.1412
vn 0.3757 0.8420 -0.3870
vn 0.3827 0.9007 -0.2056
vn 0.6887 0.7219 0.0676
vn 0.3761 0.9263 -0.0216
vn -0.0000 0.2225 0.9749
vn 0.6887 -0.0676 0.7219
vn 0.3286 0.2102 0.9208
vn 0.3801 0.3179 0.8686
vn 0.6887 0.3741 0.6211
vn 0.5382 0.7522 0.3803
vn 0.4944 0.6411 0.5870
vn -0.9641 -0.1877 -0.1877
vn -0.9641 0.1877 0.1877
vn -0.9641 0.1877 -0.1877
vn -0.6887 -0.2265 -0.6887
vn -0.1877 -0.1877 -0.9641
vn -0.2265 -0.6887 -0.6887
vn -0.6887 -0.6887 -0.2265
vn -0.1877 -0.9641 -0.1877
vn -0.3801 0.1158 -0.9177
vn -0.9641 -0.1877 0.1877
vn -0.1877 -0.9641 0.1877
vn -0.6887 0.2265 -0.6887
vn -0.3287 0.0000 -0.9444
vn -0.4934 0.4934 -0.7163
vn -0.6887 0.6887 -0.2265
vn -0.5394 0.6466 -0.5394
vn 0.0000 0.0000 -1.0000
vn -0.6887 0.6887 0.2265
vn -0.3759 0.9075 -0.1875
vn -0.3827 0.9239 0.0000
vn 0.0000 0.0000 -1.0000
vn 0.1877 -0.1877 -0.9641
vn 0.2265 -0.6887 -0.6887
vn 0.1877 -0.9641 -0.1877
vn 0.1877 -0.9641 0.1877
vn 0.1930 0.0000 -0.9812
vn 0.6887 -0.2265 -0.6887
vn 0.6887 -0.6887 -0.2265
vn 0.9641 -0.1877 -0.1877
vn 0.9239 0.0000 -0.3827
vn 0.3827 0.0000 -0.9239
vn 0.9787 0.0000 -0.2055
vn 0.6887 -0.6887 0.2265
vn 1.0000 0.0000 0.0000
vn 0.9641 -0.1877 0.1877
vn -0.6887 -0.6887 0.2265
vn -0.6887 -0.2265 0.6887
vn -0.2265 -0.6887 0.6887
vn -0.1877 -0.1877 0.9641
vn -0.6887 0.2265 0.6887
vn -0.3287 -0.0000 0.9444
vn -0.5394 0.6466 0.5394
vn -0.4934 0.4934 0.7163
vn -0.3801 0.1158 0.9177
vn 0.0000 0.0000 1.0000
vn -0.3759 0.9075 0.1875
vn 0.0000 0.0000 1.0000
vn 0.2265 -0.6887 0.6887
vn 0.1930 0.0000 0.9812
vn 0.1877 -0.1877 0.9641
vn 0.6887 -0.2265 0.6887
vn 0.9787 0.0000 0.2055
vn 0.3827 0.0000 0.9239
vn 0.9239 0.0000 0.3827
vn -0.9641 -0.1412 -0.2248
vn -1.0000 0.0000 0.0000
vn -0.9799 0.0444 -0.1946
vn -0.6887 -0.0676 -0.7219
vn -0.6887 -0.6211 -0.3741
vn -0.2265 -0.5182 -0.8247
vn -0.1877 -0.8982 -0.3975
vn -0.1877 0.0316 -0.9817
vn -0.3827 0.2056 -0.9007
vn -0.9239 0.0852 -0.3731
vn -0.1942 0.2183 -0.9564
vn -0.9641 -0.2248 0.1412
vn -0.9774 -0.0471 0.2062
vn -0.6887 -0.7219 0.0676
vn -0.1877 -0.9817 -0.0316
vn -0.2265 -0.8247 0.5182
vn -0.6887 -0.3741 0.6211
vn -0.1877 -0.3975 0.8982
vn -0.9239 -0.0852 0.3731
vn -0.1918 -0.2184 0.9568
vn -0.3827 -0.2056 0.9007
vn 0.1877 0.0316 -0.9817
vn 0.2265 -0.5182 -0.8247
vn 0.1877 -0.9817 -0.0316
vn 0.2265 -0.8247 0.5182
vn 0.0000 -0.2225 0.9749
vn -0.0000 0.2225 -0.9749
vn 0.1877 -0.8982 -0.3975
vn 0.1877 -0.3975 0.8982
vn -0.0000 0.2225 -0.9749
vn 0.6887 -0.6211 -0.3741
vn 0.6887 -0.0676 -0.7219
vn 0.9641 -0.1412 -0.2248
vn 0.3286 0.2102 -0.9208
vn 0.6887 0.3741 -0.6211
vn 0.9641 0.2248 -0.1412
vn 0.3801 0.3179 -0.8686
vn 0.4944 0.6411 -0.5870
vn 0.6887 0.7219 -0.0676
vn 0.5382 0.7522 -0.3803
vn 0.3761 0.9263 0.0216
vn 0.0000 -0.2225 0.9749
vn 0.6887 -0.7219 0.0676
vn 0.9641 -0.2248 0.1412
vn 0.6887 -0.3741 0.6211
vn 0.9641 0.1412 0.2248
vn 0.3801 -0.0922 0.9203
vn 0.6887 0.0676 0.7219
vn 0.3289 -0.2101 0.9207
vn 0.4925 0.3205 0.8092
vn 0.6887 0.6211 0.3741
vn 0.5406 0.5081 0.6705
vn 0.3827 0.9007 0.2056
vn 0.3757 0.8420 0.3870
vn -0.6887 -0.5222 -0.5029
vn -0.9641 -0.0877 -0.2505
vn -0.6887 0.0947 -0.7188
vn -0.2265 -0.3217 -0.9193
vn -0.1877 -0.7872 -0.5874
vn -0.1877 0.2492 -0.9501
vn 0.2265 -0.3217 -0.9193
vn 0.1877 0.2492 -0.9501
vn 0.0000 0.4339 -0.9010
vn -0.9641 -0.2505 0.0877
vn -0.1877 -0.9501 -0.2492
vn -0.6887 -0.7188 -0.0947
vn -0.6887 -0.5029 0.5222
vn -0.2265 -0.9193 0.3217
vn -0.1877 -0.5874 0.7872
vn -0.6887 -0.0947 0.7188
vn -0.0000 -0.4339 0.9010
vn -0.3292 -0.4097 0.8508
vn -0.9641 0.0877 0.2505
vn -0.9641 0.2505 -0.0877
vn -0.3802 0.5014 -0.7772
vn -0.6887 0.5029 -0.5222
vn -0.3290 0.4097 -0.8508
vn -0.6887 0.7188 0.0947
vn -0.4921 0.7549 -0.4335
vn -0.5412 0.8147 -0.2084
vn -0.3827 0.8324 0.4009
vn -0.3756 0.9000 0.2212
vn -0.0000 0.4339 -0.9010
vn -0.6887 0.5222 0.5029
vn -0.5774 0.2697 0.7707
vn -0.5375 0.3522 0.7662
vn -0.4916 0.1311 0.8609
vn -0.3762 0.7384 0.5597
vn -0.3802 -0.2953 0.8765
vn 0.0000 -0.4339 0.9010
vn 0.1877 -0.9501 -0.2492
vn 0.2265 -0.9193 0.3217
vn 0.1905 -0.4259 0.8845
vn 0.1877 -0.7872 -0.5874
vn 0.1911 0.4259 -0.8844
vn 0.6887 -0.5222 -0.5029
vn 0.6887 0.0947 -0.7188
vn 0.9641 -0.0877 -0.2505
vn 0.1877 -0.5874 0.7872
vn 0.6887 -0.7188 -0.0947
vn 0.9641 -0.2505 0.0877
vn 1.0000 0.0000 0.0000
vn 0.9805 -0.0853 0.1771
vn 0.6887 -0.5029 0.5222
vn 0.3827 -0.4009 0.8324
vn 0.3827 -0.4009 0.8324
vn 0.9239 -0.1660 0.3448
vn 0.9767 0.0931 -0.1933
vn 0.3827 0.4009 -0.8324
vn 0.9239 0.1660 -0.3448
vn -0.9641 -0.2638 0.0297
vn -0.9641 -0.0297 -0.2638
vn -0.6887 -0.3972 -0.6065
vn -0.1877 -0.8708 -0.4544
vn -0.1877 -0.6368 -0.7479
vn -0.9793 -0.1263 0.1584
vn -0.6887 -0.6797 -0.2523
vn -0.2265 -0.9679 0.1091
vn -0.6887 -0.6065 0.3972
vn -0.9239 -0.2386 0.2992
vn -0.1877 -0.7479 0.6368
vn -0.1936 -0.6117 0.7670
vn -0.3827 -0.5760 0.7223
vn -1.0000 0.0000 0.0000
vn -0.9780 0.1300 -0.1630
vn -0.6887 0.2523 -0.6797
vn -0.2265 -0.1091 -0.9679
vn -0.1877 0.4544 -0.8708
vn -0.3827 0.5760 -0.7223
vn -0.9239 0.2386 -0.2992
vn -0.1924 0.6118 -0.7672
vn -0.0000 -0.6235 0.7818
vn 0.2265 -0.9679 0.1091
vn 0.1877 -0.8708 -0.4544
vn 0.2265 -0.1091 -0.9679
vn 0.1877 0.4544 -0.8708
vn 0.1877 -0.7479 0.6368
vn 0.1877 -0.6368 -0.7479
vn -0.0000 0.6235 -0.7818
vn -0.0000 -0.6235 0.7818
vn 0.6887 -0.6797 -0.2523
vn 0.6887 -0.3972 -0.6065
vn 0.9641 -0.0297 -0.2638
vn 0.6887 -0.6065 0.3972
vn 0.9641 -0.2638 0.0297
vn 0.3286 -0.5889 0.7384
vn 0.3801 -0.4813 0.7899
vn 0.6887 -0.2523 0.6797
vn 0.9641 0.0297 0.2638
vn -0.0000 0.6235 -0.7818
vn 0.6887 0.2523 -0.6797
vn 0.6887 0.6065 -0.3972
vn 0.3288 0.5888 -0.7384
vn 0.9641 0.2638 -0.0297
vn 0.3801 0.6624 -0.6456
vn 0.6887 0.3972 0.6065
vn 0.3827 0.7223 0.5760
vn 0.3760 0.5935 0.7116
vn 0.6887 0.6797 0.2523
vn 0.4930 0.8324 -0.2532
vn 0.5400 0.8414 -0.0197
vn 0.3758 0.8270 0.4181
vn 0.4939 -0.0600 0.8674
vn 0.5388 0.1704 0.8250
vn -0.6887 -0.2523 -0.6797
vn -0.6887 -0.6065 -0.3972
vn -0.9641 -0.2638 -0.0297
vn -0.1877 -0.7479 -0.6368
vn -0.9641 0.0297 -0.2638
vn -0.1877 -0.4544 -0.8708
vn -0.6887 0.3972 -0.6065
vn -0.2265 0.1091 -0.9679
vn -0.1877 0.6368 -0.7479
vn -0.9641 0.2638 0.0297
vn -0.3801 0.7899 -0.4813
vn -0.6887 0.6797 -0.2523
vn -0.3286 0.7384 -0.5889
vn 0.0000 0.7818 -0.6235
vn 0.0000 0.7818 -0.6235
vn -0.6887 -0.6797 0.2523
vn -0.2265 -0.9679 -0.1091
vn -0.1877 -0.8708 0.4544
vn -0.6887 -0.3972 0.6065
vn -0.9641 -0.0297 0.2638
vn -0.3288 -0.7384 0.5888
vn -0.3801 -0.6456 0.6624
vn -0.0000 -0.7818 0.6235
vn -0.6887 0.2523 0.6797
vn -0.4930 -0.2532 0.8324
vn -0.5400 -0.0197 0.8414
vn -0.3758 0.4181 0.8270
vn -0.3827 0.5760 0.7223
vn -0.6887 0.6065 0.3972
vn -0.3760 0.7116 0.5935
vn 0.0000 -0.7818 0.6235
vn 0.1877 -0.7479 -0.6368
vn 0.2265 0.1091 -0.9679
vn 0.1877 0.6368 -0.7479
vn 0.2265 -0.9679 -0.1091
vn 0.1924 -0.7672 0.6118
vn -0.5388 0.8250 0.1704
vn -0.4939 0.8674 -0.0600
vn 0.1877 -0.4544 -0.8708
vn 0.1936 0.7670 -0.6117
vn 0.1877 -0.8708 0.4544
vn 0.6887 -0.6065 -0.3972
vn 0.9641 0.0297 -0.2638
vn 0.9641 -0.2638 -0.0297
vn 0.6887 -0.2523 -0.6797
vn 0.6887 0.3972 -0.6065
vn 0.9239 0.2992 -0.2386
vn 0.3827 0.7223 -0.5760
vn 0.9793 0.1584 -0.1263
vn 0.6887 -0.6797 0.2523
vn 0.9780 -0.1630 0.1300
vn 0.3827 -0.7223 0.5760
vn 0.9239 -0.2992 0.2386
vn 1.0000 0.0000 0.0000
vn -0.6887 -0.5029 -0.5222
vn -0.6887 -0.7188 0.0947
vn -0.9641 -0.2505 -0.0877
vn -0.2265 -0.9193 -0.3217
vn -0.1877 -0.5874 -0.7872
vn -0.1877 -0.9501 0.2492
vn -0.1911 -0.8844 0.4259
vn 0.0000 -0.9010 0.4339
vn 0.2265 -0.9193 -0.3217
vn -0.9641 0.0877 -0.2505
vn -1.0000 0.0000 0.0000
vn -0.9805 0.1771 -0.0853
vn -0.6887 -0.0947 -0.7188
vn -0.1877 -0.2492 -0.9501
vn -0.9767 -0.1933 0.0931
vn -0.9239 -0.3448 0.1660
vn -0.3827 -0.8324 0.4009
vn -0.6887 0.5222 -0.5029
vn -0.2265 0.3217 -0.9193
vn -0.1877 0.7872 -0.5874
vn -0.3827 0.8324 -0.4009
vn -0.9239 0.3448 -0.1660
vn -0.3827 0.8324 -0.4009
vn -0.1905 0.8845 -0.4259
vn 0.1877 -0.5874 -0.7872
vn 0.2265 0.3217 -0.9193
vn 0.1877 0.7872 -0.5874
vn 0.1877 -0.9501 0.2492
vn 0.6887 -0.5029 -0.5222
vn 0.6887 -0.7188 0.0947
vn 0.9641 -0.2505 -0.0877
vn -0.0000 0.9010 -0.4339
vn 0.1877 -0.2492 -0.9501
vn -0.0000 -0.9010 0.4339
vn 0.0000 0.9010 -0.4339
vn 0.9641 0.0877 -0.2505
vn 0.6887 -0.0947 -0.7188
vn 0.3802 -0.7772 0.5014
vn 0.6887 -0.5222 0.5029
vn 0.3290 -0.8508 0.4097
vn 0.9641 -0.0877 0.2505
vn 0.4921 -0.4335 0.7549
vn 0.6887 0.0947 0.7188
vn 0.5412 -0.2084 0.8147
vn 0.3827 0.4009 0.8324
vn 0.3756 0.2212 0.9000
vn 0.6887 0.5029 0.5222
vn 0.9641 0.2505 0.0877
vn 0.3292 0.8508 -0.4097
vn 0.6887 0.5222 -0.5029
vn 0.6887 0.7188 -0.0947
vn 0.3762 0.5597 0.7384
vn 0.3802 0.8765 -0.2953
vn 0.4916 0.8609 0.1311
vn 0.5774 0.7707 0.2697
vn 0.5375 0.7662 0.3522
vn -0.9641 -0.2248 -0.1412
vn -0.6887 -0.3741 -0.6211
vn -0.6887 -0.7219 -0.0676
vn -0.2265 -0.8247 -0.5182
vn -0.1877 -0.3975 -0.8982
vn -0.1877 -0.9817 0.0316
vn -0.6887 -0.6211 0.3741
vn -0.9641 -0.1412 0.2248
vn -0.0000 -0.9749 0.2225
vn -0.3286 -0.9208 0.2102
vn -0.4944 -0.5870 0.6411
vn -0.6887 -0.0676 0.7219
vn -0.3801 -0.8686 0.3179
vn -0.5382 -0.3803 0.7522
vn -0.3761 0.0216 0.9263
vn -0.0000 -0.9749 0.2225
vn -0.9641 0.1412 -0.2248
vn -0.9641 0.2248 0.1412
vn -0.6887 0.0676 -0.7219
vn -0.1877 -0.0316 -0.9817
vn -0.6887 0.6211 -0.3741
vn -0.2265 0.5182 -0.8247
vn -0.1877 0.8982 -0.3975
vn -0.6887 0.3741 0.6211
vn -0.3827 0.2056 0.9007
vn -0.3757 0.3870 0.8420
vn -0.3801 0.9203 -0.0922
vn -0.6887 0.7219 0.0676
vn -0.3289 0.9207 -0.2101
vn -0.5406 0.6705 0.5081
vn -0.4925 0.8092 0.3205
vn 0.0000 0.9749 -0.2225
vn -0.0000 0.9749 -0.2225
vn 0.2265 -0.8247 -0.5182
vn 0.1942 -0.9564 0.2183
vn 0.1877 -0.3975 -0.8982
vn 0.2265 0.5182 -0.8247
vn 0.1877 0.8982 -0.3975
vn 0.1877 -0.9817 0.0316
vn 0.1877 -0.0316 -0.9817
vn 0.1918 0.9568 -0.2184
vn 0.6887 -0.3741 -0.6211
vn 0.6887 -0.7219 -0.0676
vn 0.9641 -0.2248 -0.1412
vn 0.3827 -0.9007 0.2056
vn 0.9799 -0.1946 0.0444
vn 0.9239 -0.3731 0.0852
vn 1.0000 0.0000 0.0000
vn 0.9641 0.1412 -0.2248
vn 0.6887 0.0676 -0.7219
vn 0.6887 0.6211 -0.3741
vn 0.9239 0.3731 -0.0852
vn 0.9774 0.2062 -0.0471
vn 0.3827 0.9007 -0.2056
vn -0.9641 -0.1877 -0.1877
vn -0.9787 -0.2055 0.0000
vn -1.0000 0.0000 0.0000
vn -0.9641 0.1877 -0.1877
vn -0.6887 -0.6887 -0.2265
vn -0.2265 -0.6887 -0.6887
vn -0.1877 -0.9641 -0.1877
vn -0.1930 -0.9812 -0.0000
vn -0.3827 -0.9239 0.0000
vn -0.6887 -0.2265 -0.6887
vn -0.9239 -0.3827 0.0000
vn -0.1877 -0.1877 -0.9641
vn -0.6887 0.2265 -0.6887
vn 0.0000 -1.0000 0.0000
vn 0.2265 -0.6887 -0.6887
vn -0.1877 0.1877 -0.9641
vn 0.1877 -0.1877 -0.9641
vn 0.1877 -0.9641 -0.1877
vn 0.0000 -1.0000 0.0000
vn 0.6887 -0.6887 -0.2265
vn 0.3801 -0.9177 0.1158
vn 0.6887 -0.2265 -0.6887
vn 0.9641 -0.1877 -0.1877
vn 0.6887 -0.6887 0.2265
vn 0.3287 -0.9444 0.0000
vn 0.4934 -0.7163 0.4934
vn 0.9641 -0.1877 0.1877
vn 0.5394 -0.5394 0.6466
vn 0.6887 -0.2265 0.6887
vn 0.1877 0.1877 -0.9641
vn 0.9641 0.1877 -0.1877
vn 0.6887 0.2265 0.6887
vn 0.9641 0.1877 0.1877
vn 0.3759 -0.1875 0.9075
vn 0.3827 0.0000 0.9239
vn -0.9787 0.2055 0.0000
vn -0.6887 0.6887 -0.2265
vn -0.2265 0.6887 -0.6887
vn -0.9239 0.3827 0.0000
vn -0.3827 0.9239 0.0000
vn -0.1877 0.9641 -0.1877
vn -0.1930 0.9812 0.0000
vn 0.2265 0.6887 -0.6887
vn 0.1877 0.9641 -0.1877
vn 0.0000 1.0000 0.0000
vn 0.0000 1.0000 0.0000
vn 0.6887 0.2265 -0.6887
vn 0.6887 0.6887 -0.2265
vn 0.6887 0.6887 0.2265
vn 0.3287 0.9444 0.0000
vn 0.4934 0.7163 0.4934
vn 0.5394 0.5394 0.6466
vn 0.3801 0.9177 0.1158
vn 0.3759 0.1875 0.9075
vn -0.6887 -0.7219 0.0676
vn -0.9641 -0.1412 -0.2248
vn -0.6887 -0.6211 -0.3741
vn -0.1877 -0.8982 -0.3975
vn -0.9641 -0.2248 0.1412
vn -0.3289 -0.9207 -0.2101
vn -0.4925 -0.8092 0.3205
vn -0.5406 -0.6705 0.5081
vn -0.6887 -0.3741 0.6211
vn -0.3801 -0.9203 -0.0922
vn 0.0000 -0.9749 -0.2225
vn -0.3757 -0.3870 0.8420
vn -0.9641 0.2248 -0.1412
vn -0.9641 0.1412 0.2248
vn -0.6887 -0.0676 -0.7219
vn -0.2265 -0.5182 -0.8247
vn -0.1877 0.0316 -0.9817
vn -0.6887 0.3741 -0.6211
vn -0.1877 0.3975 -0.8982
vn -0.3827 -0.2056 0.9007
vn -0.6887 0.0676 0.7219
vn -0.3761 -0.0216 0.9263
vn 0.0000 -0.9749 -0.2225
vn -0.6887 0.7219 -0.0676
vn -0.2265 0.8247 -0.5182
vn -0.1877 0.9817 0.0316
vn -0.3801 0.8686 0.3179
vn -0.3286 0.9208 0.2102
vn 0.0000 0.9749 0.2225
vn -0.6887 0.6211 0.3741
vn -0.5382 0.3803 0.7522
vn -0.4944 0.5870 0.6411
vn -0.0000 0.9749 0.2225
vn 0.2265 -0.5182 -0.8247
vn 0.1877 0.0316 -0.9817
vn 0.1918 -0.9568 -0.2184
vn 0.2265 0.8247 -0.5182
vn 0.1877 0.9817 0.0316
vn 0.1877 -0.8982 -0.3975
vn 0.1877 0.3975 -0.8982
vn 0.1942 0.9564 0.2183
vn 0.3827 -0.9007 -0.2056
vn 0.6887 -0.6211 -0.3741
vn 0.6887 -0.0676 -0.7219
vn 0.9641 -0.1412 -0.2248
vn 0.9774 -0.2062 -0.0471
vn 0.9239 -0.3731 -0.0852
vn 0.9641 0.2248 -0.1412
vn 0.6887 0.3741 -0.6211
vn 1.0000 0.0000 0.0000
vn 0.9799 0.1946 0.0444
vn 0.6887 0.7219 -0.0676
vn 0.9239 0.3731 0.0852
vn 0.3827 0.9007 0.2056
vn -0.9641 -0.0877 -0.2505
vn -0.6887 -0.5222 -0.5029
vn -0.9239 -0.3448 -0.1660
vn -0.1877 -0.7872 -0.5874
vn -0.1905 -0.8845 -0.4259
vn -0.9805 -0.1771 -0.0853
vn -0.3827 -0.8324 -0.4009
vn -0.3827 -0.8324 -0.4009
vn -0.6887 0.0947 -0.7188
vn -0.2265 -0.3217 -0.9193
vn -0.1877 0.2492 -0.9501
vn -0.9641 0.2505 -0.0877
vn -0.6887 0.5029 -0.5222
vn -0.1877 0.5874 -0.7872
vn -1.0000 0.0000 0.0000
vn -0.9767 0.1933 0.0931
vn -0.6887 0.7188 0.0947
vn -0.9239 0.3448 0.1660
vn 0.0000 -0.9010 -0.4339
vn 0.2265 -0.3217 -0.9193
vn 0.1877 0.2492 -0.9501
vn -0.2265 0.9193 -0.3217
vn -0.1877 0.9501 0.2492
vn -0.3827 0.8324 0.4009
vn -0.1911 0.8844 0.4259
vn 0.2265 0.9193 -0.3217
vn 0.1877 0.9501 0.2492
vn 0.1877 -0.7872 -0.5874
vn 0.1877 0.5874 -0.7872
vn -0.0000 -0.9010 -0.4339
vn 0.0000 0.9010 0.4339
vn -0.0000 0.9010 0.4339
vn 0.3292 -0.8508 -0.4097
vn 0.6887 -0.5222 -0.5029
vn 0.3802 -0.8765 -0.2953
vn 0.9641 -0.0877 -0.2505
vn 0.6887 -0.7188 -0.0947
vn 0.6887 0.0947 -0.7188
vn 0.4916 -0.8609 0.1311
vn 0.5774 -0.7707 0.2697
vn 0.5375 -0.7662 0.3522
vn 0.9641 -0.2505 0.0877
vn 0.6887 -0.5029 0.5222
vn 0.3762 -0.5597 0.7384
vn 0.3827 -0.4009 0.8324
vn 0.6887 -0.0947 0.7188
vn 0.9641 0.0877 0.2505
vn 0.9641 0.2505 -0.0877
vn 0.6887 0.5029 -0.5222
vn 0.6887 0.5222 0.5029
vn 0.6887 0.7188 0.0947
vn 0.3290 0.8508 0.4097
vn 0.3802 0.7772 0.5014
vn 0.4921 0.4335 0.7549
vn 0.3756 -0.2212 0.9000
vn 0.5412 0.2084 0.8147
vn -0.6887 -0.6797 -0.2523
vn -0.3286 -0.7384 -0.5889
vn -0.3801 -0.7899 -0.4813
vn -0.1877 -0.6368 -0.7479
vn -0.6887 -0.6065 0.3972
vn -0.9641 -0.2638 0.0297
vn -0.4939 -0.8674 -0.0600
vn -0.5388 -0.8250 0.1704
vn -0.3760 -0.7116 0.5935
vn -0.9641 0.2638 -0.0297
vn -0.9641 -0.0297 -0.2638
vn -0.6887 -0.3972 -0.6065
vn -0.6887 0.2523 -0.6797
vn -0.2265 -0.1091 -0.9679
vn -0.1877 0.4544 -0.8708
vn 0.0000 -0.7818 -0.6235
vn -0.6887 0.6065 -0.3972
vn -0.1877 0.7479 -0.6368
vn 0.0000 -0.7818 -0.6235
vn -0.9641 0.0297 0.2638
vn -0.3827 -0.5760 0.7223
vn -0.6887 -0.2523 0.6797
vn -0.3758 -0.4181 0.8270
vn -0.6887 0.3972 0.6065
vn -0.5400 0.0197 0.8414
vn -0.4930 0.2532 0.8324
vn -0.3801 0.6456 0.6624
vn -0.6887 0.6797 0.2523
vn -0.1877 0.8708 0.4544
vn -0.3288 0.7384 0.5888
vn 0.0000 0.7818 0.6235
vn -0.2265 0.9679 -0.1091
vn -0.0000 0.7818 0.6235
vn 0.2265 -0.1091 -0.9679
vn 0.1877 0.4544 -0.8708
vn 0.1936 -0.7670 -0.6117
vn 0.2265 0.9679 -0.1091
vn 0.1877 0.8708 0.4544
vn 0.1877 -0.6368 -0.7479
vn 0.1877 0.7479 -0.6368
vn 0.1924 0.7672 0.6118
vn 0.6887 -0.3972 -0.6065
vn 0.6887 0.2523 -0.6797
vn 0.3827 -0.7223 -0.5760
vn 0.9641 -0.0297 -0.2638
vn 0.9793 -0.1584 -0.1263
vn 0.9239 -0.2992 -0.2386
vn 0.9641 0.2638 -0.0297
vn 1.0000 0.0000 0.0000
vn 0.6887 0.6065 -0.3972
vn 0.6887 0.6797 0.2523
vn 0.9239 0.2992 0.2386
vn 0.9780 0.1630 0.1300
vn 0.3827 0.7223 0.5760
vn -0.9641 0.0297 -0.2638
vn -0.9780 -0.1300 -0.1630
vn -1.0000 0.0000 0.0000
vn -0.6887 -0.2523 -0.6797
vn -0.1924 -0.6118 -0.7672
vn -0.3827 -0.5760 -0.7223
vn -0.2265 0.1091 -0.9679
vn -0.1877 -0.4544 -0.8708
vn -0.6887 0.3972 -0.6065
vn -0.1877 0.6368 -0.7479
vn -0.9239 -0.2386 -0.2992
vn -0.6887 0.6797 -0.2523
vn -0.9641 0.2638 0.0297
vn -0.9793 0.1263 0.1584
vn -0.1877 0.8708 -0.4544
vn -0.6887 0.6065 0.3972
vn -0.9239 0.2386 0.2992
vn -0.1877 0.7479 0.6368
vn -0.3827 0.5760 0.7223
vn -0.1936 0.6117 0.7670
vn -0.2265 0.9679 0.1091
vn -0.0000 -0.6235 -0.7818
vn 0.2265 0.1091 -0.9679
vn 0.1877 0.6368 -0.7479
vn 0.2265 0.9679 0.1091
vn 0.1877 0.7479 0.6368
vn 0.1877 -0.4544 -0.8708
vn 0.0000 0.6235 0.7818
vn 0.1877 0.8708 -0.4544
vn -0.0000 -0.6235 -0.7818
vn 0.3288 -0.5888 -0.7384
vn 0.6887 -0.2523 -0.6797
vn 0.3801 -0.6624 -0.6456
vn 0.6887 -0.6065 -0.3972
vn 0.9641 0.0297 -0.2638
vn 0.9641 -0.2638 -0.0297
vn 0.6887 0.3972 -0.6065
vn 0.4930 -0.8324 -0.2532
vn 0.5400 -0.8414 -0.0197
vn 0.6887 -0.6797 0.2523
vn 0.3758 -0.8270 0.4181
vn 0.3827 -0.7223 0.5760
vn 0.6887 -0.3972 0.6065
vn 0.9641 -0.0297 0.2638
vn 0.3760 -0.5935 0.7116
vn -0.0000 0.6235 0.7818
vn 0.9641 0.2638 0.0297
vn 0.6887 0.6797 -0.2523
vn 0.3286 0.5889 0.7384
vn 0.6887 0.2523 0.6797
vn 0.6887 0.6065 0.3972
vn 0.3801 0.4813 0.7899
vn 0.4939 0.0600 0.8674
vn 0.5388 -0.1704 0.8250
vn -0.9641 0.0877 -0.2505
vn -0.6887 0.5222 -0.5029
vn -0.6887 -0.0947 -0.7188
vn -0.2265 0.3217 -0.9193
vn -0.1877 -0.2492 -0.9501
vn -0.1877 0.7872 -0.5874
vn 0.2265 0.3217 -0.9193
vn 0.1911 -0.4259 -0.8844
vn 0.0000 -0.4339 -0.9010
vn -0.6887 -0.7188 0.0947
vn -0.5412 -0.8147 -0.2084
vn -0.3756 -0.9000 0.2212
vn -0.9641 -0.2505 -0.0877
vn -0.9641 0.2505 0.0877
vn -0.6887 -0.5029 -0.5222
vn -0.3290 -0.4097 -0.8508
vn -0.3802 -0.5014 -0.7772
vn -0.4921 -0.7549 -0.4335
vn -0.3827 -0.8324 0.4009
vn -0.0000 -0.4339 -0.9010
vn -0.9641 -0.0877 0.2505
vn -0.6887 -0.5222 0.5029
vn -0.3762 -0.7384 0.5597
vn -0.6887 0.0947 0.7188
vn -0.6887 0.5029 0.5222
vn -0.3802 0.2953 0.8765
vn -0.5375 -0.3522 0.7662
vn -0.5774 -0.2697 0.7707
vn -0.4916 -0.1311 0.8609
vn -0.1877 0.5874 0.7872
vn -0.3292 0.4097 0.8508
vn -0.6887 0.7188 -0.0947
vn -0.1877 0.9501 -0.2492
vn -0.2265 0.9193 0.3217
vn 0.0000 0.4339 0.9010
vn 0.0000 0.4339 0.9010
vn 0.1877 0.7872 -0.5874
vn 0.1877 0.5874 0.7872
vn 0.2265 0.9193 0.3217
vn 0.1877 -0.2492 -0.9501
vn 0.3827 -0.4009 -0.8324
vn 0.6887 -0.0947 -0.7188
vn 0.6887 0.5222 -0.5029
vn 0.9641 0.0877 -0.2505
vn 0.1877 0.9501 -0.2492
vn 0.1905 0.4259 0.8845
vn 0.9767 -0.0931 -0.1933
vn 0.9239 -0.1660 -0.3448
vn 1.0000 0.0000 0.0000
vn 0.9805 0.0853 0.1771
vn 0.9641 0.2505 0.0877
vn 0.6887 0.7188 -0.0947
vn 0.6887 0.5029 0.5222
vn 0.3827 0.4009 0.8324
vn 0.3827 0.4009 0.8324
vn 0.9239 0.1660 0.3448
vn -0.9641 0.1412 -0.2248
vn -0.9239 -0.0852 -0.3731
vn -0.9799 -0.0444 -0.1946
vn -0.6887 0.0676 -0.7219
vn -0.1942 -0.2183 -0.9564
vn -0.3827 -0.2056 -0.9007
vn -0.1877 -0.0316 -0.9817
vn -0.6887 0.6211 -0.3741
vn -0.2265 0.5182 -0.8247
vn -0.1877 0.8982 -0.3975
vn -0.9641 0.2248 0.1412
vn -1.0000 0.0000 0.0000
vn -0.9774 0.0471 0.2062
vn -0.6887 0.7219 0.0676
vn -0.1877 0.9817 -0.0316
vn -0.6887 0.3741 0.6211
vn -0.9239 0.0852 0.3731
vn -0.2265 0.8247 0.5182
vn -0.1877 0.3975 0.8982
vn -0.3827 0.2056 0.9007
vn -0.1918 0.2184 0.9568
vn -0.0000 -0.2225 -0.9749
vn 0.2265 0.5182 -0.8247
vn 0.1877 0.8982 -0.3975
vn 0.1877 0.3975 0.8982
vn 0.2265 0.8247 0.5182
vn 0.1877 -0.0316 -0.9817
vn 0.0000 0.2225 0.9749
vn 0.1877 0.9817 -0.0316
vn 0.0000 -0.2225 -0.9749
vn 0.6887 -0.3741 -0.6211
vn 0.4944 -0.6411 -0.5870
vn 0.3801 -0.3179 -0.8686
vn 0.6887 -0.7219 -0.0676
vn 0.5382 -0.7522 -0.3803
vn 0.3761 -0.9263 0.0216
vn 0.9641 -0.2248 -0.1412
vn 0.3286 -0.2102 -0.9208
vn 0.6887 0.0676 -0.7219
vn 0.9641 0.1412 -0.2248
vn 0.6887 0.6211 -0.3741
vn 0.0000 0.2225 0.9749
vn 0.3827 -0.9007 0.2056
vn 0.6887 -0.6211 0.3741
vn 0.9641 -0.1412 0.2248
vn 0.3757 -0.8420 0.3870
vn 0.5406 -0.5081 0.6705
vn 0.6887 -0.0676 0.7219
vn 0.9641 0.2248 0.1412
vn 0.6887 0.7219 0.0676
vn 0.6887 0.3741 0.6211
vn 0.3289 0.2101 0.9207
vn 0.3801 0.0922 0.9203
vn 0.4925 -0.3205 0.8092
f 1//1 2//2 3//3
f 4//4 5//5 6//6
f 6//6 7//7 8//8
f 6//6 8//8 9//9
f 6//6 10//10 7//7
f 6//6 11//11 10//10
f 6//6 12//12 11//11
f 5//5 13//13 6//6
f 6//6 13//13 14//14
f 15//15 16//16 17//17
f 5//5 15//15 17//17
f 5//5 18//18 19//19
f 5//5 17//17 18//18
f 5//5 19//19 20//20
f 5//5 20//20 13//13
f 21//21 22//22 23//23
f 1//1 3//3 21//21
f 1//1 21//21 23//23
f 4//4 24//24 25//25
f 26//26 4//4 25//25
f 26//26 27//27 28//28
f 26//26 25//25 27//27
f 29//29 30//30 31//31
f 32//32 33//33 34//34
f 32//32 34//34 35//35
f 32//32 36//36 33//33
f 37//37 28//28 38//38
f 37//37 38//38 39//39
f 37//37 39//39 40//40
f 37//37 26//26 28//28
f 32//32 37//37 41//41
f 37//37 40//40 41//41
f 42//42 37//37 32//32
f 42//42 35//35 43//43
f 42//42 43//43 44//44
f 42//42 44//44 45//45
f 42//42 32//32 35//35
f 29//29 46//46 47//47
f 29//29 31//31 46//46
f 46//46 48//48 47//47
f 4//4 9//9 24//24
f 4//4 6//6 9//9
f 49//49 4//4 26//26
f 4//4 50//50 5//5
f 51//51 15//15 5//5
f 49//49 50//50 4//4
f 37//37 52//52 26//26
f 42//42 53//53 37//37
f 52//52 49//49 26//26
f 37//37 53//53 52//52
f 54//54 55//55 56//56
f 54//54 57//57 55//55
f 58//58 59//59 54//54
f 58//58 60//60 59//59
f 60//60 61//61 62//62
f 60//60 63//63 61//61
f 60//60 64//64 65//65
f 60//60 65//65 63//63
f 60//60 62//62 59//59
f 59//59 62//62 66//66
f 67//67 68//68 69//69
f 68//68 70//70 69//69
f 67//67 71//71 68//68
f 72//72 73//73 74//74
f 72//72 74//74 71//71
f 67//67 72//72 71//71
f 58//58 75//75 16//16
f 58//58 76//76 75//75
f 58//58 77//77 76//76
f 58//58 56//56 77//77
f 15//15 58//58 16//16
f 58//58 54//54 56//56
f 78//78 58//58 15//15
f 79//79 60//60 58//58
f 78//78 79//79 58//58
f 80//80 81//81 64//64
f 60//60 80//80 64//64
f 80//80 82//82 81//81
f 83//83 84//84 85//85
f 83//83 85//85 82//82
f 83//83 86//86 84//84
f 83//83 87//87 86//86
f 83//83 88//88 87//87
f 80//80 89//89 83//83
f 80//80 83//83 82//82
f 90//90 91//91 92//92
f 91//91 93//93 92//92
f 94//94 80//80 60//60
f 79//79 94//94 60//60
f 94//94 95//95 80//80
f 95//95 89//89 80//80
f 95//95 96//96 89//89
f 51//51 78//78 15//15
f 50//50 51//51 5//5
f 1//1 97//97 2//2
f 1//1 23//23 98//98
f 99//99 100//100 2//2
f 97//97 99//99 2//2
f 100//100 99//99 101//101
f 102//102 103//103 104//104
f 1//1 105//105 106//106
f 1//1 107//107 105//105
f 1//1 106//106 97//97
f 1//1 98//98 108//108
f 46//46 31//31 109//109
f 46//46 110//110 48//48
f 111//111 112//112 113//113
f 114//114 115//115 111//111
f 46//46 109//109 116//116
f 109//109 117//117 116//116
f 118//118 119//119 120//120
f 119//119 101//101 120//120
f 46//46 116//116 110//110
f 110//110 121//121 48//48
f 110//110 122//122 121//121
f 122//122 123//123 124//124
f 68//68 125//125 70//70
f 68//68 71//71 125//125
f 71//71 74//74 126//126
f 91//91 127//127 93//93
f 128//128 129//129 130//130
f 125//125 131//131 70//70
f 71//71 132//132 125//125
f 71//71 126//126 133//133
f 71//71 134//134 132//132
f 71//71 133//133 134//134
f 125//125 103//103 131//131
f 133//133 126//126 135//135
f 133//133 135//135 136//136
f 127//127 137//137 93//93
f 93//93 137//137 138//138
f 139//139 140//140 141//141
f 138//138 137//137 142//142
f 142//142 141//141 140//140
f 143//143 144//144 145//145
f 146//146 147//147 143//143
f 145//145 148//148 149//149
f 113//113 150//150 146//146
f 149//149 151//151 152//152
f 152//152 153//153 128//128
f 154//154 155//155 156//156
f 42//42 45//45 157//157
f 158//158 42//42 157//157
f 158//158 157//157 159//159
f 158//158 159//159 160//160
f 158//158 160//160 161//161
f 158//158 161//161 155//155
f 162//162 158//158 154//154
f 154//154 158//158 155//155
f 162//162 154//154 163//163
f 164//164 165//165 166//166
f 164//164 167//167 168//168
f 164//164 166//166 167//167
f 162//162 163//163 169//169
f 162//162 169//169 170//170
f 162//162 170//170 171//171
f 154//154 172//172 163//163
f 154//154 173//173 174//174
f 154//154 174//174 172//172
f 154//154 175//175 173//173
f 167//167 176//176 168//168
f 158//158 177//177 42//42
f 162//162 178//178 158//158
f 177//177 53//53 42//42
f 158//158 178//178 177//177
f 162//162 179//179 178//178
f 162//162 171//171 180//180
f 162//162 180//180 179//179
f 180//180 171//171 181//181
f 182//182 180//180 181//181
f 182//182 181//181 183//183
f 182//182 183//183 184//184
f 182//182 184//184 185//185
f 182//182 185//185 186//186
f 182//182 186//186 187//187
f 180//180 188//188 179//179
f 182//182 188//188 180//180
f 189//189 190//190 191//191
f 192//192 182//182 187//187
f 192//192 193//193 194//194
f 192//192 194//194 195//195
f 192//192 196//196 197//197
f 192//192 198//198 193//193
f 192//192 197//197 198//198
f 199//199 182//182 192//192
f 199//199 192//192 195//195
f 199//199 195//195 200//200
f 199//199 200//200 201//201
f 202//202 203//203 189//189
f 202//202 189//189 191//191
f 202//202 204//204 203//203
f 182//182 205//205 188//188
f 199//199 206//206 205//205
f 199//199 205//205 182//182
f 199//199 207//207 206//206
f 199//199 201//201 207//207
f 207//207 201//201 208//208
f 207//207 208//208 209//209
f 207//207 209//209 210//210
f 207//207 210//210 211//211
f 212//212 207//207 211//211
f 207//207 213//213 206//206
f 214//214 213//213 207//207
f 212//212 214//214 207//207
f 212//212 211//211 215//215
f 214//214 216//216 217//217
f 214//214 218//218 219//219
f 214//214 217//217 218//218
f 214//214 220//220 216//216
f 221//221 214//214 212//212
f 221//221 220//220 214//214
f 221//221 222//222 220//220
f 223//223 224//224 225//225
f 226//226 223//223 227//227
f 223//223 225//225 227//227
f 226//226 228//228 229//229
f 226//226 227//227 228//228
f 228//228 230//230 229//229
f 214//214 231//231 213//213
f 214//214 232//232 231//231
f 232//232 233//233 231//231
f 232//232 234//234 233//233
f 214//214 235//235 232//232
f 214//214 219//219 235//235
f 232//232 235//235 236//236
f 232//232 236//236 234//234
f 234//234 236//236 237//237
f 234//234 237//237 238//238
f 234//234 238//238 239//239
f 234//234 239//239 240//240
f 241//241 234//234 240//240
f 241//241 240//240 242//242
f 243//243 244//244 245//245
f 243//243 245//245 246//246
f 167//167 166//166 247//247
f 167//167 248//248 176//176
f 249//249 250//250 114//114
f 167//167 247//247 251//251
f 167//167 251//251 248//248
f 247//247 252//252 253//253
f 254//254 255//255 252//252
f 248//248 256//256 176//176
f 257//257 256//256 248//248
f 258//258 259//259 260//260
f 261//261 260//260 262//262
f 202//202 191//191 263//263
f 202//202 264//264 204//204
f 202//202 263//263 262//262
f 263//263 261//261 262//262
f 202//202 262//262 264//264
f 264//264 265//265 204//204
f 266//266 267//267 265//265
f 266//266 268//268 267//267
f 269//269 268//268 266//266
f 270//270 271//271 272//272
f 273//273 274//274 249//249
f 273//273 275//275 276//276
f 277//277 278//278 275//275
f 279//279 280//280 277//277
f 281//281 282//282 279//279
f 283//283 284//284 281//281
f 227//227 225//225 285//285
f 228//228 227//227 286//286
f 228//228 287//287 230//230
f 283//283 288//288 289//289
f 288//288 290//290 291//291
f 246//246 245//245 292//292
f 227//227 285//285 293//293
f 227//227 293//293 286//286
f 228//228 286//286 294//294
f 287//287 295//295 230//230
f 228//228 294//294 287//287
f 293//293 285//285 272//272
f 287//287 296//296 295//295
f 287//287 297//297 296//296
f 246//246 292//292 298//298
f 246//246 298//298 299//299
f 300//300 301//301 302//302
f 298//298 292//292 303//303
f 303//303 302//302 304//304
f 83//83 305//305 306//306
f 89//89 307//307 308//308
f 89//89 309//309 310//310
f 89//89 308//308 309//309
f 89//89 310//310 311//311
f 89//89 311//311 305//305
f 89//89 305//305 83//83
f 307//307 312//312 308//308
f 313//313 314//314 312//312
f 307//307 313//313 312//312
f 90//90 315//315 316//316
f 90//90 316//316 91//91
f 96//96 307//307 89//89
f 96//96 317//317 307//307
f 317//317 313//313 307//307
f 317//317 318//318 313//313
f 313//313 319//319 320//320
f 313//313 321//321 314//314
f 313//313 322//322 321//321
f 313//313 320//320 322//322
f 313//313 323//323 319//319
f 323//323 324//324 319//319
f 313//313 325//325 323//323
f 326//326 325//325 313//313
f 325//325 327//327 328//328
f 329//329 330//330 331//331
f 332//332 329//329 331//331
f 332//332 333//333 329//329
f 334//334 333//333 332//332
f 334//334 335//335 336//336
f 334//334 336//336 333//333
f 318//318 326//326 313//313
f 337//337 326//326 318//318
f 326//326 338//338 327//327
f 326//326 339//339 340//340
f 326//326 340//340 338//338
f 326//326 341//341 339//339
f 326//326 342//342 341//341
f 326//326 327//327 325//325
f 337//337 342//342 326//326
f 343//343 344//344 342//342
f 343//343 342//342 337//337
f 345//345 344//344 343//343
f 342//342 346//346 341//341
f 342//342 347//347 346//346
f 344//344 348//348 342//342
f 348//348 347//347 342//342
f 348//348 349//349 347//347
f 348//348 350//350 349//349
f 348//348 351//351 350//350
f 348//348 352//352 351//351
f 348//348 353//353 352//352
f 344//344 354//354 348//348
f 355//355 356//356 357//357
f 358//358 355//355 357//357
f 358//358 359//359 355//355
f 358//358 360//360 359//359
f 345//345 361//361 344//344
f 362//362 361//361 345//345
f 361//361 363//363 344//344
f 344//344 364//364 365//365
f 344//344 365//365 366//366
f 344//344 363//363 367//367
f 344//344 367//367 364//364
f 361//361 368//368 363//363
f 344//344 366//366 354//354
f 362//362 369//369 361//361
f 361//361 369//369 368//368
f 362//362 370//370 369//369
f 371//371 372//372 370//370
f 373//373 374//374 371//371
f 370//370 372//372 369//369
f 371//371 374//374 372//372
f 369//369 375//375 368//368
f 369//369 376//376 377//377
f 369//369 377//377 375//375
f 378//378 379//379 376//376
f 378//378 380//380 379//379
f 378//378 381//381 380//380
f 378//378 382//382 381//381
f 383//383 384//384 385//385
f 372//372 378//378 369//369
f 378//378 376//376 369//369
f 372//372 386//386 378//378
f 374//374 387//387 372//372
f 372//372 388//388 389//389
f 372//372 389//389 386//386
f 372//372 390//390 388//388
f 372//372 387//387 390//390
f 374//374 391//391 387//387
f 378//378 386//386 392//392
f 393//393 383//383 385//385
f 393//393 394//394 383//383
f 393//393 395//395 394//394
f 91//91 316//316 396//396
f 130//130 397//397 398//398
f 398//398 399//399 400//400
f 329//329 401//401 330//330
f 329//329 333//333 402//402
f 333//333 336//336 403//403
f 91//91 404//404 127//127
f 91//91 396//396 404//404
f 404//404 396//396 405//405
f 405//405 406//406 407//407
f 408//408 409//409 406//406
f 401//401 410//410 330//330
f 329//329 402//402 411//411
f 329//329 411//411 401//401
f 333//333 412//412 402//402
f 333//333 403//403 412//412
f 401//401 413//413 410//410
f 401//401 414//414 413//413
f 412//412 403//403 415//415
f 416//416 400//400 417//417
f 418//418 416//416 419//419
f 420//420 418//418 421//421
f 422//422 420//420 423//423
f 422//422 424//424 425//425
f 426//426 425//425 427//427
f 355//355 428//428 356//356
f 355//355 359//359 429//429
f 415//415 430//430 431//431
f 428//428 432//432 356//356
f 355//355 433//433 428//428
f 434//434 435//435 436//436
f 436//436 437//437 432//432
f 436//436 435//435 437//437
f 355//355 429//429 433//433
f 429//429 438//438 433//433
f 439//439 426//426 440//440
f 383//383 441//441 384//384
f 383//383 394//394 442//442
f 441//441 443//443 384//384
f 438//438 444//444 433//433
f 445//445 446//446 444//444
f 447//447 443//443 441//441
f 383//383 448//448 441//441
f 383//383 442//442 448//448
f 449//449 450//450 442//442
f 451//451 452//452 449//449
f 453//453 454//454 455//455
f 456//456 455//455 457//457
f 234//234 458//458 233//233
f 234//234 459//459 458//458
f 459//459 460//460 458//458
f 461//461 462//462 460//460
f 459//459 461//461 460//460
f 241//241 459//459 234//234
f 241//241 463//463 459//459
f 241//241 464//464 463//463
f 241//241 465//465 464//464
f 241//241 466//466 465//465
f 241//241 467//467 466//466
f 241//241 468//468 467//467
f 459//459 463//463 469//469
f 459//459 470//470 461//461
f 459//459 469//469 470//470
f 243//243 246//246 471//471
f 246//246 472//472 471//471
f 473//473 457//457 462//462
f 461//461 473//473 462//462
f 473//473 456//456 457//457
f 473//473 474//474 456//456
f 473//473 475//475 476//476
f 473//473 477//477 475//475
f 473//473 476//476 478//478
f 473//473 478//478 474//474
f 479//479 477//477 473//473
f 461//461 470//470 480//480
f 461//461 480//480 481//481
f 461//461 481//481 482//482
f 461//461 482//482 483//483
f 484//484 473//473 461//461
f 484//484 461//461 483//483
f 484//484 483//483 485//485
f 484//484 479//479 473//473
f 479//479 486//486 477//477
f 479//479 487//487 486//486
f 488//488 489//489 490//490
f 488//488 491//491 492//492
f 488//488 492//492 489//489
f 490//490 493//493 494//494
f 490//490 489//489 493//493
f 493//493 495//495 494//494
f 496//496 497//497 373//373
f 498//498 496//496 499//499
f 497//497 374//374 373//373
f 498//498 497//497 496//496
f 454//454 500//500 499//499
f 456//456 453//453 455//455
f 453//453 500//500 454//454
f 500//500 498//498 499//499
f 500//500 501//501 502//502
f 503//503 501//501 500//500
f 374//374 504//504 391//391
f 374//374 505//505 504//504
f 374//374 506//506 505//505
f 497//497 507//507 374//374
f 507//507 506//506 374//374
f 498//498 508//508 497//497
f 497//497 508//508 509//509
f 497//497 509//509 510//510
f 497//497 510//510 511//511
f 497//497 511//511 512//512
f 497//497 512//512 507//507
f 507//507 513//513 506//506
f 507//507 514//514 513//513
f 507//507 515//515 514//514
f 516//516 517//517 518//518
f 519//519 516//516 518//518
f 519//519 520//520 516//516
f 498//498 521//521 508//508
f 498//498 522//522 521//521
f 500//500 522//522 498//498
f 500//500 502//502 522//522
f 519//519 523//523 520//520
f 456//456 524//524 453//453
f 453//453 524//524 525//525
f 453//453 525//525 526//526
f 453//453 526//526 527//527
f 453//453 527//527 528//528
f 456//456 474//474 524//524
f 503//503 500//500 453//453
f 503//503 453//453 528//528
f 503//503 528//528 529//529
f 503//503 530//530 501//501
f 503//503 531//531 530//530
f 503//503 532//532 531//531
f 503//503 533//533 532//532
f 503//503 534//534 533//533
f 535//535 536//536 537//537
f 535//535 538//538 536//536
f 535//535 539//539 538//538
f 536//536 540//540 537//537
f 541//541 542//542 543//543
f 542//542 544//544 545//545
f 546//546 547//547 548//548
f 544//544 549//549 550//550
f 551//551 546//546 552//552
f 549//549 551//551 553//553
f 290//290 541//541 554//554
f 246//246 299//299 472//472
f 489//489 492//492 555//555
f 489//489 556//556 493//493
f 493//493 556//556 495//495
f 472//472 557//557 558//558
f 299//299 557//557 472//472
f 558//558 557//557 559//559
f 559//559 560//560 561//561
f 562//562 561//561 560//560
f 489//489 555//555 563//563
f 489//489 564//564 565//565
f 489//489 563//563 564//564
f 489//489 565//565 556//556
f 556//556 566//566 495//495
f 563//563 555//555 567//567
f 563//563 567//567 568//568
f 556//556 569//569 566//566
f 570//570 439//439 571//571
f 547//547 570//570 572//572
f 516//516 573//573 517//517
f 516//516 520//520 574//574
f 573//573 575//575 517//517
f 516//516 576//576 573//573
f 573//573 577//577 575//575
f 577//577 578//578 579//579
f 516//516 574//574 576//576
f 580//580 581//581 582//582
f 583//583 582//582 581//581
f 584//584 576//576 574//574
f 536//536 538//538 585//585
f 536//536 586//586 540//540
f 536//536 587//587 586//586
f 536//536 588//588 587//587
f 536//536 589//589 588//588
f 536//536 585//585 590//590
f 569//569 591//591 592//592
f 593//593 594//594 540//540
f 586//586 593//593 540//540
f 594//594 593//593 580//580
f 101//101 99//99 120//120
f 102//102 104//104 595//595
f 596//596 102//102 597//597
f 102//102 595//595 597//597
f 1//1 108//108 107//107
f 108//108 98//98 598//598
f 108//108 598//598 599//599
f 108//108 599//599 596//596
f 108//108 596//596 597//597
f 108//108 600//600 107//107
f 117//117 601//601 116//116
f 117//117 602//602 601//601
f 118//118 120//120 603//603
f 604//604 117//117 605//605
f 604//604 605//605 606//606
f 604//604 602//602 117//117
f 604//604 606//606 118//118
f 118//118 603//603 607//607
f 110//110 608//608 122//122
f 122//122 608//608 123//123
f 124//124 123//123 609//609
f 610//610 124//124 611//611
f 124//124 609//609 611//611
f 604//604 612//612 602//602
f 604//604 118//118 613//613
f 613//613 118//118 607//607
f 614//614 610//610 611//611
f 111//111 115//115 112//112
f 103//103 615//615 104//104
f 125//125 615//615 103//103
f 136//136 616//616 133//133
f 617//617 616//616 136//136
f 142//142 137//137 141//141
f 139//139 141//141 618//618
f 617//617 136//136 139//139
f 139//139 618//618 619//619
f 617//617 620//620 616//616
f 617//617 139//139 619//619
f 128//128 153//153 129//129
f 129//129 397//397 130//130
f 143//143 147//147 144//144
f 145//145 144//144 148//148
f 149//149 148//148 151//151
f 146//146 150//150 147//147
f 113//113 112//112 150//150
f 152//152 151//151 153//153
f 108//108 597//597 621//621
f 622//622 623//623 600//600
f 622//622 600//600 108//108
f 622//622 108//108 621//621
f 624//624 625//625 626//626
f 627//627 628//628 629//629
f 630//630 628//628 627//627
f 627//627 631//631 632//632
f 627//627 632//632 633//633
f 627//627 633//633 634//634
f 627//627 634//634 635//635
f 627//627 635//635 636//636
f 630//630 627//627 637//637
f 630//630 638//638 628//628
f 630//630 639//639 638//638
f 630//630 640//640 639//639
f 630//630 626//626 640//640
f 624//624 626//626 630//630
f 604//604 641//641 612//612
f 641//641 642//642 612//612
f 604//604 613//613 643//643
f 613//613 607//607 644//644
f 643//643 613//613 644//644
f 604//604 643//643 641//641
f 645//645 646//646 647//647
f 645//645 647//647 648//648
f 649//649 645//645 650//650
f 649//649 651//651 652//652
f 649//649 653//653 651//651
f 653//653 654//654 651//651
f 649//649 650//650 653//653
f 653//653 655//655 654//654
f 653//653 656//656 655//655
f 653//653 657//657 656//656
f 614//614 611//611 658//658
f 614//614 658//658 659//659
f 660//660 661//661 662//662
f 660//660 662//662 663//663
f 660//660 663//663 664//664
f 660//660 664//664 665//665
f 660//660 665//665 666//666
f 667//667 668//668 657//657
f 667//667 666//666 668//668
f 667//667 657//657 653//653
f 660//660 666//666 667//667
f 660//660 667//667 669//669
f 645//645 648//648 650//650
f 650//650 670//670 671//671
f 650//650 648//648 672//672
f 650//650 672//672 670//670
f 650//650 671//671 625//625
f 650//650 625//625 624//624
f 653//653 650//650 673//673
f 650//650 624//624 674//674
f 650//650 674//674 673//673
f 667//667 653//653 675//675
f 669//669 667//667 676//676
f 675//675 653//653 673//673
f 667//667 675//675 676//676
f 669//669 676//676 677//677
f 678//678 679//679 620//620
f 637//637 680//680 681//681
f 637//637 681//681 682//682
f 682//682 683//683 684//684
f 682//682 681//681 683//683
f 627//627 636//636 637//637
f 637//637 636//636 680//680
f 685//685 624//624 630//630
f 686//686 630//630 637//637
f 637//637 682//682 687//687
f 686//686 637//637 687//687
f 617//617 678//678 620//620
f 617//617 688//688 678//678
f 617//617 619//619 688//688
f 689//689 690//690 691//691
f 689//689 691//691 692//692
f 689//689 693//693 690//690
f 689//689 694//694 693//693
f 689//689 684//684 694//694
f 682//682 684//684 689//689
f 692//692 695//695 696//696
f 692//692 696//696 697//697
f 692//692 697//697 698//698
f 692//692 698//698 699//699
f 689//689 692//692 699//699
f 699//699 698//698 700//700
f 699//699 700//700 701//701
f 699//699 701//701 702//702
f 703//703 682//682 689//689
f 687//687 682//682 703//703
f 689//689 699//699 704//704
f 703//703 689//689 704//704
f 674//674 624//624 685//685
f 685//685 630//630 686//686
f 252//252 255//255 253//253
f 254//254 705//705 255//255
f 251//251 247//247 253//253
f 614//614 254//254 610//610
f 614//614 705//705 254//254
f 257//257 248//248 706//706
f 257//257 706//706 707//707
f 258//258 708//708 259//259
f 709//709 710//710 257//257
f 257//257 707//707 711//711
f 709//709 712//712 710//710
f 713//713 258//258 712//712
f 713//713 708//708 258//258
f 614//614 714//714 705//705
f 709//709 257//257 711//711
f 713//713 712//712 709//709
f 713//713 715//715 708//708
f 250//250 115//115 114//114
f 249//249 274//274 250//250
f 260//260 259//259 262//262
f 264//264 716//716 265//265
f 265//265 716//716 717//717
f 265//265 717//717 266//266
f 269//269 266//266 718//718
f 719//719 270//270 269//269
f 270//270 720//720 721//721
f 719//719 720//720 270//270
f 719//719 269//269 718//718
f 719//719 722//722 720//720
f 273//273 276//276 274//274
f 275//275 278//278 276//276
f 277//277 280//280 278//278
f 279//279 282//282 280//280
f 281//281 284//284 282//282
f 283//283 289//289 284//284
f 270//270 721//721 271//271
f 293//293 272//272 271//271
f 287//287 723//723 297//297
f 297//297 723//723 724//724
f 298//298 303//303 304//304
f 302//302 301//301 304//304
f 725//725 300//300 297//297
f 725//725 301//301 300//300
f 725//725 297//297 724//724
f 288//288 291//291 289//289
f 725//725 726//726 301//301
f 614//614 659//659 714//714
f 659//659 727//727 714//714
f 660//660 728//728 729//729
f 660//660 669//669 728//728
f 669//669 730//730 728//728
f 669//669 731//731 730//730
f 669//669 732//732 731//731
f 669//669 733//733 732//732
f 734//734 733//733 669//669
f 734//734 735//735 733//733
f 736//736 737//737 735//735
f 736//736 735//735 734//734
f 709//709 711//711 738//738
f 713//713 709//709 739//739
f 709//709 738//738 739//739
f 713//713 740//740 715//715
f 713//713 739//739 740//740
f 740//740 741//741 715//715
f 742//742 743//743 744//744
f 742//742 744//744 736//736
f 745//745 742//742 736//736
f 736//736 744//744 746//746
f 736//736 747//747 748//748
f 736//736 748//748 737//737
f 736//736 746//746 747//747
f 745//745 749//749 750//750
f 745//745 736//736 751//751
f 734//734 669//669 677//677
f 736//736 734//734 752//752
f 734//734 677//677 752//752
f 736//736 752//752 753//753
f 736//736 753//753 751//751
f 745//745 751//751 749//749
f 751//751 754//754 749//749
f 751//751 755//755 754//754
f 751//751 756//756 755//755
f 751//751 757//757 756//756
f 758//758 757//757 751//751
f 751//751 753//753 759//759
f 758//758 751//751 759//759
f 760//760 758//758 761//761
f 719//719 718//718 762//762
f 719//719 763//763 722//722
f 719//719 762//762 763//763
f 758//758 764//764 757//757
f 758//758 765//765 764//764
f 766//766 765//765 758//758
f 766//766 758//758 760//760
f 766//766 767//767 768//768
f 766//766 768//768 769//769
f 766//766 770//770 767//767
f 766//766 771//771 765//765
f 766//766 769//769 771//771
f 766//766 760//760 772//772
f 763//763 773//773 722//722
f 758//758 759//759 761//761
f 760//760 761//761 774//774
f 760//760 774//774 775//775
f 760//760 776//776 772//772
f 760//760 777//777 776//776
f 760//760 778//778 777//777
f 760//760 779//779 778//778
f 760//760 780//780 779//779
f 760//760 775//775 780//780
f 775//775 781//781 780//780
f 775//775 774//774 782//782
f 783//783 775//775 782//782
f 783//783 781//781 775//775
f 725//725 724//724 784//784
f 785//785 786//786 787//787
f 785//785 788//788 789//789
f 785//785 787//787 788//788
f 785//785 789//789 790//790
f 783//783 791//791 781//781
f 783//783 790//790 792//792
f 783//783 792//792 791//791
f 783//783 782//782 793//793
f 794//794 793//793 795//795
f 783//783 793//793 794//794
f 795//795 796//796 797//797
f 794//794 795//795 797//797
f 725//725 798//798 726//726
f 725//725 784//784 798//798
f 798//798 799//799 726//726
f 783//783 785//785 790//790
f 785//785 794//794 800//800
f 783//783 794//794 785//785
f 794//794 801//801 800//800
f 794//794 802//802 801//801
f 794//794 803//803 802//802
f 794//794 804//804 803//803
f 794//794 797//797 804//804
f 797//797 805//805 804//804
f 785//785 800//800 806//806
f 404//404 405//405 407//407
f 406//406 409//409 407//407
f 807//807 409//409 408//408
f 807//807 408//408 414//414
f 401//401 808//808 414//414
f 412//412 415//415 431//431
f 430//430 809//809 431//431
f 414//414 808//808 810//810
f 807//807 811//811 409//409
f 398//398 397//397 399//399
f 807//807 414//414 810//810
f 400//400 399//399 417//417
f 416//416 417//417 419//419
f 418//418 419//419 421//421
f 420//420 421//421 423//423
f 422//422 423//423 424//424
f 425//425 424//424 427//427
f 430//430 812//812 809//809
f 813//813 812//812 430//430
f 432//432 814//814 815//815
f 432//432 815//815 436//436
f 428//428 814//814 432//432
f 813//813 430//430 434//434
f 434//434 436//436 816//816
f 444//444 446//446 433//433
f 813//813 817//817 812//812
f 813//813 434//434 816//816
f 445//445 818//818 446//446
f 447//447 441//441 819//819
f 447//447 819//819 820//820
f 821//821 818//818 445//445
f 821//821 445//445 822//822
f 823//823 824//824 447//447
f 823//823 822//822 824//824
f 447//447 820//820 825//825
f 448//448 442//442 450//450
f 449//449 452//452 450//450
f 451//451 826//826 452//452
f 827//827 826//826 451//451
f 827//827 451//451 828//828
f 426//426 427//427 440//440
f 439//439 440//440 571//571
f 821//821 829//829 818//818
f 823//823 821//821 822//822
f 823//823 447//447 825//825
f 827//827 830//830 826//826
f 831//831 832//832 811//811
f 807//807 831//831 811//811
f 807//807 833//833 831//831
f 834//834 835//835 836//836
f 699//699 702//702 837//837
f 838//838 837//837 839//839
f 838//838 839//839 840//840
f 838//838 841//841 835//835
f 838//838 840//840 841//841
f 699//699 837//837 838//838
f 838//838 835//835 834//834
f 834//834 842//842 843//843
f 838//838 834//834 843//843
f 844//844 699//699 838//838
f 704//704 699//699 844//844
f 845//845 838//838 843//843
f 844//844 838//838 845//845
f 846//846 845//845 843//843
f 807//807 810//810 833//833
f 834//834 847//847 848//848
f 834//834 848//848 849//849
f 834//834 849//849 850//850
f 834//834 850//850 842//842
f 843//843 842//842 851//851
f 843//843 851//851 852//852
f 843//843 852//852 853//853
f 854//854 843//843 853//853
f 846//846 843//843 854//854
f 855//855 846//846 854//854
f 856//856 857//857 858//858
f 854//854 853//853 859//859
f 856//856 860//860 861//861
f 856//856 859//859 860//860
f 856//856 862//862 857//857
f 856//856 861//861 862//862
f 854//854 859//859 856//856
f 855//855 854//854 856//856
f 863//863 855//855 856//856
f 864//864 863//863 865//865
f 866//866 867//867 817//817
f 866//866 817//817 813//813
f 866//866 813//813 868//868
f 813//813 816//816 868//868
f 856//856 858//858 869//869
f 869//869 870//870 871//871
f 869//869 871//871 872//872
f 869//869 872//872 873//873
f 869//869 873//873 874//874
f 869//869 874//874 875//875
f 865//865 869//869 875//875
f 865//865 856//856 869//869
f 865//865 875//875 876//876
f 865//865 876//876 877//877
f 863//863 856//856 865//865
f 864//864 865//865 878//878
f 864//864 878//878 879//879
f 878//878 880//880 881//881
f 878//878 865//865 877//877
f 878//878 877//877 882//882
f 878//878 883//883 884//884
f 878//878 882//882 883//883
f 878//878 884//884 880//880
f 879//879 878//878 885//885
f 886//886 879//879 885//885
f 887//887 886//886 888//888
f 886//886 885//885 888//888
f 887//887 888//888 889//889
f 890//890 829//829 821//821
f 890//890 891//891 829//829
f 892//892 890//890 821//821
f 823//823 892//892 821//821
f 823//823 893//893 892//892
f 823//823 825//825 893//893
f 881//881 880//880 894//894
f 878//878 881//881 885//885
f 885//885 881//881 895//895
f 895//895 896//896 897//897
f 885//885 895//895 897//897
f 885//885 898//898 899//899
f 885//885 899//899 900//900
f 885//885 900//900 901//901
f 885//885 897//897 898//898
f 827//827 902//902 830//830
f 902//902 903//903 830//830
f 888//888 885//885 904//904
f 885//885 901//901 904//904
f 888//888 904//904 905//905
f 889//889 906//906 907//907
f 889//889 908//908 906//906
f 889//889 909//909 908//908
f 889//889 905//905 910//910
f 889//889 910//910 909//909
f 889//889 888//888 905//905
f 907//907 906//906 911//911
f 542//542 545//545 543//543
f 547//547 572//572 548//548
f 546//546 548//548 552//552
f 544//544 550//550 545//545
f 549//549 553//553 550//550
f 551//551 552//552 553//553
f 559//559 557//557 560//560
f 562//562 560//560 912//912
f 562//562 912//912 913//913
f 914//914 568//568 562//562
f 568//568 915//915 563//563
f 556//556 916//916 569//569
f 569//569 916//916 591//591
f 914//914 915//915 568//568
f 290//290 554//554 291//291
f 541//541 543//543 554//554
f 914//914 562//562 913//913
f 914//914 917//917 915//915
f 577//577 918//918 578//578
f 579//579 578//578 919//919
f 573//573 918//918 577//577
f 579//579 919//919 920//920
f 579//579 920//920 828//828
f 583//583 581//581 921//921
f 584//584 922//922 576//576
f 584//584 923//923 922//922
f 583//583 921//921 924//924
f 925//925 926//926 583//583
f 925//925 584//584 927//927
f 925//925 927//927 926//926
f 925//925 923//923 584//584
f 570//570 571//571 572//572
f 827//827 828//828 920//920
f 928//928 583//583 924//924
f 928//928 925//925 583//583
f 925//925 929//929 923//923
f 536//536 590//590 589//589
f 590//590 930//930 931//931
f 590//590 585//585 932//932
f 590//590 932//932 930//930
f 592//592 591//591 933//933
f 931//931 592//592 934//934
f 592//592 933//933 934//934
f 580//580 593//593 581//581
f 590//590 935//935 589//589
f 590//590 931//931 934//934
f 936//936 937//937 938//938
f 939//939 938//938 940//940
f 941//941 796//796 942//942
f 797//797 796//796 941//941
f 943//943 942//942 944//944
f 941//941 942//942 943//943
f 914//914 913//913 945//945
f 914//914 946//946 917//917
f 914//914 945//945 946//946
f 947//947 948//948 797//797
f 797//797 949//949 805//805
f 797//797 950//950 949//949
f 797//797 948//948 950//950
f 947//947 797//797 941//941
f 947//947 951//951 952//952
f 947//947 953//953 948//948
f 947//947 952//952 953//953
f 947//947 941//941 954//954
f 941//941 955//955 954//954
f 941//941 943//943 956//956
f 941//941 957//957 955//955
f 941//941 958//958 957//957
f 941//941 956//956 958//958
f 944//944 937//937 959//959
f 943//943 944//944 959//959
f 959//959 937//937 936//936
f 936//936 938//938 939//939
f 959//959 960//960 961//961
f 959//959 961//961 962//962
f 946//946 963//963 917//917
f 943//943 964//964 956//956
f 943//943 965//965 964//964
f 943//943 959//959 965//965
f 959//959 962//962 965//965
f 966//966 887//887 889//889
f 967//967 966//966 968//968
f 969//969 967//967 970//970
f 966//966 889//889 968//968
f 970//970 967//967 968//968
f 940//940 969//969 971//971
f 939//939 940//940 971//971
f 969//969 970//970 971//971
f 971//971 972//972 973//973
f 939//939 971//971 974//974
f 971//971 975//975 974//974
f 971//971 973//973 976//976
f 971//971 976//976 977//977
f 971//971 977//977 975//975
f 827//827 920//920 978//978
f 827//827 978//978 902//902
f 968//968 907//907 979//979
f 968//968 889//889 907//907
f 970//970 968//968 980//980
f 968//968 979//979 981//981
f 968//968 981//981 980//980
f 907//907 982//982 983//983
f 907//907 983//983 984//984
f 907//907 984//984 985//985
f 907//907 986//986 979//979
f 907//907 985//985 986//986
f 925//925 987//987 988//988
f 928//928 924//924 989//989
f 928//928 987//987 925//925
f 928//928 989//989 987//987
f 925//925 988//988 929//929
f 988//988 990//990 929//929
f 991//991 992//992 993//993
f 970//970 992//992 991//991
f 970//970 994//994 995//995
f 970//970 980//980 994//994
f 970//970 995//995 996//996
f 971//971 970//970 991//991
f 970//970 996//996 992//992
f 971//971 991//991 972//972
f 972//972 997//997 998//998
f 972//972 998//998 973//973
f 590//590 999//999 935//935
f 590//590 1000//1000 999//999
f 999//999 1001//1001 935//935
f 936//936 1002//1002 1003//1003
f 936//936 1004//1004 1002//1002
f 936//936 1005//1005 1006//1006
f 936//936 1006//1006 1004//1004
f 936//936 939//939 1005//1005
f 960//960 1007//1007 1008//1008
f 960//960 1008//1008 1009//1009
f 960//960 1009//1009 1010//1010
f 960//960 1011//1011 961//961
f 960//960 1010//1010 1011//1011
f 960//960 1003//1003 1012//1012
f 960//960 936//936 1003//1003
f 959//959 936//936 960//960
f 939//939 974//974 1005//1005
f 590//590 934//934 1000//1000
f 1013//1013 1014//1014 1015//1015
f 1013//1013 1015//1015 1016//1016
f 1013//1013 1016//1016 1017//1017
f 1018//1018 1019//1019 1020//1020
f 1021//1021 1022//1022 1023//1023
f 1021//1021 1024//1024 1022//1022
f 1013//1013 1018//1018 1021//1021
f 1013//1013 1021//1021 1014//1014
f 1021//1021 1023//1023 1014//1014
f 1021//1021 1025//1025 1024//1024
f 1018//1018 1020//1020 1021//1021
f 1025//1025 1026//1026 1024//1024
f 1013//1013 1027//1027 1018//1018
f 1021//1021 1028//1028 1025//1025
f 1021//1021 1020//1020 1028//1028
f 1028//1028 1029//1029 1025//1025
f 1020//1020 1030//1030 1028//1028
f 1028//1028 1030//1030 1029//1029
f 1030//1030 1031//1031 1029//1029
f 1020//1020 1032//1032 1030//1030
f 1030//1030 1032//1032 1031//1031
f 1025//1025 1033//1033 1026//1026
f 1025//1025 1029//1029 1034//1034
f 1029//1029 1031//1031 1034//1034
f 1031//1031 1035//1035 1036//1036
f 1025//1025 1037//1037 1033//1033
f 1025//1025 1038//1038 1037//1037
f 1025//1025 1034//1034 1038//1038
f 1031//1031 1036//1036 1034//1034
f 1038//1038 1039//1039 1037//1037
f 1040//1040 1041//1041 1042//1042
f 1038//1038 1034//1034 1040//1040
f 1038//1038 1040//1040 1039//1039
f 1034//1034 1036//1036 1043//1043
f 1040//1040 1044//1044 1041//1041
f 1034//1034 1043//1043 1040//1040
f 1040//1040 1043//1043 1044//1044
f 1036//1036 1045//1045 1043//1043
f 1043//1043 1046//1046 1044//1044
f 1044//1044 1047//1047 1041//1041
f 1017//1017 1016//1016 1048//1048
f 1017//1017 1048//1048 1049//1049
f 1018//1018 1027//1027 1019//1019
f 1013//1013 1017//1017 1027//1027
f 1017//1017 1050//1050 1027//1027
f 1017//1017 1049//1049 1050//1050
f 1050//1050 1049//1049 1051//1051
f 1050//1050 1051//1051 1052//1052
f 1027//1027 1050//1050 1053//1053
f 1050//1050 1052//1052 1053//1053
f 1054//1054 1052//1052 1055//1055
f 1054//1054 1055//1055 1056//1056
f 1020//1020 1019//1019 1032//1032
f 1031//1031 1032//1032 1035//1035
f 1027//1027 1053//1053 1019//1019
f 1053//1053 1052//1052 1054//1054
f 1019//1019 1053//1053 1032//1032
f 1053//1053 1057//1057 1032//1032
f 1032//1032 1057//1057 1035//1035
f 1053//1053 1054//1054 1057//1057
f 1054//1054 1056//1056 1058//1058
f 1035//1035 1057//1057 1059//1059
f 1057//1057 1054//1054 1060//1060
f 1054//1054 1058//1058 1060//1060
f 1036//1036 1035//1035 1045//1045
f 1035//1035 1059//1059 1045//1045
f 1057//1057 1060//1060 1059//1059
f 1060//1060 1058//1058 1061//1061
f 1043//1043 1045//1045 1062//1062
f 1043//1043 1062//1062 1046//1046
f 1046//1046 1063//1063 1064//1064
f 1065//1065 1061//1061 1066//1066
f 1045//1045 1059//1059 1062//1062
f 1065//1065 1063//1063 1046//1046
f 1059//1059 1065//1065 1062//1062
f 1065//1065 1046//1046 1062//1062
f 1060//1060 1061//1061 1065//1065
f 1059//1059 1060//1060 1065//1065
f 1046//1046 1064//1064 1047//1047
f 1044//1044 1046//1046 1047//1047
f 1067//1067 1068//1068 1069//1069
f 1067//1067 1070//1070 1068//1068
f 1071//1071 1072//1072 1073//1073
f 1071//1071 1073//1073 1074//1074
f 1071//1071 1075//1075 1072//1072
f 1071//1071 1067//1067 1075//1075
f 1071//1071 1076//1076 1067//1067
f 1067//1067 1076//1076 1077//1077
f 1067//1067 1077//1077 1070//1070
f 1076//1076 1078//1078 1077//1077
f 1071//1071 1074//1074 1079//1079
f 1078//1078 1079//1079 1080//1080
f 1071//1071 1079//1079 1076//1076
f 1076//1076 1079//1079 1078//1078
f 1074//1074 1073//1073 1081//1081
f 1082//1082 1081//1081 1083//1083
f 1074//1074 1081//1081 1082//1082
f 1082//1082 1084//1084 1085//1085
f 1085//1085 1084//1084 1086//1086
f 1074//1074 1082//1082 1079//1079
f 1082//1082 1087//1087 1079//1079
f 1082//1082 1085//1085 1087//1087
f 1079//1079 1087//1087 1080//1080
f 1070//1070 1088//1088 1068//1068
f 1070//1070 1077//1077 1089//1089
f 1077//1077 1078//1078 1089//1089
f 1078//1078 1080//1080 1090//1090
f 1085//1085 1086//1086 1091//1091
f 1087//1087 1092//1092 1080//1080
f 1087//1087 1085//1085 1091//1091
f 1070//1070 1093//1093 1088//1088
f 1070//1070 1089//1089 1093//1093
f 1078//1078 1090//1090 1089//1089
f 1080//1080 1094//1094 1090//1090
f 1091//1091 1086//1086 1095//1095
f 1080//1080 1092//1092 1094//1094
f 1087//1087 1091//1091 1092//1092
f 1093//1093 1096//1096 1088//1088
f 1097//1097 1098//1098 1099//1099
f 1097//1097 1099//1099 1100//1100
f 1097//1097 1101//1101 1098//1098
f 1097//1097 1102//1102 1101//1101
f 1097//1097 1103//1103 1104//1104
f 1097//1097 1104//1104 1102//1102
f 1103//1103 1105//1105 1104//1104
f 1093//1093 1106//1106 1096//1096
f 1100//1100 1107//1107 1108//1108
f 1100//1100 1099//1099 1107//1107
f 1097//1097 1100//1100 1103//1103
f 1093//1093 1108//1108 1106//1106
f 1100//1100 1108//1108 1109//1109
f 1100//1100 1110//1110 1103//1103
f 1093//1093 1109//1109 1108//1108
f 1100//1100 1109//1109 1110//1110
f 1093//1093 1089//1089 1109//1109
f 1089//1089 1090//1090 1111//1111
f 1109//1109 1111//1111 1110//1110
f 1089//1089 1111//1111 1109//1109
f 1111//1111 1094//1094 1112//1112
f 1111//1111 1112//1112 1113//1113
f 1090//1090 1094//1094 1111//1111
f 1110//1110 1111//1111 1113//1113
f 1103//1103 1110//1110 1105//1105
f 1110//1110 1113//1113 1105//1105
f 1091//1091 1095//1095 1114//1114
f 1104//1104 1115//1115 1116//1116
f 1104//1104 1116//1116 1102//1102
f 1104//1104 1105//1105 1117//1117
f 1117//1117 1118//1118 1115//1115
f 1117//1117 1119//1119 1118//1118
f 1104//1104 1117//1117 1115//1115
f 1117//1117 1091//1091 1119//1119
f 1091//1091 1114//1114 1119//1119
f 1105//1105 1113//1113 1117//1117
f 1117//1117 1120//1120 1091//1091
f 1117//1117 1113//1113 1120//1120
f 1092//1092 1091//1091 1120//1120
f 1092//1092 1112//1112 1094//1094
f 1092//1092 1120//1120 1112//1112
f 1120//1120 1113//1113 1112//1112
f 1121//1121 1122//1122 1123//1123
f 1124//1124 1125//1125 1126//1126
f 1124//1124 1127//1127 1128//1128
f 1124//1124 1129//1129 1127//1127
f 1124//1124 1130//1130 1129//1129
f 1124//1124 1126//1126 1130//1130
f 1130//1130 1131//1131 1129//1129
f 1130//1130 1132//1132 1131//1131
f 1130//1130 1133//1133 1132//1132
f 1130//1130 1134//1134 1133//1133
f 1130//1130 1135//1135 1134//1134
f 1126//1126 1136//1136 1130//1130
f 1126//1126 1125//1125 1137//1137
f 1126//1126 1137//1137 1136//1136
f 1124//1124 1121//1121 1125//1125
f 1124//1124 1128//1128 1121//1121
f 1121//1121 1128//1128 1122//1122
f 1125//1125 1121//1121 1138//1138
f 1121//1121 1123//1123 1139//1139
f 1121//1121 1139//1139 1138//1138
f 1138//1138 1139//1139 1140//1140
f 1125//1125 1138//1138 1141//1141
f 1138//1138 1140//1140 1141//1141
f 1142//1142 1140//1140 1143//1143
f 1142//1142 1143//1143 1144//1144
f 1125//1125 1141//1141 1137//1137
f 1141//1141 1140//1140 1142//1142
f 1130//1130 1136//1136 1145//1145
f 1130//1130 1145//1145 1135//1135
f 1136//1136 1146//1146 1145//1145
f 1145//1145 1146//1146 1147//1147
f 1145//1145 1147//1147 1135//1135
f 1146//1146 1148//1148 1147//1147
f 1135//1135 1149//1149 1134//1134
f 1136//1136 1150//1150 1146//1146
f 1146//1146 1150//1150 1148//1148
f 1136//1136 1137//1137 1150//1150
f 1148//1148 1150//1150 1151//1151
f 1142//1142 1144//1144 1152//1152
f 1135//1135 1153//1153 1149//1149
f 1135//1135 1147//1147 1154//1154
f 1148//1148 1154//1154 1147//1147
f 1148//1148 1151//1151 1155//1155
f 1135//1135 1156//1156 1153//1153
f 1137//1137 1141//1141 1150//1150
f 1141//1141 1157//1157 1150//1150
f 1141//1141 1142//1142 1157//1157
f 1150//1150 1157//1157 1151//1151
f 1142//1142 1158//1158 1157//1157
f 1157//1157 1159//1159 1151//1151
f 1142//1142 1152//1152 1158//1158
f 1135//1135 1160//1160 1156//1156
f 1135//1135 1154//1154 1160//1160
f 1148//1148 1155//1155 1154//1154
f 1151//1151 1161//1161 1155//1155
f 1162//1162 1163//1163 1164//1164
f 1162//1162 1165//1165 1166//1166
f 1162//1162 1166//1166 1167//1167
f 1167//1167 1166//1166 1168//1168
f 1169//1169 1167//1167 1168//1168
f 1160//1160 1170//1170 1156//1156
f 1171//1171 1172//1172 1170//1170
f 1171//1171 1173//1173 1174//1174
f 1160//1160 1171//1171 1170//1170
f 1171//1171 1169//1169 1173//1173
f 1160//1160 1154//1154 1171//1171
f 1155//1155 1175//1175 1154//1154
f 1171//1171 1154//1154 1175//1175
f 1171//1171 1175//1175 1169//1169
f 1175//1175 1167//1167 1169//1169
f 1155//1155 1161//1161 1175//1175
f 1175//1175 1161//1161 1176//1176
f 1175//1175 1176//1176 1167//1167
f 1169//1169 1168//1168 1173//1173
f 1157//1157 1158//1158 1159//1159
f 1151//1151 1159//1159 1161//1161
f 1158//1158 1152//1152 1163//1163
f 1158//1158 1163//1163 1162//1162
f 1158//1158 1162//1162 1159//1159
f 1159//1159 1176//1176 1161//1161
f 1159//1159 1162//1162 1176//1176
f 1162//1162 1167//1167 1176//1176
f 1177//1177 1178//1178 1179//1179
f 1177//1177 1179//1179 1180//1180
f 1181//1181 1182//1182 1183//1183
f 1184//1184 1180//1180 1185//1185
f 1184//1184 1182//1182 1181//1181
f 1177//1177 1180//1180 1184//1184
f 1177//1177 1184//1184 1186//1186
f 1184//1184 1181//1181 1187//1187
f 1186//1186 1184//1184 1187//1187
f 1186//1186 1187//1187 1188//1188
f 1177//1177 1189//1189 1178//1178
f 1189//1189 1190//1190 1178//1178
f 1191//1191 1192//1192 1193//1193
f 1186//1186 1194//1194 1189//1189
f 1186//1186 1195//1195 1194//1194
f 1191//1191 1196//1196 1192//1192
f 1189//1189 1191//1191 1190//1190
f 1189//1189 1194//1194 1191//1191
f 1191//1191 1194//1194 1197//1197
f 1191//1191 1197//1197 1196//1196
f 1194//1194 1195//1195 1197//1197
f 1177//1177 1186//1186 1189//1189
f 1186//1186 1188//1188 1195//1195
f 1181//1181 1183//1183 1198//1198
f 1181//1181 1198//1198 1187//1187
f 1187//1187 1199//1199 1188//1188
f 1196//1196 1200//1200 1192//1192
f 1188//1188 1201//1201 1195//1195
f 1196//1196 1197//1197 1202//1202
f 1195//1195 1202//1202 1197//1197
f 1203//1203 1204//1204 1205//1205
f 1206//1206 1207//1207 1208//1208
f 1206//1206 1208//1208 1203//1203
f 1203//1203 1208//1208 1204//1204
f 1206//1206 1203//1203 1209//1209
f 1210//1210 1205//1205 1211//1211
f 1203//1203 1205//1205 1212//1212
f 1198//1198 1183//1183 1213//1213
f 1187//1187 1198//1198 1199//1199
f 1188//1188 1199//1199 1214//1214
f 1196//1196 1210//1210 1200//1200
f 1196//1196 1202//1202 1210//1210
f 1195//1195 1201//1201 1202//1202
f 1188//1188 1214//1214 1201//1201
f 1198//1198 1213//1213 1215//1215
f 1206//1206 1216//1216 1217//1217
f 1216//1216 1218//1218 1217//1217
f 1219//1219 1220//1220 1221//1221
f 1216//1216 1222//1222 1218//1218
f 1216//1216 1219//1219 1222//1222
f 1219//1219 1221//1221 1222//1222
f 1216//1216 1223//1223 1219//1219
f 1209//1209 1223//1223 1216//1216
f 1206//1206 1209//1209 1216//1216
f 1206//1206 1217//1217 1207//1207
f 1209//1209 1224//1224 1223//1223
f 1223//1223 1224//1224 1225//1225
f 1198//1198 1215//1215 1226//1226
f 1219//1219 1226//1226 1220//1220
f 1219//1219 1198//1198 1226//1226
f 1219//1219 1223//1223 1225//1225
f 1219//1219 1227//1227 1198//1198
f 1219//1219 1225//1225 1227//1227
f 1228//1228 1227//1227 1225//1225
f 1198//1198 1227//1227 1199//1199
f 1228//1228 1214//1214 1199//1199
f 1228//1228 1199//1199 1227//1227
f 1210//1210 1229//1229 1200//1200
f 1210//1210 1211//1211 1229//1229
f 1203//1203 1224//1224 1209//1209
f 1210//1210 1212//1212 1205//1205
f 1203//1203 1212//1212 1224//1224
f 1214//1214 1230//1230 1201//1201
f 1225//1225 1224//1224 1230//1230
f 1210//1210 1202//1202 1212//1212
f 1201//1201 1230//1230 1202//1202
f 1224//1224 1212//1212 1230//1230
f 1202//1202 1230//1230 1212//1212
f 1228//1228 1230//1230 1214//1214
f 1228//1228 1225//1225 1230//1230
f 1231//1231 1232//1232 1233//1233
f 1232//1232 1234//1234 1235//1235
f 1231//1231 1236//1236 1234//1234
f 1231//1231 1234//1234 1232//1232
f 1232//1232 1235//1235 1237//1237
f 1232//1232 1237//1237 1238//1238
f 1239//1239 1237//1237 1240//1240
f 1233//1233 1241//1241 1242//1242
f 1242//1242 1241//1241 1243//1243
f 1231//1231 1244//1244 1245//1245
f 1231//1231 1245//1245 1236//1236
f 1231//1231 1233//1233 1244//1244
f 1244//1244 1246//1246 1245//1245
f 1233//1233 1242//1242 1244//1244
f 1242//1242 1247//1247 1244//1244
f 1244//1244 1248//1248 1246//1246
f 1244//1244 1247//1247 1248//1248
f 1247//1247 1249//1249 1248//1248
f 1247//1247 1250//1250 1249//1249
f 1247//1247 1251//1251 1250//1250
f 1242//1242 1243//1243 1247//1247
f 1247//1247 1252//1252 1251//1251
f 1247//1247 1253//1253 1252//1252
f 1252//1252 1254//1254 1251//1251
f 1247//1247 1243//1243 1253//1253
f 1243//1243 1255//1255 1253//1253
f 1253//1253 1256//1256 1252//1252
f 1255//1255 1256//1256 1253//1253
f 1255//1255 1257//1257 1256//1256
f 1252//1252 1258//1258 1254//1254
f 1232//1232 1238//1238 1233//1233
f 1233//1233 1238//1238 1241//1241
f 1238//1238 1237//1237 1239//1239
f 1239//1239 1240//1240 1259//1259
f 1238//1238 1260//1260 1241//1241
f 1238//1238 1261//1261 1260//1260
f 1238//1238 1239//1239 1261//1261
f 1260//1260 1261//1261 1262//1262
f 1243//1243 1241//1241 1260//1260
f 1257//1257 1260//1260 1262//1262
f 1243//1243 1260//1260 1255//1255
f 1255//1255 1260//1260 1257//1257
f 1239//1239 1259//1259 1263//1263
f 1252//1252 1256//1256 1264//1264
f 1256//1256 1257//1257 1264//1264
f 1252//1252 1265//1265 1258//1258
f 1239//1239 1266//1266 1261//1261
f 1261//1261 1267//1267 1262//1262
f 1257//1257 1262//1262 1268//1268
f 1239//1239 1263//1263 1266//1266
f 1252//1252 1269//1269 1265//1265
f 1252//1252 1264//1264 1269//1269
f 1257//1257 1268//1268 1264//1264
f 1261//1261 1266//1266 1267//1267
f 1262//1262 1267//1267 1270//1270
f 1262//1262 1270//1270 1268//1268
f 1266//1266 1263//1263 1271//1271
f 1272//1272 1273//1273 1274//1274
f 1269//1269 1275//1275 1265//1265
f 1276//1276 1277//1277 1278//1278
f 1269//1269 1276//1276 1275//1275
f 1272//1272 1277//1277 1276//1276
f 1279//1279 1272//1272 1276//1276
f 1269//1269 1264//1264 1276//1276
f 1279//1279 1264//1264 1268//1268
f 1279//1279 1276//1276 1264//1264
f 1272//1272 1274//1274 1277//1277
f 1280//1280 1271//1271 1281//1281
f 1282//1282 1283//1283 1273//1273
f 1266//1266 1271//1271 1280//1280
f 1266//1266 1280//1280 1267//1267
f 1267//1267 1284//1284 1270//1270
f 1280//1280 1283//1283 1282//1282
f 1280//1280 1282//1282 1284//1284
f 1267//1267 1280//1280 1284//1284
f 1279//1279 1284//1284 1282//1282
f 1279//1279 1270//1270 1284//1284
f 1272//1272 1282//1282 1273//1273
f 1279//1279 1268//1268 1270//1270
f 1279//1279 1282//1282 1272//1272
f 1285//1285 1286//1286 1287//1287
f 1285//1285 1288//1288 1289//1289
f 1290//1290 1289//1289 1291//1291
f 1292//1292 1286//1286 1285//1285
f 1285//1285 1289//1289 1290//1290
f 1292//1292 1285//1285 1293//1293
f 1285//1285 1294//1294 1293//1293
f 1285//1285 1290//1290 1294//1294
f 1293//1293 1294//1294 1295//1295
f 1292//1292 1296//1296 1297//1297
f 1296//1296 1298//1298 1297//1297
f 1299//1299 1300//1300 1298//1298
f 1299//1299 1301//1301 1302//1302
f 1296//1296 1299//1299 1298//1298
f 1292//1292 1297//1297 1286//1286
f 1292//1292 1293//1293 1296//1296
f 1293//1293 1295//1295 1303//1303
f 1293//1293 1304//1304 1296//1296
f 1293//1293 1303//1303 1304//1304
f 1290//1290 1291//1291 1305//1305
f 1290//1290 1305//1305 1294//1294
f 1295//1295 1294//1294 1306//1306
f 1295//1295 1307//1307 1303//1303
f 1299//1299 1308//1308 1301//1301
f 1296//1296 1304//1304 1299//1299
f 1299//1299 1304//1304 1309//1309
f 1299//1299 1309//1309 1308//1308
f 1304//1304 1303//1303 1309//1309
f 1308//1308 1310//1310 1301//1301
f 1303//1303 1311//1311 1309//1309
f 1308//1308 1309//1309 1311//1311
f 1305//1305 1291//1291 1312//1312
f 1294//1294 1305//1305 1306//1306
f 1295//1295 1306//1306 1313//1313
f 1295//1295 1313//1313 1307//1307
f 1314//1314 1315//1315 1316//1316
f 1305//1305 1312//1312 1317//1317
f 1318//1318 1319//1319 1310//1310
f 1320//1320 1321//1321 1322//1322
f 1320//1320 1323//1323 1321//1321
f 1324//1324 1325//1325 1326//1326
f 1324//1324 1320//1320 1325//1325
f 1320//1320 1322//1322 1327//1327
f 1320//1320 1327//1327 1325//1325
f 1324//1324 1328//1328 1320//1320
f 1320//1320 1305//1305 1323//1323
f 1324//1324 1326//1326 1329//1329
f 1324//1324 1330//1330 1328//1328
f 1320//1320 1328//1328 1331//1331
f 1305//1305 1317//1317 1323//1323
f 1320//1320 1332//1332 1305//1305
f 1320//1320 1331//1331 1332//1332
f 1305//1305 1332//1332 1306//1306
f 1313//1313 1306//1306 1333//1333
f 1332//1332 1333//1333 1306//1306
f 1332//1332 1331//1331 1333//1333
f 1324//1324 1329//1329 1314//1314
f 1324//1324 1314//1314 1330//1330
f 1318//1318 1334//1334 1319//1319
f 1335//1335 1336//1336 1337//1337
f 1314//1314 1329//1329 1315//1315
f 1314//1314 1316//1316 1336//1336
f 1314//1314 1336//1336 1335//1335
f 1314//1314 1335//1335 1330//1330
f 1318//1318 1337//1337 1334//1334
f 1335//1335 1337//1337 1338//1338
f 1335//1335 1339//1339 1330//1330
f 1318//1318 1338//1338 1337//1337
f 1335//1335 1338//1338 1339//1339
f 1328//1328 1339//1339 1331//1331
f 1328//1328 1330//1330 1339//1339
f 1333//1333 1331//1331 1340//1340
f 1313//1313 1333//1333 1340//1340
f 1313//1313 1340//1340 1307//1307
f 1331//1331 1339//1339 1340//1340
f 1308//1308 1318//1318 1310//1310
f 1308//1308 1311//1311 1318//1318
f 1303//1303 1307//1307 1311//1311
f 1318//1318 1311//1311 1338//1338
f 1307//1307 1340//1340 1311//1311
f 1311//1311 1340//1340 1338//1338
f 1338//1338 1340//1340 1339//1339
f 1341//1341 1342//1342 1343//1343
f 1341//1341 1343//1343 1344//1344
f 1344//1344 1343//1343 1345//1345
f 1341//1341 1344//1344 1346//1346
f 1344//1344 1345//1345 1347//1347
f 1344//1344 1348//1348 1346//1346
f 1344//1344 1347//1347 1348//1348
f 1349//1349 1347//1347 1350//1350
f 1349//1349 1350//1350 1351//1351
f 1348//1348 1347//1347 1349//1349
f 1341//1341 1352//1352 1342//1342
f 1341//1341 1346//1346 1353//1353
f 1341//1341 1354//1354 1352//1352
f 1346//1346 1355//1355 1353//1353
f 1341//1341 1353//1353 1354//1354
f 1346//1346 1356//1356 1355//1355
f 1356//1356 1357//1357 1355//1355
f 1346//1346 1348//1348 1356//1356
f 1356//1356 1348//1348 1358//1358
f 1348//1348 1359//1359 1358//1358
f 1348//1348 1349//1349 1359//1359
f 1358//1358 1359//1359 1360//1360
f 1356//1356 1358//1358 1357//1357
f 1358//1358 1360//1360 1361//1361
f 1358//1358 1362//1362 1357//1357
f 1358//1358 1361//1361 1362//1362
f 1349//1349 1351//1351 1363//1363
f 1355//1355 1364//1364 1353//1353
f 1353//1353 1365//1365 1354//1354
f 1353//1353 1366//1366 1365//1365
f 1353//1353 1364//1364 1366//1366
f 1364//1364 1367//1367 1366//1366
f 1364//1364 1368//1368 1367//1367
f 1364//1364 1369//1369 1368//1368
f 1355//1355 1357//1357 1364//1364
f 1364//1364 1357//1357 1370//1370
f 1364//1364 1370//1370 1369//1369
f 1369//1369 1371//1371 1368//1368
f 1357//1357 1362//1362 1370//1370
f 1362//1362 1372//1372 1370//1370
f 1370//1370 1372//1372 1369//1369
f 1362//1362 1361//1361 1372//1372
f 1369//1369 1373//1373 1371//1371
f 1349//1349 1374//1374 1359//1359
f 1359//1359 1375//1375 1360//1360
f 1360//1360 1376//1376 1361//1361
f 1349//1349 1363//1363 1374//1374
f 1372//1372 1361//1361 1377//1377
f 1372//1372 1377//1377 1369//1369
f 1369//1369 1378//1378 1373//1373
f 1374//1374 1363//1363 1379//1379
f 1359//1359 1374//1374 1375//1375
f 1360//1360 1375//1375 1380//1380
f 1360//1360 1380//1380 1376//1376
f 1369//1369 1381//1381 1378//1378
f 1361//1361 1376//1376 1377//1377
f 1369//1369 1377//1377 1381//1381
f 1374//1374 1379//1379 1382//1382
f 1382//1382 1379//1379 1383//1383
f 1384//1384 1385//1385 1386//1386
f 1382//1382 1385//1385 1384//1384
f 1374//1374 1382//1382 1375//1375
f 1375//1375 1387//1387 1380//1380
f 1382//1382 1384//1384 1387//1387
f 1375//1375 1382//1382 1387//1387
f 1380//1380 1387//1387 1388//1388
f 1384//1384 1388//1388 1387//1387
f 1380//1380 1388//1388 1376//1376
f 1384//1384 1389//1389 1388//1388
f 1384//1384 1386//1386 1390//1390
f 1384//1384 1390//1390 1389//1389
f 1381//1381 1391//1391 1378//1378
f 1392//1392 1393//1393 1394//1394
f 1392//1392 1391//1391 1381//1381
f 1392//1392 1389//1389 1393//1393
f 1377//1377 1392//1392 1381//1381
f 1377//1377 1376//1376 1388//1388
f 1377//1377 1388//1388 1392//1392
f 1388//1388 1389//1389 1392//1392
f 1389//1389 1390//1390 1393//1393
f 1395//1395 1396//1396 1397//1397
f 1398//1398 1399//1399 1400//1400
f 1401//1401 1399//1399 1398//1398
f 1401//1401 1398//1398 1402//1402
f 1401//1401 1397//1397 1403//1403
f 1395//1395 1397//1397 1401//1401
f 1395//1395 1401//1401 1404//1404
f 1401//1401 1402//1402 1404//1404
f 1404//1404 1402//1402 1405//1405
f 1395//1395 1404//1404 1406//1406
f 1404//1404 1405//1405 1407//1407
f 1398//1398 1400//1400 1408//1408
f 1398//1398 1408//1408 1402//1402
f 1402//1402 1409//1409 1405//1405
f 1408//1408 1400//1400 1410//1410
f 1402//1402 1408//1408 1409//1409
f 1405//1405 1409//1409 1411//1411
f 1405//1405 1411//1411 1412//1412
f 1408//1408 1410//1410 1413//1413
f 1414//1414 1415//1415 1416//1416
f 1414//1414 1416//1416 1417//1417
f 1414//1414 1417//1417 1418//1418
f 1408//1408 1413//1413 1419//1419
f 1420//1420 1421//1421 1422//1422
f 1420//1420 1419//1419 1421//1421
f 1420//1420 1408//1408 1419//1419
f 1420//1420 1422//1422 1415//1415
f 1414//1414 1420//1420 1415//1415
f 1414//1414 1423//1423 1420//1420
f 1420//1420 1423//1423 1424//1424
f 1420//1420 1425//1425 1408//1408
f 1408//1408 1425//1425 1409//1409
f 1420//1420 1424//1424 1425//1425
f 1409//1409 1426//1426 1411//1411
f 1409//1409 1425//1425 1426//1426
f 1425//1425 1424//1424 1426//1426
f 1414//1414 1427//1427 1423//1423
f 1411//1411 1426//1426 1428//1428
f 1426//1426 1424//1424 1428//1428
f 1423//1423 1429//1429 1424//1424
f 1395//1395 1406//1406 1396//1396
f 1406//1406 1430//1430 1396//1396
f 1404//1404 1431//1431 1406//1406
f 1404//1404 1407//1407 1431//1431
f 1406//1406 1432//1432 1430//1430
f 1406//1406 1433//1433 1432//1432
f 1406//1406 1431//1431 1433//1433
f 1431//1431 1434//1434 1433//1433
f 1431//1431 1407//1407 1434//1434
f 1433//1433 1435//1435 1436//1436
f 1433//1433 1437//1437 1435//1435
f 1433//1433 1434//1434 1437//1437
f 1437//1437 1438//1438 1435//1435
f 1405//1405 1412//1412 1407//1407
f 1407//1407 1439//1439 1434//1434
f 1434//1434 1439//1439 1437//1437
f 1437//1437 1440//1440 1438//1438
f 1407//1407 1412//1412 1439//1439
f 1437//1437 1439//1439 1440//1440
f 1440//1440 1441//1441 1438//1438
f 1418//1418 1417//1417 1442//1442
f 1418//1418 1442//1442 1443//1443
f 1414//1414 1418//1418 1427//1427
f 1411//1411 1428//1428 1412//1412
f 1424//1424 1429//1429 1428//1428
f 1440//1440 1444//1444 1441//1441
f 1445//1445 1443//1443 1446//1446
f 1418//1418 1443//1443 1445//1445
f 1418//1418 1445//1445 1427//1427
f 1445//1445 1429//1429 1427//1427
f 1445//1445 1446//1446 1447//1447
f 1440//1440 1447//1447 1444//1444
f 1445//1445 1447//1447 1448//1448
f 1445//1445 1448//1448 1429//1429
f 1412//1412 1428//1428 1439//1439
f 1439//1439 1428//1428 1448//1448
f 1428//1428 1429//1429 1448//1448
f 1440//1440 1448//1448 1447//1447
f 1439//1439 1448//1448 1440//1440
f 1423//1423 1427//1427 1429//1429
f 1449//1449 1450//1450 1451//1451
f 1449//1449 1451//1451 1452//1452
f 1449//1449 1453//1453 1454//1454
f 1449//1449 1452//1452 1453//1453
f 1455//1455 1452//1452 1456//1456
f 1449//1449 1454//1454 1450//1450
f 1450//1450 1457//1457 1458//1458
f 1450//1450 1458//1458 1451//1451
f 1454//1454 1453//1453 1459//1459
f 1455//1455 1453//1453 1452//1452
f 1455//1455 1456//1456 1460//1460
f 1459//1459 1453//1453 1461//1461
f 1453//1453 1462//1462 1461//1461
f 1455//1455 1462//1462 1453//1453
f 1461//1461 1462//1462 1463//1463
f 1455//1455 1460//1460 1464//1464
f 1450//1450 1465//1465 1457//1457
f 1454//1454 1466//1466 1450//1450
f 1450//1450 1466//1466 1465//1465
f 1454//1454 1467//1467 1466//1466
f 1466//1466 1468//1468 1465//1465
f 1454//1454 1459//1459 1467//1467
f 1459//1459 1469//1469 1467//1467
f 1459//1459 1461//1461 1469//1469
f 1461//1461 1463//1463 1470//1470
f 1461//1461 1471//1471 1469//1469
f 1461//1461 1470//1470 1471//1471
f 1469//1469 1471//1471 1472//1472
f 1472//1472 1471//1471 1473//1473
f 1471//1471 1470//1470 1473//1473
f 1472//1472 1473//1473 1474//1474
f 1466//1466 1475//1475 1468//1468
f 1466//1466 1476//1476 1475//1475
f 1466//1466 1467//1467 1476//1476
f 1476//1476 1477//1477 1475//1475
f 1476//1476 1478//1478 1477//1477
f 1476//1476 1479//1479 1478//1478
f 1469//1469 1476//1476 1467//1467
f 1474//1474 1479//1479 1476//1476
f 1474//1474 1480//1480 1479//1479
f 1469//1469 1472//1472 1476//1476
f 1472//1472 1474//1474 1476//1476
f 1474//1474 1481//1481 1480//1480
f 1455//1455 1482//1482 1462//1462
f 1462//1462 1483//1483 1463//1463
f 1455//1455 1464//1464 1482//1482
f 1463//1463 1484//1484 1470//1470
f 1470//1470 1485//1485 1473//1473
f 1474//1474 1473//1473 1485//1485
f 1474//1474 1486//1486 1481//1481
f 1462//1462 1482//1482 1483//1483
f 1463//1463 1483//1483 1487//1487
f 1482//1482 1464//1464 1488//1488
f 1463//1463 1487//1487 1484//1484
f 1470//1470 1484//1484 1485//1485
f 1474//1474 1485//1485 1489//1489
f 1474//1474 1489//1489 1486//1486
f 1482//1482 1488//1488 1490//1490
f 1490//1490 1488//1488 1491//1491
f 1492//1492 1493//1493 1494//1494
f 1490//1490 1493//1493 1492//1492
f 1482//1482 1490//1490 1483//1483
f 1483//1483 1495//1495 1487//1487
f 1483//1483 1490//1490 1495//1495
f 1490//1490 1492//1492 1495//1495
f 1487//1487 1495//1495 1496//1496
f 1495//1495 1492//1492 1496//1496
f 1487//1487 1496//1496 1484//1484
f 1492//1492 1497//1497 1496//1496
f 1498//1498 1499//1499 1500//1500
f 1498//1498 1497//1497 1499//1499
f 1484//1484 1496//1496 1485//1485
f 1489//1489 1485//1485 1498//1498
f 1498//1498 1496//1496 1497//1497
f 1485//1485 1496//1496 1498//1498
f 1497//1497 1494//1494 1501//1501
f 1492//1492 1494//1494 1497//1497
f 1497//1497 1501//1501 1499//1499
f 1489//1489 1502//1502 1486//1486
f 1489//1489 1498//1498 1502//1502
f 1503//1503 1504//1504 1505//1505
f 1505//1505 1504//1504 1506//1506
f 1507//1507 1503//1503 1508//1508
f 1503//1503 1509//1509 1508//1508
f 1503//1503 1505//1505 1509//1509
f 1508//1508 1509//1509 1510//1510
f 1505//1505 1506//1506 1511//1511
f 1509//1509 1505//1505 1511//1511
f 1509//1509 1512//1512 1510//1510
f 1507//1507 1513//1513 1514//1514
f 1507//1507 1515//1515 1513//1513
f 1503//1503 1514//1514 1516//1516
f 1507//1507 1514//1514 1503//1503
f 1507//1507 1517//1517 1515//1515
f 1507//1507 1508//1508 1517//1517
f 1508//1508 1510//1510 1518//1518
f 1508//1508 1518//1518 1519//1519
f 1508//1508 1519//1519 1517//1517
f 1517//1517 1519//1519 1520//1520
f 1519//1519 1521//1521 1520//1520
f 1519//1519 1518//1518 1521//1521
f 1520//1520 1521//1521 1522//1522
f 1517//1517 1523//1523 1515//1515
f 1520//1520 1524//1524 1525//1525
f 1520//1520 1526//1526 1524//1524
f 1517//1517 1520//1520 1523//1523
f 1520//1520 1522//1522 1526//1526
f 1510//1510 1527//1527 1518//1518
f 1522//1522 1528//1528 1526//1526
f 1522//1522 1521//1521 1529//1529
f 1518//1518 1529//1529 1521//1521
f 1511//1511 1506//1506 1530//1530
f 1509//1509 1511//1511 1512//1512
f 1510//1510 1512//1512 1531//1531
f 1512//1512 1511//1511 1532//1532
f 1512//1512 1533//1533 1531//1531
f 1512//1512 1532//1532 1533//1533
f 1532//1532 1534//1534 1533//1533
f 1522//1522 1535//1535 1528//1528
f 1510//1510 1531//1531 1527//1527
f 1518//1518 1527//1527 1529//1529
f 1522//1522 1529//1529 1535//1535
f 1536//1536 1537//1537 1538//1538
f 1511//1511 1530//1530 1539//1539
f 1535//1535 1540//1540 1528//1528
f 1511//1511 1539//1539 1541//1541
f 1542//1542 1541//1541 1543//1543
f 1511//1511 1541//1541 1542//1542
f 1534//1534 1542//1542 1544//1544
f 1542//1542 1543//1543 1545//1545
f 1542//1542 1545//1545 1536//1536
f 1536//1536 1545//1545 1537//1537
f 1542//1542 1536//1536 1544//1544
f 1536//1536 1538//1538 1546//1546
f 1511//1511 1542//1542 1532//1532
f 1532//1532 1542//1542 1534//1534
f 1536//1536 1547//1547 1544//1544
f 1536//1536 1546//1546 1548//1548
f 1534//1534 1544//1544 1549//1549
f 1531//1531 1533//1533 1550//1550
f 1534//1534 1550//1550 1533//1533
f 1531//1531 1550//1550 1527//1527
f 1534//1534 1549//1549 1550//1550
f 1548//1548 1546//1546 1551//1551
f 1536//1536 1548//1548 1547//1547
f 1552//1552 1553//1553 1554//1554
f 1552//1552 1549//1549 1547//1547
f 1552//1552 1555//1555 1553//1553
f 1548//1548 1551//1551 1556//1556
f 1548//1548 1556//1556 1552//1552
f 1552//1552 1557//1557 1555//1555
f 1552//1552 1556//1556 1557//1557
f 1548//1548 1552//1552 1547//1547
f 1535//1535 1553//1553 1558//1558
f 1544//1544 1547//1547 1549//1549
f 1535//1535 1558//1558 1540//1540
f 1527//1527 1550//1550 1529//1529
f 1535//1535 1529//1529 1554//1554
f 1550//1550 1554//1554 1529//1529
f 1550//1550 1549//1549 1554//1554
f 1535//1535 1554//1554 1553//1553
f 1552//1552 1554//1554 1549//1549
f 1559//1559 1560//1560 1561//1561
f 1559//1559 1561//1561 1562//1562
f 1561//1561 1563//1563 1562//1562
f 1559//1559 1564//1564 1560//1560
f 1559//1559 1565//1565 1566//1566
f 1559//1559 1566//1566 1564//1564
f 1560//1560 1564//1564 1567//1567
f 1560//1560 1567//1567 1568//1568
f 1559//1559 1569//1569 1565//1565
f 1559//1559 1562//1562 1569//1569
f 1569//1569 1570//1570 1565//1565
f 1565//1565 1571//1571 1566//1566
f 1566//1566 1572//1572 1573//1573
f 1566//1566 1571//1571 1572//1572
f 1571//1571 1574//1574 1572//1572
f 1566//1566 1573//1573 1564//1564
f 1571//1571 1575//1575 1574//1574
f 1565//1565 1576//1576 1571//1571
f 1571//1571 1576//1576 1575//1575
f 1565//1565 1570//1570 1576//1576
f 1576//1576 1577//1577 1575//1575
f 1560//1560 1568//1568 1578//1578
f 1569//1569 1562//1562 1579//1579
f 1563//1563 1580//1580 1562//1562
f 1569//1569 1579//1579 1570//1570
f 1562//1562 1581//1581 1579//1579
f 1562//1562 1580//1580 1581//1581
f 1579//1579 1582//1582 1570//1570
f 1579//1579 1583//1583 1582//1582
f 1583//1583 1584//1584 1582//1582
f 1584//1584 1585//1585 1586//1586
f 1579//1579 1581//1581 1583//1583
f 1581//1581 1587//1587 1583//1583
f 1581//1581 1580//1580 1587//1587
f 1583//1583 1587//1587 1584//1584
f 1584//1584 1588//1588 1585//1585
f 1560//1560 1589//1589 1561//1561
f 1561//1561 1590//1590 1563//1563
f 1560//1560 1578//1578 1589//1589
f 1563//1563 1591//1591 1580//1580
f 1580//1580 1592//1592 1587//1587
f 1587//1587 1592//1592 1584//1584
f 1584//1584 1593//1593 1588//1588
f 1570//1570 1582//1582 1576//1576
f 1576//1576 1594//1594 1577//1577
f 1576//1576 1582//1582 1594//1594
f 1582//1582 1595//1595 1594//1594
f 1582//1582 1596//1596 1595//1595
f 1584//1584 1586//1586 1582//1582
f 1582//1582 1586//1586 1596//1596
f 1561//1561 1589//1589 1590//1590
f 1563//1563 1590//1590 1597//1597
f 1589//1589 1578//1578 1598//1598
f 1563//1563 1597//1597 1591//1591
f 1580//1580 1591//1591 1592//1592
f 1584//1584 1592//1592 1599//1599
f 1584//1584 1599//1599 1593//1593
f 1589//1589 1600//1600 1590//1590
f 1590//1590 1601//1601 1597//1597
f 1590//1590 1600//1600 1601//1601
f 1600//1600 1598//1598 1602//1602
f 1589//1589 1598//1598 1600//1600
f 1600//1600 1603//1603 1604//1604
f 1604//1604 1603//1603 1605//1605
f 1600//1600 1604//1604 1601//1601
f 1604//1604 1605//1605 1606//1606
f 1597//1597 1601//1601 1607//1607
f 1601//1601 1604//1604 1607//1607
f 1597//1597 1607//1607 1591//1591
f 1604//1604 1608//1608 1607//1607
f 1599//1599 1609//1609 1593//1593
f 1610//1610 1611//1611 1612//1612
f 1591//1591 1607//1607 1592//1592
f 1592//1592 1610//1610 1599//1599
f 1608//1608 1610//1610 1607//1607
f 1592//1592 1607//1607 1610//1610
f 1599//1599 1610//1610 1609//1609
f 1608//1608 1611//1611 1610//1610
f 1604//1604 1606//1606 1608//1608
f 1608//1608 1606//1606 1611//1611
f 1613//1613 1614//1614 1615//1615
f 1613//1613 1616//1616 1614//1614
f 1617//1617 1618//1618 1619//1619
f 1617//1617 1613//1613 1615//1615
f 1617//1617 1620//1620 1621//1621
f 1617//1617 1619//1619 1613//1613
f 1617//1617 1621//1621 1618//1618
f 1619//1619 1618//1618 1622//1622
f 1617//1617 1615//1615 1623//1623
f 1621//1621 1620//1620 1624//1624
f 1619//1619 1616//1616 1613//1613
f 1619//1619 1622//1622 1625//1625
f 1619//1619 1626//1626 1616//1616
f 1619//1619 1625//1625 1626//1626
f 1616//1616 1627//1627 1614//1614
f 1616//1616 1626//1626 1628//1628
f 1616//1616 1629//1629 1627//1627
f 1616//1616 1628//1628 1629//1629
f 1628//1628 1630//1630 1631//1631
f 1626//1626 1632//1632 1628//1628
f 1626//1626 1625//1625 1632//1632
f 1628//1628 1632//1632 1630//1630
f 1628//1628 1631//1631 1633//1633
f 1621//1621 1624//1624 1634//1634
f 1621//1621 1634//1634 1618//1618
f 1618//1618 1635//1635 1622//1622
f 1622//1622 1636//1636 1625//1625
f 1630//1630 1637//1637 1631//1631
f 1625//1625 1638//1638 1632//1632
f 1632//1632 1638//1638 1630//1630
f 1639//1639 1634//1634 1640//1640
f 1639//1639 1640//1640 1641//1641
f 1639//1639 1641//1641 1642//1642
f 1639//1639 1642//1642 1643//1643
f 1639//1639 1643//1643 1644//1644
f 1644//1644 1643//1643 1645//1645
f 1639//1639 1644//1644 1646//1646
f 1634//1634 1624//1624 1647//1647
f 1618//1618 1634//1634 1635//1635
f 1622//1622 1635//1635 1648//1648
f 1622//1622 1648//1648 1636//1636
f 1630//1630 1649//1649 1637//1637
f 1625//1625 1636//1636 1638//1638
f 1630//1630 1638//1638 1649//1649
f 1634//1634 1647//1647 1650//1650
f 1634//1634 1651//1651 1635//1635
f 1635//1635 1652//1652 1648//1648
f 1635//1635 1651//1651 1652//1652
f 1651//1651 1653//1653 1652//1652
f 1634//1634 1650//1650 1640//1640
f 1639//1639 1651//1651 1634//1634
f 1639//1639 1653//1653 1651//1651
f 1639//1639 1646//1646 1653//1653
f 1648//1648 1652//1652 1654//1654
f 1652//1652 1653//1653 1654//1654
f 1646//1646 1655//1655 1653//1653
f 1648//1648 1654//1654 1636//1636
f 1653//1653 1655//1655 1654//1654
f 1649//1649 1656//1656 1637//1637
f 1644//1644 1645//1645 1657//1657
f 1644//1644 1658//1658 1646//1646
f 1644//1644 1657//1657 1659//1659
f 1644//1644 1659//1659 1658//1658
f 1659//1659 1657//1657 1660//1660
f 1661//1661 1662//1662 1663//1663
f 1659//1659 1660//1660 1664//1664
f 1659//1659 1664//1664 1661//1661
f 1661//1661 1664//1664 1662//1662
f 1659//1659 1661//1661 1658//1658
f 1646//1646 1658//1658 1655//1655
f 1654//1654 1655//1655 1665//1665
f 1661//1661 1665//1665 1655//1655
f 1654//1654 1638//1638 1636//1636
f 1654//1654 1665//1665 1638//1638
f 1638//1638 1665//1665 1649//1649
f 1649//1649 1666//1666 1656//1656
f 1649//1649 1663//1663 1666//1666
f 1661//1661 1655//1655 1658//1658
f 1661//1661 1663//1663 1665//1665
f 1649//1649 1665//1665 1663//1663
f 1667//1667 1668//1668 1669//1669
f 1670//1670 1669//1669 1668//1668
f 1670//1670 1668//1668 1671//1671
f 1670//1670 1672//1672 1669//1669
f 1667//1667 1673//1673 1668//1668
f 1668//1668 1674//1674 1671//1671
f 1671//1671 1675//1675 1676//1676
f 1669//1669 1672//1672 1677//1677
f 1667//1667 1669//1669 1678//1678
f 1669//1669 1679//1679 1678//1678
f 1669//1669 1677//1677 1679//1679
f 1667//1667 1680//1680 1673//1673
f 1671//1671 1674//1674 1675//1675
f 1673//1673 1681//1681 1682//1682
f 1682//1682 1683//1683 1684//1684
f 1682//1682 1684//1684 1685//1685
f 1682//1682 1681//1681 1683//1683
f 1681//1681 1686//1686 1683//1683
f 1682//1682 1685//1685 1674//1674
f 1668//1668 1673//1673 1682//1682
f 1668//1668 1682//1682 1674//1674
f 1673//1673 1687//1687 1681//1681
f 1681//1681 1688//1688 1686//1686
f 1667//1667 1678//1678 1680//1680
f 1689//1689 1678//1678 1690//1690
f 1689//1689 1690//1690 1691//1691
f 1681//1681 1687//1687 1688//1688
f 1673//1673 1680//1680 1687//1687
f 1680//1680 1678//1678 1689//1689
f 1689//1689 1691//1691 1692//1692
f 1687//1687 1693//1693 1688//1688
f 1680//1680 1689//1689 1687//1687
f 1687//1687 1694//1694 1695//1695
f 1687//1687 1689//1689 1694//1694
f 1689//1689 1696//1696 1694//1694
f 1689//1689 1692//1692 1696//1696
f 1691//1691 1697//1697 1692//1692
f 1671//1671 1676//1676 1698//1698
f 1691//1691 1699//1699 1697//1697
f 1687//1687 1695//1695 1693//1693
f 1670//1670 1700//1700 1672//1672
f 1670//1670 1671//1671 1701//1701
f 1672//1672 1702//1702 1677//1677
f 1671//1671 1698//1698 1701//1701
f 1679//1679 1690//1690 1678//1678
f 1679//1679 1703//1703 1690//1690
f 1679//1679 1677//1677 1703//1703
f 1690//1690 1703//1703 1691//1691
f 1677//1677 1704//1704 1703//1703
f 1691//1691 1703//1703 1704//1704
f 1691//1691 1705//1705 1699//1699
f 1670//1670 1701//1701 1700//1700
f 1672//1672 1700//1700 1706//1706
f 1701//1701 1698//1698 1707//1707
f 1672//1672 1706//1706 1702//1702
f 1701//1701 1707//1707 1708//1708
f 1708//1708 1709//1709 1710//1710
f 1700//1700 1701//1701 1708//1708
f 1700//1700 1711//1711 1706//1706
f 1700//1700 1708//1708 1711//1711
f 1711//1711 1708//1708 1710//1710
f 1708//1708 1707//1707 1712//1712
f 1708//1708 1712//1712 1713//1713
f 1710//1710 1709//1709 1714//1714
f 1711//1711 1710//1710 1715//1715
f 1706//1706 1711//1711 1715//1715
f 1706//1706 1715//1715 1702//1702
f 1710//1710 1716//1716 1715//1715
f 1710//1710 1714//1714 1716//1716
f 1717//1717 1716//1716 1718//1718
f 1717//1717 1718//1718 1719//1719
f 1716//1716 1714//1714 1720//1720
f 1716//1716 1720//1720 1718//1718
f 1677//1677 1702//1702 1704//1704
f 1691//1691 1704//1704 1721//1721
f 1691//1691 1721//1721 1705//1705
f 1702//1702 1715//1715 1704//1704
f 1721//1721 1704//1704 1717//1717
f 1704//1704 1715//1715 1717//1717
f 1715//1715 1716//1716 1717//1717
f 1721//1721 1722//1722 1705//1705
f 1721//1721 1717//1717 1722//1722
f 1723//1723 1724//1724 1725//1725
f 1725//1725 1724//1724 1726//1726
f 1727//1727 1728//1728 1729//1729
f 1727//1727 1730//1730 1731//1731
f 1727//1727 1731//1731 1728//1728
f 1732//1732 1723//1723 1733//1733
f 1732//1732 1727//1727 1723//1723
f 1723//1723 1725//1725 1733//1733
f 1732//1732 1733//1733 1734//1734
f 1727//1727 1729//1729 1723//1723
f 1723//1723 1729//1729 1735//1735
f 1732//1732 1730//1730 1727//1727
f 1732//1732 1734//1734 1736//1736
f 1732//1732 1737//1737 1730//1730
f 1732//1732 1736//1736 1737//1737
f 1730//1730 1737//1737 1738//1738
f 1737//1737 1739//1739 1738//1738
f 1737//1737 1736//1736 1739//1739
f 1738//1738 1739//1739 1740//1740
f 1730//1730 1738//1738 1741//1741
f 1730//1730 1741//1741 1731//1731
f 1738//1738 1742//1742 1743//1743
f 1738//1738 1740//1740 1742//1742
f 1725//1725 1726//1726 1744//1744
f 1733//1733 1745//1745 1734//1734
f 1733//1733 1725//1725 1744//1744
f 1734//1734 1746//1746 1736//1736
f 1740//1740 1747//1747 1742//1742
f 1736//1736 1748//1748 1739//1739
f 1739//1739 1748//1748 1740//1740
f 1744//1744 1726//1726 1749//1749
f 1734//1734 1745//1745 1750//1750
f 1733//1733 1744//1744 1745//1745
f 1734//1734 1750//1750 1746//1746
f 1740//1740 1751//1751 1747//1747
f 1736//1736 1746//1746 1748//1748
f 1740//1740 1748//1748 1751//1751
f 1744//1744 1749//1749 1752//1752
f 1753//1753 1754//1754 1744//1744
f 1753//1753 1755//1755 1754//1754
f 1744//1744 1752//1752 1756//1756
f 1753//1753 1744//1744 1756//1756
f 1753//1753 1757//1757 1755//1755
f 1753//1753 1756//1756 1758//1758
f 1753//1753 1758//1758 1759//1759
f 1753//1753 1759//1759 1760//1760
f 1753//1753 1761//1761 1757//1757
f 1745//1745 1744//1744 1754//1754
f 1745//1745 1762//1762 1750//1750
f 1745//1745 1754//1754 1762//1762
f 1762//1762 1754//1754 1755//1755
f 1750//1750 1762//1762 1763//1763
f 1762//1762 1755//1755 1763//1763
f 1750//1750 1763//1763 1746//1746
f 1755//1755 1764//1764 1763//1763
f 1757//1757 1764//1764 1755//1755
f 1757//1757 1765//1765 1764//1764
f 1753//1753 1760//1760 1761//1761
f 1761//1761 1760//1760 1766//1766
f 1761//1761 1766//1766 1767//1767
f 1757//1757 1761//1761 1765//1765
f 1761//1761 1767//1767 1768//1768
f 1761//1761 1768//1768 1765//1765
f 1768//1768 1767//1767 1769//1769
f 1751//1751 1770//1770 1747//1747
f 1746//1746 1763//1763 1748//1748
f 1748//1748 1771//1771 1751//1751
f 1748//1748 1763//1763 1771//1771
f 1763//1763 1764//1764 1771//1771
f 1751//1751 1772//1772 1770//1770
f 1771//1771 1773//1773 1751//1751
f 1771//1771 1764//1764 1774//1774
f 1764//1764 1765//1765 1774//1774
f 1751//1751 1773//1773 1772//1772
f 1771//1771 1774//1774 1773//1773
f 1768//1768 1775//1775 1776//1776
f 1768//1768 1769//1769 1775//1775
f 1768//1768 1774//1774 1765//1765
f 1774//1774 1776//1776 1773//1773
f 1768//1768 1776//1776 1774//1774
f 1777//1777 1778//1778 1779//1779
f 1780//1780 1781//1781 1782//1782
f 1777//1777 1780//1780 1783//1783
f 1783//1783 1780//1780 1782//1782
f 1783//1783 1782//1782 1784//1784
f 1780//1780 1785//1785 1781//1781
f 1777//1777 1779//1779 1780//1780
f 1777//1777 1783//1783 1786//1786
f 1783//1783 1784//1784 1787//1787
f 1780//1780 1788//1788 1785//1785
f 1781//1781 1785//1785 1789//1789
f 1780//1780 1779//1779 1788//1788
f 1788//1788 1790//1790 1785//1785
f 1779//1779 1791//1791 1788//1788
f 1788//1788 1791//1791 1792//1792
f 1788//1788 1792//1792 1790//1790
f 1781//1781 1789//1789 1793//1793
f 1779//1779 1794//1794 1791//1791
f 1791//1791 1795//1795 1792//1792
f 1791//1791 1796//1796 1795//1795
f 1781//1781 1793//1793 1797//1797
f 1781//1781 1798//1798 1782//1782
f 1782//1782 1799//1799 1784//1784
f 1781//1781 1797//1797 1798//1798
f 1782//1782 1798//1798 1799//1799
f 1784//1784 1799//1799 1800//1800
f 1784//1784 1800//1800 1801//1801
f 1798//1798 1797//1797 1802//1802
f 1798//1798 1803//1803 1799//1799
f 1798//1798 1802//1802 1803//1803
f 1799//1799 1804//1804 1800//1800
f 1799//1799 1803//1803 1804//1804
f 1804//1804 1803//1803 1805//1805
f 1803//1803 1806//1806 1805//1805
f 1803//1803 1802//1802 1807//1807
f 1805//1805 1806//1806 1808//1808
f 1800//1800 1804//1804 1809//1809
f 1804//1804 1805//1805 1809//1809
f 1805//1805 1810//1810 1811//1811
f 1805//1805 1808//1808 1810//1810
f 1777//1777 1786//1786 1778//1778
f 1783//1783 1812//1812 1786//1786
f 1783//1783 1787//1787 1812//1812
f 1786//1786 1812//1812 1813//1813
f 1812//1812 1814//1814 1813//1813
f 1812//1812 1787//1787 1814//1814
f 1813//1813 1814//1814 1815//1815
f 1786//1786 1813//1813 1816//1816
f 1813//1813 1815//1815 1816//1816
f 1779//1779 1778//1778 1794//1794
f 1786//1786 1816//1816 1778//1778
f 1815//1815 1817//1817 1816//1816
f 1778//1778 1816//1816 1794//1794
f 1816//1816 1818//1818 1794//1794
f 1816//1816 1819//1819 1818//1818
f 1816//1816 1817//1817 1820//1820
f 1816//1816 1820//1820 1819//1819
f 1815//1815 1821//1821 1817//1817
f 1791//1791 1794//1794 1796//1796
f 1794//1794 1822//1822 1796//1796
f 1794//1794 1818//1818 1822//1822
f 1815//1815 1823//1823 1821//1821
f 1784//1784 1801//1801 1787//1787
f 1787//1787 1824//1824 1814//1814
f 1814//1814 1824//1824 1815//1815
f 1815//1815 1825//1825 1823//1823
f 1787//1787 1801//1801 1824//1824
f 1815//1815 1824//1824 1826//1826
f 1815//1815 1826//1826 1825//1825
f 1800//1800 1809//1809 1801//1801
f 1805//1805 1811//1811 1809//1809
f 1801//1801 1809//1809 1824//1824
f 1824//1824 1809//1809 1827//1827
f 1809//1809 1811//1811 1827//1827
f 1827//1827 1811//1811 1828//1828
f 1824//1824 1827//1827 1826//1826
f 1826//1826 1827//1827 1829//1829
f 1827//1827 1828//1828 1830//1830
f 1826//1826 1829//1829 1825//1825
f 1811//1811 1810//1810 1828//1828
f 1831//1831 1832//1832 1833//1833
f 1831//1831 1834//1834 1835//1835
f 1835//1835 1834//1834 1836//1836
f 1835//1835 1836//1836 1837//1837
f 1838//1838 1836//1836 1834//1834
f 1831//1831 1833//1833 1834//1834
f 1838//1838 1834//1834 1839//1839
f 1834//1834 1833//1833 1840//1840
f 1838//1838 1839//1839 1841//1841
f 1831//1831 1842//1842 1832//1832
f 1842//1842 1843//1843 1832//1832
f 1835//1835 1844//1844 1842//1842
f 1835//1835 1845//1845 1844//1844
f 1831//1831 1835//1835 1842//1842
f 1835//1835 1837//1837 1845//1845
f 1844//1844 1846//1846 1847//1847
f 1844//1844 1847//1847 1842//1842
f 1844//1844 1845//1845 1846//1846
f 1847//1847 1846//1846 1848//1848
f 1842//1842 1847//1847 1849//1849
f 1842//1842 1849//1849 1843//1843
f 1847//1847 1850//1850 1851//1851
f 1847//1847 1848//1848 1850//1850
f 1838//1838 1852//1852 1836//1836
f 1837//1837 1836//1836 1853//1853
f 1838//1838 1841//1841 1852//1852
f 1837//1837 1854//1854 1845//1845
f 1845//1845 1855//1855 1846//1846
f 1846//1846 1855//1855 1848//1848
f 1848//1848 1856//1856 1850//1850
f 1852//1852 1841//1841 1857//1857
f 1836//1836 1852//1852 1853//1853
f 1837//1837 1853//1853 1858//1858
f 1848//1848 1859//1859 1856//1856
f 1837//1837 1858//1858 1854//1854
f 1845//1845 1854//1854 1855//1855
f 1848//1848 1855//1855 1859//1859
f 1852//1852 1857//1857 1860//1860
f 1858//1858 1853//1853 1861//1861
f 1852//1852 1862//1862 1853//1853
f 1853//1853 1862//1862 1861//1861
f 1861//1861 1862//1862 1863//1863
f 1852//1852 1860//1860 1864//1864
f 1852//1852 1865//1865 1862//1862
f 1862//1862 1865//1865 1863//1863
f 1863//1863 1865//1865 1866//1866
f 1852//1852 1864//1864 1865//1865
f 1865//1865 1864//1864 1867//1867
f 1865//1865 1867//1867 1868//1868
f 1865//1865 1868//1868 1869//1869
f 1869//1869 1868//1868 1870//1870
f 1869//1869 1870//1870 1871//1871
f 1865//1865 1869//1869 1866//1866
f 1859//1859 1872//1872 1856//1856
f 1858//1858 1873//1873 1854//1854
f 1863//1863 1874//1874 1873//1873
f 1858//1858 1861//1861 1873//1873
f 1861//1861 1863//1863 1873//1873
f 1854//1854 1873//1873 1855//1855
f 1855//1855 1875//1875 1859//1859
f 1855//1855 1873//1873 1875//1875
f 1873//1873 1874//1874 1875//1875
f 1863//1863 1866//1866 1874//1874
f 1866//1866 1876//1876 1874//1874
f 1859//1859 1875//1875 1877//1877
f 1875//1875 1874//1874 1878//1878
f 1859//1859 1879//1879 1872//1872
f 1859//1859 1877//1877 1879//1879
f 1875//1875 1878//1878 1877//1877
f 1874//1874 1876//1876 1878//1878
f 1878//1878 1880//1880 1877//1877
f 1876//1876 1881//1881 1878//1878
f 1878//1878 1882//1882 1880//1880
f 1869//1869 1871//1871 1881//1881
f 1869//1869 1876//1876 1866//1866
f 1869//1869 1881//1881 1876//1876
f 1881//1881 1871//1871 1883//1883
f 1881//1881 1883//1883 1884//1884
f 1878//1878 1881//1881 1882//1882
f 1881//1881 1884//1884 1882//1882
f 1885//1885 1886//1886 1887//1887
f 1885//1885 1887//1887 1888//1888
f 1885//1885 1888//1888 1889//1889
f 1887//1887 1890//1890 1888//1888
f 1889//1889 1888//1888 1891//1891
f 1888//1888 1890//1890 1892//1892
f 1890//1890 1893//1893 1892//1892
f 1885//1885 1894//1894 1886//1886
f 1885//1885 1889//1889 1895//1895
f 1885//1885 1895//1895 1896//1896
f 1885//1885 1896//1896 1894//1894
f 1894//1894 1896//1896 1897//1897
f 1898//1898 1897//1897 1896//1896
f 1898//1898 1896//1896 1895//1895
f 1898//1898 1899//1899 1897//1897
f 1894//1894 1897//1897 1900//1900
f 1897//1897 1899//1899 1900//1900
f 1899//1899 1901//1901 1902//1902
f 1886//1886 1894//1894 1903//1903
f 1886//1886 1903//1903 1904//1904
f 1886//1886 1904//1904 1887//1887
f 1887//1887 1905//1905 1890//1890
f 1887//1887 1904//1904 1906//1906
f 1887//1887 1906//1906 1905//1905
f 1890//1890 1905//1905 1907//1907
f 1904//1904 1908//1908 1906//1906
f 1906//1906 1908//1908 1909//1909
f 1908//1908 1910//1910 1909//1909
f 1908//1908 1911//1911 1912//1912
f 1906//1906 1909//1909 1905//1905
f 1890//1890 1907//1907 1913//1913
f 1904//1904 1914//1914 1908//1908
f 1908//1908 1914//1914 1911//1911
f 1894//1894 1900//1900 1903//1903
f 1899//1899 1902//1902 1900//1900
f 1903//1903 1900//1900 1914//1914
f 1900//1900 1915//1915 1916//1916
f 1900//1900 1917//1917 1915//1915
f 1900//1900 1916//1916 1914//1914
f 1914//1914 1916//1916 1918//1918
f 1900//1900 1902//1902 1919//1919
f 1900//1900 1919//1919 1917//1917
f 1904//1904 1903//1903 1914//1914
f 1914//1914 1918//1918 1911//1911
f 1899//1899 1920//1920 1901//1901
f 1890//1890 1913//1913 1893//1893
f 1908//1908 1912//1912 1910//1910
f 1889//1889 1921//1921 1895//1895
f 1898//1898 1895//1895 1922//1922
f 1898//1898 1922//1922 1899//1899
f 1899//1899 1923//1923 1920//1920
f 1889//1889 1891//1891 1924//1924
f 1888//1888 1892//1892 1891//1891
f 1892//1892 1893//1893 1925//1925
f 1924//1924 1891//1891 1926//1926
f 1891//1891 1892//1892 1927//1927
f 1891//1891 1927//1927 1926//1926
f 1926//1926 1927//1927 1928//1928
f 1892//1892 1925//1925 1927//1927
f 1889//1889 1924//1924 1921//1921
f 1895//1895 1921//1921 1922//1922
f 1899//1899 1922//1922 1929//1929
f 1899//1899 1929//1929 1923//1923
f 1924//1924 1926//1926 1930//1930
f 1926//1926 1928//1928 1930//1930
f 1924//1924 1930//1930 1921//1921
f 1928//1928 1931//1931 1930//1930
f 1931//1931 1932//1932 1933//1933
f 1922//1922 1921//1921 1930//1930
f 1922//1922 1934//1934 1929//1929
f 1922//1922 1930//1930 1934//1934
f 1930//1930 1931//1931 1934//1934
f 1929//1929 1934//1934 1935//1935
f 1934//1934 1931//1931 1933//1933
f 1929//1929 1935//1935 1923//1923
f 1934//1934 1936//1936 1935//1935
f 1934//1934 1933//1933 1937//1937
f 1927//1927 1938//1938 1928//1928
f 1927//1927 1925//1925 1939//1939
f 1927//1927 1940//1940 1938//1938
f 1928//1928 1932//1932 1931//1931
f 1928//1928 1938//1938 1932//1932
f 1941//1941 1942//1942 1943//1943
f 1944//1944 1943//1943 1945//1945
f 1941//1941 1946//1946 1942//1942
f 1947//1947 1948//1948 1949//1949
f 1947//1947 1949//1949 1941//1941
f 1949//1949 1950//1950 1941//1941
f 1947//1947 1944//1944 1948//1948
f 1949//1949 1948//1948 1951//1951
f 1949//1949 1951//1951 1952//1952
f 1947//1947 1943//1943 1944//1944
f 1947//1947 1941//1941 1943//1943
f 1941//1941 1950//1950 1946//1946
f 1949//1949 1952//1952 1953//1953
f 1942//1942 1954//1954 1955//1955
f 1956//1956 1957//1957 1943//1943
f 1945//1945 1943//1943 1957//1957
f 1956//1956 1958//1958 1957//1957
f 1956//1956 1943//1943 1942//1942
f 1956//1956 1942//1942 1955//1955
f 1956//1956 1959//1959 1958//1958
f 1956//1956 1955//1955 1960//1960
f 1958//1958 1959//1959 1961//1961
f 1942//1942 1946//1946 1954//1954
f 1951//1951 1962//1962 1952//1952
f 1948//1948 1944//1944 1963//1963
f 1948//1948 1963//1963 1951//1951
f 1944//1944 1945//1945 1964//1964
f 1945//1945 1957//1957 1965//1965
f 1957//1957 1958//1958 1966//1966
f 1958//1958 1961//1961 1966//1966
f 1951//1951 1967//1967 1962//1962
f 1945//1945 1968//1968 1964//1964
f 1944//1944 1964//1964 1963//1963
f 1951//1951 1963//1963 1967//1967
f 1966//1966 1961//1961 1969//1969
f 1945//1945 1965//1965 1968//1968
f 1957//1957 1966//1966 1965//1965
f 1967//1967 1970//1970 1962//1962
f 1971//1971 1968//1968 1972//1972
f 1971//1971 1972//1972 1973//1973
f 1963//1963 1964//1964 1971//1971
f 1963//1963 1974//1974 1967//1967
f 1963//1963 1971//1971 1974//1974
f 1971//1971 1975//1975 1974//1974
f 1964//1964 1968//1968 1971//1971
f 1971//1971 1973//1973 1975//1975
f 1967//1967 1976//1976 1970//1970
f 1967//1967 1974//1974 1977//1977
f 1974//1974 1975//1975 1978//1978
f 1975//1975 1979//1979 1978//1978
f 1966//1966 1969//1969 1980//1980
f 1968//1968 1965//1965 1972//1972
f 1965//1965 1981//1981 1972//1972
f 1965//1965 1966//1966 1981//1981
f 1981//1981 1973//1973 1972//1972
f 1981//1981 1982//1982 1973//1973
f 1966//1966 1980//1980 1983//1983
f 1966//1966 1982//1982 1981//1981
f 1966//1966 1983//1983 1982//1982
f 1973//1973 1982//1982 1984//1984
f 1982//1982 1983//1983 1985//1985
f 1986//1986 1987//1987 1988//1988
f 1989//1989 1986//1986 1979//1979
f 1989//1989 1979//1979 1984//1984
f 1982//1982 1985//1985 1990//1990
f 1982//1982 1990//1990 1991//1991
f 1982//1982 1991//1991 1989//1989
f 1989//1989 1991//1991 1992//1992
f 1982//1982 1989//1989 1984//1984
f 1989//1989 1992//1992 1987//1987
f 1989//1989 1987//1987 1986//1986
f 1975//1975 1973//1973 1984//1984
f 1975//1975 1984//1984 1979//1979
f 1967//1967 1977//1977 1976//1976
f 1974//1974 1978//1978 1977//1977
f 1978//1978 1993//1993 1977//1977
f 1978//1978 1994//1994 1993//1993
f 1978//1978 1986//1986 1994//1994
f 1986//1986 1988//1988 1994//1994
f 1979//1979 1986//1986 1978//1978
f 1995//1995 1996//1996 1997//1997
f 1995//1995 1998//1998 1996//1996
f 1995//1995 1997//1997 1999//1999
f 1995//1995 2000//2000 1998//1998
f 1995//1995 2001//2001 2002//2002
f 1995//1995 1999//1999 2001//2001
f 1995//1995 2002//2002 2000//2000
f 2001//2001 2003//2003 2002//2002
f 1999//1999 2004//2004 2001//2001
f 2001//2001 2005//2005 2003//2003
f 2001//2001 2004//2004 2006//2006
f 2003//2003 2007//2007 2008//2008
f 2003//2003 2008//2008 2009//2009
f 2010//2010 1996//1996 2011//2011
f 1998//1998 2011//2011 1996//1996
f 2010//2010 2011//2011 2012//2012
f 2010//2010 1997//1997 1996//1996
f 2010//2010 2013//2013 1997//1997
f 2010//2010 2012//2012 2013//2013
f 1997//1997 2013//2013 2014//2014
f 2012//2012 2015//2015 2013//2013
f 2013//2013 2015//2015 2016//2016
f 2012//2012 2017//2017 2015//2015
f 1999//1999 1997//1997 2014//2014
f 1999//1999 2014//2014 2004//2004
f 2014//2014 2013//2013 2018//2018
f 2013//2013 2019//2019 2020//2020
f 2013//2013 2020//2020 2018//2018
f 2018//2018 2020//2020 2021//2021
f 2013//2013 2016//2016 2019//2019
f 2014//2014 2018//2018 2004//2004
f 2018//2018 2021//2021 2022//2022
f 2018//2018 2023//2023 2004//2004
f 2023//2023 2022//2022 2024//2024
f 2018//2018 2022//2022 2023//2023
f 2012//2012 2025//2025 2017//2017
f 2000//2000 2026//2026 1998//1998
f 2000//2000 2002//2002 2027//2027
f 2002//2002 2003//2003 2028//2028
f 2003//2003 2009//2009 2028//2028
f 1998//1998 2029//2029 2011//2011
f 2011//2011 2029//2029 2012//2012
f 2012//2012 2030//2030 2025//2025
f 2001//2001 2006//2006 2005//2005
f 2003//2003 2005//2005 2007//2007
f 2004//2004 2023//2023 2006//2006
f 2006//2006 2023//2023 2031//2031
f 2023//2023 2024//2024 2031//2031
f 2006//2006 2031//2031 2032//2032
f 2006//2006 2032//2032 2005//2005
f 2000//2000 2033//2033 2026//2026
f 2000//2000 2027//2027 2033//2033
f 2002//2002 2028//2028 2027//2027
f 2028//2028 2009//2009 2034//2034
f 1998//1998 2026//2026 2029//2029
f 2012//2012 2029//2029 2035//2035
f 2012//2012 2035//2035 2030//2030
f 2033//2033 2036//2036 2026//2026
f 2037//2037 2038//2038 2036//2036
f 2033//2033 2039//2039 2036//2036
f 2039//2039 2037//2037 2036//2036
f 2033//2033 2027//2027 2039//2039
f 2027//2027 2028//2028 2040//2040
f 2027//2027 2040//2040 2039//2039
f 2039//2039 2040//2040 2037//2037
f 2037//2037 2040//2040 2041//2041
f 2028//2028 2034//2034 2040//2040
f 2040//2040 2034//2034 2042//2042
f 2037//2037 2041//2041 2043//2043
f 2037//2037 2043//2043 2038//2038
f 2026//2026 2036//2036 2029//2029
f 2029//2029 2036//2036 2044//2044
f 2029//2029 2044//2044 2035//2035
f 2044//2044 2036//2036 2038//2038
f 2044//2044 2038//2038 2045//2045
f 2035//2035 2044//2044 2046//2046
f 2044//2044 2045//2045 2047//2047
f 2035//2035 2046//2046 2030//2030
f 2038//2038 2048//2048 2045//2045
f 2038//2038 2043//2043 2048//2048
f 2049//2049 2050//2050 2051//2051
f 2049//2049 2052//2052 2050//2050
f 2049//2049 2053//2053 2052//2052
f 2050//2050 2052//2052 2054//2054
f 2050//2050 2054//2054 2055//2055
f 2054//2054 2056//2056 2055//2055
f 2052//2052 2057//2057 2054//2054
f 2052//2052 2053//2053 2057//2057
f 2058//2058 2059//2059 2060//2060
f 2049//2049 2051//2051 2061//2061
f 2049//2049 2061//2061 2053//2053
f 2053//2053 2061//2061 2062//2062
f 2051//2051 2058//2058 2061//2061
f 2051//2051 2063//2063 2059//2059
f 2051//2051 2059//2059 2058//2058
f 2051//2051 2050//2050 2063//2063
f 2050//2050 2064//2064 2063//2063
f 2050//2050 2055//2055 2065//2065
f 2058//2058 2066//2066 2061//2061
f 2067//2067 2061//2061 2066//2066
f 2067//2067 2062//2062 2061//2061
f 2067//2067 2066//2066 2068//2068
f 2058//2058 2060//2060 2066//2066
f 2066//2066 2069//2069 2068//2068
f 2066//2066 2060//2060 2070//2070
f 2066//2066 2071//2071 2069//2069
f 2068//2068 2069//2069 2072//2072
f 2053//2053 2062//2062 2073//2073
f 2067//2067 2074//2074 2062//2062
f 2067//2067 2068//2068 2075//2075
f 2068//2068 2072//2072 2075//2075
f 2054//2054 2076//2076 2056//2056
f 2053//2053 2073//2073 2057//2057
f 2054//2054 2057//2057 2076//2076
f 2057//2057 2073//2073 2077//2077
f 2057//2057 2078//2078 2076//2076
f 2057//2057 2077//2077 2078//2078
f 2077//2077 2079//2079 2078//2078
f 2075//2075 2072//2072 2080//2080
f 2062//2062 2081//2081 2073//2073
f 2062//2062 2074//2074 2081//2081
f 2067//2067 2075//2075 2074//2074
f 2076//2076 2082//2082 2056//2056
f 2075//2075 2080//2080 2083//2083
f 2073//2073 2081//2081 2077//2077
f 2077//2077 2084//2084 2079//2079
f 2077//2077 2081//2081 2085//2085
f 2077//2077 2085//2085 2084//2084
f 2076//2076 2078//2078 2086//2086
f 2078//2078 2079//2079 2087//2087
f 2076//2076 2088//2088 2082//2082
f 2076//2076 2086//2086 2088//2088
f 2078//2078 2087//2087 2086//2086
f 2079//2079 2089//2089 2087//2087
f 2087//2087 2090//2090 2086//2086
f 2087//2087 2091//2091 2090//2090
f 2091//2091 2092//2092 2090//2090
f 2087//2087 2089//2089 2091//2091
f 2091//2091 2093//2093 2094//2094
f 2091//2091 2095//2095 2093//2093
f 2091//2091 2089//2089 2095//2095
f 2079//2079 2096//2096 2089//2089
f 2079//2079 2084//2084 2096//2096
f 2075//2075 2083//2083 2097//2097
f 2074//2074 2085//2085 2081//2081
f 2074//2074 2075//2075 2098//2098
f 2074//2074 2098//2098 2085//2085
f 2085//2085 2098//2098 2084//2084
f 2075//2075 2099//2099 2098//2098
f 2098//2098 2099//2099 2084//2084
f 2084//2084 2099//2099 2096//2096
f 2095//2095 2100//2100 2093//2093
f 2089//2089 2096//2096 2095//2095
f 2075//2075 2097//2097 2099//2099
f 2099//2099 2097//2097 2101//2101
f 2099//2099 2101//2101 2102//2102
f 2099//2099 2102//2102 2103//2103
f 2099//2099 2103//2103 2104//2104
f 2099//2099 2095//2095 2096//2096
f 2099//2099 2104//2104 2095//2095
f 2095//2095 2104//2104 2100//2100
f 2091//2091 2094//2094 2092//2092
f 2105//2105 2106//2106 2107//2107
f 2107//2107 2106//2106 2108//2108
f 2106//2106 2109//2109 2108//2108
f 2110//2110 2107//2107 2108//2108
f 2105//2105 2107//2107 2111//2111
f 2110//2110 2111//2111 2107//2107
f 2105//2105 2111//2111 2112//2112
f 2110//2110 2113//2113 2114//2114
f 2110//2110 2114//2114 2111//2111
f 2111//2111 2115//2115 2116//2116
f 2111//2111 2114//2114 2117//2117
f 2111//2111 2117//2117 2115//2115
f 2111//2111 2116//2116 2112//2112
f 2116//2116 2118//2118 2119//2119
f 2116//2116 2115//2115 2118//2118
f 2110//2110 2120//2120 2113//2113
f 2105//2105 2112//2112 2121//2121
f 2112//2112 2122//2122 2121//2121
f 2105//2105 2123//2123 2106//2106
f 2106//2106 2123//2123 2109//2109
f 2105//2105 2121//2121 2123//2123
f 2109//2109 2123//2123 2124//2124
f 2123//2123 2125//2125 2126//2126
f 2123//2123 2121//2121 2125//2125
f 2123//2123 2126//2126 2124//2124
f 2125//2125 2127//2127 2126//2126
f 2121//2121 2122//2122 2125//2125
f 2112//2112 2116//2116 2122//2122
f 2116//2116 2119//2119 2128//2128
f 2128//2128 2119//2119 2129//2129
f 2116//2116 2128//2128 2122//2122
f 2128//2128 2129//2129 2130//2130
f 2125//2125 2131//2131 2127//2127
f 2125//2125 2122//2122 2132//2132
f 2125//2125 2132//2132 2131//2131
f 2127//2127 2131//2131 2133//2133
f 2122//2122 2128//2128 2132//2132
f 2132//2132 2134//2134 2135//2135
f 2132//2132 2135//2135 2131//2131
f 2127//2127 2133//2133 2136//2136
f 2132//2132 2128//2128 2134//2134
f 2128//2128 2130//2130 2134//2134
f 2127//2127 2136//2136 2137//2137
f 2110//2110 2108//2108 2138//2138
f 2109//2109 2138//2138 2108//2108
f 2110//2110 2139//2139 2120//2120
f 2109//2109 2124//2124 2140//2140
f 2124//2124 2126//2126 2141//2141
f 2126//2126 2127//2127 2142//2142
f 2127//2127 2137//2137 2142//2142
f 2110//2110 2138//2138 2143//2143
f 2109//2109 2140//2140 2138//2138
f 2110//2110 2143//2143 2139//2139
f 2124//2124 2144//2144 2140//2140
f 2124//2124 2141//2141 2144//2144
f 2126//2126 2142//2142 2141//2141
f 2142//2142 2137//2137 2145//2145
f 2140//2140 2146//2146 2138//2138
f 2143//2143 2138//2138 2147//2147
f 2138//2138 2146//2146 2147//2147
f 2147//2147 2146//2146 2148//2148
f 2143//2143 2149//2149 2139//2139
f 2143//2143 2147//2147 2149//2149
f 2147//2147 2148//2148 2150//2150
f 2147//2147 2150//2150 2151//2151
f 2148//2148 2152//2152 2150//2150
f 2140//2140 2144//2144 2146//2146
f 2146//2146 2153//2153 2148//2148
f 2146//2146 2144//2144 2154//2154
f 2146//2146 2154//2154 2153//2153
f 2144//2144 2141//2141 2154//2154
f 2141//2141 2142//2142 2155//2155
f 2141//2141 2155//2155 2154//2154
f 2154//2154 2155//2155 2153//2153
f 2155//2155 2156//2156 2153//2153
f 2153//2153 2156//2156 2157//2157
f 2148//2148 2153//2153 2152//2152
f 2153//2153 2157//2157 2152//2152
f 2142//2142 2145//2145 2155//2155
f 2155//2155 2145//2145 2158//2158
f 2159//2159 2160//2160 2161//2161
f 2159//2159 2161//2161 2162//2162
f 2163//2163 2164//2164 2165//2165
f 2163//2163 2165//2165 2166//2166
f 2163//2163 2166//2166 2167//2167
f 2159//2159 2168//2168 2163//2163
f 2163//2163 2168//2168 2164//2164
f 2159//2159 2163//2163 2169//2169
f 2168//2168 2170//2170 2164//2164
f 2159//2159 2169//2169 2160//2160
f 2159//2159 2171//2171 2168//2168
f 2168//2168 2171//2171 2170//2170
f 2165//2165 2172//2172 2166//2166
f 2165//2165 2164//2164 2173//2173
f 2164//2164 2170//2170 2173//2173
f 2170//2170 2174//2174 2175//2175
f 2165//2165 2176//2176 2172//2172
f 2165//2165 2173//2173 2176//2176
f 2170//2170 2175//2175 2173//2173
f 2176//2176 2177//2177 2172//2172
f 2176//2176 2173//2173 2178//2178
f 2176//2176 2178//2178 2179//2179
f 2173//2173 2175//2175 2180//2180
f 2173//2173 2180//2180 2178//2178
f 2178//2178 2180//2180 2181//2181
f 2178//2178 2181//2181 2182//2182
f 2176//2176 2183//2183 2177//2177
f 2176//2176 2179//2179 2183//2183
f 2178//2178 2182//2182 2179//2179
f 2182//2182 2184//2184 2179//2179
f 2181//2181 2185//2185 2182//2182
f 2182//2182 2186//2186 2184//2184
f 2182//2182 2187//2187 2186//2186
f 2182//2182 2185//2185 2187//2187
f 2175//2175 2188//2188 2180//2180
f 2180//2180 2189//2189 2181//2181
f 2185//2185 2190//2190 2187//2187
f 2181//2181 2191//2191 2185//2185
f 2187//2187 2192//2192 2186//2186
f 2187//2187 2193//2193 2192//2192
f 2162//2162 2161//2161 2194//2194
f 2159//2159 2162//2162 2171//2171
f 2170//2170 2171//2171 2174//2174
f 2162//2162 2195//2195 2171//2171
f 2171//2171 2195//2195 2196//2196
f 2162//2162 2194//2194 2195//2195
f 2171//2171 2196//2196 2174//2174
f 2195//2195 2194//2194 2197//2197
f 2195//2195 2198//2198 2199//2199
f 2195//2195 2199//2199 2196//2196
f 2199//2199 2198//2198 2200//2200
f 2174//2174 2196//2196 2201//2201
f 2196//2196 2199//2199 2202//2202
f 2199//2199 2200//2200 2202//2202
f 2202//2202 2200//2200 2203//2203
f 2175//2175 2174//2174 2188//2188
f 2174//2174 2201//2201 2188//2188
f 2196//2196 2202//2202 2201//2201
f 2202//2202 2203//2203 2204//2204
f 2180//2180 2188//2188 2205//2205
f 2180//2180 2205//2205 2189//2189
f 2185//2185 2191//2191 2190//2190
f 2188//2188 2201//2201 2205//2205
f 2201//2201 2206//2206 2205//2205
f 2205//2205 2206//2206 2189//2189
f 2206//2206 2207//2207 2189//2189
f 2201//2201 2202//2202 2206//2206
f 2202//2202 2207//2207 2206//2206
f 2202//2202 2204//2204 2208//2208
f 2189//2189 2207//2207 2191//2191
f 2207//2207 2209//2209 2210//2210
f 2207//2207 2210//2210 2190//2190
f 2207//2207 2190//2190 2191//2191
f 2202//2202 2208//2208 2207//2207
f 2207//2207 2208//2208 2211//2211
f 2207//2207 2211//2211 2209//2209
f 2181//2181 2189//2189 2191//2191
f 2187//2187 2190//2190 2193//2193
f 2190//2190 2212//2212 2193//2193
f 2190//2190 2210//2210 2212//2212
f 2213//2213 2214//2214 2215//2215
f 2213//2213 2215//2215 2216//2216
f 2213//2213 2217//2217 2214//2214
f 2213//2213 2216//2216 2218//2218
f 2213//2213 2219//2219 2220//2220
f 2213//2213 2221//2221 2217//2217
f 2213//2213 2222//2222 2219//2219
f 2213//2213 2218//2218 2222//2222
f 2216//2216 2223//2223 2218//2218
f 2213//2213 2220//2220 2221//2221
f 2221//2221 2220//2220 2224//2224
f 2217//2217 2225//2225 2214//2214
f 2217//2217 2226//2226 2225//2225
f 2227//2227 2228//2228 2215//2215
f 2227//2227 2215//2215 2214//2214
f 2215//2215 2228//2228 2216//2216
f 2227//2227 2229//2229 2228//2228
f 2227//2227 2214//2214 2230//2230
f 2227//2227 2230//2230 2229//2229
f 2214//2214 2225//2225 2230//2230
f 2229//2229 2230//2230 2231//2231
f 2221//2221 2224//2224 2232//2232
f 2217//2217 2221//2221 2226//2226
f 2221//2221 2232//2232 2233//2233
f 2221//2221 2233//2233 2226//2226
f 2233//2233 2232//2232 2234//2234
f 2216//2216 2235//2235 2223//2223
f 2225//2225 2236//2236 2230//2230
f 2230//2230 2236//2236 2237//2237
f 2230//2230 2237//2237 2231//2231
f 2236//2236 2238//2238 2237//2237
f 2225//2225 2226//2226 2236//2236
f 2236//2236 2239//2239 2238//2238
f 2238//2238 2240//2240 2241//2241
f 2226//2226 2233//2233 2242//2242
f 2233//2233 2234//2234 2243//2243
f 2233//2233 2243//2243 2244//2244
f 2236//2236 2226//2226 2242//2242
f 2236//2236 2242//2242 2239//2239
f 2238//2238 2239//2239 2240//2240
f 2233//2233 2244//2244 2242//2242
f 2242//2242 2244//2244 2239//2239
f 2238//2238 2241//2241 2245//2245
f 2228//2228 2246//2246 2216//2216
f 2228//2228 2229//2229 2246//2246
f 2229//2229 2231//2231 2247//2247
f 2216//2216 2248//2248 2235//2235
f 2231//2231 2237//2237 2249//2249
f 2237//2237 2238//2238 2250//2250
f 2238//2238 2245//2245 2250//2250
f 2216//2216 2251//2251 2248//2248
f 2216//2216 2246//2246 2251//2251
f 2229//2229 2247//2247 2246//2246
f 2231//2231 2252//2252 2247//2247
f 2231//2231 2249//2249 2252//2252
f 2237//2237 2250//2250 2249//2249
f 2250//2250 2245//2245 2253//2253
f 2251//2251 2254//2254 2248//2248
f 2251//2251 2255//2255 2254//2254
f 2246//2246 2255//2255 2251//2251
f 2246//2246 2247//2247 2256//2256
f 2246//2246 2256//2256 2255//2255
f 2256//2256 2257//2257 2255//2255
f 2255//2255 2257//2257 2258//2258
f 2255//2255 2258//2258 2259//2259
f 2247//2247 2252//2252 2256//2256
f 2256//2256 2260//2260 2257//2257
f 2256//2256 2252//2252 2261//2261
f 2256//2256 2261//2261 2260//2260
f 2257//2257 2262//2262 2258//2258
f 2257//2257 2260//2260 2263//2263
f 2257//2257 2263//2263 2262//2262
f 2252//2252 2249//2249 2261//2261
f 2249//2249 2250//2250 2264//2264
f 2249//2249 2264//2264 2261//2261
f 2261//2261 2264//2264 2260//2260
f 2264//2264 2250//2250 2253//2253
f 2264//2264 2265//2265 2260//2260
f 2264//2264 2253//2253 2266//2266
f 2260//2260 2265//2265 2263//2263
f 2267//2267 2268//2268 2269//2269
f 2268//2268 2270//2270 2271//2271
f 2267//2267 2269//2269 2272//2272
f 2268//2268 2273//2273 2274//2274
f 2268//2268 2271//2271 2273//2273
f 2267//2267 2275//2275 2268//2268
f 2276//2276 2268//2268 2275//2275
f 2276//2276 2270//2270 2268//2268
f 2276//2276 2275//2275 2277//2277
f 2267//2267 2272//2272 2278//2278
f 2267//2267 2279//2279 2275//2275
f 2275//2275 2279//2279 2277//2277
f 2267//2267 2278//2278 2279//2279
f 2277//2277 2279//2279 2280//2280
f 2278//2278 2272//2272 2281//2281
f 2278//2278 2281//2281 2282//2282
f 2278//2278 2282//2282 2283//2283
f 2283//2283 2282//2282 2284//2284
f 2270//2270 2285//2285 2271//2271
f 2276//2276 2277//2277 2286//2286
f 2276//2276 2286//2286 2270//2270
f 2277//2277 2280//2280 2287//2287
f 2279//2279 2278//2278 2283//2283
f 2279//2279 2283//2283 2288//2288
f 2279//2279 2288//2288 2280//2280
f 2283//2283 2289//2289 2288//2288
f 2283//2283 2290//2290 2289//2289
f 2289//2289 2290//2290 2291//2291
f 2280//2280 2288//2288 2292//2292
f 2289//2289 2293//2293 2288//2288
f 2289//2289 2291//2291 2293//2293
f 2270//2270 2294//2294 2285//2285
f 2270//2270 2286//2286 2294//2294
f 2277//2277 2287//2287 2286//2286
f 2280//2280 2295//2295 2287//2287
f 2294//2294 2296//2296 2285//2285
f 2293//2293 2297//2297 2298//2298
f 2294//2294 2299//2299 2296//2296
f 2294//2294 2300//2300 2301//2301
f 2300//2300 2302//2302 2303//2303
f 2286//2286 2300//2300 2294//2294
f 2286//2286 2287//2287 2304//2304
f 2286//2286 2304//2304 2300//2300
f 2300//2300 2304//2304 2302//2302
f 2294//2294 2301//2301 2299//2299
f 2303//2303 2305//2305 2301//2301
f 2303//2303 2306//2306 2305//2305
f 2303//2303 2307//2307 2306//2306
f 2303//2303 2308//2308 2309//2309
f 2303//2303 2309//2309 2307//2307
f 2309//2309 2310//2310 2307//2307
f 2300//2300 2303//2303 2301//2301
f 2302//2302 2308//2308 2303//2303
f 2309//2309 2311//2311 2310//2310
f 2308//2308 2312//2312 2309//2309
f 2302//2302 2313//2313 2308//2308
f 2304//2304 2314//2314 2302//2302
f 2287//2287 2295//2295 2304//2304
f 2304//2304 2295//2295 2315//2315
f 2304//2304 2315//2315 2314//2314
f 2309//2309 2312//2312 2311//2311
f 2308//2308 2313//2313 2312//2312
f 2316//2316 2317//2317 2293//2293
f 2316//2316 2314//2314 2317//2317
f 2293//2293 2298//2298 2318//2318
f 2316//2316 2319//2319 2320//2320
f 2312//2312 2321//2321 2311//2311
f 2312//2312 2320//2320 2322//2322
f 2312//2312 2316//2316 2320//2320
f 2312//2312 2313//2313 2316//2316
f 2316//2316 2293//2293 2318//2318
f 2316//2316 2313//2313 2314//2314
f 2316//2316 2318//2318 2319//2319
f 2302//2302 2314//2314 2313//2313
f 2312//2312 2322//2322 2321//2321
f 2293//2293 2291//2291 2297//2297
f 2280//2280 2292//2292 2295//2295
f 2288//2288 2293//2293 2292//2292
f 2295//2295 2292//2292 2315//2315
f 2293//2293 2317//2317 2292//2292
f 2292//2292 2317//2317 2315//2315
f 2315//2315 2317//2317 2314//2314
f 2323//2323 2324//2324 2325//2325
f 2323//2323 2326//2326 2324//2324
f 2323//2323 2327//2327 2328//2328
f 2323//2323 2329//2329 2330//2330
f 2323//2323 2330//2330 2327//2327
f 2327//2327 2330//2330 2331//2331
f 2323//2323 2325//2325 2329//2329
f 2328//2328 2332//2332 2333//2333
f 2334//2334 2335//2335 2336//2336
f 2334//2334 2333//2333 2335//2335
f 2334//2334 2336//2336 2326//2326
f 2335//2335 2337//2337 2336//2336
f 2323//2323 2333//2333 2334//2334
f 2323//2323 2334//2334 2326//2326
f 2323//2323 2328//2328 2333//2333
f 2326//2326 2338//2338 2324//2324
f 2335//2335 2339//2339 2337//2337
f 2335//2335 2333//2333 2339//2339
f 2333//2333 2332//2332 2339//2339
f 2337//2337 2339//2339 2340//2340
f 2326//2326 2341//2341 2338//2338
f 2328//2328 2342//2342 2332//2332
f 2327//2327 2331//2331 2343//2343
f 2327//2327 2342//2342 2328//2328
f 2327//2327 2343//2343 2344//2344
f 2327//2327 2344//2344 2342//2342
f 2344//2344 2343//2343 2345//2345
f 2342//2342 2344//2344 2346//2346
f 2344//2344 2345//2345 2347//2347
f 2344//2344 2347//2347 2346//2346
f 2346//2346 2347//2347 2348//2348
f 2346//2346 2348//2348 2349//2349
f 2332//2332 2350//2350 2339//2339
f 2342//2342 2350//2350 2332//2332
f 2342//2342 2346//2346 2350//2350
f 2346//2346 2349//2349 2350//2350
f 2351//2351 2349//2349 2352//2352
f 2350//2350 2349//2349 2351//2351
f 2351//2351 2352//2352 2353//2353
f 2339//2339 2350//2350 2354//2354
f 2339//2339 2354//2354 2340//2340
f 2350//2350 2351//2351 2354//2354
f 2351//2351 2353//2353 2355//2355
f 2326//2326 2336//2336 2356//2356
f 2336//2336 2337//2337 2356//2356
f 2337//2337 2340//2340 2357//2357
f 2326//2326 2358//2358 2341//2341
f 2340//2340 2354//2354 2359//2359
f 2354//2354 2351//2351 2360//2360
f 2351//2351 2355//2355 2360//2360
f 2326//2326 2361//2361 2358//2358
f 2326//2326 2356//2356 2361//2361
f 2337//2337 2357//2357 2356//2356
f 2340//2340 2362//2362 2357//2357
f 2340//2340 2359//2359 2362//2362
f 2354//2354 2360//2360 2359//2359
f 2360//2360 2355//2355 2363//2363
f 2361//2361 2356//2356 2364//2364
f 2356//2356 2357//2357 2365//2365
f 2361//2361 2364//2364 2366//2366
f 2364//2364 2367//2367 2368//2368
f 2356//2356 2365//2365 2364//2364
f 2364//2364 2365//2365 2367//2367
f 2361//2361 2366//2366 2358//2358
f 2364//2364 2368//2368 2369//2369
f 2357//2357 2362//2362 2365//2365
f 2365//2365 2370//2370 2367//2367
f 2367//2367 2371//2371 2368//2368
f 2367//2367 2370//2370 2371//2371
f 2365//2365 2362//2362 2372//2372
f 2365//2365 2372//2372 2370//2370
f 2372//2372 2373//2373 2370//2370
f 2360//2360 2363//2363 2373//2373
f 2370//2370 2374//2374 2375//2375
f 2370//2370 2373//2373 2374//2374
f 2373//2373 2363//2363 2376//2376
f 2372//2372 2362//2362 2359//2359
f 2372//2372 2359//2359 2373//2373
f 2359//2359 2360//2360 2373//2373
f 2370//2370 2375//2375 2371//2371
f 2377//2377 2378//2378 2379//2379
f 2380//2380 2381//2381 2382//2382
f 2380//2380 2383//2383 2384//2384
f 2380//2380 2385//2385 2383//2383
f 2383//2383 2385//2385 2386//2386
f 2380//2380 2387//2387 2377//2377
f 2377//2377 2387//2387 2378//2378
f 2380//2380 2384//2384 2381//2381
f 2380//2380 2377//2377 2385//2385
f 2377//2377 2388//2388 2385//2385
f 2386//2386 2385//2385 2388//2388
f 2377//2377 2379//2379 2389//2389
f 2389//2389 2379//2379 2390//2390
f 2377//2377 2389//2389 2388//2388
f 2386//2386 2388//2388 2391//2391
f 2392//2392 2390//2390 2393//2393
f 2394//2394 2395//2395 2396//2396
f 2389//2389 2392//2392 2388//2388
f 2389//2389 2390//2390 2392//2392
f 2392//2392 2395//2395 2394//2394
f 2388//2388 2392//2392 2397//2397
f 2388//2388 2397//2397 2391//2391
f 2392//2392 2394//2394 2397//2397
f 2384//2384 2398//2398 2381//2381
f 2384//2384 2383//2383 2399//2399
f 2383//2383 2386//2386 2399//2399
f 2386//2386 2391//2391 2400//2400
f 2391//2391 2397//2397 2401//2401
f 2397//2397 2394//2394 2402//2402
f 2394//2394 2396//2396 2402//2402
f 2384//2384 2403//2403 2398//2398
f 2384//2384 2399//2399 2403//2403
f 2386//2386 2400//2400 2399//2399
f 2402//2402 2396//2396 2404//2404
f 2391//2391 2405//2405 2400//2400
f 2391//2391 2401//2401 2405//2405
f 2397//2397 2402//2402 2401//2401
f 2403//2403 2406//2406 2398//2398
f 2403//2403 2407//2407 2406//2406
f 2403//2403 2408//2408 2409//2409
f 2403//2403 2409//2409 2407//2407
f 2408//2408 2410//2410 2409//2409
f 2411//2411 2412//2412 2410//2410
f 2403//2403 2399//2399 2408//2408
f 2399//2399 2400//2400 2413//2413
f 2399//2399 2413//2413 2408//2408
f 2408//2408 2411//2411 2410//2410
f 2408//2408 2413//2413 2411//2411
f 2410//2410 2414//2414 2409//2409
f 2410//2410 2415//2415 2414//2414
f 2410//2410 2416//2416 2415//2415
f 2416//2416 2417//2417 2415//2415
f 2410//2410 2412//2412 2416//2416
f 2416//2416 2418//2418 2417//2417
f 2416//2416 2412//2412 2419//2419
f 2416//2416 2419//2419 2418//2418
f 2412//2412 2420//2420 2419//2419
f 2419//2419 2421//2421 2418//2418
f 2411//2411 2420//2420 2412//2412
f 2402//2402 2404//2404 2422//2422
f 2400//2400 2405//2405 2413//2413
f 2413//2413 2423//2423 2411//2411
f 2413//2413 2424//2424 2423//2423
f 2413//2413 2405//2405 2424//2424
f 2402//2402 2422//2422 2425//2425
f 2423//2423 2426//2426 2420//2420
f 2402//2402 2426//2426 2427//2427
f 2423//2423 2427//2427 2426//2426
f 2405//2405 2401//2401 2424//2424
f 2401//2401 2402//2402 2427//2427
f 2423//2423 2424//2424 2427//2427
f 2401//2401 2427//2427 2424//2424
f 2411//2411 2423//2423 2420//2420
f 2426//2426 2428//2428 2429//2429
f 2419//2419 2430//2430 2421//2421
f 2419//2419 2426//2426 2430//2430
f 2426//2426 2429//2429 2430//2430
f 2420//2420 2426//2426 2419//2419
f 2426//2426 2425//2425 2428//2428
f 2402//2402 2425//2425 2426//2426
f 2431//2431 2432//2432 2433//2433
f 2433//2433 2432//2432 2434//2434
f 2433//2433 2434//2434 2435//2435
f 2432//2432 2436//2436 2434//2434
f 2434//2434 2437//2437 2435//2435
f 2434//2434 2436//2436 2437//2437
f 2435//2435 2438//2438 2439//2439
f 2440//2440 2441//2441 2442//2442
f 2431//2431 2443//2443 2444//2444
f 2445//2445 2446//2446 2447//2447
f 2443//2443 2445//2445 2440//2440
f 2445//2445 2448//2448 2440//2440
f 2440//2440 2448//2448 2441//2441
f 2440//2440 2442//2442 2449//2449
f 2445//2445 2447//2447 2448//2448
f 2431//2431 2445//2445 2443//2443
f 2435//2435 2446//2446 2445//2445
f 2435//2435 2450//2450 2446//2446
f 2443//2443 2440//2440 2451//2451
f 2440//2440 2449//2449 2452//2452
f 2431//2431 2433//2433 2445//2445
f 2433//2433 2435//2435 2445//2445
f 2443//2443 2451//2451 2444//2444
f 2440//2440 2452//2452 2451//2451
f 2452//2452 2449//2449 2453//2453
f 2451//2451 2454//2454 2455//2455
f 2454//2454 2456//2456 2455//2455
f 2452//2452 2453//2453 2457//2457
f 2452//2452 2457//2457 2454//2454
f 2452//2452 2454//2454 2451//2451
f 2454//2454 2457//2457 2458//2458
f 2454//2454 2458//2458 2459//2459
f 2454//2454 2459//2459 2456//2456
f 2460//2460 2456//2456 2461//2461
f 2431//2431 2462//2462 2432//2432
f 2432//2432 2462//2462 2436//2436
f 2431//2431 2444//2444 2462//2462
f 2436//2436 2462//2462 2463//2463
f 2451//2451 2455//2455 2444//2444
f 2455//2455 2456//2456 2460//2460
f 2444//2444 2455//2455 2462//2462
f 2455//2455 2464//2464 2462//2462
f 2462//2462 2464//2464 2463//2463
f 2455//2455 2460//2460 2464//2464
f 2460//2460 2461//2461 2465//2465
f 2435//2435 2439//2439 2450//2450
f 2460//2460 2465//2465 2466//2466
f 2436//2436 2463//2463 2467//2467
f 2460//2460 2468//2468 2464//2464
f 2463//2463 2464//2464 2469//2469
f 2460//2460 2466//2466 2468//2468
f 2435//2435 2470//2470 2438//2438
f 2435//2435 2437//2437 2470//2470
f 2436//2436 2467//2467 2437//2437
f 2470//2470 2471//2471 2438//2438
f 2470//2470 2472//2472 2471//2471
f 2437//2437 2472//2472 2470//2470
f 2437//2437 2467//2467 2473//2473
f 2437//2437 2473//2473 2472//2472
f 2472//2472 2473//2473 2474//2474
f 2463//2463 2475//2475 2467//2467
f 2463//2463 2469//2469 2475//2475
f 2464//2464 2468//2468 2469//2469
f 2468//2468 2466//2466 2476//2476
f 2472//2472 2477//2477 2478//2478
f 2472//2472 2474//2474 2477//2477
f 2474//2474 2479//2479 2477//2477
f 2474//2474 2480//2480 2479//2479
f 2467//2467 2475//2475 2473//2473
f 2474//2474 2473//2473 2481//2481
f 2473//2473 2475//2475 2482//2482
f 2473//2473 2482//2482 2481//2481
f 2474//2474 2481//2481 2480//2480
f 2483//2483 2476//2476 2484//2484
f 2483//2483 2484//2484 2485//2485
f 2481//2481 2486//2486 2480//2480
f 2475//2475 2469//2469 2482//2482
f 2468//2468 2483//2483 2469//2469
f 2483//2483 2482//2482 2469//2469
f 2483//2483 2481//2481 2482//2482
f 2468//2468 2476//2476 2483//2483
f 2483//2483 2486//2486 2481//2481
f 2487//2487 2488//2488 2489//2489
f 2490//2490 2491//2491 2492//2492
f 2487//2487 2490//2490 2488//2488
f 2493//2493 2491//2491 2490//2490
f 2487//2487 2494//2494 2490//2490
f 2490//2490 2494//2494 2495//2495
f 2493//2493 2490//2490 2495//2495
f 2494//2494 2496//2496 2495//2495
f 2497//2497 2489//2489 2498//2498
f 2487//2487 2489//2489 2497//2497
f 2497//2497 2498//2498 2499//2499
f 2487//2487 2500//2500 2494//2494
f 2494//2494 2500//2500 2496//2496
f 2487//2487 2497//2497 2500//2500
f 2496//2496 2500//2500 2501//2501
f 2502//2502 2499//2499 2503//2503
f 2497//2497 2499//2499 2502//2502
f 2497//2497 2502//2502 2500//2500
f 2502//2502 2504//2504 2500//2500
f 2500//2500 2504//2504 2501//2501
f 2502//2502 2505//2505 2504//2504
f 2502//2502 2506//2506 2505//2505
f 2505//2505 2506//2506 2507//2507
f 2493//2493 2508//2508 2491//2491
f 2493//2493 2495//2495 2509//2509
f 2495//2495 2496//2496 2509//2509
f 2496//2496 2501//2501 2510//2510
f 2505//2505 2511//2511 2504//2504
f 2501//2501 2504//2504 2512//2512
f 2505//2505 2507//2507 2511//2511
f 2493//2493 2513//2513 2508//2508
f 2493//2493 2509//2509 2513//2513
f 2496//2496 2510//2510 2509//2509
f 2511//2511 2507//2507 2514//2514
f 2501//2501 2515//2515 2510//2510
f 2504//2504 2511//2511 2512//2512
f 2501//2501 2512//2512 2515//2515
f 2513//2513 2516//2516 2508//2508
f 2517//2517 2518//2518 2519//2519
f 2517//2517 2520//2520 2518//2518
f 2520//2520 2521//2521 2518//2518
f 2520//2520 2522//2522 2521//2521
f 2517//2517 2523//2523 2520//2520
f 2513//2513 2519//2519 2524//2524
f 2517//2517 2519//2519 2525//2525
f 2513//2513 2524//2524 2516//2516
f 2517//2517 2526//2526 2523//2523
f 2513//2513 2525//2525 2519//2519
f 2517//2517 2525//2525 2526//2526
f 2513//2513 2509//2509 2525//2525
f 2509//2509 2510//2510 2527//2527
f 2509//2509 2527//2527 2525//2525
f 2525//2525 2527//2527 2526//2526
f 2511//2511 2514//2514 2528//2528
f 2520//2520 2529//2529 2522//2522
f 2520//2520 2523//2523 2530//2530
f 2520//2520 2530//2530 2529//2529
f 2523//2523 2531//2531 2530//2530
f 2530//2530 2532//2532 2529//2529
f 2530//2530 2533//2533 2532//2532
f 2530//2530 2534//2534 2533//2533
f 2510//2510 2515//2515 2527//2527
f 2527//2527 2535//2535 2526//2526
f 2527//2527 2515//2515 2536//2536
f 2527//2527 2536//2536 2535//2535
f 2515//2515 2512//2512 2536//2536
f 2511//2511 2537//2537 2512//2512
f 2537//2537 2535//2535 2536//2536
f 2512//2512 2537//2537 2536//2536
f 2523//2523 2526//2526 2531//2531
f 2526//2526 2535//2535 2531//2531
f 2511//2511 2528//2528 2538//2538
f 2534//2534 2538//2538 2539//2539
f 2534//2534 2539//2539 2540//2540
f 2530//2530 2531//2531 2534//2534
f 2534//2534 2540//2540 2533//2533
f 2511//2511 2538//2538 2534//2534
f 2535//2535 2534//2534 2531//2531
f 2511//2511 2534//2534 2537//2537
f 2537//2537 2534//2534 2535//2535
